row_number	crash_date	crash_report_id	crash_time	collision_type	count_pedestrian	count_bicycle	scooter	wheel_chair	number_of_vehicles	street_or_highway	nearest_intersection	report_date	type_of_roadway	road_surface_condition	light_condition	weather_condition	manner_of_impact	hit_and_run	traffic_control	person_count	injury_count	most_serious_injury	number_of_lanes	lat_raw	lon_raw	has_st_number	is_intersection_null	address_sent_to_geocoder	is_address_blank	lon_api_first_try	lat_api_first_try	type	loctype	address_returned_by_geocoder	address_returned_by_autocomplete	place_ids_autocompleted	lat_api_second_try	lon_api_second_try	lat_api_best	lon_api_best	api_coord_conf	distance_btwn_coords_meters	best_coordinate_set	reason_for_qa	correct_coordinates	corrected_lat	corrected_lon	manually_qaed_record	final_lat	final_lon	year	month
3651	2010-07-02	34284	18:45:00	Pedestrian	1	NA	FALSE	FALSE	1	BUCKLIN ST	HAWTHORNE ST	2010-07-09	Two-Way , Not Divided	Dry	Daylight	Clear	Other	No	No Controls	4	3	Pain Reported	2	41.80059	-71.42787	FALSE	FALSE	Bucklin Street and Hawthorne Street, Providence, RI, USA	FALSE	-71.42778	41.800976	intersection	geometric_center	bucklin st & hawthorne st, providence, ri 02907, usa	NA	NA	NA	NA	41.800976	-71.42778	Med High	43.61356994	Raw	NA	NA	NA	NA	FALSE	41.80059	-71.42787	2010	July
3652	2010-07-02	34562	13:35:00	Pedestrian	1	NA	FALSE	FALSE	1	WASHINGTON ST	SERVICE ROAD 7	2010-07-14	Two-Way , Not Divided	Dry	Daylight	Clear	Not a Collision Between Two Motor Vehicles in Transport	No	Traffic Control Signal	3	1	Pain Reported	NA	41.81962	-71.41982	FALSE	FALSE	Washington Street and Service Road 7, Providence, RI, USA	FALSE	-71.4200451	41.8199608	route	geometric_center	service rd 1, providence, ri, usa	Washington Street & Service Road 7th, Providence, RI, USA	EjlXYXNoaW5ndG9uIFN0cmVldCAmIFNlcnZpY2UgUm9hZCA3dGgsIFByb3ZpZGVuY2UsIFJJLCBVU0EiZiJkChQKEgkze0LqckXkiRHxieB7sk4wfhIUChIJM3tC6nJF5IkR8Ynge7JOMH4aFAoSCanazZwSReSJERoH0JajEjT2GhQKEgkHeHRCdkXkiRHLEV0GTCEFTCIKDcMr7RgVfDRu1Q	41.8196419	-71.4197892	41.8196419	-71.4197892	Med	3.531616643	Raw	NA	NA	NA	NA	FALSE	41.81962	-71.41982	2010	July
3653	2010-07-02	36742	13:35:00	Pedestrian	1	NA	FALSE	FALSE	1	WASHINGTON STREET	SERVICE ROAD 7	2010-07-03	Two-Way , Not Divided	Dry	Daylight	Clear	Not a Collision Between Two Motor Vehicles in Transport	No	Traffic Control Signal	2	1	Pain Reported	NA	41.81961	-71.41984	FALSE	FALSE	Washington Street and Service Road 7, Providence, RI, USA	FALSE	-71.4200451	41.8199608	route	geometric_center	service rd 1, providence, ri, usa	Washington Street & Service Road 7th, Providence, RI, USA	EjlXYXNoaW5ndG9uIFN0cmVldCAmIFNlcnZpY2UgUm9hZCA3dGgsIFByb3ZpZGVuY2UsIFJJLCBVU0EiZiJkChQKEgkze0LqckXkiRHxieB7sk4wfhIUChIJM3tC6nJF5IkR8Ynge7JOMH4aFAoSCanazZwSReSJERoH0JajEjT2GhQKEgkHeHRCdkXkiRHLEV0GTCEFTCIKDcMr7RgVfDRu1Q	41.8196419	-71.4197892	41.8196419	-71.4197892	Med	5.511025509	Raw	NA	NA	NA	NA	FALSE	41.81961	-71.41984	2010	July
3650	2010-07-03	33960	23:15:00	Pedestrian	1	NA	FALSE	FALSE	1	MANTON AVE	PELHAM ST	2010-07-04	Two-Way , Not Divided	Dry	Dark - Lighted	Clear	Unknown	Yes	No Controls	2	1	Fatal	NA	41.82064	-71.44747	FALSE	FALSE	Manton Ave and Pelham Street, Providence, RI, USA	FALSE	-71.4477932	41.8209354	intersection	geometric_center	pelham st & manton ave, providence, ri 02909, usa	NA	NA	NA	NA	41.8209354	-71.4477932	Med High	42.42930965	Raw	NA	NA	NA	NA	FALSE	41.82064	-71.44747	2010	July
3649	2010-07-05	37276	14:42:00	Pedestrian	1	NA	FALSE	FALSE	1	WASHINGTON ST	EAST APPROACH	2010-08-12	One-Way Trafficway	Dry	Daylight	Clear	Not a Collision Between Two Motor Vehicles in Transport	No	No Controls	2	0	No Injury	NA	41.82476	-71.41231	FALSE	FALSE	Washington Street and East Approach, Providence, RI, USA	FALSE	-71.4125301	41.8252123	route	geometric_center	e approach, providence, ri 02903, usa	NA	NA	NA	NA	41.8252123	-71.4125301	Med	53.55801563	Raw	NA	NA	NA	NA	FALSE	41.82476	-71.41231	2010	July
3648	2010-07-06	34138	17:13:00	Pedestrian	1	NA	FALSE	FALSE	1	fountain st	UNION ST	2010-07-07	One-Way Trafficway	Dry	Daylight	Clear	Not a Collision Between Two Motor Vehicles in Transport	Yes	Traffic Control Signal	2	1	Pain Reported	NA	41.82437	-71.41499	FALSE	FALSE	Fountain Street and Union Street, Providence, RI, USA	FALSE	-71.4150148	41.8243951	intersection	geometric_center	union st & fountain st, providence, ri 02902, usa	NA	NA	NA	NA	41.8243951	-71.4150148	Med High	3.469792654	Raw	NA	NA	NA	NA	FALSE	41.82437	-71.41499	2010	July
3647	2010-07-07	34098	00:19:00	Pedestrian	1	NA	FALSE	FALSE	1	ALLENS AVE	ALLENS AVE EXIT	2010-07-07	Two-Way , Not Divided	Dry	Dark - Lighted	Clear	Not a Collision Between Two Motor Vehicles in Transport	Yes	No Controls	2	1	Pain Reported	NA	41.80141	-71.4007	FALSE	FALSE	Allens Ave and Allens Ave Exit, Providence, RI, USA	FALSE	-71.4014192	41.8030664	route	geometric_center	allens ave, providence, ri, usa	NA	NA	NA	NA	41.8030664	-71.4014192	Med	193.8076419	Neither	distance greater than 100m	41.800218, -71.400144	41.800218	-71.400144	TRUE	41.800218	-71.400144	2010	July
3646	2010-07-08	34273	16:42:00	Bicycle	NA	1	FALSE	FALSE	1	PONTIAC AVE	RUTHERGLEN AVE	2010-07-09	Two-Way, Divided, Unprotected (painted>4feet) Medium	Dry	Daylight	Clear	Angle (Front - to - Side) Right Angle (Includes Broadside)	No	Stop Signs	2	1	Pain Reported	NA	41.78747	-71.43153	FALSE	FALSE	Pontiac Ave and Rutherglen Ave, Providence, RI, USA	FALSE	-71.4315409	41.7874822	intersection	geometric_center	pontiac ave & rutherglen ave, providence, ri 02907, usa	NA	NA	NA	NA	41.7874822	-71.4315409	Med High	1.631856483	Raw	NA	NA	NA	NA	FALSE	41.78747	-71.43153	2010	July
3645	2010-07-10	34345	01:58:00	Pedestrian	1	NA	FALSE	FALSE	1	BROAD ST	PENNSYLVANIA AVE	2010-07-10	Two-Way , Not Divided	Dry	Dark - Lighted	Clear	Other	No	Pavement Markings	2	1	Pain Reported	2	41.79747	-71.41377	FALSE	FALSE	Broad Street and Pennsylvania Ave, Providence, RI, USA	FALSE	-71.4127049	41.7976553	route	geometric_center	pennsylvania ave, providence, ri 02905, usa	Broad Street & Pennsylvania Ave, Providence, RI, USA	EjRCcm9hZCBTdHJlZXQgJiBQZW5uc3lsdmFuaWEgQXZlLCBQcm92aWRlbmNlLCBSSSwgVVNBImYiZAoUChIJH-USE4lP5IkR2eJtH_oD4z4SFAoSCR_lEhOJT-SJEdnibR_6A-M-GhQKEgmD3n3VjE_kiREsosqTmEsIoxoUChIJS6ioe4lP5IkRAMg8vWOnWooiCg1YyekYFXUhb9U	41.7974616	-71.4137227	41.7974616	-71.4137227	Med	4.035231741	Raw	NA	NA	NA	NA	FALSE	41.79747	-71.41377	2010	July
3644	2010-07-11	34393	20:36:00	Bicycle	NA	2	FALSE	FALSE	1	STATE HWY 10 N EXIT	PONTIAC AVE	2010-07-11	Two-Way , Not Divided	Dry	Dark - Lighted	Clear	Angle (Front - to - Side) Same Direction	Yes	No Controls	2	2	Pain Reported	NA	41.78753	-71.43245	FALSE	FALSE	State Hwy 10 N Exit and Pontiac Ave, Providence, RI, USA	FALSE	-71.4335887	41.7801818	route	geometric_center	pontiac ave, providence, ri, usa	NA	NA	NA	NA	41.7801818	-71.4335887	Med	823.4406841	Raw	distance greater than 100m	NA	NA	NA	TRUE	41.78753	-71.43245	2010	July
3643	2010-07-16	34824	07:53:00	Pedestrian	1	NA	FALSE	FALSE	1	JILLSON ST	EDDY ST	2010-07-16	Two-Way , Not Divided	Wet	Daylight	Clear	Angle (Front - to - Side) Same Direction	No	Stop Signs	3	1	Pain Reported	NA	41.7914	-71.40344	FALSE	FALSE	Jillson Street and Eddy Street, Providence, RI, USA	FALSE	-71.4034455	41.7914259	intersection	geometric_center	eddy st & jillson st, providence, ri 02905, usa	NA	NA	NA	NA	41.7914259	-71.4034455	Med High	2.919088012	Raw	NA	NA	NA	NA	FALSE	41.7914	-71.40344	2010	July
3642	2010-07-18	34961	08:54:00	Pedestrian	1	NA	FALSE	FALSE	1	HOPE ST	CYPRESS ST	2010-07-18	Two-Way , Not Divided	Dry	Daylight	Clear	Head-On (Front - to - Front)	No	Traffic Control Signal	4	1	Non-Incapacitating	NA	41.84102	-71.39899	FALSE	FALSE	Hope Street and Cypress Street, Providence, RI, USA	FALSE	-71.3989614	41.8410395	intersection	geometric_center	hope st & cypress st, providence, ri 02906, usa	NA	NA	NA	NA	41.8410395	-71.3989614	Med High	3.215257684	Raw	NA	NA	NA	NA	FALSE	41.84102	-71.39899	2010	July
3640	2010-07-20	35248	17:55:00	Bicycle	1	NA	FALSE	FALSE	1	CHALKSTONE AVE	MANTON AVE	2010-07-21	Two-Way , Not Divided	Dry	Daylight	Clear	Not a Collision Between Two Motor Vehicles in Transport	No	No Controls	3	0	No Injury	2	41.83393	-71.46626	FALSE	FALSE	Chalkstone Ave and Manton Ave, Providence, RI, USA	FALSE	-71.4669005	41.8339433	intersection	geometric_center	chalkstone ave & manton ave, providence, ri 02909, usa	NA	NA	NA	NA	41.8339433	-71.4669005	Med High	53.14500763	Raw	NA	NA	NA	NA	FALSE	41.83393	-71.46626	2010	July
3641	2010-07-20	35302	16:45:00	Bicycle	NA	1	FALSE	FALSE	1	WESTMINSTER ST	PARADE ST	2010-07-22	Two-Way , Not Divided	Dry	Daylight	Clear	Not a Collision Between Two Motor Vehicles in Transport	No	No Controls	2	1	Non-Incapacitating	2	41.81634	-71.43354	FALSE	FALSE	Westminster Street and Parade Street, Providence, RI, USA	FALSE	-71.4335568	41.816359	intersection	geometric_center	westminster st & parade st, providence, ri 02909, usa	NA	NA	NA	NA	41.816359	-71.4335568	Med High	2.533027148	Raw	NA	NA	NA	NA	FALSE	41.81634	-71.43354	2010	July
3639	2010-07-21	35223	12:50:00	Pedestrian	1	NA	FALSE	FALSE	1	CENTRAL ST	PEARL ST	2010-07-21	Two-Way , Not Divided	Dry	Daylight	Clear	Not a Collision Between Two Motor Vehicles in Transport	No	No Controls	5	1	Non-Incapacitating	NA	41.81502	-71.42132	FALSE	FALSE	Central Street and Pearl Street, Providence, RI, USA	FALSE	-71.4213467	41.8150314	intersection	geometric_center	pearl st & central st, providence, ri 02907, usa	NA	NA	NA	NA	41.8150314	-71.4213467	Med High	2.552960898	Raw	NA	NA	NA	NA	FALSE	41.81502	-71.42132	2010	July
3638	2010-07-22	35256	01:28:00	Pedestrian	1	NA	FALSE	FALSE	1	RICHMOND ST	FRIENDSHIP ST	2010-07-22	One-Way Trafficway	Dry	Dark - Lighted	Cloudy	Unknown	Yes	Traffic Control Signal	1	1	Non-Incapacitating	NA	41.82023	-71.41111	FALSE	FALSE	Richmond Street and Friendship Street, Providence, RI, USA	FALSE	-71.4111462	41.8202499	intersection	geometric_center	richmond st & friendship st, providence, ri 02903, usa	NA	NA	NA	NA	41.8202499	-71.4111462	Med High	3.73178835	Raw	NA	NA	NA	NA	FALSE	41.82023	-71.41111	2010	July
3634	2010-07-24	35500	21:10:00	Bicycle	NA	1	FALSE	FALSE	1	BROAD ST	THURBERS AVE	2010-07-24	Two-Way , Not Divided	Dry	Dark - Lighted	Clear	Not a Collision Between Two Motor Vehicles in Transport	No	Traffic Control Signal	3	1	Pain Reported	2	41.7982	-71.41467	FALSE	FALSE	Broad Street and Thurbers Ave, Providence, RI, USA	FALSE	-71.4072534	41.7996465	route	geometric_center	thurbers ave, providence, ri 02905, usa	Broad Street & Thurbers Ave, Providence, RI, USA	EjBCcm9hZCBTdHJlZXQgJiBUaHVyYmVycyBBdmUsIFByb3ZpZGVuY2UsIFJJLCBVU0EiZiJkChQKEgnVbsoGiU_kiRFIi3UXtPpeWRIUChIJ1W7KBolP5IkRSIt1F7T6XlkaFAoSCYPefdWMT-SJESyiypOYSwijGhQKEgkroyggYEXkiRGzStN47BclxSIKDUjm6RgVr_xu1Q	41.7982024	-71.4146641	41.7982024	-71.4146641	Med	0.557778445	Raw	NA	NA	NA	NA	FALSE	41.7982	-71.41467	2010	July
3635	2010-07-24	35509	22:24:00	Pedestrian	1	NA	FALSE	FALSE	1	Broad Street	COMSTOCK AVE	2010-07-24	Two-Way , Not Divided	Dry	Dark - Lighted	Clear	Other	Yes	No Controls	1	1	Incapacitating	NA	41.80953	-71.42094	FALSE	FALSE	Broad Street and Comstock Ave, Providence, RI, USA	FALSE	-71.4179149	41.8090319	route	geometric_center	comstock ave, providence, ri, usa	Broad Street & Comstock Ave, Providence, RI, USA	EjBCcm9hZCBTdHJlZXQgJiBDb21zdG9jayBBdmUsIFByb3ZpZGVuY2UsIFJJLCBVU0EiZiJkChQKEgnBhOz4ekXkiREu2QiTRc26oBIUChIJwYTs-HpF5IkRLtkIk0XNuqAaFAoSCYPefdWMT-SJESyiypOYSwijGhQKEgk_IyLSekXkiREDrEVabBXk4iIKDR2f6xgV9gdu1Q	41.8094877	-71.420929	41.8094877	-71.420929	Med	4.796454348	Raw	NA	NA	NA	NA	FALSE	41.80953	-71.42094	2010	July
3636	2010-07-24	35724	12:33:00	Bicycle	1	NA	FALSE	FALSE	1	MANTON AVE	CHAFFEE ST	2010-07-24	Two-Way , Not Divided	Dry	Daylight	Cloudy	Other	Yes	No Controls	2	1	Pain Reported	NA	41.81844	-71.44528	FALSE	FALSE	Manton Ave and Chaffee Street, Providence, RI, USA	FALSE	-71.4456512	41.8187415	intersection	geometric_center	chaffee st & manton ave, providence, ri 02909, usa	NA	NA	NA	NA	41.8187415	-71.4456512	Med High	45.55023798	Raw	NA	NA	NA	NA	FALSE	41.81844	-71.44528	2010	July
3637	2010-07-24	35928	22:33:00	Bicycle	NA	1	FALSE	FALSE	1	JOHN ST	BROOK ST	2010-07-28	Two-Way , Not Divided	Dry	Daylight	Clear	Angle (Front - to - Side) Right Angle (Includes Broadside)	No	No Controls	2	1	Pain Reported	NA	41.82177	-71.39849	FALSE	FALSE	John Street and Brook Street, Providence, RI, USA	FALSE	-71.3989869	41.825126	route	geometric_center	brook st, providence, ri, usa	John Street & Brook Street, Providence, RI, USA	Ei9Kb2huIFN0cmVldCAmIEJyb29rIFN0cmVldCwgUHJvdmlkZW5jZSwgUkksIFVTQSJmImQKFAoSCQU5vmY5ReSJEVbzSSRzY6OCEhQKEgkFOb5mOUXkiRFW80kkc2OjghoUChIJZ8pYgTNF5IkRnRQkdIVtZo0aFAoSCZtmfXI7ReSJEXWGhyEQeABoIgoNX3_tGBXZc3HV	41.8217823	-71.3985063	41.8217823	-71.3985063	Med	1.924387658	Raw	NA	NA	NA	NA	FALSE	41.82177	-71.39849	2010	July
3633	2010-07-25	35599	15:11:00	Pedestrian	2	NA	FALSE	FALSE	1	CROWNINSHIELD ST	IDA ST	2010-07-25	Two-Way , Not Divided	Dry	Daylight	Cloudy	Not a Collision Between Two Motor Vehicles in Transport	Yes	No Controls	2	2	Pain Reported	NA	41.81777	-71.45788	FALSE	FALSE	Crowninshield Street and Ida Street, Providence, RI, USA	FALSE	-71.457573	41.81773	intersection	geometric_center	crowninshield st & ida st, providence, ri 02909, usa	NA	NA	NA	NA	41.81773	-71.457573	Med High	25.85594994	Raw	NA	NA	NA	NA	FALSE	41.81777	-71.45788	2010	July
3631	2010-07-27	35730	08:35:00	Bicycle	NA	1	FALSE	FALSE	1	HARTFORD AVE	KING PHILIP ST	2010-07-27	Two-Way , Not Divided	Dry	Daylight	Clear	Not a Collision Between Two Motor Vehicles in Transport	No	Stop Signs	3	1	Pain Reported	2	41.81955	-71.4656	FALSE	FALSE	Hartford Ave and King Philip Street, Providence, RI, USA	FALSE	-71.4656029	41.8195761	intersection	geometric_center	hartford ave & king philip st, providence, ri 02909, usa	NA	NA	NA	NA	41.8195761	-71.4656029	Med High	2.915382598	Raw	NA	NA	NA	NA	FALSE	41.81955	-71.4656	2010	July
3632	2010-07-27	35789	17:25:00	Bicycle	NA	1	FALSE	FALSE	1	HARRIS AVE	ATWELLS AVE	2010-07-27	One-Way Trafficway	Dry	Daylight	Clear	Angle (Front - to - Side) Right Angle (Includes Broadside)	No	Traffic Control Signal	4	1	Pain Reported	2	41.82449	-71.43538	FALSE	FALSE	Harris Ave and Atwells Ave, Providence, RI, USA	FALSE	-71.4354014	41.8244572	intersection	geometric_center	atwells ave & harris ave, providence, ri 02909, usa	NA	NA	NA	NA	41.8244572	-71.4354014	Med High	4.059957429	Raw	NA	NA	NA	NA	FALSE	41.82449	-71.43538	2010	July
3630	2010-07-28	35875	09:15:00	Bicycle	NA	1	FALSE	FALSE	1	BROAD ST	PORTLAND ST	2010-07-28	Two-Way , Not Divided	Dry	Daylight	Clear	Not a Collision Between Two Motor Vehicles in Transport	No	No Controls	3	1	Pain Reported	NA	41.81415	-71.4213	FALSE	FALSE	Broad Street and Portland Street, Providence, RI, USA	FALSE	-71.419117	41.8129799	route	geometric_center	portland st, providence, ri 02907, usa	Broad Street & Portland Street, Providence, RI, USA	EjNCcm9hZCBTdHJlZXQgJiBQb3J0bGFuZCBTdHJlZXQsIFByb3ZpZGVuY2UsIFJJLCBVU0EiZiJkChQKEgmdnxIBcUXkiRGH5-VJjW7uEBIUChIJnZ8SAXFF5IkRh-flSY1u7hAaFAoSCYPefdWMT-SJESyiypOYSwijGhQKEglhSKowcEXkiRH5umXDAdaKhCIKDfdU7BgVvvht1Q	41.8141431	-71.4213186	41.8141431	-71.4213186	Med	1.72378872	Raw	NA	NA	NA	NA	FALSE	41.81415	-71.4213	2010	July
3629	2010-07-29	36058	18:52:00	Pedestrian	1	NA	FALSE	FALSE	1	DABOLL ST	BUCKLIN ST	2010-07-29	Two-Way , Not Divided	Dry	Daylight	Clear	Not a Collision Between Two Motor Vehicles in Transport	No	No Controls	3	1	Non-Incapacitating	NA	41.80407	-71.42883	FALSE	FALSE	Daboll Street and Bucklin Street, Providence, RI, USA	FALSE	-71.4277277	41.804097	intersection	geometric_center	bucklin st & daboll st, providence, ri 02907, usa	NA	NA	NA	NA	41.804097	-71.4277277	Med High	91.51901606	Raw	NA	NA	NA	NA	FALSE	41.80407	-71.42883	2010	July
3626	2010-07-30	36082	08:40:00	Bicycle	NA	1	FALSE	FALSE	2	HOPE ST	LLOYD AVE	2010-07-30	Two-Way , Not Divided	Dry	Daylight	Clear	Sideswipe, Same Direction	No	No Controls	2	1	Pain Reported	NA	41.83131	-71.39955	FALSE	FALSE	Hope Street and Lloyd Ave, Providence, RI, USA	FALSE	-71.3997648	41.8315633	intersection	geometric_center	hope st & lloyd ave, providence, ri 02906, usa	NA	NA	NA	NA	41.8315633	-71.3997648	Med High	33.35440803	Raw	NA	NA	NA	NA	FALSE	41.83131	-71.39955	2010	July
3627	2010-07-30	36115	15:04:00	Bicycle	1	NA	FALSE	FALSE	1	AMHERST ST	JULIAN ST	2010-07-30	Two-Way , Not Divided	Dry	Daylight	Clear	Angle (Front - to - Side) Right Angle (Includes Broadside)	No	No Controls	2	1	Pain Reported	NA	41.82334	-71.44451	FALSE	FALSE	Amherst Street and Julian Street, Providence, RI, USA	FALSE	-71.4448266	41.8233443	intersection	geometric_center	amherst st & julian st, providence, ri 02909, usa	NA	NA	NA	NA	41.8233443	-71.4448266	Med High	26.26815965	Raw	NA	NA	NA	NA	FALSE	41.82334	-71.44451	2010	July
3628	2010-07-30	36116	15:27:00	Bicycle	NA	1	FALSE	FALSE	1	LABAN ST	LAUREL HILL AVE	2010-07-30	Two-Way , Not Divided	Dry	Daylight	Clear	Rear End(Front-to-Rear)	Yes	No Controls	1	1	Pain Reported	2	41.81457	-71.45568	FALSE	FALSE	Laban Street and Laurel Hill Ave, Providence, RI, USA	FALSE	-71.455681	41.814575	intersection	geometric_center	laurel hill ave & laban st, providence, ri 02909, usa	NA	NA	NA	NA	41.814575	-71.455681	Med High	0.562747075	Raw	NA	NA	NA	NA	FALSE	41.81457	-71.45568	2010	July
3625	2010-08-02	36348	17:30:00	Pedestrian	2	NA	FALSE	FALSE	1	ELMWOOD AVE	PRINCETON AVE	2010-08-02	Two-Way , Not Divided	Dry	Daylight	Clear	Other	Yes	No Controls	2	2	Pain Reported	4	41.80507	-71.4253	FALSE	FALSE	Elmwood Ave and Princeton Ave, Providence, RI, USA	FALSE	-71.4252446	41.8053667	intersection	geometric_center	princeton ave & elmwood ave, providence, ri 02907, usa	NA	NA	NA	NA	41.8053667	-71.4252446	Med High	33.34687718	Raw	NA	NA	NA	NA	FALSE	41.80507	-71.4253	2010	August
3624	2010-08-03	36400	18:15:00	Bicycle	NA	1	FALSE	FALSE	1	PRINCETON AVE	BROAD ST	2010-08-03	Two-Way , Not Divided	Dry	Daylight	Clear	Not a Collision Between Two Motor Vehicles in Transport	No	No Controls	2	1	Pain Reported	2	41.80547	-71.41978	FALSE	FALSE	Princeton Ave and Broad Street, Providence, RI, USA	FALSE	-71.419693	41.8054769	intersection	geometric_center	princeton ave & broad st, providence, ri 02907, usa	NA	NA	NA	NA	41.8054769	-71.419693	Med High	7.2599134340000004	Raw	NA	NA	NA	NA	FALSE	41.80547	-71.41978	2010	August
3623	2010-08-04	36587	15:05:00	Bicycle	NA	1	FALSE	FALSE	1	BROAD ST	HOMER ST	2010-08-04	Two-Way, Not Divided With a Continuous Left Turn Lane	Dry	Daylight	Clear	Not a Collision Between Two Motor Vehicles in Transport	Yes	No Controls	1	1	Non-Incapacitating	3	41.78884	-71.40402	FALSE	FALSE	Broad Street and Homer Street, Providence, RI, USA	FALSE	-71.4062193	41.7880624	route	geometric_center	homer st, providence, ri 02905, usa	Broad Street & Homer Street, Providence, RI, USA	EjBCcm9hZCBTdHJlZXQgJiBIb21lciBTdHJlZXQsIFByb3ZpZGVuY2UsIFJJLCBVU0EiZiJkChQKEgkR9V5l7U_kiRFRmvldABU7ORIUChIJEfVeZe1P5IkRUZr5XQAVOzkaFAoSCYPefdWMT-SJESyiypOYSwijGhQKEgkZiakz7U_kiRGt9q97hmVqdCIKDVR56BgVnptw1Q	41.7888596	-71.4040418	41.7888596	-71.4040418	Med	2.834516795	Raw	NA	NA	NA	NA	FALSE	41.78884	-71.40402	2010	August
3622	2010-08-05	36644	15:15:00	Pedestrian	1	NA	FALSE	FALSE	1	BRANCH AVE	VEAZIE ST	2010-08-05	Two-Way , Not Divided	Dry	Daylight	Cloudy	Other	Yes	Stop Signs	2	1	Pain Reported	2	41.85472	-71.4347	FALSE	FALSE	Branch Ave and Veazie Street, Providence, RI, USA	FALSE	-71.4346745	41.8547389	intersection	geometric_center	branch ave & veazie st, providence, ri 02904, usa	NA	NA	NA	NA	41.8547389	-71.4346745	Med High	2.982778734	Raw	NA	NA	NA	NA	FALSE	41.85472	-71.4347	2010	August
3619	2010-08-07	36774	11:51:00	Pedestrian	1	NA	FALSE	FALSE	1	BROAD ST	CYR ST	2010-08-07	Two-Way, Divided, Positive Median Barrier	Dry	Daylight	Clear	Other	Yes	No Controls	2	1	Non-Incapacitating	NA	41.7871	-71.40255	FALSE	FALSE	Broad Street and Cyr Street, Providence, RI, USA	FALSE	-71.404366	41.7862882	route	geometric_center	cyr st, providence, ri 02905, usa	Broad Street & Cyr Street, Providence, RI, USA	Ei5Ccm9hZCBTdHJlZXQgJiBDeXIgU3RyZWV0LCBQcm92aWRlbmNlLCBSSSwgVVNBImYiZAoUChIJwX0_su1P5IkR9YAmTelZ75oSFAoSCcF9P7LtT-SJEfWAJk3pWe-aGhQKEgmD3n3VjE_kiREsosqTmEsIoxoUChIJIYlF9OxP5IkR1ospOVrh4W8iCg1GL-gYFcvacNU	41.7869638	-71.4024245	41.7869638	-71.4024245	Med	18.39533595	Raw	NA	NA	NA	NA	FALSE	41.7871	-71.40255	2010	August
3620	2010-08-07	36805	21:20:00	Pedestrian	1	NA	FALSE	FALSE	1	ATWELLS AVE	ACADEMY AVE	2010-08-07	Two-Way , Not Divided	Dry	Dark - Lighted	Clear	Unknown	Yes	Unknown	1	1	Non-Incapacitating	NA	41.82478	-71.44342	FALSE	FALSE	Atwells Ave and Academy Ave, Providence, RI, USA	FALSE	-71.4435191	41.8247997	intersection	geometric_center	atwells ave & academy ave, providence, ri 02909, usa	NA	NA	NA	NA	41.8247997	-71.4435191	Med High	8.508210482	Raw	NA	NA	NA	NA	FALSE	41.82478	-71.44342	2010	August
3621	2010-08-07	36807	18:52:00	Pedestrian	1	NA	FALSE	FALSE	1	BROAD ST	POTTERS AVE	2010-08-07	Two-Way , Not Divided	Dry	Daylight	Clear	Not a Collision Between Two Motor Vehicles in Transport	No	No Controls	4	1	Pain Reported	NA	41.80314	-71.41896	FALSE	FALSE	Broad Street and Potters Ave, Providence, RI, USA	FALSE	-71.4218273	41.8021016	route	geometric_center	potters ave, providence, ri, usa	Broad Street & Potters Ave, Providence, RI, USA	Ei9Ccm9hZCBTdHJlZXQgJiBQb3R0ZXJzIEF2ZSwgUHJvdmlkZW5jZSwgUkksIFVTQSJmImQKFAoSCauAkzl9ReSJEY3tO4gYhWQKEhQKEgmrgJM5fUXkiRGN7TuIGIVkChoUChIJg9591YxP5IkRLKLKk5hLCKMaFAoSCaWCY799ReSJERKc-8AFuCoEIgoNaqHqGBXTVm7V	41.802993	-71.4189101	41.802993	-71.4189101	Med	16.87973964	Raw	NA	NA	NA	NA	FALSE	41.80314	-71.41896	2010	August
3618	2010-08-10	37015	16:59:00	Pedestrian	1	NA	FALSE	FALSE	1	N MAIN ST	WHITE ST	2010-08-10	Unknown	Dry	Daylight	Clear	Other	No	No Controls	3	1	Pain Reported	NA	41.85487	-71.4004	FALSE	FALSE	N Main Street and White Street, Providence, RI, USA	FALSE	-71.4001394	41.855496	route	geometric_center	white st, providence, ri, usa	North Main Street & White Street, Providence, RI, USA	EjVOb3J0aCBNYWluIFN0cmVldCAmIFdoaXRlIFN0cmVldCwgUHJvdmlkZW5jZSwgUkksIFVTQSJmImQKFAoSCVsuhlLHROSJEWBPecKyaCOiEhQKEglbLoZSx0TkiRFgT3nCsmgjohoUChIJ-fpBPd5E5IkRX9etvg1cIz8aFAoSCR1ItAS7ROSJEWP65zKBtMXWIgoNUKTyGBUONHHV	41.855496	-71.4001394	41.855496	-71.4001394	Med	72.95905513	Raw	NA	NA	NA	NA	FALSE	41.85487	-71.4004	2010	August
3616	2010-08-11	37205	17:32:00	Pedestrian	1	NA	FALSE	FALSE	1	HARTFORD AVE	PRIVATE PROPERTY	2010-08-11	Two-Way , Not Divided	Dry	Daylight	Clear	Rear End(Front-to-Rear)	No	No Controls	5	1	Pain Reported	NA	41.82	-71.46876	FALSE	FALSE	Hartford Ave and Private Property, Providence, RI, USA	FALSE	-71.5081715	41.8259948	route	geometric_center	hartford ave, rhode island, usa	NA	NA	NA	NA	41.8259948	-71.5081715	Med	3336.840781	Unknown	distance greater than 100m	NA	NA	NA	TRUE	NA	NA	2010	August
3617	2010-08-11	37211	19:54:00	Pedestrian	1	NA	FALSE	FALSE	1	434 MOUNT PLEASANT AVE	NA	2010-08-11	Two-Way , Not Divided	Dry	Dark - Lighted	Clear	Angle - Direction Not Specified	No	No Controls	4	0	No Injury	NA	41.83958	-71.45195	TRUE	TRUE	434 Mount Pleasant Ave, Providence, RI, USA	FALSE	-71.4527604	41.8388953	premise	rooftop	434 mt pleasant ave, providence, ri 02908, usa	NA	NA	NA	NA	41.8388953	-71.4527604	High	101.6210193	Raw	distance greater than 100m	NA	NA	NA	TRUE	41.83958	-71.45195	2010	August
3615	2010-08-25	38610	16:36:00	Pedestrian	1	NA	FALSE	FALSE	1	WASHINGTON ST	DORRANCE ST	2010-08-25	Two-Way, Divided, Unprotected (painted>4feet) Medium	Wet	Daylight	Rain	Other	No	Traffic Control Signal	5	1	Non-Incapacitating	NA	41.82445	-71.41277	FALSE	FALSE	Washington Street and Dorrance Street, Providence, RI, USA	FALSE	-71.412777	41.8244607	intersection	geometric_center	washington st & dorrance st, providence, ri 02903, usa	NA	NA	NA	NA	41.8244607	-71.412777	Med High	1.325123782	Raw	NA	NA	NA	NA	FALSE	41.82445	-71.41277	2010	August
3614	2010-08-26	38684	15:11:00	Pedestrian	1	NA	FALSE	FALSE	1	THAYER ST	CUSHING ST	2010-08-26	One-Way Trafficway	Dry	Daylight	Clear	Rear End(Front-to-Rear)	No	No Controls	3	1	Pain Reported	NA	41.82961	-71.40085	FALSE	FALSE	Thayer Street and Cushing Street, Providence, RI, USA	FALSE	-71.4008874	41.8300326	intersection	geometric_center	thayer st & cushing st, providence, ri 02906, usa	NA	NA	NA	NA	41.8300326	-71.4008874	Med High	47.14579224	Raw	NA	NA	NA	NA	FALSE	41.82961	-71.40085	2010	August