row_number	crash_date	crash_report_id	crash_time	collision_type	count_pedestrian	count_bicycle	scooter	wheel_chair	number_of_vehicles	street_or_highway	nearest_intersection	report_date	type_of_roadway	road_surface_condition	light_condition	weather_condition	manner_of_impact	hit_and_run	traffic_control	person_count	injury_count	most_serious_injury	number_of_lanes	lat_raw	lon_raw	has_st_number	is_intersection_null	address_sent_to_geocoder	is_address_blank	lon_api_first_try	lat_api_first_try	type	loctype	address_returned_by_geocoder	address_returned_by_autocomplete	place_ids_autocompleted	lat_api_second_try	lon_api_second_try	lat_api_best	lon_api_best	api_coord_conf	distance_btwn_coords_meters	best_coordinate_set	reason_for_qa	correct_coordinates	corrected_lat	corrected_lon	manually_qaed_record	final_lat	final_lon	year	month
3612	2010-08-27	38735	11:29:00	Pedestrian	1	NA	FALSE	FALSE	1	850 MANTON AVE	NA	2010-08-27	Two-Way , Not Divided	Dry	Daylight	Clear	Other	No	No Controls	2	1	Pain Reported	1	41.83371	-71.46772	TRUE	TRUE	850 Manton Ave, Providence, RI, USA	FALSE	-71.4659043	41.8329814	premise	rooftop	850 manton ave, providence, ri 02909, usa	NA	NA	NA	NA	41.8329814	-71.4659043	High	171.0512948	Raw	distance greater than 100m	NA	NA	NA	TRUE	41.83371	-71.46772	2010	August
3613	2010-08-27	39315	08:05:00	Bicycle	NA	1	FALSE	FALSE	1	DOUGLAS AVE	WHIPPLE ST	2010-08-27	Two-Way , Not Divided	Dry	Daylight	Clear	Angle (Front - to - Side) Right Angle (Includes Broadside)	No	No Controls	2	1	Pain Reported	2	41.83685	-71.42154	FALSE	FALSE	Douglas Ave and Whipple Street, Providence, RI, USA	FALSE	-71.4215517	41.8368745	intersection	geometric_center	whipple st & douglas ave, providence, ri 02908, usa	NA	NA	NA	NA	41.8368745	-71.4215517	Med High	2.894813997	Raw	NA	NA	NA	NA	FALSE	41.83685	-71.42154	2010	August
3611	2010-08-28	38945	18:08:00	Bicycle	NA	1	FALSE	FALSE	1	WESTMINSTER ST	BAINBRIDGE AVE	2010-08-29	Two-Way , Not Divided	Dry	Daylight	Clear	Not a Collision Between Two Motor Vehicles in Transport	No	No Controls	3	1	Non-Incapacitating	NA	41.81608	-71.43539	FALSE	FALSE	Westminster Street and Bainbridge Ave, Providence, RI, USA	FALSE	-71.4353798	41.8160929	intersection	geometric_center	bainbridge ave & westminster st, providence, ri 02909, usa	NA	NA	NA	NA	41.8160929	-71.4353798	Med High	1.666819654	Raw	NA	NA	NA	NA	FALSE	41.81608	-71.43539	2010	August
3610	2010-08-29	39201	18:38:00	Pedestrian	1	NA	FALSE	FALSE	1	BONANZA WAY	BONANZA WAY	2010-08-29	One-Way Trafficway	Dry	Daylight	Clear	Other	No	No Controls	2	1	Pain Reported	NA	41.8545	-71.40568	FALSE	FALSE	Bonanza Way and Bonanza Way, Providence, RI, USA	FALSE	-71.4065993	41.8535725	route	geometric_center	bonanza way, providence, ri 02904, usa	NA	NA	NA	NA	41.8535725	-71.4065993	Med	128.337529	Raw	distance greater than 100m	NA	NA	NA	TRUE	41.8545	-71.40568	2010	August
3607	2010-08-30	39060	11:33:00	Bicycle	NA	1	FALSE	FALSE	1	Hawkins Street	Russo Street	2010-08-30	One-Way Trafficway	Dry	Daylight	Clear	Angle (Front - to - Side) Right Angle (Includes Broadside)	No	No Controls	3	0	No Injury	NA	41.85119	-71.42069	FALSE	FALSE	Hawkins Street and Russo Street, Providence, RI, USA	FALSE	-71.4212689	41.853925	route	geometric_center	russo st, providence, ri 02904, usa	NA	NA	NA	NA	41.853925	-71.4212689	Med	308.2195298	Raw	distance greater than 100m	NA	NA	NA	TRUE	41.85119	-71.42069	2010	August
3608	2010-08-30	39065	13:58:00	Pedestrian	1	NA	FALSE	FALSE	1	BROAD ST	HOUSTON ST	2010-08-30	Two-Way , Not Divided	Dry	Daylight	Clear	Not a Collision Between Two Motor Vehicles in Transport	Yes	No Controls	3	1	Pain Reported	2	41.79976	-71.4166	FALSE	FALSE	Broad Street and Houston Street, Providence, RI, USA	FALSE	-71.4153882	41.8000062	route	geometric_center	houston st, providence, ri 02905, usa	Broad Street & Houston Street, Providence, RI, USA	EjJCcm9hZCBTdHJlZXQgJiBIb3VzdG9uIFN0cmVldCwgUHJvdmlkZW5jZSwgUkksIFVTQSJmImQKFAoSCQOYcGqIT-SJER8s92wjNzhfEhQKEgkDmHBqiE_kiREfLPdsIzc4XxoUChIJg9591YxP5IkRLKLKk5hLCKMaFAoSCRlwGTSIT-SJEZvqa9E8fGiNIgoNhyPqGBUasW7V	41.7997703	-71.416599	41.7997703	-71.416599	Med	1.149589965	Raw	NA	NA	NA	NA	FALSE	41.79976	-71.4166	2010	August
3609	2010-08-30	39183	12:55:00	Bicycle	NA	1	FALSE	FALSE	1	WHITFORD AVE	NELSON ST	2010-08-31	Two-Way , Not Divided	Dry	Daylight	Clear	Other	No	No Controls	3	1	Non-Incapacitating	2	41.83897	-71.44329	FALSE	FALSE	Whitford Ave and Nelson Street, Providence, RI, USA	FALSE	-71.4438709	41.8389883	intersection	geometric_center	whitford ave & nelson st, providence, ri 02908, usa	NA	NA	NA	NA	41.8389883	-71.4438709	Med High	48.22028916	Raw	NA	NA	NA	NA	FALSE	41.83897	-71.44329	2010	August
3606	2010-09-01	39420	21:10:00	Pedestrian	1	NA	FALSE	FALSE	1	PUBLIC ST	BROAD ST	2010-09-01	Two-Way , Not Divided	Dry	Dark - Lighted	Clear	Not a Collision Between Two Motor Vehicles in Transport	No	Traffic Control Signal	2	1	Pain Reported	NA	41.80442	-71.41935	FALSE	FALSE	Public Street and Broad Street, Providence, RI, USA	FALSE	-71.4193596	41.804449	intersection	geometric_center	public st & broad st, providence, ri 02907, usa	NA	NA	NA	NA	41.804449	-71.4193596	Med High	3.325099214	Raw	NA	NA	NA	NA	FALSE	41.80442	-71.41935	2010	September
3605	2010-09-02	39508	16:04:00	Pedestrian	1	NA	FALSE	FALSE	1	BENTON ST	APPLETON ST	2010-09-02	Two-Way , Not Divided	Dry	Daylight	Clear	Not a Collision Between Two Motor Vehicles in Transport	Yes	No Controls	1	1	Pain Reported	NA	41.82028	-71.44403	FALSE	FALSE	Benton Street and Appleton Street, Providence, RI, USA	FALSE	-71.444023	41.8202859	intersection	geometric_center	appleton st & benton st, providence, ri 02909, usa	NA	NA	NA	NA	41.8202859	-71.444023	Med High	0.876698414	Raw	NA	NA	NA	NA	FALSE	41.82028	-71.44403	2010	September
3604	2010-09-03	39542	08:34:00	Pedestrian	1	NA	FALSE	FALSE	1	DOUGLAS AVE	CONCANNON ST	2010-09-03	Two-Way, Divided, Unprotected (painted>4feet) Medium	Dry	Daylight	Clear	Not a Collision Between Two Motor Vehicles in Transport	No	No Controls	3	1	Non-Incapacitating	NA	41.85336	-71.43806	FALSE	FALSE	Douglas Ave and Concannon Street, Providence, RI, USA	FALSE	-71.4379379	41.8532862	intersection	geometric_center	concannon st & douglas ave, providence, ri 02904, usa	NA	NA	NA	NA	41.8532862	-71.4379379	Med High	13.03805868	Raw	NA	NA	NA	NA	FALSE	41.85336	-71.43806	2010	September
3603	2010-09-04	39754	14:42:00	Bicycle	NA	1	FALSE	FALSE	1	GLENBRIDGE AVE	BARBARA ST	2010-09-04	Two-Way , Not Divided	Dry	Daylight	Clear	Angle (Front - to - Side) Right Angle (Includes Broadside)	No	Stop Signs	3	1	Pain Reported	2	41.82086	-71.46099	FALSE	FALSE	Glenbridge Ave and Barbara Street, Providence, RI, USA	FALSE	-71.4609597	41.8208627	intersection	geometric_center	glenbridge ave & barbara st, providence, ri 02909, usa	NA	NA	NA	NA	41.8208627	-71.4609597	Med High	2.531562965	Raw	NA	NA	NA	NA	FALSE	41.82086	-71.46099	2010	September
3601	2010-09-06	39997	17:37:00	Bicycle	NA	1	FALSE	FALSE	1	S MAIN ST	PACKET ST	2010-09-06	One-Way Trafficway	Dry	Daylight	Clear	Unknown	No	No Controls	3	1	Pain Reported	NA	41.82394	-71.40661	FALSE	FALSE	S Main Street and Packet Street, Providence, RI, USA	FALSE	-71.4128343	41.8239891	locality	approximate	providence, ri, usa	NA	NA	NA	NA	41.8239891	-71.4128343	Med	516.3655318	Raw	distance greater than 100m	NA	NA	NA	TRUE	41.82394	-71.40661	2010	September
3602	2010-09-06	40999	22:08:00	Bicycle	NA	1	FALSE	FALSE	1	Point ST	RICHMOND ST	2010-09-07	Two-Way , Not Divided	Dry	Dark - Lighted	Clear	Not a Collision Between Two Motor Vehicles in Transport	No	No Controls	3	1	Non-Incapacitating	NA	41.81656	-71.40725	FALSE	FALSE	Point Street and Richmond Street, Providence, RI, USA	FALSE	-71.407245	41.8165589	intersection	geometric_center	point st & richmond st, providence, ri 02903, usa	NA	NA	NA	NA	41.8165589	-71.407245	Med High	0.43251857	Raw	NA	NA	NA	NA	FALSE	41.81656	-71.40725	2010	September
3600	2010-09-07	40100	19:16:00	Pedestrian	2	NA	FALSE	FALSE	1	316 Pocasset Ave.	UNION AVE	2010-09-07	Two-Way , Not Divided	Dry	Dark - Lighted	Clear	Rear - to - Side	No	No Controls	3	2	Pain Reported	NA	41.80617	-71.45729	TRUE	FALSE	316 Pocasset Ave., Providence, RI, USA	FALSE	-71.4569961	41.8062141	street_address	rooftop	316 pocasset ave, providence, ri 02909, usa	NA	NA	NA	NA	41.8062141	-71.4569961	High	24.87643832	Raw	NA	NA	NA	NA	FALSE	41.80617	-71.45729	2010	September
3599	2010-09-13	40631	08:07:00	Pedestrian	5	NA	FALSE	FALSE	1	SMITH ST	PEMBROKE AVE	2010-09-13	Two-Way , Not Divided	Dry	Daylight	Cloudy	Other	No	No Controls	7	1	Pain Reported	NA	41.83657	-71.43125	FALSE	FALSE	Smith Street and Pembroke Ave, Providence, RI, USA	FALSE	-71.4312435	41.8365916	intersection	geometric_center	smith st & pembroke ave, providence, ri 02908, usa	NA	NA	NA	NA	41.8365916	-71.4312435	Med High	2.464194591	Raw	NA	NA	NA	NA	FALSE	41.83657	-71.43125	2010	September
3597	2010-09-14	40750	20:30:00	Pedestrian	1	NA	FALSE	FALSE	1	CAMDEN AVE	CHALKSTONE AVE	2010-09-14	One-Way Trafficway	Dry	Dark - Lighted	Clear	Not a Collision Between Two Motor Vehicles in Transport	Yes	No Controls	2	1	Pain Reported	NA	41.83604	-71.42562	FALSE	FALSE	Camden Ave and Chalkstone Ave, Providence, RI, USA	FALSE	-71.4253488	41.835296	intersection	geometric_center	chalkstone ave & camden ave, providence, ri 02908, usa	NA	NA	NA	NA	41.835296	-71.4253488	Med High	85.82180129	Raw	NA	NA	NA	NA	FALSE	41.83604	-71.42562	2010	September
3598	2010-09-14	40779	15:35:00	Bicycle	1	NA	FALSE	FALSE	1	SORRENTO ST	ALTHEA ST	2010-09-14	Two-Way , Not Divided	Dry	Daylight	Clear	Angle (Front - to - Side) Right Angle (Includes Broadside)	Yes	No Controls	1	1	Non-Incapacitating	NA	41.80854	-71.43678	FALSE	FALSE	Sorrento Street and Althea Street, Providence, RI, USA	FALSE	-71.4367683	41.8085765	intersection	geometric_center	sorrento st & althea st, providence, ri 02909, usa	NA	NA	NA	NA	41.8085765	-71.4367683	Med High	4.177528715	Raw	NA	NA	NA	NA	FALSE	41.80854	-71.43678	2010	September
3594	2010-09-15	40808	07:27:00	Pedestrian	1	NA	FALSE	FALSE	1	STOKES ST	WESTMINSTER ST	2010-09-15	Two-Way , Not Divided	Dry	Daylight	Clear	Head-On (Front - to - Front)	No	No Controls	6	1	Fatal	3	41.81673	-71.44282	FALSE	FALSE	Stokes Street and Westminster Street, Providence, RI, USA	FALSE	-71.4428116	41.8167431	intersection	geometric_center	westminster st & stokes st, providence, ri 02909, usa	NA	NA	NA	NA	41.8167431	-71.4428116	Med High	1.616250674	Raw	NA	NA	NA	NA	FALSE	41.81673	-71.44282	2010	September
3595	2010-09-15	40857	15:23:00	Pedestrian	1	NA	FALSE	FALSE	1	PRAIRIE AVE	ELMA ST	2010-09-15	Two-Way , Not Divided	Dry	Daylight	Clear	Unknown	No	No Controls	3	1	Pain Reported	NA	41.79712	-71.41122	FALSE	FALSE	Prairie Ave and Elma Street, Providence, RI, USA	FALSE	-71.4112689	41.7972648	intersection	geometric_center	elma st & prairie ave, providence, ri 02905, usa	NA	NA	NA	NA	41.7972648	-71.4112689	Med High	16.62206677	Raw	NA	NA	NA	NA	FALSE	41.79712	-71.41122	2010	September
3596	2010-09-15	40858	18:03:00	Bicycle	NA	1	FALSE	FALSE	1	IVES ST	E MANNING ST	2010-09-15	Two-Way , Not Divided	Dry	Daylight	Clear	Angle (Front - to - Side) Right Angle (Includes Broadside)	No	Stop Signs	2	1	Non-Incapacitating	2	41.82703	-71.39282	FALSE	FALSE	Ives Street and E Manning Street, Providence, RI, USA	FALSE	-71.392795	41.8270406	intersection	geometric_center	ives st & e manning st, providence, ri 02906, usa	NA	NA	NA	NA	41.8270406	-71.392795	Med High	2.385981971	Raw	NA	NA	NA	NA	FALSE	41.82703	-71.39282	2010	September
3593	2010-09-17	41099	13:55:00	Bicycle	NA	1	FALSE	FALSE	2	BROADWAY	DEAN ST	2010-09-17	Two-Way, Divided, Unprotected (painted>4feet) Medium	Dry	Daylight	Clear	Other	No	Traffic Control Signal	3	1	Pain Reported	2	41.8214	-71.42253	FALSE	FALSE	Broadway and Dean Street, Providence, RI, USA	FALSE	-71.4242155	41.8234078	route	geometric_center	dean st, providence, ri, usa	Broadway & Dean Street, Providence, RI, USA	EitCcm9hZHdheSAmIERlYW4gU3RyZWV0LCBQcm92aWRlbmNlLCBSSSwgVVNBImYiZAoUChIJCcRZtQxF5IkRWJynngBsfzMSFAoSCQnEWbUMReSJEVicp54AbH8zGhQKEgmlteWGdUXkiREawjOx16RvsxoUChIJWwZsfgxF5IkRyLSf36DnQOQiCg38cO0YFWLJbdU	41.821414	-71.422531	41.821414	-71.422531	Med	1.560679265	Raw	NA	NA	NA	NA	FALSE	41.8214	-71.42253	2010	September
3592	2010-09-18	41236	23:04:00	Bicycle	NA	1	FALSE	FALSE	1	GEORGE ST	THAYER ST	2010-09-19	Two-Way , Not Divided	Dry	Dark - Lighted	Clear	Head-On (Front - to - Front)	Yes	Stop Signs	4	1	Pain Reported	2	41.82553	-71.40037	FALSE	FALSE	George Street and Thayer Street, Providence, RI, USA	FALSE	-71.4005135	41.8268796	route	geometric_center	thayer st, providence, ri, usa	George Street & Thayer Street, Providence, RI, USA	EjJHZW9yZ2UgU3RyZWV0ICYgVGhheWVyIFN0cmVldCwgUHJvdmlkZW5jZSwgUkksIFVTQSJmImQKFAoSCUdpPp08ReSJEcUiisIDcbH9EhQKEglHaT6dPEXkiRHFIorCA3Gx_RoUChIJx-okYztF5IkRsmeONi5JlGUaFAoSCVG076s8ReSJEZJMNfXilGkAIgoNUhLuGBV7K3HV	41.8255442	-71.4003589	41.8255442	-71.4003589	Med	1.829360538	Raw	NA	NA	NA	NA	FALSE	41.82553	-71.40037	2010	September
3591	2010-09-19	41247	14:00:00	Bicycle	NA	1	FALSE	FALSE	1	BLACKSTONE BLVD	ROCHAMBEAU AVE	2010-09-19	One-Way Trafficway	Dry	Daylight	Clear	Angle (Front - to - Side) Right Angle (Includes Broadside)	No	Stop Signs	2	1	Pain Reported	NA	41.84554	-71.38722	FALSE	FALSE	Blackstone Blvd and Rochambeau Ave, Providence, RI, USA	FALSE	-71.3867339	41.8455643	intersection	geometric_center	blackstone blvd & rochambeau ave, providence, ri 02906, usa	NA	NA	NA	NA	41.8455643	-71.3867339	Med High	40.40147093	Raw	NA	NA	NA	NA	FALSE	41.84554	-71.38722	2010	September
3588	2010-09-20	41336	17:07:00	Bicycle	NA	1	FALSE	FALSE	1	NELLIE ST	SELKIRK ST	2010-09-20	Two-Way , Not Divided	Dry	Daylight	Clear	Sidwswipe, Opposite Direction	No	No Controls	2	1	Pain Reported	NA	41.85738	-71.41087	FALSE	FALSE	Nellie Street and Selkirk Street, Providence, RI, USA	FALSE	-71.4104032	41.8576772	route	geometric_center	selkirk st, providence, ri 02860, usa	NA	NA	NA	NA	41.8576772	-71.4104032	Med	50.91649057	Raw	NA	NA	NA	NA	FALSE	41.85738	-71.41087	2010	September
3589	2010-09-20	41337	17:13:00	Pedestrian	1	NA	FALSE	FALSE	1	507 Public st.	NA	2010-09-20	Two-Way , Not Divided	Dry	Daylight	Clear	Head-On (Front - to - Front)	No	No Controls	4	1	Incapacitating	NA	41.82357	-71.47113	TRUE	TRUE	507 Public St., Providence, RI, USA	FALSE	-71.4184731	41.8049047	street_address	range_interpolated	507 public st, providence, ri 02907, usa	NA	NA	NA	NA	41.8049047	-71.4184731	High	4837.752009	Geocoded	distance greater than 100m	NA	NA	NA	TRUE	41.8049047	-71.4184731	2010	September
3590	2010-09-20	41355	15:21:00	Pedestrian	1	NA	FALSE	FALSE	1	OAKLAND AVE	SMITH ST	2010-09-20	Two-Way , Not Divided	Dry	Daylight	Clear	Not a Collision Between Two Motor Vehicles in Transport	No	Traffic Control Signal	2	1	Incapacitating	NA	41.83623	-71.43046	FALSE	FALSE	Oakland Ave and Smith Street, Providence, RI, USA	FALSE	-71.430455	41.8362474	intersection	geometric_center	oakland ave & smith st, providence, ri 02908, usa	NA	NA	NA	NA	41.8362474	-71.430455	Med High	1.980854086	Raw	NA	NA	NA	NA	FALSE	41.83623	-71.43046	2010	September
3584	2010-09-23	41523	06:31:00	Pedestrian	1	NA	FALSE	FALSE	1	WASHINGTON ST	EMPIRE ST	2010-09-23	One-Way Trafficway	Dry	Daylight	Clear	Not a Collision Between Two Motor Vehicles in Transport	No	Traffic Control Signal	4	1	Incapacitating	NA	41.82181	-71.41647	FALSE	FALSE	Washington Street and Empire Street, Providence, RI, USA	FALSE	-71.4157797	41.821349	route	geometric_center	empire st, providence, ri 02903, usa	Washington Street & Empire Street, Providence, RI, USA	EjZXYXNoaW5ndG9uIFN0cmVldCAmIEVtcGlyZSBTdHJlZXQsIFByb3ZpZGVuY2UsIFJJLCBVU0EiZiJkChQKEgmNpp3sEkXkiRHnvAEsqcaDvRIUChIJjaad7BJF5IkR57wBLKnGg70aFAoSCanazZwSReSJERoH0JajEjT2GhQKEgnHPO_pEkXkiRGhxI4iuiomFSIKDWmC7RgVI7hu1Q	41.8218601	-71.4164189	41.8218601	-71.4164189	Med	7.00531392	Raw	NA	NA	NA	NA	FALSE	41.82181	-71.41647	2010	September
3585	2010-09-23	41556	09:00:00	Bicycle	NA	1	FALSE	FALSE	1	WASHINGTON ST	DEAN ST	2010-09-23	Two-Way, Divided, Unprotected (painted>4feet) Medium	Dry	Daylight	Clear	Head-On (Front - to - Front)	No	Stop Signs	6	1	Pain Reported	NA	41.81907	-71.42074	FALSE	FALSE	Washington Street and Dean Street, Providence, RI, USA	FALSE	-71.4242155	41.8234078	route	geometric_center	dean st, providence, ri, usa	Washington Street & Dean Street, Providence, RI, USA	EjRXYXNoaW5ndG9uIFN0cmVldCAmIERlYW4gU3RyZWV0LCBQcm92aWRlbmNlLCBSSSwgVVNBImYiZAoUChIJxd5n_HJF5IkR0-x289HvkKESFAoSCcXeZ_xyReSJEdPsdvPR75ChGhQKEgmp2s2cEkXkiREaB9CWoxI09hoUChIJWwZsfgxF5IkRyLSf36DnQOQiCg0wFu0YFTgPbtU	41.8190896	-71.4207432	41.8190896	-71.4207432	Med	2.197953469	Raw	NA	NA	NA	NA	FALSE	41.81907	-71.42074	2010	September
3586	2010-09-23	41599	15:34:00	Pedestrian	1	NA	FALSE	FALSE	1	N MAIN ST	OLNEY ST	2010-09-23	One-Way Trafficway	Dry	Daylight	Clear	Not a Collision Between Two Motor Vehicles in Transport	No	Traffic Control Signal	2	1	Pain Reported	NA	41.83508	-71.40982	FALSE	FALSE	N Main Street and Olney Street, Providence, RI, USA	FALSE	-71.4030852	41.8356978	route	geometric_center	olney st, providence, ri, usa	North Main Street & Olney Street, Providence, RI, USA	EjVOb3J0aCBNYWluIFN0cmVldCAmIE9sbmV5IFN0cmVldCwgUHJvdmlkZW5jZSwgUkksIFVTQSJmImQKFAoSCecyguceReSJEZoaCA_vhqGHEhQKEgnnMoLnHkXkiRGaGggP74ahhxoUChIJ-fpBPd5E5IkRX9etvg1cIz8aFAoSCQX4NfkgReSJEcWuz-GfMl1QIgoNEYfvGBVWum_V	41.8350865	-71.409809	41.8350865	-71.409809	Med	1.164447831	Raw	NA	NA	NA	NA	FALSE	41.83508	-71.40982	2010	September
3587	2010-09-23	41713	16:51:00	Pedestrian	1	NA	FALSE	FALSE	1	ATLANTIC AVE	BROAD ST	2010-09-23	Two-Way , Not Divided	Dry	Daylight	Clear	Not a Collision Between Two Motor Vehicles in Transport	No	No Controls	2	1	Pain Reported	2	41.79901	-71.41739	FALSE	FALSE	Atlantic Ave and Broad Street, Providence, RI, USA	FALSE	-71.4161381	41.7994012	intersection	geometric_center	atlantic ave & broad st, providence, ri 02907, usa	NA	NA	NA	NA	41.7994012	-71.4161381	Med High	112.6493781	Raw	distance greater than 100m	NA	NA	NA	TRUE	41.79901	-71.41739	2010	September
3583	2010-09-24	41689	19:34:00	Bicycle	NA	1	FALSE	FALSE	2	HOPE ST	GLENDALE AVE	2010-09-24	Two-Way , Not Divided	Dry	Dark - Lighted	Cloudy	Rear End(Front-to-Rear)	No	No Controls	4	1	Non-Incapacitating	NA	41.84739	-71.39582	FALSE	FALSE	Hope Street and Glendale Ave, Providence, RI, USA	FALSE	-71.3958007	41.8474356	intersection	geometric_center	hope st & glendale ave, providence, ri 02906, usa	NA	NA	NA	NA	41.8474356	-71.3958007	Med High	5.322491126	Raw	NA	NA	NA	NA	FALSE	41.84739	-71.39582	2010	September
3580	2010-09-25	41724	03:11:00	Pedestrian	1	NA	FALSE	FALSE	1	LABAN ST	WEBSTER AVE	2010-09-25	Two-Way , Not Divided	Dry	Dark - Lighted	Clear	Not a Collision Between Two Motor Vehicles in Transport	Yes	Stop Signs	1	1	Pain Reported	NA	41.81502	-71.45106	FALSE	FALSE	Laban Street and Webster Ave, Providence, RI, USA	FALSE	-71.4510569	41.815025	intersection	geometric_center	webster ave & laban st, providence, ri 02909, usa	NA	NA	NA	NA	41.815025	-71.4510569	Med High	0.613148161	Raw	NA	NA	NA	NA	FALSE	41.81502	-71.45106	2010	September
3581	2010-09-25	41740	08:43:00	Pedestrian	1	NA	FALSE	FALSE	1	CHALKSTONE AVE	ACADEMY AVE	2010-09-25	Two-Way , Not Divided	Dry	Daylight	Cloudy	Other	No	No Controls	3	1	Pain Reported	2	41.83241	-71.44431	FALSE	FALSE	Chalkstone Ave and Academy Ave, Providence, RI, USA	FALSE	-71.4445249	41.8324538	intersection	geometric_center	academy ave & chalkstone ave, providence, ri 02908, usa	NA	NA	NA	NA	41.8324538	-71.4445249	Med High	18.47950318	Raw	NA	NA	NA	NA	FALSE	41.83241	-71.44431	2010	September
3582	2010-09-25	43893	12:00:00	Pedestrian	1	NA	FALSE	FALSE	1	THAYER ST	CUSHING ST	2010-09-25	One-Way Trafficway	Dry	Daylight	Clear	Other	No	No Controls	2	1	Incapacitating	NA	41.83003	-71.4009	FALSE	FALSE	Thayer Street and Cushing Street, Providence, RI, USA	FALSE	-71.4008874	41.8300326	intersection	geometric_center	thayer st & cushing st, providence, ri 02906, usa	NA	NA	NA	NA	41.8300326	-71.4008874	Med High	1.084469567	Raw	NA	NA	NA	NA	FALSE	41.83003	-71.4009	2010	September
3579	2010-09-29	42161	19:59:00	Pedestrian	1	NA	FALSE	FALSE	1	12 harvard ave	NA	2010-09-29	Two-Way , Not Divided	Dry	Dark - Lighted	Clear	Not a Collision Between Two Motor Vehicles in Transport	Yes	No Controls	2	1	Incapacitating	NA	41.80044	-71.40304	TRUE	TRUE	12 Harvard Ave, Providence, RI, USA	FALSE	-71.4183719	41.8085174	street_address	rooftop	12 harvard ave, providence, ri 02907, usa	NA	NA	NA	NA	41.8085174	-71.4183719	High	1557.920353	Geocoded	distance greater than 100m	NA	NA	NA	TRUE	41.8085174	-71.4183719	2010	September
3574	2010-10-01	42284	12:28:00	Pedestrian	1	NA	FALSE	FALSE	1	VALLEY ST	BARSTOW ST	2010-10-01	Two-Way, Divided, Unprotected (painted>4feet) Medium	Wet	Daylight	Rain	Sideswipe, Same Direction	No	No Controls	6	1	Pain Reported	NA	41.82429	-71.43954	FALSE	FALSE	Valley Street and Barstow Street, Providence, RI, USA	FALSE	-71.4395871	41.8241707	intersection	geometric_center	valley st & barstow st, providence, ri 02909, usa	NA	NA	NA	NA	41.8241707	-71.4395871	Med High	13.84324203	Raw	NA	NA	NA	NA	FALSE	41.82429	-71.43954	2010	October
3575	2010-10-01	42399	21:47:00	Pedestrian	2	NA	FALSE	FALSE	1	EXCHANGE ST	WASHINGTON ST	2010-10-01	Two-Way, Divided, Unprotected (painted>4feet) Medium	Wet	Dark - Unknown Lighting	Clear	Not a Collision Between Two Motor Vehicles in Transport	No	No Controls	5	2	Pain Reported	NA	41.8259	-71.41129	FALSE	FALSE	Exchange Street and Washington Street, Providence, RI, USA	FALSE	-71.4110379	41.8257255	intersection	geometric_center	exchange st & washington st, providence, ri 02903, usa	NA	NA	NA	NA	41.8257255	-71.4110379	Med High	28.54236319	Raw	NA	NA	NA	NA	FALSE	41.8259	-71.41129	2010	October
3576	2010-10-01	42460	14:55:00	Pedestrian	1	NA	FALSE	FALSE	1	VEAZIE ST	DOUGLAS AVE	2010-10-02	Two-Way , Not Divided	Dry	Daylight	Clear	Not a Collision Between Two Motor Vehicles in Transport	Yes	No Controls	2	1	Pain Reported	NA	41.85052	-71.43416	FALSE	FALSE	Veazie Street and Douglas Ave, Providence, RI, USA	FALSE	-71.4341761	41.8505578	intersection	geometric_center	douglas ave & veazie st, providence, ri 02904, usa	NA	NA	NA	NA	41.8505578	-71.4341761	Med High	4.41457886	Raw	NA	NA	NA	NA	FALSE	41.85052	-71.43416	2010	October
3577	2010-10-01	42470	17:05:00	Pedestrian	1	NA	FALSE	FALSE	1	FELIX ST	CHALKSTONE AVE	2010-10-02	Two-Way , Not Divided	Dry	Daylight	Clear	Unknown	No	Stop Signs	5	1	Pain Reported	NA	41.83457	-71.42839	FALSE	FALSE	Felix Street and Chalkstone Ave, Providence, RI, USA	FALSE	-71.4283949	41.8345788	intersection	geometric_center	felix st & chalkstone ave, providence, ri 02908, usa	NA	NA	NA	NA	41.8345788	-71.4283949	Med High	1.06057033	Raw	NA	NA	NA	NA	FALSE	41.83457	-71.42839	2010	October
3578	2010-10-01	46119	23:22:00	Pedestrian	1	NA	FALSE	FALSE	1	HARRIS AVE	EXIT 22C	2010-10-02	Two-Way , Not Divided	Wet	Dark - Not Lighted	Rain	Head-On (Front - to - Front)	No	No Controls	3	1	Pain Reported	NA	41.82705	-71.42369	FALSE	FALSE	Harris Ave and Exit 22c, Providence, RI, USA	FALSE	-71.4128343	41.8239891	locality	approximate	providence, ri, usa	NA	NA	NA	NA	41.8239891	-71.4128343	Med	962.8212665	Raw	distance greater than 100m	NA	NA	NA	TRUE	41.82705	-71.42369	2010	October
3572	2010-10-02	42459	18:57:00	Pedestrian	1	NA	FALSE	FALSE	1	WESTMINSTER ST	STOKES ST	2010-10-02	Two-Way, Divided, Unprotected (painted>4feet) Medium	Dry	Dark - Lighted	Clear	Not a Collision Between Two Motor Vehicles in Transport	No	No Controls	2	1	Pain Reported	NA	41.8167	-71.44258	FALSE	FALSE	Westminster Street and Stokes Street, Providence, RI, USA	FALSE	-71.4428116	41.8167431	intersection	geometric_center	westminster st & stokes st, providence, ri 02909, usa	NA	NA	NA	NA	41.8167431	-71.4428116	Med High	19.8045006	Raw	NA	NA	NA	NA	FALSE	41.8167	-71.44258	2010	October