row_number	crash_date	crash_report_id	crash_time	collision_type	count_pedestrian	count_bicycle	scooter	wheel_chair	number_of_vehicles	street_or_highway	nearest_intersection	report_date	type_of_roadway	road_surface_condition	light_condition	weather_condition	manner_of_impact	hit_and_run	traffic_control	person_count	injury_count	most_serious_injury	number_of_lanes	lat_raw	lon_raw	has_st_number	is_intersection_null	address_sent_to_geocoder	is_address_blank	lon_api_first_try	lat_api_first_try	type	loctype	address_returned_by_geocoder	address_returned_by_autocomplete	place_ids_autocompleted	lat_api_second_try	lon_api_second_try	lat_api_best	lon_api_best	api_coord_conf	distance_btwn_coords_meters	best_coordinate_set	reason_for_qa	correct_coordinates	corrected_lat	corrected_lon	manually_qaed_record	final_lat	final_lon	year	month
3573	2010-10-02	42517	16:53:00	Pedestrian	1	NA	FALSE	FALSE	1	PLAINFIELD ST	ROUTE 6 WEST EXIT	2010-10-03	Two-Way , Not Divided	Dry	Daylight	Clear	Head-On (Front - to - Front)	No	No Controls	3	1	Non-Incapacitating	NA	41.81461	-71.44678	FALSE	FALSE	Plainfield Street and Route 6 West Exit, Providence, RI, USA	FALSE	-71.4439495	41.8166485	street_address	range_interpolated	6 plainfield st, providence, ri 02909, usa	NA	NA	NA	NA	41.8166485	-71.4439495	Med High	326.5610907	Raw	distance greater than 100m	NA	NA	NA	TRUE	41.81461	-71.44678	2010	October
3570	2010-10-03	42510	16:32:00	Pedestrian	1	NA	FALSE	FALSE	1	BATH ST	ORMS ST	2010-10-03	Two-Way , Not Divided	Dry	Daylight	Clear	Not a Collision Between Two Motor Vehicles in Transport	No	No Controls	3	1	Non-Incapacitating	NA	41.8335	-71.42554	FALSE	FALSE	Bath Street and Orms Street, Providence, RI, USA	FALSE	-71.4254527	41.8332163	intersection	geometric_center	bath st & orms st, providence, ri 02908, usa	NA	NA	NA	NA	41.8332163	-71.4254527	Med High	32.40079826	Raw	NA	NA	NA	NA	FALSE	41.8335	-71.42554	2010	October
3571	2010-10-03	43336	02:00:00	Pedestrian	1	NA	FALSE	FALSE	1	HANOVER STREET	ELMWOOD AVE	2010-10-12	Unknown	Unknown	Unknown	Clear	Not a Collision Between Two Motor Vehicles in Transport	Yes	No Controls	1	1	Incapacitating	NA	41.80763	-71.4248	FALSE	FALSE	Hanover Street and Elmwood Ave, Providence, RI, USA	FALSE	-71.4248101	41.8076452	intersection	geometric_center	hanover st & elmwood ave, providence, ri 02907, usa	NA	NA	NA	NA	41.8076452	-71.4248101	Med High	1.888225864	Raw	NA	NA	NA	NA	FALSE	41.80763	-71.4248	2010	October
3568	2010-10-04	42539	08:09:00	Bicycle	NA	1	FALSE	FALSE	1	HOPE ST	CUSHING ST	2010-10-04	Two-Way , Not Divided	Wet	Daylight	Rain	Sideswipe, Same Direction	No	No Controls	2	1	Pain Reported	NA	41.83013	-71.39868	FALSE	FALSE	Hope Street and Cushing Street, Providence, RI, USA	FALSE	-71.3987121	41.8301906	intersection	geometric_center	hope st & cushing st, providence, ri 02906, usa	NA	NA	NA	NA	41.8301906	-71.3987121	Med High	7.252407409	Raw	NA	NA	NA	NA	FALSE	41.83013	-71.39868	2010	October
3569	2010-10-04	42586	18:37:00	Pedestrian	1	NA	FALSE	FALSE	1	CARLETON ST	CHALKSTONE AVE	2010-10-04	Two-Way , Not Divided	Wet	Dark - Lighted	Rain	Not a Collision Between Two Motor Vehicles in Transport	No	No Controls	2	1	Pain Reported	2	41.83284	-71.44811	FALSE	FALSE	Carleton Street and Chalkstone Ave, Providence, RI, USA	FALSE	-71.44811	41.8328835	intersection	geometric_center	carleton st & chalkstone ave, providence, ri 02908, usa	NA	NA	NA	NA	41.8328835	-71.44811	Med High	4.84239785	Raw	NA	NA	NA	NA	FALSE	41.83284	-71.44811	2010	October
3565	2010-10-09	43123	17:08:00	Bicycle	NA	1	FALSE	FALSE	1	BLACKSTONE BLVD.	IRVING AVE.	2010-10-09	One-Way Trafficway	Dry	Daylight	Clear	Not a Collision Between Two Motor Vehicles in Transport	No	Stop Signs	2	1	Non-Incapacitating	1	41.83413	-71.38419	FALSE	FALSE	Blackstone Blvd. and Irving Ave., Providence, RI, USA	FALSE	-71.3837393	41.8342209	intersection	geometric_center	irving ave & blackstone blvd, providence, ri 02906, usa	NA	NA	NA	NA	41.8342209	-71.3837393	Med High	38.72718681	Raw	NA	NA	NA	NA	FALSE	41.83413	-71.38419	2010	October
3566	2010-10-09	43142	12:53:00	Pedestrian	1	NA	FALSE	FALSE	1	HOPE ST	9TH ST	2010-10-09	Two-Way, Divided, Unprotected (painted>4feet) Medium	Dry	Daylight	Clear	Other	No	No Controls	4	1	Pain Reported	NA	41.85375	-71.39269	FALSE	FALSE	Hope Street and 9th Street, Providence, RI, USA	FALSE	-71.3927912	41.8535731	intersection	geometric_center	hope st & 9th st, providence, ri 02906, usa	NA	NA	NA	NA	41.8535731	-71.3927912	Med High	21.40566947	Raw	NA	NA	NA	NA	FALSE	41.85375	-71.39269	2010	October
3567	2010-10-09	46164	21:48:00	Bicycle	NA	1	FALSE	FALSE	1	WASHINGTON ST	EMPIRE ST	2010-11-09	Two-Way , Not Divided	Dry	Dark - Lighted	Clear	Sidwswipe, Opposite Direction	No	Traffic Control Signal	3	1	Pain Reported	2	41.82182	-71.41645	FALSE	FALSE	Washington Street and Empire Street, Providence, RI, USA	FALSE	-71.4157797	41.821349	route	geometric_center	empire st, providence, ri 02903, usa	Washington Street & Empire Street, Providence, RI, USA	EjZXYXNoaW5ndG9uIFN0cmVldCAmIEVtcGlyZSBTdHJlZXQsIFByb3ZpZGVuY2UsIFJJLCBVU0EiZiJkChQKEgmNpp3sEkXkiRHnvAEsqcaDvRIUChIJjaad7BJF5IkR57wBLKnGg70aFAoSCanazZwSReSJERoH0JajEjT2GhQKEgnHPO_pEkXkiRGhxI4iuiomFSIKDWmC7RgVI7hu1Q	41.8218601	-71.4164189	41.8218601	-71.4164189	Med	5.155853918	Raw	NA	NA	NA	NA	FALSE	41.82182	-71.41645	2010	October
3564	2010-10-10	44055	15:05:00	Pedestrian	1	NA	FALSE	FALSE	1	MASSACHUSETTS AVE	NARRAGANSETT BLVD	2010-10-14	Two-Way , Not Divided	Dry	Daylight	Clear	Not a Collision Between Two Motor Vehicles in Transport	No	Stop Signs	2	1	Pain Reported	NA	41.78756	-71.39551	FALSE	FALSE	Massachusetts Ave and Narragansett Blvd, Providence, RI, USA	FALSE	-71.3955134	41.7875704	intersection	geometric_center	massachusetts ave & narragansett blvd, providence, ri 02905, usa	NA	NA	NA	NA	41.7875704	-71.3955134	Med High	1.191621899	Raw	NA	NA	NA	NA	FALSE	41.78756	-71.39551	2010	October
3563	2010-10-11	43247	15:12:00	Bicycle	NA	1	FALSE	FALSE	1	BLACKSTONE BLVD	WINFIELD RD	2010-10-11	One-Way Trafficway	Dry	Daylight	Clear	Not a Collision Between Two Motor Vehicles in Transport	No	No Controls	2	1	Incapacitating	NA	41.85359	-71.38978	FALSE	FALSE	Blackstone Blvd and Winfield Rd, Providence, RI, USA	FALSE	-71.3897972	41.8536526	intersection	geometric_center	winfield rd & blackstone blvd, providence, ri 02906, usa	NA	NA	NA	NA	41.8536526	-71.3897972	Med High	7.113039609	Raw	NA	NA	NA	NA	FALSE	41.85359	-71.38978	2010	October
3562	2010-10-14	43738	14:23:00	Pedestrian	1	NA	FALSE	FALSE	1	10 Arch Street	ELMWOOD AVE	2010-10-15	Two-Way , Not Divided	Dry	Daylight	Clear	Other	Yes	Traffic Control Signal	1	0	No Injury	NA	41.81207	-71.42258	TRUE	FALSE	10 Arch Street, Providence, RI, USA	FALSE	-71.4233732	41.8119219	premise	rooftop	10 arch st, providence, ri 02907, usa	NA	NA	NA	NA	41.8119219	-71.4233732	High	67.84574244	Raw	NA	NA	NA	NA	FALSE	41.81207	-71.42258	2010	October
3561	2010-10-16	43672	01:45:00	Pedestrian	1	NA	FALSE	FALSE	1	ALLENS AVE	ALLENS AVE EXIT	2010-10-16	Two-Way , Not Divided	Dry	Dark - Lighted	Clear	Not a Collision Between Two Motor Vehicles in Transport	Yes	No Controls	3	0	No Injury	NA	41.8003	-71.4002	FALSE	FALSE	Allens Ave and Allens Ave Exit, Providence, RI, USA	FALSE	-71.4014192	41.8030664	route	geometric_center	allens ave, providence, ri, usa	NA	NA	NA	NA	41.8030664	-71.4014192	Med	324.1480655	Raw	distance greater than 100m	NA	NA	NA	TRUE	41.8003	-71.4002	2010	October
3560	2010-10-19	43930	16:58:00	Bicycle	NA	1	FALSE	FALSE	1	JILLSON ST	OCONNOR ST	2010-10-19	Two-Way , Not Divided	Dry	Daylight	Clear	Angle (Front - to - Side) Right Angle (Includes Broadside)	No	No Controls	2	1	Pain Reported	NA	41.7912	-71.40474	FALSE	FALSE	Jillson Street and Oconnor Street, Providence, RI, USA	FALSE	-71.4053172	41.791133	intersection	geometric_center	o'connor st & jillson st, providence, ri 02905, usa	NA	NA	NA	NA	41.791133	-71.4053172	Med High	48.48324216	Raw	NA	NA	NA	NA	FALSE	41.7912	-71.40474	2010	October
3559	2010-10-21	44114	13:22:00	Bicycle	NA	1	FALSE	FALSE	1	NIANTIC AVE	CRANSTON ST	2010-10-22	Two-Way, Divided, Unprotected (painted>4feet) Medium	Dry	Daylight	Clear	Other	No	Traffic Control Signal	2	0	No Injury	NA	41.80339	-71.44	FALSE	FALSE	Niantic Ave and Cranston Street, Providence, RI, USA	FALSE	-71.4400039	41.8034026	intersection	geometric_center	cranston st & niantic ave, cranston, ri 02907, usa	NA	NA	NA	NA	41.8034026	-71.4400039	Med High	1.439476916	Raw	NA	NA	NA	NA	FALSE	41.80339	-71.44	2010	October
3558	2010-10-22	44212	15:31:00	Pedestrian	1	NA	FALSE	FALSE	1	BROAD ST	CHESTNUT ST	2010-10-22	Two-Way, Divided, Positive Median Barrier	Dry	Daylight	Clear	Other	No	No Controls	4	1	Pain Reported	NA	41.82	-71.41435	FALSE	FALSE	Broad Street and Chestnut Street, Providence, RI, USA	FALSE	-71.3876733	41.8928375	intersection	geometric_center	chestnut st & broad st, central falls, ri 02863, usa	NA	NA	NA	NA	41.8928375	-71.3876733	Med High	8404.504447	Raw	distance greater than 100m	NA	NA	NA	TRUE	41.82	-71.41435	2010	October
3556	2010-10-26	44574	15:31:00	Pedestrian	1	NA	FALSE	FALSE	1	BROAD ST	ADELAIDE AVE	2010-10-26	Two-Way, Divided, Unprotected (painted>4feet) Medium	Dry	Daylight	Clear	Other	No	No Controls	2	0	No Injury	3	41.79907	-71.41574	FALSE	FALSE	Broad Street and Adelaide Ave, Providence, RI, USA	FALSE	-71.4229955	41.7965181	route	geometric_center	adelaide ave, providence, ri 02907, usa	Broad Street & Adelaide Ave, Providence, RI, USA	EjBCcm9hZCBTdHJlZXQgJiBBZGVsYWlkZSBBdmUsIFByb3ZpZGVuY2UsIFJJLCBVU0EiZiJkChQKEgmHmKxWiE_kiRHEyK6zP1G3PRIUChIJh5isVohP5IkRxMiusz9Rtz0aFAoSCYPefdWMT-SJESyiypOYSwijGhQKEgn7ze1zhE_kiRG6QeI0WTshsiIKDUkA6hgV2dxu1Q	41.7988681	-71.4154791	41.7988681	-71.4154791	Med	31.20780148	Raw	NA	NA	NA	NA	FALSE	41.79907	-71.41574	2010	October
3557	2010-10-26	44579	20:50:00	Bicycle	NA	1	FALSE	FALSE	1	WESTMINSTER ST	MESSER ST	2010-10-26	Two-Way , Not Divided	Dry	Dark - Lighted	Clear	Not a Collision Between Two Motor Vehicles in Transport	No	Stop Signs	3	1	Pain Reported	NA	41.81586	-71.43704	FALSE	FALSE	Westminster Street and Messer Street, Providence, RI, USA	FALSE	-71.437044	41.8158698	intersection	geometric_center	messer st & westminster st, providence, ri 02909, usa	NA	NA	NA	NA	41.8158698	-71.437044	Med High	1.140290643	Raw	NA	NA	NA	NA	FALSE	41.81586	-71.43704	2010	October
3554	2010-10-27	44633	07:13:00	Pedestrian	1	NA	FALSE	FALSE	1	NARRAGANSETT BLVD	OHIO AVE	2010-10-27	Two-Way, Divided, Unprotected (painted>4feet) Medium	Wet	Daylight	Rain	Not a Collision Between Two Motor Vehicles in Transport	No	No Controls	2	1	Non-Incapacitating	2	41.78991	-71.39629	FALSE	FALSE	Narragansett Blvd and Ohio Ave, Providence, RI, USA	FALSE	-71.3962874	41.7898851	intersection	geometric_center	ohio ave & narragansett blvd, providence, ri 02905, usa	NA	NA	NA	NA	41.7898851	-71.3962874	Med High	2.780242893	Raw	NA	NA	NA	NA	FALSE	41.78991	-71.39629	2010	October
3555	2010-10-27	44743	19:28:00	Bicycle	NA	1	FALSE	FALSE	1	ALVERSON AVE	HARTFORD AVE	2010-10-27	Two-Way , Not Divided	Wet	Dark - Lighted	Clear	Rear End(Front-to-Rear)	Yes	No Controls	1	1	Pain Reported	NA	41.81795	-71.45979	FALSE	FALSE	Alverson Ave and Hartford Ave, Providence, RI, USA	FALSE	-71.4600789	41.8187914	intersection	geometric_center	alverson ave & hartford ave, providence, ri 02909, usa	NA	NA	NA	NA	41.8187914	-71.4600789	Med High	96.6821632	Raw	NA	NA	NA	NA	FALSE	41.81795	-71.45979	2010	October
3553	2010-10-28	44755	07:13:00	Bicycle	NA	1	FALSE	FALSE	1	PLAINFIELD ST	WEBSTER AVE	2010-10-28	Two-Way , Not Divided	Dry	Daylight	Clear	Angle (Front - to - Side) Right Angle (Includes Broadside)	No	Traffic Control Signal	2	1	Pain Reported	NA	41.81366	-71.45079	FALSE	FALSE	Plainfield Street and Webster Ave, Providence, RI, USA	FALSE	-71.4507916	41.813667	intersection	geometric_center	webster ave & plainfield st, providence, ri 02909, usa	NA	NA	NA	NA	41.813667	-71.4507916	Med High	0.790463029	Raw	NA	NA	NA	NA	FALSE	41.81366	-71.45079	2010	October
3551	2010-10-29	44919	20:55:00	Pedestrian	1	NA	FALSE	FALSE	1	ATWELLS AVE	PIEDMONT ST	2010-10-30	Two-Way , Not Divided	Dry	Dark - Lighted	Clear	Head-On (Front - to - Front)	Yes	No Controls	5	1	Incapacitating	2	41.82389	-71.4311	FALSE	FALSE	Atwells Ave and Piedmont Street, Providence, RI, USA	FALSE	-71.4310715	41.8239022	intersection	geometric_center	atwells ave & piedmont st, providence, ri 02909, usa	NA	NA	NA	NA	41.8239022	-71.4310715	Med High	2.726529211	Raw	NA	NA	NA	NA	FALSE	41.82389	-71.4311	2010	October
3552	2010-10-29	44927	15:58:00	Pedestrian	1	NA	FALSE	FALSE	1	HOPE ST	BARNES ST	2010-10-29	Two-Way , Not Divided	Dry	Daylight	Clear	Other	No	Pavement Markings	3	1	Pain Reported	2	41.83301	-71.401	FALSE	FALSE	Hope Street and Barnes Street, Providence, RI, USA	FALSE	-71.4010071	41.8330223	intersection	geometric_center	hope st & barnes st, providence, ri 02906, usa	NA	NA	NA	NA	41.8330223	-71.4010071	Med High	1.490499831	Raw	NA	NA	NA	NA	FALSE	41.83301	-71.401	2010	October
3550	2010-10-30	44925	00:45:00	Pedestrian	1	NA	FALSE	FALSE	1	THAYER ST	FONES ALY	2010-10-30	One-Way Trafficway	Dry	Dark - Lighted	Clear	Not a Collision Between Two Motor Vehicles in Transport	Yes	No Controls	2	1	Pain Reported	2	41.82754	-71.40057	FALSE	FALSE	Thayer Street and Fones Aly, Providence, RI, USA	FALSE	-71.4006191	41.8276852	intersection	geometric_center	thayer st & fones alley, providence, ri 02906, usa	NA	NA	NA	NA	41.8276852	-71.4006191	Med High	16.66882738	Raw	NA	NA	NA	NA	FALSE	41.82754	-71.40057	2010	October
3549	2010-10-31	45113	18:09:00	Pedestrian	1	NA	FALSE	FALSE	1	HOPE ST	BAYARD ST	2010-11-01	Two-Way , Not Divided	Dry	Dark - Lighted	Clear	Head-On (Front - to - Front)	No	No Controls	2	1	Non-Incapacitating	NA	41.85214	-71.39351	FALSE	FALSE	Hope Street and Bayard Street, Providence, RI, USA	FALSE	-71.3934802	41.8521513	intersection	geometric_center	hope st & bayard st, providence, ri 02906, usa	NA	NA	NA	NA	41.8521513	-71.3934802	Med High	2.772729586	Raw	NA	NA	NA	NA	FALSE	41.85214	-71.39351	2010	October
3548	2010-11-02	45245	14:46:00	Bicycle	NA	1	FALSE	FALSE	1	PROMENADE ST	DEAN ST	2010-11-02	Two-Way, Divided, Positive Median Barrier	Dry	Daylight	Clear	Rear End(Front-to-Rear)	Yes	No Controls	1	1	Pain Reported	NA	41.82923	-71.42673	FALSE	FALSE	Promenade Street and Dean Street, Providence, RI, USA	FALSE	-71.4267356	41.8292571	intersection	geometric_center	promenade st & dean st, providence, ri 02908, usa	NA	NA	NA	NA	41.8292571	-71.4267356	Med High	3.052310457	Raw	NA	NA	NA	NA	FALSE	41.82923	-71.42673	2010	November
3547	2010-11-03	45382	15:49:00	Pedestrian	1	NA	FALSE	FALSE	1	Memorial Blvd	Steeple Street	2010-11-03	Two-Way , Not Divided	Dry	Daylight	Clear	Unknown	No	Traffic Control Signal	2	1	Pain Reported	NA	41.82669	-71.41075	FALSE	FALSE	Memorial Blvd and Steeple Street, Providence, RI, USA	FALSE	-71.409299	41.8273889	route	geometric_center	steeple st, providence, ri 02903, usa	NA	NA	NA	NA	41.8273889	-71.409299	Med	143.3178527	Raw	distance greater than 100m	NA	NA	NA	TRUE	41.82669	-71.41075	2010	November
3544	2010-11-04	45492	06:30:00	Pedestrian	1	NA	FALSE	FALSE	1	195 WHITEHALL STREET	NA	2010-11-04	Two-Way , Not Divided	Wet	Daylight	Clear	Head-On (Front - to - Front)	Yes	No Controls	3	1	Pain Reported	2	41.80733	-71.4437	TRUE	TRUE	195 Whitehall Street, Providence, RI, USA	FALSE	-71.4438732	41.807257	street_address	rooftop	195 whitehall st, providence, ri 02909, usa	NA	NA	NA	NA	41.807257	-71.4438732	High	16.50994563	Raw	NA	NA	NA	NA	FALSE	41.80733	-71.4437	2010	November
3545	2010-11-04	45565	17:23:00	Pedestrian	1	NA	FALSE	FALSE	1	883 MANTON AVE	NA	2010-11-04	Two-Way , Not Divided	Wet	Dark - Lighted	Rain	Head-On (Front - to - Front)	No	No Controls	2	1	Pain Reported	NA	41.83364	-71.46617	TRUE	TRUE	883 Manton Ave, Providence, RI, USA	FALSE	-71.4660079	41.8336905	street_address	rooftop	883 manton ave, providence, ri 02909, usa	NA	NA	NA	NA	41.8336905	-71.4660079	High	14.57291302	Raw	NA	NA	NA	NA	FALSE	41.83364	-71.46617	2010	November
3546	2010-11-04	45607	18:01:00	Pedestrian	1	NA	FALSE	FALSE	1	BROWN ST	WATERMAN ST	2010-11-04	Two-Way , Not Divided	Wet	Dark - Lighted	Rain	Other	No	Stop Signs	3	1	Pain Reported	2	41.82705	-71.40304	FALSE	FALSE	Brown Street and Waterman Street, Providence, RI, USA	FALSE	-71.4030136	41.8270531	intersection	geometric_center	brown st & waterman st, providence, ri 02912, usa	NA	NA	NA	NA	41.8270531	-71.4030136	Med High	2.216928891	Raw	NA	NA	NA	NA	FALSE	41.82705	-71.40304	2010	November
3541	2010-11-08	45977	09:30:00	Pedestrian	1	NA	FALSE	FALSE	1	CHALKSTONE AVE	VIOLET ST	2010-11-08	Two-Way , Not Divided	Wet	Daylight	Sleet, Hail (Freezing Rain or Drizzle)	Other	Yes	No Controls	2	1	Non-Incapacitating	2	41.83498	-71.42657	FALSE	FALSE	Chalkstone Ave and Violet Street, Providence, RI, USA	FALSE	-71.4266625	41.8349722	intersection	geometric_center	violet st & chalkstone ave, providence, ri 02908, usa	NA	NA	NA	NA	41.8349722	-71.4266625	Med High	7.720993471	Raw	NA	NA	NA	NA	FALSE	41.83498	-71.42657	2010	November
3542	2010-11-08	46067	08:15:00	Pedestrian	1	NA	FALSE	FALSE	1	N MAIN ST	CHURCH ST	2010-11-08	Two-Way , Not Divided	Wet	Daylight	Rain	Unknown	No	Stop Signs	2	1	Pain Reported	NA	41.83082	-71.41039	FALSE	FALSE	N Main Street and Church Street, Providence, RI, USA	FALSE	-71.3912211	41.8755687	intersection	geometric_center	church st & main st, pawtucket, ri 02860, usa	NA	NA	NA	NA	41.8755687	-71.3912211	Med High	5228.829315	Raw	distance greater than 100m	NA	NA	NA	TRUE	41.83082	-71.41039	2010	November
3543	2010-11-08	46101	17:11:00	Pedestrian	1	NA	FALSE	FALSE	1	RIVER AVE	CHALKSTONE AVE	2010-11-08	Two-Way , Not Divided	Wet	Dark - Lighted	Rain	Not a Collision Between Two Motor Vehicles in Transport	No	No Controls	2	1	Pain Reported	NA	41.83256	-71.43852	FALSE	FALSE	River Ave and Chalkstone Ave, Providence, RI, USA	FALSE	-71.4385411	41.8325962	intersection	geometric_center	river ave & chalkstone ave, providence, ri 02908, usa	NA	NA	NA	NA	41.8325962	-71.4385411	Med High	4.393393979	Raw	NA	NA	NA	NA	FALSE	41.83256	-71.43852	2010	November
3539	2010-11-09	46176	16:17:00	Pedestrian	1	NA	FALSE	FALSE	1	CORINTH ST	BROAD ST	2010-11-09	Two-Way , Not Divided	Wet	Daylight	Clear	Other	No	Traffic Control Signal	3	1	Pain Reported	2	41.79481	-71.41046	FALSE	FALSE	Corinth Street and Broad Street, Providence, RI, USA	FALSE	-71.4104447	41.7948181	intersection	geometric_center	corinth st & broad st, providence, ri 02905, usa	NA	NA	NA	NA	41.7948181	-71.4104447	Med High	1.557370963	Raw	NA	NA	NA	NA	FALSE	41.79481	-71.41046	2010	November
3540	2010-11-09	46338	13:49:00	Pedestrian	1	NA	FALSE	FALSE	1	BUCKLIN ST	DABOLL ST	2010-11-10	Two-Way , Not Divided	Wet	Daylight	Rain	Other	No	No Controls	3	1	Pain Reported	2	41.80427	-71.42773	FALSE	FALSE	Bucklin Street and Daboll Street, Providence, RI, USA	FALSE	-71.4277277	41.804097	intersection	geometric_center	bucklin st & daboll st, providence, ri 02907, usa	NA	NA	NA	NA	41.804097	-71.4277277	Med High	19.2592176	Raw	NA	NA	NA	NA	FALSE	41.80427	-71.42773	2010	November
3536	2010-11-10	46390	15:39:00	Pedestrian	1	NA	FALSE	FALSE	1	MILL ST	CANAL ST	2010-11-10	One-Way Trafficway	Dry	Daylight	Clear	Not a Collision Between Two Motor Vehicles in Transport	No	No Controls	2	1	Pain Reported	NA	41.83244	-71.41099	FALSE	FALSE	Mill Street and Canal Street, Providence, RI, USA	FALSE	-71.4110637	41.8300387	route	geometric_center	canal st, providence, ri, usa	NA	NA	NA	NA	41.8300387	-71.4110637	Med	267.3813835	Raw	distance greater than 100m	NA	NA	NA	TRUE	41.83244	-71.41099	2010	November
3537	2010-11-10	46392	16:45:00	Pedestrian	1	NA	FALSE	FALSE	1	MOWRY ST	ADMIRAL ST	2010-11-10	Two-Way , Not Divided	Dry	Dusk	Clear	Not a Collision Between Two Motor Vehicles in Transport	No	No Controls	3	1	Pain Reported	NA	41.84462	-71.42421	FALSE	FALSE	Mowry Street and Admiral Street, Providence, RI, USA	FALSE	-71.4242141	41.8446465	intersection	geometric_center	admiral st & mowry st, providence, ri 02908, usa	NA	NA	NA	NA	41.8446465	-71.4242141	Med High	2.969495945	Raw	NA	NA	NA	NA	FALSE	41.84462	-71.42421	2010	November
3538	2010-11-10	46861	16:15:00	Pedestrian	1	NA	FALSE	FALSE	1	COMMODORE ST	DENISON ST	2010-11-16	Two-Way , Not Divided	Wet	Dusk	Cloudy	Other	No	No Controls	2	1	Pain Reported	NA	41.84859	-71.41813	FALSE	FALSE	Commodore Street and Denison Street, Providence, RI, USA	FALSE	-71.4181389	41.8486623	intersection	geometric_center	commodore st & denison st, providence, ri 02904, usa	NA	NA	NA	NA	41.8486623	-71.4181389	Med High	8.082165256	Raw	NA	NA	NA	NA	FALSE	41.84859	-71.41813	2010	November
3535	2010-11-14	46691	14:56:00	Bicycle	NA	1	FALSE	FALSE	1	BLACKSTONE BLVD	BUTLER DR	2010-11-14	One-Way Trafficway	Dry	Daylight	Clear	Angle (Front - to - Side) Right Angle (Includes Broadside)	No	Stop Signs	3	1	Incapacitating	NA	41.84616	-71.38677	FALSE	FALSE	Blackstone Blvd and Butler Dr, Providence, RI, USA	FALSE	-71.3870926	41.8450883	route	geometric_center	blackstone blvd, providence, ri 02906, usa	NA	NA	NA	NA	41.8450883	-71.3870926	Med	122.2637853	Raw	distance greater than 100m	NA	NA	NA	TRUE	41.84616	-71.38677	2010	November
3534	2010-11-18	47106	19:00:00	Bicycle	NA	1	FALSE	FALSE	1	GANO ST	India St.	2010-11-18	Two-Way , Not Divided	Dry	Dark - Lighted	Clear	Angle (Front - to - Side) Right Angle (Includes Broadside)	No	No Controls	2	1	Pain Reported	NA	41.81889	-71.38931	FALSE	FALSE	Gano Street and India St., Providence, RI, USA	FALSE	-71.3895442	41.8187929	intersection	geometric_center	gano st & india st, providence, ri 02903, usa	NA	NA	NA	NA	41.8187929	-71.3895442	Med High	22.23391079	Raw	NA	NA	NA	NA	FALSE	41.81889	-71.38931	2010	November
3532	2010-11-19	47229	17:57:00	Pedestrian	1	NA	FALSE	FALSE	1	ORMS ST	ORMS ST EXIT 23	2010-11-19	Two-Way , Not Divided	Dry	Dark - Lighted	Clear	Sideswipe, Same Direction	No	No Controls	4	1	Pain Reported	NA	41.83481	-71.41387	FALSE	FALSE	Orms Street and Orms St Exit 23, Providence, RI, USA	FALSE	-71.4191013	41.8342191	route	geometric_center	orms st, providence, ri, usa	NA	NA	NA	NA	41.8342191	-71.4191013	Med	438.8485721	Raw	distance greater than 100m	NA	NA	NA	TRUE	41.83481	-71.41387	2010	November
3533	2010-11-19	47300	14:14:00	Pedestrian	1	NA	FALSE	FALSE	1	PARK ROW E	CANAL ST	2010-11-20	Two-Way , Not Divided	Dry	Daylight	Clear	Other	No	Stop Signs	3	1	Pain Reported	2	41.82846	-71.41075	FALSE	FALSE	Park Row E and Canal Street, Providence, RI, USA	FALSE	-71.4106907	41.8284695	intersection	geometric_center	park row w & canal st, providence, ri 02903, usa	NA	NA	NA	NA	41.8284695	-71.4106907	Med High	5.031281989	Raw	NA	NA	NA	NA	FALSE	41.82846	-71.41075	2010	November
3530	2010-11-30	48295	16:51:00	Pedestrian	1	NA	FALSE	FALSE	1	SMITH ST	PARK ST	2010-11-30	Two-Way, Divided, Unprotected (painted>4feet) Medium	Dry	Dark - Not Lighted	Clear	Not a Collision Between Two Motor Vehicles in Transport	No	Traffic Control Signal	4	1	Pain Reported	NA	41.83186	-71.41664	FALSE	FALSE	Smith Street and Park Street, Providence, RI, USA	FALSE	-71.4171292	41.8314577	route	geometric_center	park st, providence, ri, usa	Smith Street & Park Street, Providence, RI, USA	Ei9TbWl0aCBTdHJlZXQgJiBQYXJrIFN0cmVldCwgUHJvdmlkZW5jZSwgUkksIFVTQSJmImQKFAoSCZfHvtwaReSJEcj_HwdYAE0DEhQKEgmXx77cGkXkiRHI_x8HWABNAxoUChIJta5wTEtE5IkRIbWjMLiMq4QaFAoSCVGlciIQReSJETUl7BFB0ixuIgoNnQrvGBV4pm7V	41.8319005	-71.4168712	41.8319005	-71.4168712	Med	19.69965335	Raw	NA	NA	NA	NA	FALSE	41.83186	-71.41664	2010	November
3531	2010-11-30	48305	18:04:00	Bicycle	NA	1	FALSE	FALSE	1	BROADWAY	COURTLAND ST	2010-11-30	One-Way Trafficway	Dry	Dark - Lighted	Clear	Not a Collision Between Two Motor Vehicles in Transport	No	No Controls	4	1	Pain Reported	NA	41.81944	-71.43088	FALSE	FALSE	Broadway and Courtland Street, Providence, RI, USA	FALSE	-71.4312276	41.8193752	route	geometric_center	courtland st, providence, ri 02909, usa	Broadway & Courtland Street, Providence, RI, USA	EjBCcm9hZHdheSAmIENvdXJ0bGFuZCBTdHJlZXQsIFByb3ZpZGVuY2UsIFJJLCBVU0EiZiJkChQKEgkfTP4-nkXkiRHaRpD1HdCAZxIUChIJH0z-Pp5F5IkR2kaQ9R3QgGcaFAoSCaW15YZ1ReSJERrCM7HXpG-zGhQKEgmBJD9HnkXkiREEPU6rEi8kayIKDVgh7RgVrHVs1Q	41.8193752	-71.4312276	41.8193752	-71.4312276	Med	29.72572387	Raw	NA	NA	NA	NA	FALSE	41.81944	-71.43088	2010	November