row_number	crash_date	crash_report_id	crash_time	collision_type	count_pedestrian	count_bicycle	scooter	wheel_chair	number_of_vehicles	street_or_highway	nearest_intersection	report_date	type_of_roadway	road_surface_condition	light_condition	weather_condition	manner_of_impact	hit_and_run	traffic_control	person_count	injury_count	most_serious_injury	number_of_lanes	lat_raw	lon_raw	has_st_number	is_intersection_null	address_sent_to_geocoder	is_address_blank	lon_api_first_try	lat_api_first_try	type	loctype	address_returned_by_geocoder	address_returned_by_autocomplete	place_ids_autocompleted	lat_api_second_try	lon_api_second_try	lat_api_best	lon_api_best	api_coord_conf	distance_btwn_coords_meters	best_coordinate_set	reason_for_qa	correct_coordinates	corrected_lat	corrected_lon	manually_qaed_record	final_lat	final_lon	year	month
3529	2010-12-01	48405	16:15:00	Pedestrian	1	NA	FALSE	FALSE	1	20 NORTH MAIN ST	COLLEGE ST	2010-12-01	One-Way Trafficway	Wet	Dark - Lighted	Rain	Not a Collision Between Two Motor Vehicles in Transport	No	No Controls	2	1	Non-Incapacitating	2	41.82602	-71.40816	TRUE	FALSE	20 North Main Street, Providence, RI, USA	FALSE	-71.4078001	41.8261996	premise	rooftop	20 n main st, providence, ri 02903, usa	NA	NA	NA	NA	41.8261996	-71.4078001	High	35.93062744	Raw	NA	NA	NA	NA	FALSE	41.82602	-71.40816	2010	December
3528	2010-12-03	48829	19:13:00	Pedestrian	1	NA	FALSE	FALSE	1	Prairie	Lockwood St.	2010-12-03	Two-Way , Not Divided	Dry	Dark - Lighted	Clear	Not a Collision Between Two Motor Vehicles in Transport	No	No Controls	3	1	Incapacitating	NA	41.81763	-71.40458	FALSE	FALSE	Prairie and Lockwood St., Providence, RI, USA	FALSE	-71.4159924	41.8129685	route	geometric_center	lockwood st, providence, ri, usa	Prairie Avenue & Lockwood St, Providence, RI, USA	EjFQcmFpcmllIEF2ZW51ZSAmIExvY2t3b29kIFN0LCBQcm92aWRlbmNlLCBSSSwgVVNBImYiZAoUChIJ52bBqW9F5IkRx59pRZ_zFkESFAoSCedmwalvReSJEcefaUWf8xZBGhQKEglPad_uY0XkiREcSUTGtdsaNBoUChIJ-1fm8W5F5IkRFOkZxfxXjkwiCg2UFuwYFR7pbtU	41.812546	-71.415165	41.812546	-71.415165	Med	1044.764469	Geocoded	distance greater than 100m	NA	NA	NA	TRUE	41.812546	-71.415165	2010	December
3526	2010-12-04	48909	16:49:00	Pedestrian	1	NA	FALSE	FALSE	1	MANTON AVE	WESTCOTT AVE	2010-12-04	Two-Way , Not Divided	Dry	Dark - Lighted	Clear	Angle (Front - to - Side) Same Direction	No	No Controls	4	1	Pain Reported	NA	41.83372	-71.46853	FALSE	FALSE	Manton Ave and Westcott Ave, Providence, RI, USA	FALSE	-71.4685327	41.8337394	intersection	geometric_center	westcott ave & manton ave, providence, ri 02909, usa	NA	NA	NA	NA	41.8337394	-71.4685327	Med High	2.171178268	Raw	NA	NA	NA	NA	FALSE	41.83372	-71.46853	2010	December
3527	2010-12-04	51797	01:19:00	Pedestrian	1	NA	FALSE	FALSE	1	BROADWAY	VINTON ST	2010-12-29	Two-Way , Not Divided	Dry	Dark - Lighted	Clear	Head-On (Front - to - Front)	Yes	No Controls	2	1	Incapacitating	NA	41.82004	-71.42832	FALSE	FALSE	Broadway and Vinton Street, Providence, RI, USA	FALSE	-71.4285663	41.8207514	route	geometric_center	vinton st, providence, ri, usa	Broadway & Vinton Street, Providence, RI, USA	Ei1Ccm9hZHdheSAmIFZpbnRvbiBTdHJlZXQsIFByb3ZpZGVuY2UsIFJJLCBVU0EiZiJkChQKEglF5rYLdUXkiRHipmasZ-JhnRIUChIJRea2C3VF5IkR4qZmrGfiYZ0aFAoSCaW15YZ1ReSJERrCM7HXpG-zGhQKEgnN2QdAdUXkiRHzHzv0hMO0lyIKDVg97RgVUexs1Q	41.820092	-71.4281903	41.820092	-71.4281903	Med	12.21817512	Raw	NA	NA	NA	NA	FALSE	41.82004	-71.42832	2010	December
3525	2010-12-07	49321	15:44:00	Pedestrian	1	NA	FALSE	FALSE	1	MANTON AVE	HERSCHEL ST	2010-12-07	Unknown	Dry	Daylight	Clear	Other	Yes	No Controls	2	1	Pain Reported	NA	41.83341	-71.46939	FALSE	FALSE	Manton Ave and Herschel Street, Providence, RI, USA	FALSE	-71.4693755	41.833449	intersection	geometric_center	herschel st & manton ave, providence, ri 02909, usa	NA	NA	NA	NA	41.833449	-71.4693755	Med High	4.504962746	Raw	NA	NA	NA	NA	FALSE	41.83341	-71.46939	2010	December
3524	2010-12-08	49435	12:30:00	Bicycle	NA	1	FALSE	FALSE	1	IRVING AVE	WAYLAND AVE	2010-12-08	Two-Way , Not Divided	Dry	Daylight	Clear	Angle (Front - to - Side) Right Angle (Includes Broadside)	No	Stop Signs	2	1	Pain Reported	NA	41.83324	-71.38882	FALSE	FALSE	Irving Ave and Wayland Ave, Providence, RI, USA	FALSE	-71.3888152	41.8332444	intersection	geometric_center	wayland ave & irving ave, providence, ri 02906, usa	NA	NA	NA	NA	41.8332444	-71.3888152	Med High	0.631200528	Raw	NA	NA	NA	NA	FALSE	41.83324	-71.38882	2010	December
3523	2010-12-10	49659	19:43:00	Bicycle	1	NA	FALSE	FALSE	1	POCASSET AVE	LOWELL AVE	2010-12-10	Two-Way , Not Divided	Dry	Dark - Not Lighted	Clear	Sideswipe, Same Direction	No	No Controls	2	1	Pain Reported	NA	41.80976	-71.45478	FALSE	FALSE	Pocasset Ave and Lowell Ave, Providence, RI, USA	FALSE	-71.454773	41.809757	intersection	geometric_center	pocasset ave & lowell ave, providence, ri 02909, usa	NA	NA	NA	NA	41.809757	-71.454773	Med High	0.669979619	Raw	NA	NA	NA	NA	FALSE	41.80976	-71.45478	2010	December
3519	2010-12-12	49805	02:10:00	Pedestrian	1	NA	FALSE	FALSE	1	ATWELLS AVE	AMERICA ST	2010-12-12	Two-Way, Divided, Unprotected (painted>4feet) Medium	Dry	Dark - Lighted	Clear	Unknown	Yes	No Controls	1	1	Pain Reported	NA	41.82368	-71.42818	FALSE	FALSE	Atwells Ave and America Street, Providence, RI, USA	FALSE	-71.4283201	41.8237088	intersection	geometric_center	america st & atwells ave, providence, ri 02903, usa	NA	NA	NA	NA	41.8237088	-71.4283201	Med High	12.05612945	Raw	NA	NA	NA	NA	FALSE	41.82368	-71.42818	2010	December
3520	2010-12-12	49876	16:57:00	Pedestrian	1	NA	FALSE	FALSE	1	124 PITMAN ST	E GEORGE ST	2010-12-12	Two-Way, Divided, Unprotected (painted>4feet) Medium	Wet	Dark - Lighted	Rain	Not a Collision Between Two Motor Vehicles in Transport	No	No Controls	2	1	Pain Reported	NA	41.82677	-71.38795	TRUE	FALSE	124 Pitman Street, Providence, RI, USA	FALSE	-71.3879808	41.8269134	premise	rooftop	124 pitman st, providence, ri 02906, usa	NA	NA	NA	NA	41.8269134	-71.3879808	High	16.16637675	Raw	NA	NA	NA	NA	FALSE	41.82677	-71.38795	2010	December
3521	2010-12-12	49878	18:53:00	Pedestrian	1	NA	FALSE	FALSE	1	WESTMINSTER ST	MESSER ST	2010-12-12	Two-Way , Not Divided	Wet	Dark - Lighted	Rain	Head-On (Front - to - Front)	No	No Controls	3	1	Pain Reported	2	41.81582	-71.43745	FALSE	FALSE	Westminster Street and Messer Street, Providence, RI, USA	FALSE	-71.437044	41.8158698	intersection	geometric_center	messer st & westminster st, providence, ri 02909, usa	NA	NA	NA	NA	41.8158698	-71.437044	Med High	34.13713138	Raw	NA	NA	NA	NA	FALSE	41.81582	-71.43745	2010	December
3522	2010-12-12	49897	17:34:00	Pedestrian	1	NA	FALSE	FALSE	1	BROADWAY	EMPIRE ST	2010-12-12	One-Way Trafficway	Wet	Dark - Lighted	Rain	Not a Collision Between Two Motor Vehicles in Transport	No	No Controls	3	1	Pain Reported	NA	41.82299	-71.41743	FALSE	FALSE	Broadway and Empire Street, Providence, RI, USA	FALSE	-71.4157797	41.821349	route	geometric_center	empire st, providence, ri 02903, usa	Broadway & Empire Street, Providence, RI, USA	Ei1Ccm9hZHdheSAmIEVtcGlyZSBTdHJlZXQsIFByb3ZpZGVuY2UsIFJJLCBVU0EiZiJkChQKEglNlP-DEkXkiRHtQ_ofNG0sSxIUChIJTZT_gxJF5IkR7UP6HzRtLEsaFAoSCaW15YZ1ReSJERrCM7HXpG-zGhQKEgnHPO_pEkXkiRGhxI4iuiomFSIKDV6l7RgVloNu1Q	41.822755	-71.4177642	41.822755	-71.4177642	Med	38.11785999	Raw	NA	NA	NA	NA	FALSE	41.82299	-71.41743	2010	December
3516	2010-12-13	49965	12:45:00	Pedestrian	1	NA	FALSE	FALSE	1	S MAIN ST	COLLEGE ST	2010-12-13	One-Way Trafficway	Wet	Daylight	Cloudy	Other	No	Traffic Control Signal	3	1	Pain Reported	NA	41.82574	-71.40793	FALSE	FALSE	S Main Street and College Street, Providence, RI, USA	FALSE	-71.4078251	41.8256787	intersection	geometric_center	s main st & college st, providence, ri 02903, usa	NA	NA	NA	NA	41.8256787	-71.4078251	Med High	11.05828486	Raw	NA	NA	NA	NA	FALSE	41.82574	-71.40793	2010	December
3517	2010-12-13	49980	16:30:00	Pedestrian	2	NA	FALSE	FALSE	1	EXCHANGE TER	EXCHANGE ST	2010-12-13	One-Way Trafficway	Dry	Dusk	Cloudy	Not a Collision Between Two Motor Vehicles in Transport	No	No Controls	4	2	Pain Reported	NA	41.82591	-71.41219	FALSE	FALSE	Exchange Ter and Exchange Street, Providence, RI, USA	FALSE	-71.4148047	41.8250247	intersection	geometric_center	exchange terrace & w exchange st, providence, ri 02903, usa	NA	NA	NA	NA	41.8250247	-71.4148047	Med High	238.2367531	Raw	distance greater than 100m	NA	NA	NA	TRUE	41.82591	-71.41219	2010	December
3518	2010-12-13	49981	18:43:00	Pedestrian	1	NA	FALSE	FALSE	1	DUDLEY ST	PRAIRIE AVE	2010-12-13	Two-Way , Not Divided	Dry	Dark - Not Lighted	Clear	Other	No	No Controls	5	1	Pain Reported	NA	41.80995	-71.41567	FALSE	FALSE	Dudley Street and Prairie Ave, Providence, RI, USA	FALSE	-71.4156774	41.809957	intersection	geometric_center	dudley st & prairie ave, providence, ri 02907, usa	NA	NA	NA	NA	41.809957	-71.4156774	Med High	0.992071941	Raw	NA	NA	NA	NA	FALSE	41.80995	-71.41567	2010	December
3514	2010-12-17	50352	00:56:00	Pedestrian	1	NA	FALSE	FALSE	1	PINE ST	PAGE ST	2010-12-17	Unknown	Dry	Dark - Lighted	Clear	Not a Collision Between Two Motor Vehicles in Transport	Yes	No Controls	5	1	Pain Reported	NA	41.82117	-71.41126	FALSE	FALSE	Pine Street and Page Street, Providence, RI, USA	FALSE	-71.4113001	41.8211663	route	geometric_center	page st, providence, ri 02903, usa	Pine Street & Page Street, Providence, RI, USA	Ei5QaW5lIFN0cmVldCAmIFBhZ2UgU3RyZWV0LCBQcm92aWRlbmNlLCBSSSwgVVNBImYiZAoUChIJ9dNgkBRF5IkRQVATCMbfiKwSFAoSCfXTYJAUReSJEUFQEwjG34isGhQKEgk5kwlTbEXkiRGgKSzwb-_CPBoUChIJfxOXmhRF5IkR_O9cQZJR03wiCg1PZ-0YFReAb9U	41.8211663	-71.4113001	41.8211663	-71.4113001	Med	3.352040726	Raw	NA	NA	NA	NA	FALSE	41.82117	-71.41126	2010	December
3515	2010-12-17	50592	21:27:00	Pedestrian	1	NA	FALSE	FALSE	1	REGENT AVE	RIVER AVE	2010-12-18	Two-Way , Not Divided	Dry	Dark - Lighted	Clear	Head-On (Front - to - Front)	No	Stop Signs	3	1	Non-Incapacitating	NA	41.83133	-71.43462	FALSE	FALSE	Regent Ave and River Ave, Providence, RI, USA	FALSE	-71.4369363	41.8304056	intersection	geometric_center	river ave & regent ave, providence, ri 02908, usa	NA	NA	NA	NA	41.8304056	-71.4369363	Med High	217.9502205	Geocoded	distance greater than 100m	NA	NA	NA	TRUE	41.8304056	-71.4369363	2010	December
3513	2010-12-21	51002	18:43:00	Pedestrian	1	NA	FALSE	FALSE	1	WASHINGTON ST	EMPIRE ST	2010-12-21	One-Way Trafficway	Dry	Dark - Lighted	Clear	Other	No	Traffic Control Signal	2	1	Pain Reported	NA	41.82182	-71.41645	FALSE	FALSE	Washington Street and Empire Street, Providence, RI, USA	FALSE	-71.4157797	41.821349	route	geometric_center	empire st, providence, ri 02903, usa	Washington Street & Empire Street, Providence, RI, USA	EjZXYXNoaW5ndG9uIFN0cmVldCAmIEVtcGlyZSBTdHJlZXQsIFByb3ZpZGVuY2UsIFJJLCBVU0EiZiJkChQKEgmNpp3sEkXkiRHnvAEsqcaDvRIUChIJjaad7BJF5IkR57wBLKnGg70aFAoSCanazZwSReSJERoH0JajEjT2GhQKEgnHPO_pEkXkiRGhxI4iuiomFSIKDWmC7RgVI7hu1Q	41.8218601	-71.4164189	41.8218601	-71.4164189	Med	5.155853918	Raw	NA	NA	NA	NA	FALSE	41.82182	-71.41645	2010	December
3512	2010-12-23	51248	17:08:00	Bicycle	NA	1	FALSE	FALSE	1	ACADEMY AVE	NEWARK ST	2010-12-23	Two-Way , Not Divided	Dry	Dark - Lighted	Clear	Rear End(Front-to-Rear)	Yes	No Controls	1	1	Pain Reported	NA	41.82544	-71.4434	FALSE	FALSE	Academy Ave and Newark Street, Providence, RI, USA	FALSE	-71.4434441	41.8254949	intersection	geometric_center	academy ave & newark st, providence, ri 02908, usa	NA	NA	NA	NA	41.8254949	-71.4434441	Med High	7.122663329	Raw	NA	NA	NA	NA	FALSE	41.82544	-71.4434	2010	December
3511	2010-12-24	51319	16:40:00	Pedestrian	1	NA	FALSE	FALSE	1	HARTFORD AVE	HILARITY ST	2010-12-24	Unknown	Dry	Dark - Lighted	Clear	Other	No	No Controls	3	1	Incapacitating	NA	41.81912	-71.46264	FALSE	FALSE	Hartford Ave and Hilarity Street, Providence, RI, USA	FALSE	-71.4630052	41.8192123	intersection	geometric_center	hilarity st & hartford ave, providence, ri 02909, usa	NA	NA	NA	NA	41.8192123	-71.4630052	Med High	31.99226799	Raw	NA	NA	NA	NA	FALSE	41.81912	-71.46264	2010	December
3510	2010-12-25	51424	03:21:00	Pedestrian	1	NA	FALSE	FALSE	1	25 Bancroft St.	MAGNOLIA ST	2010-12-25	Two-Way , Not Divided	Dry	Dark - Lighted	Clear	Not a Collision Between Two Motor Vehicles in Transport	Yes	No Controls	2	1	Incapacitating	2	41.81279	-71.44777	TRUE	FALSE	25 Bancroft St., Providence, RI, USA	FALSE	-71.4479587	41.8126956	street_address	rooftop	25 bancroft st, providence, ri 02909, usa	NA	NA	NA	NA	41.8126956	-71.4479587	High	18.8560597	Raw	NA	NA	NA	NA	FALSE	41.81279	-71.44777	2010	December
3509	2010-12-30	52054	21:46:00	Pedestrian	1	NA	FALSE	FALSE	1	ALLENS AVE	TORONTO AVE	2010-12-31	Two-Way , Not Divided	Ice/Frost	Dark - Lighted	Clear	Other	No	No Controls	3	1	Incapacitating	NA	41.79268	-71.39721	FALSE	FALSE	Allens Ave and Toronto Ave, Providence, RI, USA	FALSE	-71.3972047	41.7927052	intersection	geometric_center	toronto ave & allens ave, providence, ri 02905, usa	NA	NA	NA	NA	41.7927052	-71.3972047	Med High	2.839529012	Raw	NA	NA	NA	NA	FALSE	41.79268	-71.39721	2010	December
3507	2011-01-02	52357	18:23:00	Pedestrian	1	NA	FALSE	FALSE	1	CRANSTON ST	DEXTER ST	2011-01-02	Two-Way , Not Divided	Wet	Dark - Lighted	Rain	Head-On (Front - to - Front)	No	Traffic Control Signal	4	1	Non-Incapacitating	2	41.8126	-71.42959	FALSE	FALSE	Cranston Street and Dexter Street, Providence, RI, USA	FALSE	-71.429588	41.8126029	intersection	geometric_center	cranston st & dexter st, providence, ri 02907, usa	NA	NA	NA	NA	41.8126029	-71.429588	Med High	0.36297774	Raw	NA	NA	NA	NA	FALSE	41.8126	-71.42959	2011	January
3508	2011-01-02	52362	20:36:00	Pedestrian	1	NA	FALSE	FALSE	1	CHARLES ST	HAWKINS ST	2011-01-02	Two-Way, Divided, Unprotected (painted>4feet) Medium	Wet	Dark - Lighted	Rain	Other	No	No Controls	3	1	Non-Incapacitating	NA	41.8514	-71.42016	FALSE	FALSE	Charles Street and Hawkins Street, Providence, RI, USA	FALSE	-71.4232923	41.8502749	route	geometric_center	hawkins st, providence, ri, usa	Charles Street & Hawkins Street, Providence, RI, USA	EjRDaGFybGVzIFN0cmVldCAmIEhhd2tpbnMgU3RyZWV0LCBQcm92aWRlbmNlLCBSSSwgVVNBImYiZAoUChIJp7zvRPBE5IkRsQR9FhcT41QSFAoSCae870TwROSJEbEEfRYXE-NUGhQKEgl1C85s8UTkiRHLZMsuNVX9MhoUChIJpfJlFfpE5IkRLMzGtaGm9F0iCg3YA_IYFXEmbtU	41.851388	-71.4201487	41.851388	-71.4201487	Med	1.631686674	Raw	NA	NA	NA	NA	FALSE	41.8514	-71.42016	2011	January
3505	2011-01-04	52531	09:26:00	Pedestrian	1	NA	FALSE	FALSE	1	PLAIN ST	BORDEN ST	2011-01-04	Two-Way , Not Divided	Dry	Daylight	Clear	Not a Collision Between Two Motor Vehicles in Transport	Yes	No Controls	3	1	Pain Reported	2	41.81356	-71.41241	FALSE	FALSE	Plain Street and Borden Street, Providence, RI, USA	FALSE	-71.4122769	41.8132938	intersection	geometric_center	borden st & plain st, providence, ri 02903, usa	NA	NA	NA	NA	41.8132938	-71.4122769	Med High	31.62404121	Raw	NA	NA	NA	NA	FALSE	41.81356	-71.41241	2011	January
3506	2011-01-04	53803	14:59:00	Pedestrian	1	NA	FALSE	FALSE	1	MESSER ST	CRANSTON ST	2011-01-13	Two-Way , Not Divided	Dry	Daylight	Clear	Other	No	No Controls	2	1	Pain Reported	2	41.80963	-71.43345	FALSE	FALSE	Messer Street and Cranston Street, Providence, RI, USA	FALSE	-71.4334345	41.809637	intersection	geometric_center	cranston st & messer st, providence, ri 02907, usa	NA	NA	NA	NA	41.809637	-71.4334345	Med High	1.503740757	Raw	NA	NA	NA	NA	FALSE	41.80963	-71.43345	2011	January
3504	2011-01-05	52639	08:56:00	Pedestrian	1	NA	FALSE	FALSE	1	ROANOKE ST	LEAH ST	2011-01-05	One-Way Trafficway	Dry	Daylight	Clear	Not a Collision Between Two Motor Vehicles in Transport	No	No Controls	3	1	Pain Reported	NA	41.83106	-71.45155	FALSE	FALSE	Roanoke Street and Leah Street, Providence, RI, USA	FALSE	-71.4515781	41.8310779	intersection	geometric_center	leah st & roanoke st, providence, ri 02908, usa	NA	NA	NA	NA	41.8310779	-71.4515781	Med High	3.066438716	Raw	NA	NA	NA	NA	FALSE	41.83106	-71.45155	2011	January
3502	2011-01-06	52843	08:16:00	Pedestrian	1	NA	FALSE	FALSE	1	Hayward St	PEARL ST	2011-01-06	Two-Way , Not Divided	Dry	Daylight	Clear	Other	No	Stop Signs	7	1	Pain Reported	NA	41.8142	-71.41992	FALSE	FALSE	Hayward Street and Pearl Street, Providence, RI, USA	FALSE	-71.4199237	41.8142232	intersection	geometric_center	pearl st & hayward st, providence, ri 02907, usa	NA	NA	NA	NA	41.8142232	-71.4199237	Med High	2.600792669	Raw	NA	NA	NA	NA	FALSE	41.8142	-71.41992	2011	January
3503	2011-01-06	52876	12:07:00	Pedestrian	1	NA	FALSE	FALSE	1	215 Atwells Ave	MESSENGER ST	2011-01-06	Unknown	Dry	Daylight	Clear	Other	Yes	No Controls	2	1	Pain Reported	NA	41.82346	-71.42504	TRUE	FALSE	215 Atwells Ave, Providence, RI, USA	FALSE	-71.425158	41.8236787	premise	rooftop	215 atwells ave, providence, ri 02903, usa	NA	NA	NA	NA	41.8236787	-71.425158	High	26.23978785	Raw	NA	NA	NA	NA	FALSE	41.82346	-71.42504	2011	January
3501	2011-01-08	53257	20:10:00	Pedestrian	1	NA	FALSE	FALSE	1	VALLEY ST	DELAINE ST	2011-01-08	Two-Way , Not Divided	Snow	Dark - Lighted	Snow	Sideswipe, Same Direction	Yes	No Controls	1	1	Pain Reported	NA	41.81979	-71.44046	FALSE	FALSE	Valley Street and Delaine Street, Providence, RI, USA	FALSE	-71.4405034	41.8195248	intersection	geometric_center	delaine st & valley st, providence, ri 02909, usa	NA	NA	NA	NA	41.8195248	-71.4405034	Med High	29.74067587	Raw	NA	NA	NA	NA	FALSE	41.81979	-71.44046	2011	January
3500	2011-01-10	53467	16:18:00	Pedestrian	1	NA	FALSE	FALSE	1	CHALKSTONE AVENUE	FERN STREET	2011-01-10	Two-Way , Not Divided	Dry	Daylight	Clear	Head-On (Front - to - Front)	No	No Controls	2	1	Non-Incapacitating	2	41.82422	-71.43364	FALSE	FALSE	Chalkstone Avenue and Fern Street, Providence, RI, USA	FALSE	-71.4378466	41.8328452	intersection	geometric_center	fern st & chalkstone ave, providence, ri 02908, usa	NA	NA	NA	NA	41.8328452	-71.4378466	Med High	1021.590966	Geocoded	distance greater than 100m	NA	NA	NA	TRUE	41.8328452	-71.4378466	2011	January
3497	2011-01-13	53699	08:24:00	Pedestrian	2	NA	FALSE	FALSE	1	BROAD ST	LOCKWOOD ST	2011-01-13	One-Way Trafficway	Slush	Daylight	Clear	Angle (Front - to - Side) Same Direction	No	No Controls	3	1	Pain Reported	NA	41.81539	-71.4206	FALSE	FALSE	Broad Street and Lockwood Street, Providence, RI, USA	FALSE	-71.4159924	41.8129685	route	geometric_center	lockwood st, providence, ri, usa	NA	NA	NA	NA	41.8129685	-71.4159924	Med	467.7627428	Raw	distance greater than 100m	NA	NA	NA	TRUE	41.81539	-71.4206	2011	January
3498	2011-01-13	53759	14:22:00	Pedestrian	3	NA	FALSE	FALSE	1	BENEDICT ST	BRATTLE ST	2011-01-13	Two-Way , Not Divided	Slush	Daylight	Clear	Sidwswipe, Opposite Direction	Yes	No Controls	3	3	Pain Reported	NA	41.80466	-71.43503	FALSE	FALSE	Benedict Street and Brattle Street, Providence, RI, USA	FALSE	-71.4344704	41.8044938	intersection	geometric_center	benedict st & brattle st, providence, ri 02907, usa	NA	NA	NA	NA	41.8044938	-71.4344704	Med High	49.9856779	Raw	NA	NA	NA	NA	FALSE	41.80466	-71.43503	2011	January
3499	2011-01-13	53772	08:47:00	Pedestrian	1	NA	FALSE	FALSE	1	EDDY ST	THURBERS AVE	2011-01-13	Two-Way , Not Divided	Slush	Daylight	Clear	Not a Collision Between Two Motor Vehicles in Transport	Yes	No Controls	2	0	No Injury	NA	41.8004	-71.40595	FALSE	FALSE	Eddy Street and Thurbers Ave, Providence, RI, USA	FALSE	-71.4058025	41.7999164	intersection	geometric_center	thurbers ave & eddy st, providence, ri 02905, usa	NA	NA	NA	NA	41.7999164	-71.4058025	Med High	55.20813783	Raw	NA	NA	NA	NA	FALSE	41.8004	-71.40595	2011	January
3496	2011-01-16	54316	11:49:00	Pedestrian	1	NA	FALSE	FALSE	1	SMITH ST	NELSON ST	2011-01-16	Two-Way, Divided, Unprotected (painted>4feet) Medium	Snow	Daylight	Clear	Angle (Front - to - Side) Right Angle (Includes Broadside)	No	No Controls	3	1	Pain Reported	2	41.84209	-71.444	FALSE	FALSE	Smith Street and Nelson Street, Providence, RI, USA	FALSE	-71.4442116	41.8422004	intersection	geometric_center	smith st & nelson st, providence, ri 02908, usa	NA	NA	NA	NA	41.8422004	-71.4442116	Med High	21.42378055	Raw	NA	NA	NA	NA	FALSE	41.84209	-71.444	2011	January
3495	2011-01-18	54665	18:26:00	Pedestrian	1	NA	FALSE	FALSE	1	WESTMINSTER ST	CAHIR ST	2011-01-18	Two-Way , Not Divided	Wet	Dark - Lighted	Rain	Head-On (Front - to - Front)	No	Traffic Control Signal	4	1	Pain Reported	NA	41.81816	-71.42031	FALSE	FALSE	Westminster Street and Cahir Street, Providence, RI, USA	FALSE	-71.4201851	41.8182066	intersection	geometric_center	cahir st & westminster st, providence, ri 02903, usa	NA	NA	NA	NA	41.8182066	-71.4201851	Med High	11.58798103	Raw	NA	NA	NA	NA	FALSE	41.81816	-71.42031	2011	January
3493	2011-01-24	55504	07:51:00	Pedestrian	1	NA	FALSE	FALSE	1	Whelan Road	BODELL AVE	2011-01-24	Two-Way , Not Divided	Ice/Frost	Daylight	Clear	Not a Collision Between Two Motor Vehicles in Transport	No	No Controls	4	1	Pain Reported	2	41.81886	-71.45257	FALSE	FALSE	Whelan Road and Bodell Ave, Providence, RI, USA	FALSE	-71.454308	41.818283	intersection	geometric_center	bodell ave & whelan rd, providence, ri 02909, usa	NA	NA	NA	NA	41.818283	-71.454308	Med High	157.8474249	Raw	distance greater than 100m	NA	NA	NA	TRUE	41.81886	-71.45257	2011	January
3494	2011-01-24	55577	13:14:00	Pedestrian	1	NA	FALSE	FALSE	1	WEST CLIFFORD ST	LOCKWOOD ST	2011-01-24	Two-Way , Not Divided	Wet	Daylight	Clear	Other	Yes	No Controls	3	1	Pain Reported	NA	41.81376	-71.41627	FALSE	FALSE	West Clifford Street and Lockwood Street, Providence, RI, USA	FALSE	-71.4166635	41.8133303	intersection	geometric_center	w clifford st & lockwood st, providence, ri 02903, usa	NA	NA	NA	NA	41.8133303	-71.4166635	Med High	57.91362529	Raw	NA	NA	NA	NA	FALSE	41.81376	-71.41627	2011	January
3491	2011-01-27	56483	15:19:00	Pedestrian	1	NA	FALSE	FALSE	1	593 public	NA	2011-01-27	Two-Way , Not Divided	Snow	Daylight	Clear	Not a Collision Between Two Motor Vehicles in Transport	No	No Controls	3	1	Pain Reported	NA	41.82577	-71.41527	TRUE	TRUE	593 Public, Providence, RI, USA	FALSE	-71.421701	41.8037545	premise	rooftop	593 public st, providence, ri 02907, usa	NA	NA	NA	NA	41.8037545	-71.421701	High	2508.163216	Geocoded	distance greater than 100m	NA	NA	NA	TRUE	41.8037545	-71.421701	2011	January
3492	2011-01-27	56815	12:19:00	Pedestrian	1	NA	FALSE	FALSE	1	SISSON ST	TICKNOR ST	2011-01-29	Two-Way , Not Divided	Snow	Daylight	Clear	Not a Collision Between Two Motor Vehicles in Transport	Yes	No Controls	2	1	Pain Reported	NA	41.82841	-71.45537	FALSE	FALSE	Sisson Street and Ticknor Street, Providence, RI, USA	FALSE	-71.4553514	41.8282	intersection	geometric_center	ticknor st & sisson st, providence, ri 02909, usa	NA	NA	NA	NA	41.8282	-71.4553514	Med High	23.42795105	Raw	NA	NA	NA	NA	FALSE	41.82841	-71.45537	2011	January
3490	2011-01-29	56832	13:21:00	Pedestrian	1	NA	FALSE	FALSE	1	ALVERSON AVE	NYE ST	2011-01-29	Two-Way, Divided, Unprotected (painted>4feet) Medium	Ice/Frost	Daylight	Clear	Other	Yes	No Controls	1	1	Pain Reported	NA	41.81729	-71.45956	FALSE	FALSE	Alverson Ave and Nye Street, Providence, RI, USA	FALSE	-71.4594499	41.8169709	intersection	geometric_center	nye st & alverson ave, providence, ri 02909, usa	NA	NA	NA	NA	41.8169709	-71.4594499	Med High	36.67767363	Raw	NA	NA	NA	NA	FALSE	41.81729	-71.45956	2011	January
3488	2011-02-01	57405	10:03:00	Pedestrian	1	NA	FALSE	FALSE	1	ELMWOOD AVE	PLENTY ST	2011-02-01	Two-Way , Not Divided	Snow	Daylight	Snow	Other	Yes	No Controls	1	1	Pain Reported	4	41.8073	-71.42484	FALSE	FALSE	Elmwood Ave and Plenty Street, Providence, RI, USA	FALSE	-71.4248794	41.8071885	intersection	geometric_center	plenty st & elmwood ave, providence, ri 02907, usa	NA	NA	NA	NA	41.8071885	-71.4248794	Med High	12.83545826	Raw	NA	NA	NA	NA	FALSE	41.8073	-71.42484	2011	February