row_number	crash_date	crash_report_id	crash_time	collision_type	count_pedestrian	count_bicycle	scooter	wheel_chair	number_of_vehicles	street_or_highway	nearest_intersection	report_date	type_of_roadway	road_surface_condition	light_condition	weather_condition	manner_of_impact	hit_and_run	traffic_control	person_count	injury_count	most_serious_injury	number_of_lanes	lat_raw	lon_raw	has_st_number	is_intersection_null	address_sent_to_geocoder	is_address_blank	lon_api_first_try	lat_api_first_try	type	loctype	address_returned_by_geocoder	address_returned_by_autocomplete	place_ids_autocompleted	lat_api_second_try	lon_api_second_try	lat_api_best	lon_api_best	api_coord_conf	distance_btwn_coords_meters	best_coordinate_set	reason_for_qa	correct_coordinates	corrected_lat	corrected_lon	manually_qaed_record	final_lat	final_lon	year	month
3489	2011-02-01	57489	14:15:00	Pedestrian	1	NA	FALSE	FALSE	1	ELMWOOD AVE	WARRINGTON ST	2011-02-01	Two-Way, Divided, Positive Median Barrier	Snow	Daylight	Sleet, Hail (Freezing Rain or Drizzle)	Not a Collision Between Two Motor Vehicles in Transport	Yes	No Controls	2	1	Pain Reported	4	41.79333	-71.42357	FALSE	FALSE	Elmwood Ave and Warrington Street, Providence, RI, USA	FALSE	-71.4236779	41.7933302	intersection	geometric_center	warrington st & elmwood ave, providence, ri 02907, usa	NA	NA	NA	NA	41.7933302	-71.4236779	Med High	8.955149941	Raw	NA	NA	NA	NA	FALSE	41.79333	-71.42357	2011	February
3487	2011-02-03	57888	20:57:00	Bicycle	NA	1	FALSE	FALSE	1	BROADWAY	GREENMAN LN	2011-02-03	One-Way Trafficway	Snow	Dark - Lighted	Clear	Other	No	Traffic Control Signal	3	1	Pain Reported	4	41.82232	-71.41867	FALSE	FALSE	Broadway and Greenman Ln, Providence, RI, USA	FALSE	-71.4119953	41.8109879	doctor	rooftop	101 dudley st, providence, ri 02905, usa	NA	NA	NA	NA	41.8109879	-71.4119953	Med	1377.677046	Raw	distance greater than 100m	NA	NA	NA	TRUE	41.82232	-71.41867	2011	February
3486	2011-02-09	59624	14:29:00	Pedestrian	1	NA	FALSE	FALSE	1	GALILEO AVE	CHALKSTONE AVE	2011-02-12	Two-Way , Not Divided	Dry	Daylight	Clear	Other	No	No Controls	5	0	No Injury	NA	41.83215	-71.45564	FALSE	FALSE	Galileo Ave and Chalkstone Ave, Providence, RI, USA	FALSE	-71.4552648	41.8321945	intersection	geometric_center	chalkstone ave & galileo ave, providence, ri 02909, usa	NA	NA	NA	NA	41.8321945	-71.4552648	Med High	31.51250749	Raw	NA	NA	NA	NA	FALSE	41.83215	-71.45564	2011	February
3485	2011-02-11	59473	15:23:00	Pedestrian	1	NA	FALSE	FALSE	1	ATWELLS AVE	DUTTON ST	2011-02-11	Two-Way , Not Divided	Wet	Daylight	Clear	Not a Collision Between Two Motor Vehicles in Transport	No	No Controls	2	1	Pain Reported	2	41.82528	-71.45304	FALSE	FALSE	Atwells Ave and Dutton Street, Providence, RI, USA	FALSE	-71.4530228	41.82529	intersection	geometric_center	atwells ave & dutton st, providence, ri 02909, usa	NA	NA	NA	NA	41.82529	-71.4530228	Med High	1.809682226	Raw	NA	NA	NA	NA	FALSE	41.82528	-71.45304	2011	February
3482	2011-02-17	60564	01:28:00	Pedestrian	2	NA	FALSE	FALSE	1	N MAIN ST	BENEFIT ST	2011-02-17	Two-Way , Not Divided	Dry	Dark - Lighted	Cloudy	Head-On (Front - to - Front)	Yes	No Controls	7	1	Fatal	4	41.83392	-71.41027	FALSE	FALSE	N Main Street and Benefit Street, Providence, RI, USA	FALSE	-71.4068354	41.8260134	route	geometric_center	benefit st, providence, ri, usa	NA	NA	NA	NA	41.8260134	-71.4068354	Med	925.1172161	Raw	distance greater than 100m	NA	NA	NA	TRUE	41.83392	-71.41027	2011	February
3483	2011-02-17	60663	15:25:00	Pedestrian	1	NA	FALSE	FALSE	1	1880 Westminster Street	Broadway/Valley Street	2011-02-17	One-Way Trafficway	Dry	Daylight	Clear	Other	Yes	Traffic Control Signal	2	1	Incapacitating	NA	41.82004	-71.43725	TRUE	FALSE	1880 Westminster Street, Providence, RI, USA	FALSE	-71.4414929	41.8161611	premise	rooftop	1880 westminster st, providence, ri 02909, usa	NA	NA	NA	NA	41.8161611	-71.4414929	High	557.0943463	Geocoded	distance greater than 100m	NA	NA	NA	TRUE	41.8161611	-71.4414929	2011	February
3484	2011-02-17	60711	16:48:00	Pedestrian	1	NA	FALSE	FALSE	1	PLAINFIELD ST	LAUREL HILL AVE	2011-02-17	Two-Way , Not Divided	Dry	Daylight	Clear	Other	Yes	No Controls	2	1	Pain Reported	NA	41.8132	-71.45548	FALSE	FALSE	Plainfield Street and Laurel Hill Ave, Providence, RI, USA	FALSE	-71.4554097	41.8132285	intersection	geometric_center	laurel hill ave & plainfield st, providence, ri 02909, usa	NA	NA	NA	NA	41.8132285	-71.4554097	Med High	6.639726608	Raw	NA	NA	NA	NA	FALSE	41.8132	-71.45548	2011	February
3481	2011-02-18	60842	14:49:00	Pedestrian	1	NA	FALSE	FALSE	1	HOPE ST	5TH ST	2011-02-18	Two-Way, Divided, Unprotected (painted>4feet) Medium	Dry	Daylight	Clear	Head-On (Front - to - Front)	Yes	No Controls	2	1	Pain Reported	NA	41.84993	-71.39458	FALSE	FALSE	Hope Street and 5th Street, Providence, RI, USA	FALSE	-71.3945685	41.8499382	intersection	geometric_center	hope st & 5th st, providence, ri 02906, usa	NA	NA	NA	NA	41.8499382	-71.3945685	Med High	1.320069557	Raw	NA	NA	NA	NA	FALSE	41.84993	-71.39458	2011	February
3480	2011-02-19	60901	02:11:00	Pedestrian	1	NA	FALSE	FALSE	1	PEMBROKE AVE	CHAD BROWN ST	2011-02-19	Two-Way , Not Divided	Dry	Dark - Lighted	Clear	Other	Yes	No Controls	1	1	Pain Reported	NA	41.83946	-71.4301	FALSE	FALSE	Pembroke Ave and Chad Brown Street, Providence, RI, USA	FALSE	-71.4302372	41.8391171	intersection	geometric_center	chad brown st & pembroke ave, providence, ri 02908, usa	NA	NA	NA	NA	41.8391171	-71.4302372	Med High	39.83132691	Raw	NA	NA	NA	NA	FALSE	41.83946	-71.4301	2011	February
3479	2011-02-20	61607	16:58:00	Pedestrian	1	NA	FALSE	FALSE	1	CHALKSTONE AVE	MOUNT PLEASANT AVE	2011-02-20	Two-Way , Not Divided	Dry	Daylight	Clear	Head-On (Front - to - Front)	Yes	Traffic Control Signal	2	1	Pain Reported	NA	41.83269	-71.44977	FALSE	FALSE	Chalkstone Ave and Mount Pleasant Ave, Providence, RI, USA	FALSE	-71.4497544	41.83271	intersection	geometric_center	mt pleasant ave & chalkstone ave, providence, ri 02908, usa	NA	NA	NA	NA	41.83271	-71.4497544	Med High	2.575081155	Raw	NA	NA	NA	NA	FALSE	41.83269	-71.44977	2011	February
3478	2011-02-22	61293	15:43:00	Pedestrian	1	NA	FALSE	FALSE	1	WILLARD AVE	PLAIN ST	2011-02-22	Two-Way , Not Divided	Dry	Daylight	Clear	Not a Collision Between Two Motor Vehicles in Transport	No	Stop Signs	2	1	Pain Reported	NA	41.80891	-71.41075	FALSE	FALSE	Willard Ave and Plain Street, Providence, RI, USA	FALSE	-71.4107596	41.8089396	intersection	geometric_center	willard ave & plain st, providence, ri 02905, usa	NA	NA	NA	NA	41.8089396	-71.4107596	Med High	3.38997044	Raw	NA	NA	NA	NA	FALSE	41.80891	-71.41075	2011	February
3477	2011-02-28	62201	16:49:00	Pedestrian	1	NA	FALSE	FALSE	1	ERASTUS ST	ATWELLS AVE	2011-02-28	Two-Way , Not Divided	Wet	Daylight	Rain	Sideswipe, Same Direction	No	No Controls	2	1	Pain Reported	NA	41.8252	-71.45083	FALSE	FALSE	Erastus Street and Atwells Ave, Providence, RI, USA	FALSE	-71.4508196	41.8251817	intersection	geometric_center	atwells ave & erastus st, providence, ri 02909, usa	NA	NA	NA	NA	41.8251817	-71.4508196	Med High	2.212293835	Raw	NA	NA	NA	NA	FALSE	41.8252	-71.45083	2011	February
3476	2011-03-04	63141	07:02:00	Pedestrian	1	NA	FALSE	FALSE	1	WASHINGTON ST	UNION ST	2011-03-04	Two-Way , Not Divided	Dry	Daylight	Clear	Not a Collision Between Two Motor Vehicles in Transport	Yes	Traffic Control Signal	2	0	No Injury	2	41.8236	-71.414	FALSE	FALSE	Washington Street and Union Street, Providence, RI, USA	FALSE	-71.4128343	41.8239891	locality	approximate	providence, ri, usa	Washington Street & Union Street, Providence, RI, USA	EjVXYXNoaW5ndG9uIFN0cmVldCAmIFVuaW9uIFN0cmVldCwgUHJvdmlkZW5jZSwgUkksIFVTQSJmImQKFAoSCXvJS8cTReSJEcVp0B49EFpXEhQKEgl7yUvHE0XkiRHFadAePRBaVxoUChIJqdrNnBJF5IkRGgfQlqMSNPYaFAoSCXNAs5UTReSJEZJE18owa50QIgoN_cbtGBWuFm_V	41.8236157	-71.4139986	41.8236157	-71.4139986	Med	1.751570489	Raw	NA	NA	NA	NA	FALSE	41.8236	-71.414	2011	March
3475	2011-03-06	62937	18:05:00	Pedestrian	1	NA	FALSE	FALSE	1	ADELAIDE AVE	NIAGARA ST	2011-03-06	Two-Way , Not Divided	Wet	Dark - Lighted	Sleet, Hail (Freezing Rain or Drizzle)	Not a Collision Between Two Motor Vehicles in Transport	No	Stop Signs	2	1	Pain Reported	NA	41.79797	-71.41827	FALSE	FALSE	Adelaide Ave and Niagara Street, Providence, RI, USA	FALSE	-71.4182864	41.7979925	intersection	geometric_center	adelaide ave & niagara st, providence, ri 02907, usa	NA	NA	NA	NA	41.7979925	-71.4182864	Med High	2.850582785	Raw	NA	NA	NA	NA	FALSE	41.79797	-71.41827	2011	March
3474	2011-03-09	63226	13:22:00	Pedestrian	1	NA	FALSE	FALSE	1	WESTMINSTER ST	ABORN ST	2011-03-09	One-Way Trafficway	Dry	Daylight	Clear	Other	No	No Controls	2	1	Pain Reported	NA	41.82132	-71.41482	FALSE	FALSE	Westminster Street and Aborn Street, Providence, RI, USA	FALSE	-71.4147851	41.821374	intersection	geometric_center	aborn st & westminster st, providence, ri 02903, usa	NA	NA	NA	NA	41.821374	-71.4147851	Med High	6.672151841	Raw	NA	NA	NA	NA	FALSE	41.82132	-71.41482	2011	March
3472	2011-03-10	63431	19:30:00	Other	NA	NA	FALSE	FALSE	1	VERMONT AVE	EDDY ST	2011-03-10	Two-Way, Divided, Unprotected (painted>4feet) Medium	Wet	Dark - Lighted	Rain	Other	No	No Controls	3	1	Pain Reported	2	41.78776	-71.40134	FALSE	FALSE	Vermont Ave and Eddy Street, Providence, RI, USA	FALSE	-71.4024104	41.7875793	intersection	geometric_center	vermont ave & eddy st, providence, ri 02905, usa	NA	NA	NA	NA	41.7875793	-71.4024104	Med High	91.09401928	Raw	NA	NA	NA	NA	FALSE	41.78776	-71.40134	2011	March
3473	2011-03-10	63491	21:00:00	Pedestrian	1	NA	FALSE	FALSE	1	CYPRESS ST	CAMP ST	2011-03-11	Two-Way , Not Divided	Wet	Dark - Lighted	Rain	Unknown	Yes	Unknown	1	1	Pain Reported	2	41.84214	-71.40295	FALSE	FALSE	Cypress Street and Camp Street, Providence, RI, USA	FALSE	-71.402865	41.8421404	route	geometric_center	camp st, providence, ri, usa	Cypress Street & Camp Street, Providence, RI, USA	EjFDeXByZXNzIFN0cmVldCAmIENhbXAgU3RyZWV0LCBQcm92aWRlbmNlLCBSSSwgVVNBImYiZAoUChIJIaEEKtxE5IkR_HHFbw4Np8sSFAoSCSGhBCrcROSJEfxxxW8ODafLGhQKEgl3xfWF3kTkiRFR0EOAxijcgBoUChIJLULvg85E5IkRifK04CpJkuAiCg2cmvAYFZbJcNU	41.8421404	-71.402865	41.8421404	-71.402865	Med	7.049310882	Raw	NA	NA	NA	NA	FALSE	41.84214	-71.40295	2011	March
3471	2011-03-11	63508	09:15:00	Pedestrian	1	NA	FALSE	FALSE	1	MEDWAY ST	WAYLAND AVE	2011-03-11	Two-Way, Divided, Unprotected (painted>4feet) Medium	Wet	Daylight	Cloudy	Angle (Front - to - Side) Right Angle (Includes Broadside)	Unknown	Stop Signs	2	1	Pain Reported	NA	41.82932	-71.38824	FALSE	FALSE	Medway Street and Wayland Ave, Providence, RI, USA	FALSE	-71.3881737	41.8293336	intersection	geometric_center	wayland ave & medway st, providence, ri 02906, usa	NA	NA	NA	NA	41.8293336	-71.3881737	Med High	5.704035473	Raw	NA	NA	NA	NA	FALSE	41.82932	-71.38824	2011	March
3469	2011-03-12	63641	00:33:00	Pedestrian	1	NA	FALSE	FALSE	1	301 HARRIS AVE	CHARLOTTE HOPE ST	2011-03-12	Two-Way, Divided, Unprotected (painted>4feet) Medium	Dry	Dark - Lighted	Cloudy	Unknown	Yes	No Controls	5	1	Non-Incapacitating	2	41.8258	-71.43003	TRUE	FALSE	301 Harris Ave, Providence, RI, USA	FALSE	-71.4301683	41.8259892	premise	rooftop	301 harris ave, providence, ri 02909, usa	NA	NA	NA	NA	41.8259892	-71.4301683	High	23.98347909	Raw	NA	NA	NA	NA	FALSE	41.8258	-71.43003	2011	March
3470	2011-03-12	64073	00:30:00	Pedestrian	1	NA	FALSE	FALSE	1	MEMORIAL BLVD	STEEPLE ST	2011-03-12	Two-Way, Divided, Positive Median Barrier	Wet	Dark - Lighted	Cloudy	Head-On (Front - to - Front)	No	Traffic Control Signal	3	1	Non-Incapacitating	NA	41.82677	-71.41063	FALSE	FALSE	Memorial Blvd and Steeple Street, Providence, RI, USA	FALSE	-71.409299	41.8273889	route	geometric_center	steeple st, providence, ri 02903, usa	NA	NA	NA	NA	41.8273889	-71.409299	Med	130.1401791	Raw	distance greater than 100m	NA	NA	NA	TRUE	41.82677	-71.41063	2011	March
3468	2011-03-18	64458	01:23:00	Pedestrian	1	NA	FALSE	FALSE	1	MEMORIAL BLVD	EXCHANGE ST	2011-03-18	Two-Way, Divided, Positive Median Barrier	Dry	Dark - Lighted	Clear	Sideswipe, Same Direction	Yes	Traffic Control Signal	2	1	Pain Reported	NA	41.8268	-71.41207	FALSE	FALSE	Memorial Blvd and Exchange Street, Providence, RI, USA	FALSE	-71.4121426	41.8269244	intersection	geometric_center	memorial blvd & exchange st, providence, ri 02903, usa	NA	NA	NA	NA	41.8269244	-71.4121426	Med High	15.10095039	Raw	NA	NA	NA	NA	FALSE	41.8268	-71.41207	2011	March
3467	2011-03-19	64774	09:57:00	Bicycle	NA	1	FALSE	FALSE	1	TRAVERSE ST	WICKENDEN ST	2011-03-19	Two-Way, Divided, Unprotected (painted>4feet) Medium	Dry	Daylight	Clear	Sideswipe, Same Direction	No	No Controls	2	0	No Injury	NA	41.81934	-71.39968	FALSE	FALSE	Traverse Street and Wickenden Street, Providence, RI, USA	FALSE	-71.3996503	41.819304700000004	intersection	geometric_center	wickenden st & traverse st, providence, ri 02906, usa	NA	NA	NA	NA	41.819304700000004	-71.3996503	Med High	4.638166604	Raw	NA	NA	NA	NA	FALSE	41.81934	-71.39968	2011	March
3466	2011-03-20	64903	01:30:00	Pedestrian	1	NA	FALSE	FALSE	1	W EXCHANGE ST	FOX PL	2011-03-20	Two-Way , Not Divided	Dry	Dark - Not Lighted	Clear	Not a Collision Between Two Motor Vehicles in Transport	No	No Controls	2	1	Pain Reported	NA	41.82522	-71.42023	FALSE	FALSE	W Exchange Street and Fox Pl, Providence, RI, USA	FALSE	-71.4202531	41.825222	intersection	geometric_center	fox pl & w exchange st, providence, ri 02903, usa	NA	NA	NA	NA	41.825222	-71.4202531	Med High	1.929112596	Raw	NA	NA	NA	NA	FALSE	41.82522	-71.42023	2011	March
3465	2011-03-22	65166	16:27:00	Pedestrian	1	NA	FALSE	FALSE	1	ACADEMY AVE	HEALTH AVE	2011-03-22	Unknown	Dry	Daylight	Clear	Not a Collision Between Two Motor Vehicles in Transport	Yes	No Controls	2	0	No Injury	NA	41.82752	-71.44376	FALSE	FALSE	Academy Ave and Health Ave, Providence, RI, USA	FALSE	-71.4438011	41.827781	intersection	geometric_center	health ave & academy ave, providence, ri 02908, usa	NA	NA	NA	NA	41.827781	-71.4438011	Med High	29.2537248	Raw	NA	NA	NA	NA	FALSE	41.82752	-71.44376	2011	March
3464	2011-03-23	65298	16:13:00	Pedestrian	2	NA	FALSE	FALSE	1	STILLMAN ST	PARK ROW	2011-03-23	Two-Way , Not Divided	Dry	Daylight	Clear	Not a Collision Between Two Motor Vehicles in Transport	No	No Controls	3	2	Pain Reported	NA	41.82859	-71.41166	FALSE	FALSE	Stillman Street and Park Row, Providence, RI, USA	FALSE	-71.4116939	41.8286179	intersection	geometric_center	park row w & stillman st, providence, ri 02903, usa	NA	NA	NA	NA	41.8286179	-71.4116939	Med High	4.189660182	Raw	NA	NA	NA	NA	FALSE	41.82859	-71.41166	2011	March
3463	2011-03-26	65709	17:16:00	Pedestrian	1	NA	FALSE	FALSE	1	110 BOWDOIN ST	AMHERST ST	2011-03-26	Two-Way , Not Divided	Dry	Daylight	Clear	Other	No	No Controls	3	1	Pain Reported	NA	41.82311	-71.44308	TRUE	FALSE	110 Bowdoin Street, Providence, RI, USA	FALSE	-71.4432506	41.8229427	premise	rooftop	110 bowdoin st, providence, ri 02909, usa	NA	NA	NA	NA	41.8229427	-71.4432506	High	23.39086128	Raw	NA	NA	NA	NA	FALSE	41.82311	-71.44308	2011	March
3461	2011-03-27	65781	07:12:00	Pedestrian	1	NA	FALSE	FALSE	1	THURBERS AVE	EDDY ST	2011-03-27	Two-Way , Not Divided	Dry	Daylight	Clear	Other	No	No Controls	4	2	Pain Reported	NA	41.79994	-71.40584	FALSE	FALSE	Thurbers Ave and Eddy Street, Providence, RI, USA	FALSE	-71.4058025	41.7999164	intersection	geometric_center	thurbers ave & eddy st, providence, ri 02905, usa	NA	NA	NA	NA	41.7999164	-71.4058025	Med High	4.072625273	Raw	NA	NA	NA	NA	FALSE	41.79994	-71.40584	2011	March
3462	2011-03-27	66470	19:37:00	Bicycle	NA	1	FALSE	FALSE	1	WESTMINSTER ST	BRIDGHAM ST	2011-03-31	Two-Way , Not Divided	Dry	Daylight	Clear	Not a Collision Between Two Motor Vehicles in Transport	No	No Controls	2	1	Pain Reported	NA	41.8169	-71.42852	FALSE	FALSE	Westminster Street and Bridgham Street, Providence, RI, USA	FALSE	-71.4284038	41.8169384	intersection	geometric_center	bridgham st & westminster st, providence, ri 02909, usa	NA	NA	NA	NA	41.8169384	-71.4284038	Med High	10.54564548	Raw	NA	NA	NA	NA	FALSE	41.8169	-71.42852	2011	March
3460	2011-03-29	66084	18:27:00	Pedestrian	1	NA	FALSE	FALSE	1	ATWELLS AVE	CARLETON ST	2011-03-29	Two-Way , Not Divided	Dry	Daylight	Clear	Head-On (Front - to - Front)	No	No Controls	4	1	Pain Reported	2	41.82496	-71.44664	FALSE	FALSE	Atwells Ave and Carleton Street, Providence, RI, USA	FALSE	-71.4466564	41.8249741	intersection	geometric_center	atwells ave & carleton st, providence, ri 02909, usa	NA	NA	NA	NA	41.8249741	-71.4466564	Med High	2.077127036	Raw	NA	NA	NA	NA	FALSE	41.82496	-71.44664	2011	March
3458	2011-03-31	66338	16:21:00	Bicycle	NA	1	FALSE	FALSE	1	BRANCH AVE	On Ramp	2011-03-31	Two-Way, Divided, Unprotected (painted>4feet) Medium	Wet	Daylight	Rain	Other	No	No Controls	3	1	Incapacitating	NA	41.85301	-71.42634	FALSE	FALSE	Branch Ave and On Ramp, Providence, RI, USA	FALSE	-71.4228521	41.8515249	route	geometric_center	branch ave, providence, ri 02904, usa	NA	NA	NA	NA	41.8515249	-71.4228521	Med	333.1271821	Raw	distance greater than 100m	NA	NA	NA	TRUE	41.85301	-71.42634	2011	March
3459	2011-03-31	66380	20:41:00	Pedestrian	1	NA	FALSE	FALSE	1	VALLEY ST	NEWARK ST	2011-03-31	Two-Way , Not Divided	Wet	Dark - Lighted	Snow	Not a Collision Between Two Motor Vehicles in Transport	Yes	No Controls	1	1	Incapacitating	2	41.82518	-71.43932	FALSE	FALSE	Valley Street and Newark Street, Providence, RI, USA	FALSE	-71.4393041	41.8252323	intersection	geometric_center	valley st & newark st, providence, ri 02908, usa	NA	NA	NA	NA	41.8252323	-71.4393041	Med High	5.96954306	Raw	NA	NA	NA	NA	FALSE	41.82518	-71.43932	2011	March
3457	2011-04-01	66388	22:03:00	Pedestrian	1	NA	FALSE	FALSE	1	Waterman Street	THAYER ST	2011-04-01	One-Way Trafficway	Wet	Dark - Unknown Lighting	Snow	Unknown	Yes	Traffic Control Signal	3	1	Pain Reported	NA	41.82728	-71.40054	FALSE	FALSE	Waterman Street and Thayer Street, Providence, RI, USA	FALSE	-71.4005559	41.8272892	intersection	geometric_center	thayer st & waterman st, providence, ri 02906, usa	NA	NA	NA	NA	41.8272892	-71.4005559	Med High	1.669850189	Raw	NA	NA	NA	NA	FALSE	41.82728	-71.40054	2011	April
3456	2011-04-03	66912	19:33:00	Bicycle	NA	1	FALSE	FALSE	1	BUCKLIN ST	HAWTHORNE ST	2011-04-04	Two-Way , Not Divided	Dry	Dark - Lighted	Clear	Other	No	No Controls	2	1	Pain Reported	NA	41.80097	-71.42778	FALSE	FALSE	Bucklin Street and Hawthorne Street, Providence, RI, USA	FALSE	-71.42778	41.800976	intersection	geometric_center	bucklin st & hawthorne st, providence, ri 02907, usa	NA	NA	NA	NA	41.800976	-71.42778	Med High	0.667916945	Raw	NA	NA	NA	NA	FALSE	41.80097	-71.42778	2011	April
3454	2011-04-04	66868	09:03:00	Pedestrian	1	NA	FALSE	FALSE	1	WESTMINSTER ST	WEYBOSSET ST	2011-04-04	Two-Way , Not Divided	Dry	Daylight	Clear	Other	No	No Controls	3	1	Incapacitating	NA	41.82526	-71.40927	FALSE	FALSE	Westminster Street and Weybosset Street, Providence, RI, USA	FALSE	-71.4098909	41.8248745	intersection	geometric_center	weybosset st & westminster st, providence, ri 02903, usa	NA	NA	NA	NA	41.8248745	-71.4098909	Med High	67.04054995	Raw	NA	NA	NA	NA	FALSE	41.82526	-71.40927	2011	April
3455	2011-04-04	66957	17:27:00	Bicycle	NA	1	FALSE	FALSE	1	BUTLER DR	RAY DR	2011-04-04	One-Way Trafficway	Dry	Dawn	Clear	Other	Yes	No Controls	1	1	Pain Reported	NA	41.84294	-71.38179	FALSE	FALSE	Butler Dr and Ray Dr, Providence, RI, USA	FALSE	-71.3830178	41.8458361	route	geometric_center	ray dr, providence, ri 02906, usa	NA	NA	NA	NA	41.8458361	-71.3830178	Med	338.0888621	Geocoded	distance greater than 100m	NA	NA	NA	TRUE	41.8458361	-71.3830178	2011	April
3453	2011-04-06	67278	13:08:00	Pedestrian	1	NA	FALSE	FALSE	1	CLAVERICK ST	BROAD ST	2011-04-06	One-Way Trafficway	Dry	Daylight	Clear	Not a Collision Between Two Motor Vehicles in Transport	No	No Controls	3	1	Non-Incapacitating	NA	41.81913	-71.4146	FALSE	FALSE	Claverick Street and Broad Street, Providence, RI, USA	FALSE	-71.414983	41.8193579	intersection	geometric_center	claverick st & broad st, providence, ri 02903, usa	NA	NA	NA	NA	41.8193579	-71.414983	Med High	40.65975143	Raw	NA	NA	NA	NA	FALSE	41.81913	-71.4146	2011	April
3451	2011-04-09	67713	01:32:00	Pedestrian	1	NA	FALSE	FALSE	1	N MAIN ST	CADY ST	2011-04-09	One-Way Trafficway	Dry	Dark - Lighted	Clear	Not a Collision Between Two Motor Vehicles in Transport	No	No Controls	4	1	Incapacitating	NA	41.82967	-71.40999	FALSE	FALSE	N Main Street and Cady Street, Providence, RI, USA	FALSE	-71.409849500000007	41.8297018	route	geometric_center	cady st, providence, ri 02903, usa	North Main Street & Cady Street, Providence, RI, USA	EjROb3J0aCBNYWluIFN0cmVldCAmIENhZHkgU3RyZWV0LCBQcm92aWRlbmNlLCBSSSwgVVNBImYiZAoUChIJFTCWxRlF5IkR-iggQXFLDAgSFAoSCRUwlsUZReSJEfooIEFxSwwIGhQKEgn5-kE93kTkiRFf162-DVwjPxoUChIJya0JyxlF5IkRdUPnWMG9t_kiCg0EtO4YFV-zb9U	41.8296836	-71.4099873	41.8296836	-71.4099873	Med	1.530420553	Raw	NA	NA	NA	NA	FALSE	41.82967	-71.40999	2011	April
3452	2011-04-09	67929	22:55:00	Pedestrian	2	NA	FALSE	FALSE	1	Charlesfield Street	Hope Street	2011-04-10	Two-Way , Not Divided	Dry	Dark - Not Lighted	Clear	Not a Collision Between Two Motor Vehicles in Transport	Yes	No Controls	6	2	Incapacitating	2	41.82414	-71.39723	FALSE	FALSE	Charlesfield Street and Hope Street, Providence, RI, USA	FALSE	-71.3971831	41.8241348	intersection	geometric_center	hope st & charlesfield st, providence, ri 02912, usa	NA	NA	NA	NA	41.8241348	-71.3971831	Med High	3.93340482	Raw	NA	NA	NA	NA	FALSE	41.82414	-71.39723	2011	April
3450	2011-04-11	68166	19:06:00	Bicycle	NA	1	FALSE	FALSE	1	BROADWAY	DEAN ST	2011-04-11	Two-Way , Not Divided	Dry	Daylight	Clear	Not a Collision Between Two Motor Vehicles in Transport	No	Traffic Control Signal	7	1	Pain Reported	2	41.8214	-71.42253	FALSE	FALSE	Broadway and Dean Street, Providence, RI, USA	FALSE	-71.4242155	41.8234078	route	geometric_center	dean st, providence, ri, usa	Broadway & Dean Street, Providence, RI, USA	EitCcm9hZHdheSAmIERlYW4gU3RyZWV0LCBQcm92aWRlbmNlLCBSSSwgVVNBImYiZAoUChIJCcRZtQxF5IkRWJynngBsfzMSFAoSCQnEWbUMReSJEVicp54AbH8zGhQKEgmlteWGdUXkiREawjOx16RvsxoUChIJWwZsfgxF5IkRyLSf36DnQOQiCg38cO0YFWLJbdU	41.821414	-71.422531	41.821414	-71.422531	Med	1.560679265	Raw	NA	NA	NA	NA	FALSE	41.8214	-71.42253	2011	April
3448	2011-04-14	68623	19:35:00	Pedestrian	1	NA	FALSE	FALSE	1	ATWELLS AVE	DE PASQUALE AVE	2011-04-14	Two-Way , Not Divided	Dry	Dark - Unknown Lighting	Clear	Unknown	No	Traffic Control Signal	4	1	Pain Reported	NA	41.82359	-71.42696	FALSE	FALSE	Atwells Ave and De Pasquale Ave, Providence, RI, USA	FALSE	-71.4270169	41.8235993	intersection	geometric_center	de pasquale ave & atwells ave, providence, ri 02903, usa	NA	NA	NA	NA	41.8235993	-71.4270169	Med High	4.832364159	Raw	NA	NA	NA	NA	FALSE	41.82359	-71.42696	2011	April
3449	2011-04-14	68794	15:25:00	Pedestrian	1	NA	FALSE	FALSE	1	ADMIRAL ST	EXIT	2011-04-15	Two-Way , Not Divided	Dry	Daylight	Clear	Other	No	Traffic Control Signal	3	1	Pain Reported	NA	41.84068	-71.41897	FALSE	FALSE	Admiral Street and Exit, Providence, RI, USA	FALSE	-71.4318612	41.8466202	route	geometric_center	admiral st, rhode island, usa	NA	NA	NA	NA	41.8466202	-71.4318612	Med	1257.042004	Raw	distance greater than 100m	NA	NA	NA	TRUE	41.84068	-71.41897	2011	April
3447	2011-04-15	68829	21:15:00	Pedestrian	1	NA	FALSE	FALSE	1	VALLEY ST	DEAN ST	2011-04-15	Two-Way, Divided, Positive Median Barrier	Dry	Dark - Lighted	Clear	Not a Collision Between Two Motor Vehicles in Transport	No	Traffic Control Signal	4	0	No Injury	NA	41.83139	-71.42848	FALSE	FALSE	Valley Street and Dean Street, Providence, RI, USA	FALSE	-71.4242155	41.8234078	route	geometric_center	dean st, providence, ri, usa	NA	NA	NA	NA	41.8234078	-71.4242155	Med	956.3985976	Raw	distance greater than 100m	NA	NA	NA	TRUE	41.83139	-71.42848	2011	April
3446	2011-04-17	69073	17:24:00	Bicycle	NA	1	FALSE	FALSE	1	BROAD ST	FARRAGUT AVE	2011-04-17	Two-Way, Divided, Unprotected (painted>4feet) Medium	Dry	Daylight	Clear	Head-On (Front - to - Front)	No	Traffic Control Signal	4	1	Pain Reported	2	41.7874	-71.4028	FALSE	FALSE	Broad Street and Farragut Ave, Providence, RI, USA	FALSE	-71.4045683	41.7868048	route	geometric_center	farragut ave, providence, ri 02905, usa	Broad Street & Farragut Ave, Providence, RI, USA	EjBCcm9hZCBTdHJlZXQgJiBGYXJyYWd1dCBBdmUsIFByb3ZpZGVuY2UsIFJJLCBVU0EiZiJkChQKEglrzlev7U_kiRGvPDkhCBobwhIUChIJa85Xr-1P5IkRrzw5IQgaG8IaFAoSCYPefdWMT-SJESyiypOYSwijGhQKEgkdA2fn7E_kiRFCFmsTVIwyfSIKDY9B6BgVz8pw1Q	41.7874319	-71.4028337	41.7874319	-71.4028337	Med	4.520448568	Raw	NA	NA	NA	NA	FALSE	41.7874	-71.4028	2011	April