row_number	crash_date	crash_report_id	crash_time	collision_type	count_pedestrian	count_bicycle	scooter	wheel_chair	number_of_vehicles	street_or_highway	nearest_intersection	report_date	type_of_roadway	road_surface_condition	light_condition	weather_condition	manner_of_impact	hit_and_run	traffic_control	person_count	injury_count	most_serious_injury	number_of_lanes	lat_raw	lon_raw	has_st_number	is_intersection_null	address_sent_to_geocoder	is_address_blank	lon_api_first_try	lat_api_first_try	type	loctype	address_returned_by_geocoder	address_returned_by_autocomplete	place_ids_autocompleted	lat_api_second_try	lon_api_second_try	lat_api_best	lon_api_best	api_coord_conf	distance_btwn_coords_meters	best_coordinate_set	reason_for_qa	correct_coordinates	corrected_lat	corrected_lon	manually_qaed_record	final_lat	final_lon	year	month
3445	2011-04-18	69193	16:22:00	Pedestrian	1	NA	FALSE	FALSE	1	350 ORMS ST	NA	2011-04-18	Unknown	Mud, Dirt, Gravel	Daylight	Clear	Not a Collision Between Two Motor Vehicles in Transport	No	No Controls	2	1	Non-Incapacitating	NA	41.83341	-71.42434	TRUE	TRUE	350 Orms Street, Providence, RI, USA	FALSE	-71.4238846	41.8332885	street_address	rooftop	350 orms st, providence, ri 02908, usa	NA	NA	NA	NA	41.8332885	-71.4238846	High	40.12069146	Raw	NA	NA	NA	NA	FALSE	41.83341	-71.42434	2011	April
3444	2011-04-19	69408	16:11:00	Bicycle	NA	1	FALSE	FALSE	1	ANGELL ST	STIMSON AVE	2011-04-19	Unknown	Wet	Daylight	Sleet, Hail (Freezing Rain or Drizzle)	Other	No	Stop Signs	4	1	Pain Reported	2	41.82886	-71.39482	FALSE	FALSE	Angell Street and Stimson Ave, Providence, RI, USA	FALSE	-71.3947984	41.8288697	intersection	geometric_center	stimson ave & angell st, providence, ri 02906, usa	NA	NA	NA	NA	41.8288697	-71.3947984	Med High	2.091917687	Raw	NA	NA	NA	NA	FALSE	41.82886	-71.39482	2011	April
3443	2011-04-20	70121	20:12:00	Bicycle	NA	1	FALSE	FALSE	1	POTTERS AVE	PURITAN ST	2011-04-21	Two-Way , Not Divided	Dry	Dusk	Clear	Not a Collision Between Two Motor Vehicles in Transport	Yes	No Controls	1	1	Pain Reported	NA	41.80487	-71.4373	FALSE	FALSE	Potters Ave and Puritan Street, Providence, RI, USA	FALSE	-71.4371107	41.8048154	intersection	geometric_center	potters ave & puritan st, providence, ri 02907, usa	NA	NA	NA	NA	41.8048154	-71.4371107	Med High	16.84297786	Raw	NA	NA	NA	NA	FALSE	41.80487	-71.4373	2011	April
3441	2011-04-21	69589	07:57:00	Bicycle	NA	1	FALSE	FALSE	1	DEAN ST	UNNAMED_42	2011-04-21	Two-Way, Not Divided With a Continuous Left Turn Lane	Dry	Daylight	Clear	Rear End(Front-to-Rear)	No	No Controls	2	1	Non-Incapacitating	2	41.83007	-71.42745	FALSE	FALSE	Dean Street and Unnamed_42, Providence, RI, USA	FALSE	-71.4128343	41.8239891	locality	approximate	providence, ri, usa	NA	NA	NA	NA	41.8239891	-71.4128343	Med	1388.562658	Unknown	distance greater than 100m	NA	NA	NA	TRUE	NA	NA	2011	April
3442	2011-04-21	70398	12:44:00	Pedestrian	1	NA	FALSE	FALSE	1	ACADEMY AVE	CHALKSTONE AVE	2011-04-26	Two-Way , Not Divided	Dry	Daylight	Clear	Not a Collision Between Two Motor Vehicles in Transport	Yes	No Controls	2	1	Pain Reported	2	41.83261	-71.44451	FALSE	FALSE	Academy Ave and Chalkstone Ave, Providence, RI, USA	FALSE	-71.4445249	41.8324538	intersection	geometric_center	academy ave & chalkstone ave, providence, ri 02908, usa	NA	NA	NA	NA	41.8324538	-71.4445249	Med High	17.43196878	Raw	NA	NA	NA	NA	FALSE	41.83261	-71.44451	2011	April
3440	2011-04-26	70413	13:45:00	Bicycle	NA	1	FALSE	FALSE	1	N MAIN ST	STENTON AVE	2011-04-26	Two-Way, Divided, Unprotected (painted>4feet) Medium	Dry	Daylight	Clear	Angle (Front - to - Side) Right Angle (Includes Broadside)	No	Stop Signs	2	1	Incapacitating	NA	41.84922	-71.40349	FALSE	FALSE	N Main Street and Stenton Ave, Providence, RI, USA	FALSE	-71.4022123	41.8491109	route	geometric_center	stenton ave, providence, ri 02906, usa	North Main Street & Stenton Ave, Providence, RI, USA	EjROb3J0aCBNYWluIFN0cmVldCAmIFN0ZW50b24gQXZlLCBQcm92aWRlbmNlLCBSSSwgVVNBImYiZAoUChIJqZzo_sJE5IkRhoi9ouQioRMSFAoSCamc6P7CROSJEYaIvaLkIqETGhQKEgn5-kE93kTkiRFf162-DVwjPxoUChIJQXuNCcNE5IkRQi4VzpZXS7UiCg31r_EYFTGxcNU	41.8492405	-71.4034895	41.8492405	-71.4034895	Med	2.282426171	Raw	NA	NA	NA	NA	FALSE	41.84922	-71.40349	2011	April
3439	2011-04-27	70664	21:31:00	Pedestrian	1	NA	FALSE	FALSE	1	WATERMAN ST	BENEFIT ST	2011-04-27	One-Way Trafficway	Wet	Dark - Lighted	Rain	Other	No	Traffic Control Signal	4	1	Pain Reported	2	41.82725	-71.40751	FALSE	FALSE	Waterman Street and Benefit Street, Providence, RI, USA	FALSE	-71.4074823	41.827215	intersection	geometric_center	benefit st & waterman st, providence, ri 02906, usa	NA	NA	NA	NA	41.827215	-71.4074823	Med High	4.523253598	Raw	NA	NA	NA	NA	FALSE	41.82725	-71.40751	2011	April
3437	2011-04-28	70674	00:45:00	Pedestrian	1	NA	FALSE	FALSE	1	POWER ST	BENEFIT ST	2011-04-28	Two-Way , Not Divided	Wet	Dark - Not Lighted	Rain	Not a Collision Between Two Motor Vehicles in Transport	No	No Controls	3	1	Pain Reported	NA	41.82282	-71.40392	FALSE	FALSE	Power Street and Benefit Street, Providence, RI, USA	FALSE	-71.4039218	41.8228439	intersection	geometric_center	benefit st & power st, providence, ri 02906, usa	NA	NA	NA	NA	41.8228439	-71.4039218	Med High	2.664722845	Raw	NA	NA	NA	NA	FALSE	41.82282	-71.40392	2011	April
3438	2011-04-28	70743	10:46:00	Pedestrian	1	NA	FALSE	FALSE	1	SUTTON ST	ATWELLS AVE	2011-04-28	One-Way Trafficway	Wet	Daylight	Clear	Not a Collision Between Two Motor Vehicles in Transport	No	No Controls	3	1	Pain Reported	NA	41.82374	-71.42929	FALSE	FALSE	Sutton Street and Atwells Ave, Providence, RI, USA	FALSE	-71.4292511	41.8237712	intersection	geometric_center	atwells ave & sutton st, providence, ri 02903, usa	NA	NA	NA	NA	41.8237712	-71.4292511	Med High	4.740902823	Raw	NA	NA	NA	NA	FALSE	41.82374	-71.42929	2011	April
3436	2011-04-29	71406	20:24:00	Bicycle	NA	1	FALSE	FALSE	1	GEORGE ST	BROWN ST	2011-05-02	Two-Way , Not Divided	Dry	Dark - Lighted	Clear	Not a Collision Between Two Motor Vehicles in Transport	No	No Controls	2	1	Non-Incapacitating	NA	41.82535	-71.40276	FALSE	FALSE	George Street and Brown Street, Providence, RI, USA	FALSE	-71.4034266	41.82934	route	geometric_center	brown st, providence, ri, usa	George Street & Brown Street, Providence, RI, USA	EjFHZW9yZ2UgU3RyZWV0ICYgQnJvd24gU3RyZWV0LCBQcm92aWRlbmNlLCBSSSwgVVNBImYiZAoUChIJPSHA-DxF5IkRr_LorNZUunsSFAoSCT0hwPg8ReSJEa_y6KzWVLp7GhQKEgnH6iRjO0XkiRGyZ442LkmUZRoUChIJjdFj6CJF5IkRfjtAGSc-nD0iCg0BC-4YFajPcNU	41.8253569	-71.4027096	41.8253569	-71.4027096	Med	4.250812246	Raw	NA	NA	NA	NA	FALSE	41.82535	-71.40276	2011	April
3435	2011-04-30	71052	10:29:00	Bicycle	NA	1	FALSE	FALSE	1	160 Broad street	Service Road #7	2011-04-30	Two-Way , Not Divided	Dry	Daylight	Clear	Not a Collision Between Two Motor Vehicles in Transport	Yes	Traffic Control Signal	1	1	Pain Reported	NA	41.81734	-71.41699	TRUE	FALSE	160 Broad Street, Providence, RI, USA	FALSE	-71.4167171	41.8169108	premise	rooftop	160 broad st, providence, ri 02903, usa	NA	NA	NA	NA	41.8169108	-71.4167171	High	52.87131075	Raw	NA	NA	NA	NA	FALSE	41.81734	-71.41699	2011	April
3434	2011-05-02	71559	12:23:00	Pedestrian	1	NA	FALSE	FALSE	1	96 HOLDEN ST	JEWETT ST	2011-05-03	Two-Way , Not Divided	Dry	Daylight	Clear	Other	Yes	No Controls	1	1	Pain Reported	2	41.83146	-71.41849	TRUE	FALSE	96 Holden Street, Providence, RI, USA	FALSE	-71.4187099	41.8314519	street_address	rooftop	96 holden st, providence, ri 02908, usa	NA	NA	NA	NA	41.8314519	-71.4187099	High	18.26193695	Raw	NA	NA	NA	NA	FALSE	41.83146	-71.41849	2011	May
3432	2011-05-03	71543	08:24:00	Bicycle	NA	1	FALSE	FALSE	1	295 PROMENADE STREET	LELAND STREET	2011-05-03	One-Way Trafficway	Dry	Daylight	Clear	Other	No	Stop Signs	2	1	Pain Reported	NA	41.82951	-71.42107	TRUE	FALSE	295 Promenade Street, Providence, RI, USA	FALSE	-71.4216338	41.8295937	premise	rooftop	295 promenade st, providence, ri 02908, usa	NA	NA	NA	NA	41.8295937	-71.4216338	High	47.68507977	Raw	NA	NA	NA	NA	FALSE	41.82951	-71.42107	2011	May
3433	2011-05-03	71826	12:26:00	Bicycle	NA	1	FALSE	FALSE	1	CHARLESFIELD ST	THAYER ST	2011-05-03	Two-Way , Not Divided	Dry	Daylight	Clear	Angle (Front - to - Side) Right Angle (Includes Broadside)	No	Stop Signs	2	1	Pain Reported	2	41.82391	-71.40015	FALSE	FALSE	Charlesfield Street and Thayer Street, Providence, RI, USA	FALSE	-71.4001533	41.8239262	intersection	geometric_center	thayer st & charlesfield st, providence, ri 02906, usa	NA	NA	NA	NA	41.8239262	-71.4001533	Med High	1.824035097	Raw	NA	NA	NA	NA	FALSE	41.82391	-71.40015	2011	May
3431	2011-05-04	72003	23:00:00	Pedestrian	1	NA	FALSE	FALSE	1	SABIN ST	MATHEWSON ST	2011-05-05	Unknown	Wet	Dark - Lighted	Sleet, Hail (Freezing Rain or Drizzle)	Other	No	No Controls	2	1	Pain Reported	NA	41.82394	-71.41634	FALSE	FALSE	Sabin Street and Mathewson Street, Providence, RI, USA	FALSE	-71.4142678	41.8226533	route	geometric_center	mathewson st, providence, ri 02903, usa	NA	NA	NA	NA	41.8226533	-71.4142678	Med	223.7547425	Raw	distance greater than 100m	NA	NA	NA	TRUE	41.82394	-71.41634	2011	May
3430	2011-05-05	72030	08:58:00	Bicycle	NA	1	FALSE	FALSE	1	WASHINGTON ST	SERVICE ROAD 8	2011-05-05	One-Way Trafficway	Dry	Daylight	Clear	Other	No	Traffic Control Signal	2	1	Incapacitating	2	41.82021	-71.41885	FALSE	FALSE	Washington Street and Service Road 8, Providence, RI, USA	FALSE	-71.391257	41.7939064	street_address	range_interpolated	8 service rd, providence, ri 02905, usa	NA	NA	NA	NA	41.7939064	-71.391257	Med High	3716.983824	Raw	distance greater than 100m	NA	NA	NA	TRUE	41.82021	-71.41885	2011	May
3428	2011-05-06	72187	12:26:00	Bicycle	NA	1	FALSE	FALSE	1	ELMGROVE AVE	EMELINE ST	2011-05-06	Two-Way , Not Divided	Dry	Daylight	Clear	Sideswipe, Same Direction	No	No Controls	4	1	Pain Reported	NA	41.83984	-71.39247	FALSE	FALSE	Elmgrove Ave and Emeline Street, Providence, RI, USA	FALSE	-71.3924539	41.8397261	intersection	geometric_center	emeline st & elmgrove ave, providence, ri 02906, usa	NA	NA	NA	NA	41.8397261	-71.3924539	Med High	12.74940289	Raw	NA	NA	NA	NA	FALSE	41.83984	-71.39247	2011	May
3429	2011-05-06	72199	14:44:00	Pedestrian	1	NA	FALSE	FALSE	1	POMONA AVE	PEMBERTON ST	2011-05-06	Two-Way , Not Divided	Dry	Daylight	Clear	Not a Collision Between Two Motor Vehicles in Transport	Yes	No Controls	4	1	Incapacitating	2	41.828360000000004	-71.44607	FALSE	FALSE	Pomona Ave and Pemberton Street, Providence, RI, USA	FALSE	-71.4454119	41.828426	intersection	geometric_center	pomona ave & pemberton st, providence, ri 02908, usa	NA	NA	NA	NA	41.828426	-71.4454119	Med High	55.08108902	Raw	NA	NA	NA	NA	FALSE	41.828360000000004	-71.44607	2011	May
3426	2011-05-07	72373	12:56:00	Pedestrian	1	NA	FALSE	FALSE	1	310 CRANSTON ST	DEXTER ST	2011-05-07	Two-Way , Not Divided	Dry	Daylight	Clear	Not a Collision Between Two Motor Vehicles in Transport	No	No Controls	2	1	Pain Reported	NA	41.81284	-71.42912	TRUE	FALSE	310 Cranston Street, Providence, RI, USA	FALSE	-71.4291479	41.8126796	premise	rooftop	310 cranston st, providence, ri 02907, usa	NA	NA	NA	NA	41.8126796	-71.4291479	High	18.00507233	Raw	NA	NA	NA	NA	FALSE	41.81284	-71.42912	2011	May
3427	2011-05-07	72486	11:30:00	Pedestrian	1	NA	FALSE	FALSE	1	BLACKSTONE BLVD	IRVING AVE	2011-05-07	One-Way Trafficway	Dry	Daylight	Clear	Angle - Direction Not Specified	No	No Controls	2	1	Non-Incapacitating	NA	41.83407	-71.38367	FALSE	FALSE	Blackstone Blvd and Irving Ave, Providence, RI, USA	FALSE	-71.3837393	41.8342209	intersection	geometric_center	irving ave & blackstone blvd, providence, ri 02906, usa	NA	NA	NA	NA	41.8342209	-71.3837393	Med High	17.75428093	Raw	NA	NA	NA	NA	FALSE	41.83407	-71.38367	2011	May
3423	2011-05-09	72717	17:01:00	Bicycle	NA	1	FALSE	FALSE	1	PRESIDENT AVE	BLACKSTONE BLVD	2011-05-09	Two-Way , Not Divided	Dry	Daylight	Cloudy	Other	No	Stop Signs	5	1	Pain Reported	2	41.83642	-71.38497	FALSE	FALSE	President Ave and Blackstone Blvd, Providence, RI, USA	FALSE	-71.3845107	41.8365032	intersection	geometric_center	president ave & blackstone blvd, providence, ri 02906, usa	NA	NA	NA	NA	41.8365032	-71.3845107	Med High	39.20352782	Raw	NA	NA	NA	NA	FALSE	41.83642	-71.38497	2011	May
3424	2011-05-09	72888	08:36:00	Bicycle	NA	1	FALSE	FALSE	1	100 GASPEE ST	FRANCIS ST	2011-05-09	Two-Way , Not Divided	Dry	Daylight	Clear	Other	No	No Controls	3	1	Incapacitating	2	41.82944	-71.41377	TRUE	FALSE	100 Gaspee Street, Providence, RI, USA	FALSE	-71.4131918	41.8305102	premise	rooftop	100 gaspee st, providence, ri 02903, usa	NA	NA	NA	NA	41.8305102	-71.4131918	High	128.4254866	Raw	distance greater than 100m	NA	NA	NA	TRUE	41.82944	-71.41377	2011	May
3425	2011-05-09	73527	20:53:00	Pedestrian	1	NA	FALSE	FALSE	1	DOUGLAS AVE	FILLMORE ST	2011-05-16	Two-Way , Not Divided	Wet	Dark - Lighted	Rain	Not a Collision Between Two Motor Vehicles in Transport	Yes	No Controls	1	1	Pain Reported	NA	41.83718	-71.42232	FALSE	FALSE	Douglas Ave and Fillmore Street, Providence, RI, USA	FALSE	-71.422311	41.8371944	intersection	geometric_center	fillmore st & douglas ave, providence, ri 02908, usa	NA	NA	NA	NA	41.8371944	-71.422311	Med High	1.768271632	Raw	NA	NA	NA	NA	FALSE	41.83718	-71.42232	2011	May
3421	2011-05-12	73024	08:53:00	Bicycle	NA	1	FALSE	FALSE	1	324 HOPE ST	ONLEY ST	2011-05-12	Two-Way, Divided, Unprotected (painted>4feet) Medium	Dry	Daylight	Cloudy	Not a Collision Between Two Motor Vehicles in Transport	No	No Controls	3	1	Pain Reported	NA	41.83576	-71.41603	TRUE	FALSE	324 Hope Street, Providence, RI, USA	FALSE	-71.4027585	41.8346647	premise	rooftop	324 hope st, providence, ri 02906, usa	NA	NA	NA	NA	41.8346647	-71.4027585	High	1107.47577	Geocoded	distance greater than 100m	NA	NA	NA	TRUE	41.8346647	-71.4027585	2011	May
3422	2011-05-12	73082	15:54:00	Pedestrian	1	NA	FALSE	FALSE	1	FRANCIS ST	FINANCE WAY	2011-05-12	Two-Way, Divided, Unprotected (painted>4feet) Medium	Dry	Daylight	Clear	Not a Collision Between Two Motor Vehicles in Transport	No	Traffic Control Signal	5	1	Pain Reported	NA	41.82745	-71.41541	FALSE	FALSE	Francis Street and Finance Way, Providence, RI, USA	FALSE	-71.4141847	41.8276529	route	geometric_center	finance way, providence, ri 02903, usa	Francis Street & Finance Way, Providence, RI, USA	EjFGcmFuY2lzIFN0cmVldCAmIEZpbmFuY2UgV2F5LCBQcm92aWRlbmNlLCBSSSwgVVNBImYiZAoUChIJV0u8VBBF5IkRSbWudbN2R1USFAoSCVdLvFQQReSJEUm1rnWzdkdVGhQKEgnjCiVZEEXkiREJ12uSbA5CmxoUChIJTVXC7xBF5IkRh9pEKJ3E5UwiCg3zXO4YFdnfbtU	41.8274547	-71.4154023	41.8274547	-71.4154023	Med	0.825651974	Raw	NA	NA	NA	NA	FALSE	41.82745	-71.41541	2011	May
3420	2011-05-16	73568	22:32:00	Bicycle	NA	1	FALSE	FALSE	1	WASHINGTON ST	UNION ST	2011-05-16	Two-Way , Not Divided	Wet	Dark - Lighted	Rain	Angle (Front - to - Side) Same Direction	No	Traffic Control Signal	2	1	Pain Reported	2	41.8236	-71.414	FALSE	FALSE	Washington Street and Union Street, Providence, RI, USA	FALSE	-71.4128343	41.8239891	locality	approximate	providence, ri, usa	Washington Street & Union Street, Providence, RI, USA	EjVXYXNoaW5ndG9uIFN0cmVldCAmIFVuaW9uIFN0cmVldCwgUHJvdmlkZW5jZSwgUkksIFVTQSJmImQKFAoSCXvJS8cTReSJEcVp0B49EFpXEhQKEgl7yUvHE0XkiRHFadAePRBaVxoUChIJqdrNnBJF5IkRGgfQlqMSNPYaFAoSCXNAs5UTReSJEZJE18owa50QIgoN_cbtGBWuFm_V	41.8236157	-71.4139986	41.8236157	-71.4139986	Med	1.751570489	Raw	NA	NA	NA	NA	FALSE	41.8236	-71.414	2011	May
3417	2011-05-19	73979	11:10:00	Pedestrian	1	NA	FALSE	FALSE	1	575 CHARLES ST	MARIETTA ST	2011-05-19	Two-Way , Not Divided	Wet	Daylight	Rain	Sideswipe, Same Direction	No	No Controls	3	1	Pain Reported	NA	41.85159	-71.42019	TRUE	FALSE	575 Charles Street, Providence, RI, USA	FALSE	-71.4199336	41.8516498	premise	rooftop	575 charles st, providence, ri 02904, usa	NA	NA	NA	NA	41.8516498	-71.4199336	High	22.27827934	Raw	NA	NA	NA	NA	FALSE	41.85159	-71.42019	2011	May
3418	2011-05-19	74171	21:13:00	Pedestrian	1	NA	FALSE	FALSE	1	CHARLES ST	CHARLES ST EXIT	2011-05-19	Two-Way, Divided, Unprotected (painted>4feet) Medium	Wet	Dark - Lighted	Cloudy	Other	No	Traffic Control Signal	4	1	Pain Reported	NA	41.8422	-71.41799	FALSE	FALSE	Charles Street and Charles St Exit, Providence, RI, USA	FALSE	-71.4128343	41.8239891	locality	approximate	providence, ri, usa	NA	NA	NA	NA	41.8239891	-71.4128343	Med	2071.840048	Raw	distance greater than 100m	NA	NA	NA	TRUE	41.8422	-71.41799	2011	May
3419	2011-05-19	74180	20:59:00	Pedestrian	1	NA	FALSE	FALSE	1	48 ACADEMY AVE	NA	2011-05-19	Two-Way , Not Divided	Wet	Dark - Unknown Lighting	Rain	Unknown	Yes	No Controls	2	1	Pain Reported	NA	41.82618	-71.44354	TRUE	TRUE	48 Academy Ave, Providence, RI, USA	FALSE	-71.443746	41.8261428	street_address	rooftop	48 academy ave, providence, ri 02908, usa	NA	NA	NA	NA	41.8261428	-71.443746	High	17.58274748	Raw	NA	NA	NA	NA	FALSE	41.82618	-71.44354	2011	May
3416	2011-05-20	74293	15:59:00	Pedestrian	1	NA	FALSE	FALSE	1	Manila St	Lubec Street	2011-05-20	One-Way Trafficway	Dry	Daylight	Clear	Other	No	Stop Signs	4	1	Pain Reported	NA	41.85438	-71.44557	FALSE	FALSE	Manila Street and Lubec Street, Providence, RI, USA	FALSE	-71.4455518	41.8543745	intersection	geometric_center	manila st & lubec st, providence, ri 02904, usa	NA	NA	NA	NA	41.8543745	-71.4455518	Med High	1.628536215	Raw	NA	NA	NA	NA	FALSE	41.85438	-71.44557	2011	May
3415	2011-05-22	74524	00:51:00	Pedestrian	1	NA	FALSE	FALSE	1	ELMWOOD AVE	PRINCETON AVE	2011-05-22	Two-Way , Not Divided	Dry	Dark - Lighted	Clear	Not a Collision Between Two Motor Vehicles in Transport	Yes	No Controls	3	1	Incapacitating	NA	41.80561	-71.42516	FALSE	FALSE	Elmwood Ave and Princeton Ave, Providence, RI, USA	FALSE	-71.4252446	41.8053667	intersection	geometric_center	princeton ave & elmwood ave, providence, ri 02907, usa	NA	NA	NA	NA	41.8053667	-71.4252446	Med High	27.97901725	Raw	NA	NA	NA	NA	FALSE	41.80561	-71.42516	2011	May
3414	2011-05-24	74791	20:31:00	Pedestrian	1	NA	FALSE	FALSE	1	CRANSTON ST	DIAMOND ST	2011-05-24	Two-Way , Not Divided	Dry	Daylight	Clear	Sideswipe, Same Direction	Yes	No Controls	2	1	Pain Reported	2	41.8123	-71.43017	FALSE	FALSE	Cranston Street and Diamond Street, Providence, RI, USA	FALSE	-71.43036	41.8122284	intersection	geometric_center	cranston st & diamond st, providence, ri 02909, usa	NA	NA	NA	NA	41.8122284	-71.43036	Med High	17.66472138	Raw	NA	NA	NA	NA	FALSE	41.8123	-71.43017	2011	May
3413	2011-05-25	74927	17:45:00	Pedestrian	1	NA	FALSE	FALSE	1	WESTMINSTER ST	MESSER ST	2011-05-25	Two-Way , Not Divided	Dry	Daylight	Clear	Sideswipe, Same Direction	No	Stop Signs	3	1	Pain Reported	NA	41.81585	-71.43707	FALSE	FALSE	Westminster Street and Messer Street, Providence, RI, USA	FALSE	-71.437044	41.8158698	intersection	geometric_center	messer st & westminster st, providence, ri 02909, usa	NA	NA	NA	NA	41.8158698	-71.437044	Med High	3.084033189	Raw	NA	NA	NA	NA	FALSE	41.81585	-71.43707	2011	May
3412	2011-05-29	75503	12:51:00	Bicycle	NA	1	FALSE	FALSE	1	RIVER AVE	EATON ST	2011-05-29	Two-Way, Divided, Unprotected (painted>4feet) Medium	Dry	Daylight	Clear	Other	No	No Controls	3	1	Pain Reported	2	41.84231	-71.44053	FALSE	FALSE	River Ave and Eaton Street, Providence, RI, USA	FALSE	-71.4405101	41.8431147	intersection	geometric_center	eaton st & river ave, providence, ri 02908, usa	NA	NA	NA	NA	41.8431147	-71.4405101	Med High	89.59399497	Raw	NA	NA	NA	NA	FALSE	41.84231	-71.44053	2011	May
3411	2011-06-02	75928	17:41:00	Pedestrian	1	NA	FALSE	FALSE	1	WARREN ST	HARRISON ST	2011-06-02	Two-Way , Not Divided	Dry	Daylight	Clear	Not a Collision Between Two Motor Vehicles in Transport	No	No Controls	5	1	Non-Incapacitating	NA	41.81098	-71.42785	FALSE	FALSE	Warren Street and Harrison Street, Providence, RI, USA	FALSE	-71.4277249	41.8110035	intersection	geometric_center	harrison st & warren st, providence, ri 02907, usa	NA	NA	NA	NA	41.8110035	-71.4277249	Med High	10.70434949	Raw	NA	NA	NA	NA	FALSE	41.81098	-71.42785	2011	June
3409	2011-06-03	76032	00:51:00	Pedestrian	1	NA	FALSE	FALSE	1	REGENT AVE	HAROLD ST	2011-06-03	Two-Way , Not Divided	Dry	Dark - Lighted	Clear	Not a Collision Between Two Motor Vehicles in Transport	Yes	No Controls	3	1	Non-Incapacitating	NA	41.82969	-71.43909	FALSE	FALSE	Regent Ave and Harold Street, Providence, RI, USA	FALSE	-71.4387133	41.8297388	intersection	geometric_center	harold st & regent ave, providence, ri 02908, usa	NA	NA	NA	NA	41.8297388	-71.4387133	Med High	31.71504373	Raw	NA	NA	NA	NA	FALSE	41.82969	-71.43909	2011	June
3410	2011-06-03	76193	18:44:00	Pedestrian	1	NA	FALSE	FALSE	1	WEYBOSSET ST	RICHMOND ST	2011-06-04	One-Way Trafficway	Dry	Daylight	Clear	Head-On (Front - to - Front)	No	Person	3	1	Pain Reported	NA	41.82307	-71.41098	FALSE	FALSE	Weybosset Street and Richmond Street, Providence, RI, USA	FALSE	-71.4128684	41.8211606	intersection	geometric_center	weybosset st & richmond st, providence, ri 02906, usa	NA	NA	NA	NA	41.8211606	-71.4128684	Med High	264.0459806	Geocoded	distance greater than 100m	NA	NA	NA	TRUE	41.8211606	-71.4128684	2011	June
3408	2011-06-08	76728	01:16:00	Pedestrian	1	NA	FALSE	FALSE	1	SOUTH ST	CHESTNUT ST	2011-06-08	Two-Way , Not Divided	Dry	Dark - Lighted	Clear	Not a Collision Between Two Motor Vehicles in Transport	No	No Controls	3	1	Pain Reported	NA	41.81708	-71.40858	FALSE	FALSE	South Street and Chestnut Street, Providence, RI, USA	FALSE	-71.4085739	41.81707	intersection	geometric_center	chestnut st & south st, providence, ri 02903, usa	NA	NA	NA	NA	41.81707	-71.4085739	Med High	1.222832619	Raw	NA	NA	NA	NA	FALSE	41.81708	-71.40858	2011	June
3407	2011-06-09	76878	16:23:00	Pedestrian	1	NA	FALSE	FALSE	1	FLORENCE ST	KOSSUTH ST	2011-06-09	One-Way Trafficway	Wet	Daylight	Clear	Not a Collision Between Two Motor Vehicles in Transport	No	No Controls	3	1	Pain Reported	NA	41.82157	-71.44596	FALSE	FALSE	Florence Street and Kossuth Street, Providence, RI, USA	FALSE	-71.4458569	41.8221544	intersection	geometric_center	florence st & kossuth st, providence, ri 02909, usa	NA	NA	NA	NA	41.8221544	-71.4458569	Med High	65.61493839	Raw	NA	NA	NA	NA	FALSE	41.82157	-71.44596	2011	June
3405	2011-06-10	77001	22:16:00	Bicycle	NA	1	FALSE	FALSE	1	GILLEN ST	CARNAC ST	2011-06-10	Two-Way , Not Divided	Dry	Dark - Lighted	Clear	Head-On (Front - to - Front)	Yes	No Controls	3	1	Pain Reported	NA	41.85293	-71.41907	FALSE	FALSE	Gillen Street and Carnac Street, Providence, RI, USA	FALSE	-71.4190635	41.8529451	intersection	geometric_center	carnac st & gillen st, providence, ri 02904, usa	NA	NA	NA	NA	41.8529451	-71.4190635	Med High	1.765216105	Raw	NA	NA	NA	NA	FALSE	41.85293	-71.41907	2011	June
3406	2011-06-10	77078	02:59:00	Pedestrian	1	NA	FALSE	FALSE	1	MOUNT PLEASANT AVE	OLD RD	2011-06-11	Two-Way , Not Divided	Dry	Daylight	Clear	Rear - to - Side	No	No Controls	2	1	Pain Reported	NA	41.84589	-71.45382	FALSE	FALSE	Mount Pleasant Ave and Old Rd, Providence, RI, USA	FALSE	-71.4538004	41.8458919	intersection	geometric_center	mt pleasant ave & old rd, providence, ri 02908, usa	NA	NA	NA	NA	41.8458919	-71.4538004	Med High	1.639064307	Raw	NA	NA	NA	NA	FALSE	41.84589	-71.45382	2011	June
3404	2011-06-13	77305	13:15:00	Bicycle	NA	1	FALSE	FALSE	1	WEYBOSSET ST	ORANGE ST	2011-06-13	One-Way Trafficway	Dry	Daylight	Cloudy	Not a Collision Between Two Motor Vehicles in Transport	No	No Controls	3	1	Non-Incapacitating	NA	41.82334	-71.41058	FALSE	FALSE	Weybosset Street and Orange Street, Providence, RI, USA	FALSE	-71.410541	41.8233753	intersection	geometric_center	weybosset st & orange st, providence, ri 02903, usa	NA	NA	NA	NA	41.8233753	-71.410541	Med High	5.090047529	Raw	NA	NA	NA	NA	FALSE	41.82334	-71.41058	2011	June
3402	2011-06-16	77727	07:56:00	Pedestrian	1	NA	FALSE	FALSE	1	ATWELLS AVE	VALLEY ST	2011-06-16	Two-Way, Divided, Unprotected (painted>4feet) Medium	Dry	Daylight	Clear	Other	No	Traffic Control Signal	3	1	Non-Incapacitating	NA	41.82455	-71.43933	FALSE	FALSE	Atwells Ave and Valley Street, Providence, RI, USA	FALSE	-71.4394736	41.8245768	intersection	geometric_center	valley st & atwells ave, providence, ri 02908, usa	NA	NA	NA	NA	41.8245768	-71.4394736	Med High	12.28012546	Raw	NA	NA	NA	NA	FALSE	41.82455	-71.43933	2011	June