row_number	crash_date	crash_report_id	crash_time	collision_type	count_pedestrian	count_bicycle	scooter	wheel_chair	number_of_vehicles	street_or_highway	nearest_intersection	report_date	type_of_roadway	road_surface_condition	light_condition	weather_condition	manner_of_impact	hit_and_run	traffic_control	person_count	injury_count	most_serious_injury	number_of_lanes	lat_raw	lon_raw	has_st_number	is_intersection_null	address_sent_to_geocoder	is_address_blank	lon_api_first_try	lat_api_first_try	type	loctype	address_returned_by_geocoder	address_returned_by_autocomplete	place_ids_autocompleted	lat_api_second_try	lon_api_second_try	lat_api_best	lon_api_best	api_coord_conf	distance_btwn_coords_meters	best_coordinate_set	reason_for_qa	correct_coordinates	corrected_lat	corrected_lon	manually_qaed_record	final_lat	final_lon	year	month
3403	2011-06-16	77798	15:21:00	Pedestrian	1	NA	FALSE	FALSE	1	HARTFORD AVE	ELIZA ST	2011-06-16	Two-Way , Not Divided	Dry	Daylight	Clear	Not a Collision Between Two Motor Vehicles in Transport	No	No Controls	6	1	Incapacitating	2	41.81925	-71.4635	FALSE	FALSE	Hartford Ave and Eliza Street, Providence, RI, USA	FALSE	-71.4636357	41.8193007	intersection	geometric_center	eliza st & hartford ave, providence, ri 02909, usa	NA	NA	NA	NA	41.8193007	-71.4636357	Med High	12.5933296	Raw	NA	NA	NA	NA	FALSE	41.81925	-71.4635	2011	June
3401	2011-06-20	78303	19:09:00	Bicycle	NA	1	FALSE	FALSE	1	MONTROSE ST	RIDGELAND ST	2011-06-20	Two-Way , Not Divided	Dry	Daylight	Clear	Not a Collision Between Two Motor Vehicles in Transport	No	No Controls	3	1	Incapacitating	NA	41.82574	-71.44947	FALSE	FALSE	Montrose Street and Ridgeland Street, Providence, RI, USA	FALSE	-71.4128343	41.8239891	locality	approximate	providence, ri, usa	NA	NA	NA	NA	41.8239891	-71.4128343	Med	3045.314346	Raw	distance greater than 100m	NA	NA	NA	TRUE	41.82574	-71.44947	2011	June
3400	2011-06-21	78493	17:49:00	Bicycle	NA	1	FALSE	FALSE	1	ADELAIDE AVE	HAMILTON ST	2011-06-21	Two-Way , Not Divided	Dry	Daylight	Clear	Other	No	No Controls	2	1	Pain Reported	NA	41.7972	-71.42076	FALSE	FALSE	Adelaide Ave and Hamilton Street, Providence, RI, USA	FALSE	-71.4201379	41.7973969	intersection	geometric_center	adelaide ave & hamilton st, providence, ri 02907, usa	NA	NA	NA	NA	41.7973969	-71.4201379	Med High	56.08797565	Raw	NA	NA	NA	NA	FALSE	41.7972	-71.42076	2011	June
3399	2011-06-22	80941	23:12:00	Pedestrian	2	NA	FALSE	FALSE	1	BROAD ST	SERVICE ROAD 7	2011-06-23	Two-Way , Not Divided	Wet	Dark - Lighted	Rain	Not a Collision Between Two Motor Vehicles in Transport	No	No Controls	4	2	Pain Reported	NA	41.81732	-71.41705	FALSE	FALSE	Broad Street and Service Road 7, Providence, RI, USA	FALSE	-71.4200451	41.8199608	route	geometric_center	service rd 1, providence, ri, usa	Broad Street & Service Road 7th, Providence, RI, USA	EjRCcm9hZCBTdHJlZXQgJiBTZXJ2aWNlIFJvYWQgN3RoLCBQcm92aWRlbmNlLCBSSSwgVVNBImYiZAoUChIJbbRukG1F5IkRg0XEjUgVvRgSFAoSCW20bpBtReSJEYNFxI1IFb0YGhQKEgmD3n3VjE_kiREsosqTmEsIoxoUChIJB3h0QnZF5IkRyxFdBkwhBUwiCg0k0-wYFUejbtU	41.8173732	-71.4169529	41.8173732	-71.4169529	Med	9.998384006	Raw	NA	NA	NA	NA	FALSE	41.81732	-71.41705	2011	June
3398	2011-06-24	78991	13:26:00	Pedestrian	1	NA	FALSE	FALSE	1	461 PLAINFIELD STREET	RALPH ST	2011-06-26	Two-Way , Not Divided	Dry	Daylight	Cloudy	Other	No	No Controls	4	1	Pain Reported	2	41.81342	-71.45379	TRUE	FALSE	461 Plainfield Street, Providence, RI, USA	FALSE	-71.4537688	41.8135569	street_address	rooftop	461 plainfield st, providence, ri 02909, usa	NA	NA	NA	NA	41.8135569	-71.4537688	High	15.34080899	Raw	NA	NA	NA	NA	FALSE	41.81342	-71.45379	2011	June
3395	2011-06-25	78868	00:15:00	Pedestrian	3	NA	FALSE	FALSE	1	731 EDDY	PUBLIC ST	2011-06-25	Unknown	Wet	Dark - Lighted	Rain	Not a Collision Between Two Motor Vehicles in Transport	Yes	Other	4	2	Pain Reported	NA	41.80731	-71.40725	TRUE	FALSE	731 Eddy, Providence, RI, USA	FALSE	-71.4075635	41.8078196	premise	rooftop	731 eddy st, providence, ri 02903, usa	NA	NA	NA	NA	41.8078196	-71.4075635	High	62.40826192	Raw	NA	NA	NA	NA	FALSE	41.80731	-71.40725	2011	June
3396	2011-06-25	78956	15:40:00	Bicycle	NA	1	FALSE	FALSE	1	UNION AVE	ALTHEA ST	2011-06-25	Two-Way , Not Divided	Dry	Daylight	Clear	Not a Collision Between Two Motor Vehicles in Transport	No	Stop Signs	4	1	Non-Incapacitating	2	41.80932	-71.43828	FALSE	FALSE	Union Ave and Althea Street, Providence, RI, USA	FALSE	-71.4350772	41.807752	route	geometric_center	althea st, providence, ri, usa	Union Ave & Althea Street, Providence, RI, USA	Ei5VbmlvbiBBdmUgJiBBbHRoZWEgU3RyZWV0LCBQcm92aWRlbmNlLCBSSSwgVVNBImYiZAoUChIJG0Z3g4ZF5IkRRkh_ckDFXY0SFAoSCRtGd4OGReSJEUZIf3JAxV2NGhQKEgkjges4ikXkiRGe1Z8wsMWILxoUChIJp4GeQIFF5IkR1Ebe3VPYn2YiCg1lmOsYFaFja9U	41.8093157	-71.4382431	41.8093157	-71.4382431	Med	3.098930587	Raw	NA	NA	NA	NA	FALSE	41.80932	-71.43828	2011	June
3397	2011-06-25	78998	12:43:00	Bicycle	NA	1	FALSE	FALSE	1	UNION AVE	POCASSET AVE	2011-06-26	Two-Way, Divided, Unprotected (painted>4feet) Medium	Dry	Daylight	Clear	Other	Yes	Traffic Control Signal	2	1	Pain Reported	NA	41.80639	-71.45714	FALSE	FALSE	Union Ave and Pocasset Ave, Providence, RI, USA	FALSE	-71.457112	41.8064114	intersection	geometric_center	pocasset ave & union ave, providence, ri 02909, usa	NA	NA	NA	NA	41.8064114	-71.457112	Med High	3.327631333	Raw	NA	NA	NA	NA	FALSE	41.80639	-71.45714	2011	June
3394	2011-06-27	79101	10:11:00	Bicycle	NA	1	FALSE	FALSE	1	5TH ST	SUMMIT AVE	2011-06-27	Two-Way , Not Divided	Dry	Daylight	Clear	Angle (Front - to - Side) Right Angle (Includes Broadside)	No	Stop Signs	2	1	Pain Reported	2	41.85115	-71.39794	FALSE	FALSE	5th Street and Summit Ave, Providence, RI, USA	FALSE	-71.398247	41.850533	route	geometric_center	summit ave, providence, ri 02906, usa	5th Street & Summit Ave, Providence, RI, USA	Eiw1dGggU3RyZWV0ICYgU3VtbWl0IEF2ZSwgUHJvdmlkZW5jZSwgUkksIFVTQSJmImQKFAoSCeFiY4PGROSJEbVDATS9S9cYEhQKEgnhYmODxkTkiRG1QwE0vUvXGBoUChIJXVOLd8ZE5IkRVilCcJwKpMIaFAoSCWc0otTFROSJEcuWttDdYL4lIgoN3frxGBVAjHHV	41.8511581	-71.3978816	41.8511581	-71.3978816	Med	4.925745261	Raw	NA	NA	NA	NA	FALSE	41.85115	-71.39794	2011	June
3393	2011-06-28	79407	22:08:00	Pedestrian	1	NA	FALSE	FALSE	1	SMITH ST	BRIGHTWOOD AVE	2011-06-28	Two-Way , Not Divided	Dry	Dark - Lighted	Clear	Head-On (Front - to - Front)	Yes	No Controls	2	1	Non-Incapacitating	NA	41.84714	-71.45413	FALSE	FALSE	Smith Street and Brightwood Ave, Providence, RI, USA	FALSE	-71.4540789	41.847122	intersection	geometric_center	brightwood ave & smith st, providence, ri 02908, usa	NA	NA	NA	NA	41.847122	-71.4540789	Med High	4.687336645	Raw	NA	NA	NA	NA	FALSE	41.84714	-71.45413	2011	June
3391	2011-06-29	79408	18:33:00	Pedestrian	1	NA	FALSE	FALSE	1	KIMBALL AVENUE	CHALKSTONE AVENUE	2011-06-29	Two-Way , Not Divided	Dry	Daylight	Clear	Angle (Front - to - Side) Right Angle (Includes Broadside)	Yes	Stop Signs	1	1	Incapacitating	2	41.82462	-71.41556	FALSE	FALSE	Kimball Avenue and Chalkstone Avenue, Providence, RI, USA	FALSE	-71.4417437	41.8322912	route	geometric_center	chalkstone ave, providence, ri, usa	Kimball Street & Chalkstone Avenue, Providence, RI, USA	EjdLaW1iYWxsIFN0cmVldCAmIENoYWxrc3RvbmUgQXZlbnVlLCBQcm92aWRlbmNlLCBSSSwgVVNBImYiZAoUChIJn4tKgLlF5IkRqZB2Lt0AAbYSFAoSCZ-LSoC5ReSJEamQdi7dAAG2GhQKEgmPsohbt0XkiRGHSDRiheiQIBoUChIJdzMxm69F5IkRFM5IhAG4zqsiCg2lMe8YFXXpadU	41.8328997	-71.4479243	41.8328997	-71.4479243	Med	2838.393383	Geocoded	distance greater than 100m	NA	NA	NA	TRUE	41.8328997	-71.4479243	2011	June
3392	2011-06-29	80273	15:53:00	Bicycle	NA	1	FALSE	FALSE	1	N MAIN ST	STENTON AVE	2011-06-29	One-Way Trafficway	Dry	Daylight	Clear	Sidwswipe, Opposite Direction	No	No Controls	3	1	Pain Reported	NA	41.84943	-71.40336	FALSE	FALSE	N Main Street and Stenton Ave, Providence, RI, USA	FALSE	-71.4022123	41.8491109	route	geometric_center	stenton ave, providence, ri 02906, usa	North Main Street & Stenton Ave, Providence, RI, USA	EjROb3J0aCBNYWluIFN0cmVldCAmIFN0ZW50b24gQXZlLCBQcm92aWRlbmNlLCBSSSwgVVNBImYiZAoUChIJqZzo_sJE5IkRhoi9ouQioRMSFAoSCamc6P7CROSJEYaIvaLkIqETGhQKEgn5-kE93kTkiRFf162-DVwjPxoUChIJQXuNCcNE5IkRQi4VzpZXS7UiCg31r_EYFTGxcNU	41.8492405	-71.4034895	41.8492405	-71.4034895	Med	23.67095943	Raw	NA	NA	NA	NA	FALSE	41.84943	-71.40336	2011	June
3390	2011-07-02	79704	08:06:00	Bicycle	NA	1	FALSE	FALSE	1	825 hope st	4TH ST	2011-07-02	Two-Way, Divided, Unprotected (painted>4feet) Medium	Dry	Daylight	Clear	Unknown	No	No Controls	2	1	Pain Reported	NA	41.84936	-71.39485	TRUE	FALSE	825 Hope Street, Providence, RI, USA	FALSE	-71.3944372	41.8492963	premise	rooftop	825 hope st, providence, ri 02906, usa	NA	NA	NA	NA	41.8492963	-71.3944372	High	34.95700906	Raw	NA	NA	NA	NA	FALSE	41.84936	-71.39485	2011	July
3388	2011-07-04	79884	22:10:00	Bicycle	NA	1	FALSE	FALSE	1	HARTFORD AVE	OLNEYVILLE SQ	2011-07-04	One-Way Trafficway	Dry	Dark - Lighted	Clear	Angle (Front - to - Side) Right Angle (Includes Broadside)	No	No Controls	3	0	No Injury	NA	41.81674	-71.44437	FALSE	FALSE	Hartford Ave and Olneyville Sq, Providence, RI, USA	FALSE	-71.4434849	41.8167835	route	geometric_center	olneyville square, providence, ri 02909, usa	NA	NA	NA	NA	41.8167835	-71.4434849	Med	73.59119167	Raw	NA	NA	NA	NA	FALSE	41.81674	-71.44437	2011	July
3389	2011-07-04	79896	21:50:00	Pedestrian	1	NA	FALSE	FALSE	1	ROBIN ST	HARVEST ST	2011-07-04	Two-Way , Not Divided	Dry	Dark - Lighted	Clear	Other	No	No Controls	3	1	Pain Reported	NA	41.83156	-71.43602	FALSE	FALSE	Robin Street and Harvest Street, Providence, RI, USA	FALSE	-71.435982	41.83152	intersection	geometric_center	harvest st & robin st, providence, ri 02908, usa	NA	NA	NA	NA	41.83152	-71.435982	Med High	5.455439438	Raw	NA	NA	NA	NA	FALSE	41.83156	-71.43602	2011	July
3387	2011-07-07	80284	14:14:00	Pedestrian	1	NA	FALSE	FALSE	1	CHALKSTONE AVE	GENEVA ST	2011-07-07	Two-Way , Not Divided	Dry	Daylight	Clear	Other	No	No Controls	4	1	Pain Reported	NA	41.83227	-71.44088	FALSE	FALSE	Chalkstone Ave and Geneva Street, Providence, RI, USA	FALSE	-71.4409323	41.832278	intersection	geometric_center	chalkstone ave & geneva st, providence, ri 02908, usa	NA	NA	NA	NA	41.832278	-71.4409323	Med High	4.428450637	Raw	NA	NA	NA	NA	FALSE	41.83227	-71.44088	2011	July
3386	2011-07-08	80369	03:08:00	Pedestrian	1	NA	FALSE	FALSE	1	CONGRESS AVE	NIAGARA ST	2011-07-08	Two-Way , Not Divided	Dry	Dark - Lighted	Clear	Not a Collision Between Two Motor Vehicles in Transport	Yes	No Controls	1	1	Pain Reported	NA	41.80052	-71.4197	FALSE	FALSE	Congress Ave and Niagara Street, Providence, RI, USA	FALSE	-71.4196949	41.8005305	intersection	geometric_center	congress ave & niagara st, providence, ri 02907, usa	NA	NA	NA	NA	41.8005305	-71.4196949	Med High	1.243117352	Raw	NA	NA	NA	NA	FALSE	41.80052	-71.4197	2011	July
3384	2011-07-10	80591	09:46:00	Bicycle	NA	1	FALSE	FALSE	1	112 POCASSET AVE	MAGNOLIA ST	2011-07-10	Two-Way , Not Divided	Dry	Daylight	Clear	Angle (Front - to - Side) Right Angle (Includes Broadside)	No	No Controls	2	1	Pain Reported	NA	41.81136	-71.45203	TRUE	FALSE	112 Pocasset Ave, Providence, RI, USA	FALSE	-71.4519322	41.8111628	street_address	rooftop	112 pocasset ave, providence, ri 02909, usa	NA	NA	NA	NA	41.8111628	-71.4519322	High	23.40397531	Raw	NA	NA	NA	NA	FALSE	41.81136	-71.45203	2011	July
3385	2011-07-10	82055	14:15:00	Bicycle	NA	1	FALSE	FALSE	1	GALLUP ST	PRAIRIE AVE	2011-07-11	Two-Way , Not Divided	Dry	Daylight	Clear	Other	No	No Controls	3	1	Pain Reported	NA	41.80002	-71.41247	FALSE	FALSE	Gallup Street and Prairie Ave, Providence, RI, USA	FALSE	-71.4124604	41.8000325	intersection	geometric_center	gallup st & prairie ave, providence, ri 02905, usa	NA	NA	NA	NA	41.8000325	-71.4124604	Med High	1.603412058	Raw	NA	NA	NA	NA	FALSE	41.80002	-71.41247	2011	July
3382	2011-07-11	80680	11:19:00	Bicycle	NA	1	FALSE	FALSE	1	CHAPEL ST	SNOW ST	2011-07-11	One-Way Trafficway	Dry	Daylight	Clear	Angle (Front - to - Side) Right Angle (Includes Broadside)	No	Stop Signs	2	0	No Injury	NA	41.8212	-71.41384	FALSE	FALSE	Chapel Street and Snow Street, Providence, RI, USA	FALSE	-71.4150373	41.8221814	route	geometric_center	snow st, providence, ri 02903, usa	Chapel Street & Snow Street, Providence, RI, USA	EjBDaGFwZWwgU3RyZWV0ICYgU25vdyBTdHJlZXQsIFByb3ZpZGVuY2UsIFJJLCBVU0EiZiJkChQKEglvWKMVE0XkiRGEK_RpokQnfBIUChIJb1ijFRNF5IkRhCv0aaJEJ3waFAoSCbvh-RUTReSJEYc_0vLn5q88GhQKEgnb-G4CE0XkiRGUF36UELXa8iIKDT1p7RgV9hxv1Q	41.8212157	-71.4138378	41.8212157	-71.4138378	Med	1.757219592	Raw	NA	NA	NA	NA	FALSE	41.8212	-71.41384	2011	July
3383	2011-07-11	80760	21:15:00	Pedestrian	1	NA	FALSE	FALSE	1	280 Broad St.	NA	2011-07-11	Two-Way, Divided, Unprotected (painted>4feet) Medium	Dry	Dark - Lighted	Clear	Head-On (Front - to - Front)	Yes	No Controls	1	1	Pain Reported	NA	41.82503	-71.4148	TRUE	TRUE	280 Broad St., Providence, RI, USA	FALSE	-71.4202425	41.8149485	premise	rooftop	280 broad st, providence, ri 02907, usa	NA	NA	NA	NA	41.8149485	-71.4202425	High	1209.688347	Geocoded	distance greater than 100m	NA	NA	NA	TRUE	41.8149485	-71.4202425	2011	July
3380	2011-07-15	81271	01:09:00	Pedestrian	2	NA	FALSE	FALSE	1	ABBOTT PARK PL	WEYBOSSET ST	2011-07-15	One-Way Trafficway	Dry	Dark - Lighted	Clear	Not a Collision Between Two Motor Vehicles in Transport	Yes	No Controls	8	2	Incapacitating	NA	41.82061	-71.4134	FALSE	FALSE	Abbott Park Pl and Weybosset Street, Providence, RI, USA	FALSE	-71.4136706	41.8204998	intersection	geometric_center	weybosset st & abbott park pl, providence, ri 02903, usa	NA	NA	NA	NA	41.8204998	-71.4136706	Med High	25.58199259	Raw	NA	NA	NA	NA	FALSE	41.82061	-71.4134	2011	July
3381	2011-07-15	82867	18:11:00	Bicycle	NA	1	FALSE	FALSE	1	BANCROFT ST	KELLEY ST	2011-07-16	Two-Way , Not Divided	Dry	Daylight	Clear	Not a Collision Between Two Motor Vehicles in Transport	No	No Controls	3	0	No Injury	NA	41.81294	-71.44793	FALSE	FALSE	Bancroft Street and Kelley Street, Providence, RI, USA	FALSE	-71.4480739	41.8130759	intersection	geometric_center	bancroft st & kelly st, providence, ri 02909, usa	NA	NA	NA	NA	41.8130759	-71.4480739	Med High	19.27205267	Raw	NA	NA	NA	NA	FALSE	41.81294	-71.44793	2011	July
3379	2011-07-19	83335	13:37:00	Bicycle	NA	1	FALSE	FALSE	1	PUBLIC ST	BROAD ST	2011-07-21	Two-Way , Not Divided	Dry	Daylight	Clear	Not a Collision Between Two Motor Vehicles in Transport	No	Traffic Control Signal	4	0	No Injury	NA	41.80441	-71.41937	FALSE	FALSE	Public Street and Broad Street, Providence, RI, USA	FALSE	-71.4193596	41.804449	intersection	geometric_center	public st & broad st, providence, ri 02907, usa	NA	NA	NA	NA	41.804449	-71.4193596	Med High	4.426402177	Raw	NA	NA	NA	NA	FALSE	41.80441	-71.41937	2011	July
3378	2011-07-20	82162	11:51:00	Bicycle	NA	1	FALSE	FALSE	1	549 RIVER AVE	EATON ST	2011-07-21	Two-Way , Not Divided	Dry	Daylight	Clear	Angle (Front - to - Side) Right Angle (Includes Broadside)	No	Traffic Control Signal	2	1	Non-Incapacitating	NA	41.84304	-71.44051	TRUE	FALSE	549 River Ave, Providence, RI, USA	FALSE	-71.440636	41.8433025	street_address	rooftop	549 river ave, providence, ri 02908, usa	NA	NA	NA	NA	41.8433025	-71.440636	High	31.03343067	Raw	NA	NA	NA	NA	FALSE	41.84304	-71.44051	2011	July
3376	2011-07-21	82157	09:59:00	Bicycle	NA	1	FALSE	FALSE	2	ANGELL ST	HOPE ST	2011-07-21	Two-Way , Not Divided	Dry	Daylight	Clear	Angle (Front - to - Side) Right Angle (Includes Broadside)	No	Traffic Control Signal	3	1	Pain Reported	NA	41.8284	-71.39751	FALSE	FALSE	Angell Street and Hope Street, Providence, RI, USA	FALSE	-71.3974982	41.8284083	intersection	geometric_center	hope st & angell st, providence, ri 02906, usa	NA	NA	NA	NA	41.8284083	-71.3974982	Med High	1.346008085	Raw	NA	NA	NA	NA	FALSE	41.8284	-71.39751	2011	July
3377	2011-07-21	82187	12:21:00	Bicycle	NA	1	FALSE	FALSE	1	CHALKSTONE AVE	GARFIELD AVE	2011-07-21	Two-Way , Not Divided	Dry	Daylight	Clear	Angle (Front - to - Side) Right Angle (Includes Broadside)	No	No Controls	4	1	Incapacitating	2	41.83382	-71.43245	FALSE	FALSE	Chalkstone Ave and Garfield Ave, Providence, RI, USA	FALSE	-71.4324252	41.833837	intersection	geometric_center	garfield ave & chalkstone ave, providence, ri 02908, usa	NA	NA	NA	NA	41.833837	-71.4324252	Med High	2.795068232	Raw	NA	NA	NA	NA	FALSE	41.83382	-71.43245	2011	July
3375	2011-07-23	82508	22:21:00	Bicycle	NA	1	FALSE	FALSE	1	STATE STREET	EXIT 23	2011-07-23	One-Way Trafficway	Dry	Daylight	Clear	Angle (Front - to - Side) Opposite Direction	No	No Controls	2	1	Pain Reported	NA	41.83478	-71.41433	FALSE	FALSE	State Street and Exit 23, Providence, RI, USA	FALSE	-71.4128343	41.8239891	locality	approximate	providence, ri, usa	NA	NA	NA	NA	41.8239891	-71.4128343	Med	1207.627301	Raw	distance greater than 100m	NA	NA	NA	TRUE	41.83478	-71.41433	2011	July
3374	2011-07-24	82622	13:20:00	Pedestrian	1	NA	FALSE	FALSE	1	BRADFORD ST	ATWELLS AVE	2011-07-24	Two-Way , Not Divided	Dry	Daylight	Clear	Not a Collision Between Two Motor Vehicles in Transport	No	Stop Signs	2	1	Pain Reported	NA	41.82323	-71.42178	FALSE	FALSE	Bradford Street and Atwells Ave, Providence, RI, USA	FALSE	-71.4217897	41.8232404	intersection	geometric_center	atwells ave & bradford st, providence, ri 02903, usa	NA	NA	NA	NA	41.8232404	-71.4217897	Med High	1.40990051	Raw	NA	NA	NA	NA	FALSE	41.82323	-71.42178	2011	July
3373	2011-07-25	86808	15:50:00	Bicycle	NA	1	FALSE	FALSE	1	MANTON AVE	FAIRFIELD AVE	2011-07-25	Two-Way , Not Divided	Dry	Daylight	Cloudy	Angle (Front - to - Side) Opposite Direction	No	No Controls	3	1	Pain Reported	NA	41.82568	-71.45655	FALSE	FALSE	Manton Ave and Fairfield Ave, Providence, RI, USA	FALSE	-71.4564451	41.8256702	intersection	geometric_center	fairfield ave & manton ave, providence, ri 02909, usa	NA	NA	NA	NA	41.8256702	-71.4564451	Med High	8.76986157	Raw	NA	NA	NA	NA	FALSE	41.82568	-71.45655	2011	July
3372	2011-07-26	82968	13:35:00	Pedestrian	1	NA	FALSE	TRUE	2	PLAIN ST	OLDHAM ST	2011-07-26	Unknown	Dry	Daylight	Clear	Other	No	No Controls	5	2	Pain Reported	NA	41.81281	-71.41214	FALSE	FALSE	Plain Street and Oldham Street, Providence, RI, USA	FALSE	-71.4122769	41.8132938	intersection	geometric_center	oldham st & plain st, providence, ri 02903, usa	NA	NA	NA	NA	41.8132938	-71.4122769	Med High	55.04110646	Raw	NA	NA	NA	NA	FALSE	41.81281	-71.41214	2011	July
3371	2011-07-27	83161	17:21:00	Bicycle	NA	1	FALSE	FALSE	1	SORRENTO ST	LINWOOD AVE	2011-07-27	Two-Way , Not Divided	Dry	Daylight	Clear	Not a Collision Between Two Motor Vehicles in Transport	No	Stop Signs	3	1	Pain Reported	2	41.80786	-71.43737	FALSE	FALSE	Sorrento Street and Linwood Ave, Providence, RI, USA	FALSE	-71.4373713	41.807869	intersection	geometric_center	sorrento st & linwood ave, providence, ri 02909, usa	NA	NA	NA	NA	41.807869	-71.4373713	Med High	1.007665609	Raw	NA	NA	NA	NA	FALSE	41.80786	-71.43737	2011	July
3370	2011-07-29	83480	12:50:00	Pedestrian	1	NA	FALSE	FALSE	1	Tell Street	Courtland Street	2011-07-29	Two-Way , Not Divided	Dry	Daylight	Cloudy	Not a Collision Between Two Motor Vehicles in Transport	No	No Controls	3	1	Incapacitating	1	41.82188	-71.43251	FALSE	FALSE	Tell Street and Courtland Street, Providence, RI, USA	FALSE	-71.4323001	41.8219436	intersection	geometric_center	tell st & courtland st, providence, ri 02909, usa	NA	NA	NA	NA	41.8219436	-71.4323001	Med High	18.7971027	Raw	NA	NA	NA	NA	FALSE	41.82188	-71.43251	2011	July
3369	2011-07-30	83517	01:02:00	Bicycle	NA	1	FALSE	FALSE	1	WESTMINSTER ST	EMPIRE ST	2011-07-30	One-Way Trafficway	Dry	Dark - Lighted	Clear	Angle (Front - to - Side) Right Angle (Includes Broadside)	No	Traffic Control Signal	3	1	Incapacitating	2	41.82097	-71.41532	FALSE	FALSE	Westminster Street and Empire Street, Providence, RI, USA	FALSE	-71.4153246	41.8209888	intersection	geometric_center	empire st & westminster st, providence, ri 02903, usa	NA	NA	NA	NA	41.8209888	-71.4153246	Med High	2.127314131	Raw	NA	NA	NA	NA	FALSE	41.82097	-71.41532	2011	July
3367	2011-08-04	84466	22:11:00	Bicycle	NA	1	FALSE	FALSE	1	WESTMINSTER ST	MEMORIAL BOULEVARD	2011-08-06	Two-Way , Not Divided	Dry	Dark - Lighted	Clear	Sidwswipe, Opposite Direction	No	Traffic Control Signal	2	1	Pain Reported	2	41.82529	-71.40895	FALSE	FALSE	Westminster Street and Memorial Boulevard, Providence, RI, USA	FALSE	-71.4088081	41.8253077	intersection	geometric_center	memorial blvd & westminster st, providence, ri 02903, usa	NA	NA	NA	NA	41.8253077	-71.4088081	Med High	11.93483387	Raw	NA	NA	NA	NA	FALSE	41.82529	-71.40895	2011	August
3368	2011-08-04	87831	23:09:00	Pedestrian	1	NA	FALSE	FALSE	1	RESERVOIR AVE	ELMWOOD AVE	2011-08-30	Unknown	Dry	Dark - Lighted	Clear	Not a Collision Between Two Motor Vehicles in Transport	No	No Controls	3	1	Pain Reported	NA	41.79755	-71.42606	FALSE	FALSE	Reservoir Ave and Elmwood Ave, Providence, RI, USA	FALSE	-71.4258248	41.7971616	intersection	geometric_center	reservoir ave & elmwood ave, providence, ri 02907, usa	NA	NA	NA	NA	41.7971616	-71.4258248	Med High	47.43827486	Raw	NA	NA	NA	NA	FALSE	41.79755	-71.42606	2011	August
3365	2011-08-05	84368	15:27:00	Bicycle	NA	1	FALSE	FALSE	1	EMPIRE ST	BROADWAY	2011-08-05	Two-Way, Divided, Positive Median Barrier	Dry	Daylight	Clear	Angle (Front - to - Side) Same Direction	No	No Controls	2	0	No Injury	2	41.82257	-71.41745	FALSE	FALSE	Empire Street and Broadway, Providence, RI, USA	FALSE	-71.4177642	41.822755	intersection	geometric_center	empire st & broadway, providence, ri 02903, usa	NA	NA	NA	NA	41.822755	-71.4177642	Med High	33.21897674	Raw	NA	NA	NA	NA	FALSE	41.82257	-71.41745	2011	August
3366	2011-08-05	86232	01:32:00	Pedestrian	1	NA	FALSE	FALSE	1	ATWELLS AVE	MURPHY ST	2011-08-18	Two-Way, Divided, Unprotected (painted>4feet) Medium	Dry	Dark - Lighted	Clear	Sideswipe, Same Direction	No	No Controls	3	1	Pain Reported	NA	41.82373	-71.42884	FALSE	FALSE	Atwells Ave and Murphy Street, Providence, RI, USA	FALSE	-71.4286718	41.8237332	intersection	geometric_center	murphy st & atwells ave, providence, ri 02903, usa	NA	NA	NA	NA	41.8237332	-71.4286718	Med High	13.95762271	Raw	NA	NA	NA	NA	FALSE	41.82373	-71.42884	2011	August
3364	2011-08-06	84471	22:00:00	Pedestrian	1	NA	FALSE	FALSE	1	CHARLES ST	GILLEN ST	2011-08-07	Two-Way , Not Divided	Wet	Dark - Lighted	Rain	Not a Collision Between Two Motor Vehicles in Transport	Yes	No Controls	1	1	Pain Reported	2	41.85245	-71.42032	FALSE	FALSE	Charles Street and Gillen Street, Providence, RI, USA	FALSE	-71.4190635	41.8529451	route	geometric_center	gillen st, providence, ri 02904, usa	Charles Street & Gillen Street, Providence, RI, USA	EjNDaGFybGVzIFN0cmVldCAmIEdpbGxlbiBTdHJlZXQsIFByb3ZpZGVuY2UsIFJJLCBVU0EiZiJkChQKEglD8_St8UTkiRHDI_WdOKw57xIUChIJQ_P0rfFE5IkRwyP1nTisOe8aFAoSCXULzmzxROSJEctkyy41Vf0yGhQKEglVe4_D8UTkiRHqjY5w7qPPpSIKDeIu8hgVXiBu1Q	41.8524898	-71.4203042	41.8524898	-71.4203042	Med	4.620156303	Raw	NA	NA	NA	NA	FALSE	41.85245	-71.42032	2011	August
3363	2011-08-07	85354	09:49:00	Pedestrian	1	NA	FALSE	FALSE	1	INDIA ST	S MAIN ST	2011-08-12	Two-Way , Not Divided	Dry	Daylight	Clear	Sideswipe, Same Direction	No	No Controls	3	1	Pain Reported	NA	41.81634	-71.39891	FALSE	FALSE	India Street and S Main Street, Providence, RI, USA	FALSE	-71.3982088	41.8167209	intersection	geometric_center	india st & s main st, providence, ri 02903, usa	NA	NA	NA	NA	41.8167209	-71.3982088	Med High	71.98749737	Raw	NA	NA	NA	NA	FALSE	41.81634	-71.39891	2011	August
3362	2011-08-09	84816	01:25:00	Bicycle	NA	1	FALSE	FALSE	1	W RIVER ST	BRANCH AVE	2011-08-09	Two-Way , Not Divided	Unknown	Dark - Not Lighted	Clear	Not a Collision Between Two Motor Vehicles in Transport	Yes	No Controls	1	0	Unknown	NA	41.8469	-71.41269	FALSE	FALSE	W River Street and Branch Ave, Providence, RI, USA	FALSE	-71.4126689	41.8468987	intersection	geometric_center	w river st & branch ave, providence, ri 02904, usa	NA	NA	NA	NA	41.8468987	-71.4126689	Med High	1.755697023	Raw	NA	NA	NA	NA	FALSE	41.8469	-71.41269	2011	August