row_number	crash_date	crash_report_id	crash_time	collision_type	count_pedestrian	count_bicycle	scooter	wheel_chair	number_of_vehicles	street_or_highway	nearest_intersection	report_date	type_of_roadway	road_surface_condition	light_condition	weather_condition	manner_of_impact	hit_and_run	traffic_control	person_count	injury_count	most_serious_injury	number_of_lanes	lat_raw	lon_raw	has_st_number	is_intersection_null	address_sent_to_geocoder	is_address_blank	lon_api_first_try	lat_api_first_try	type	loctype	address_returned_by_geocoder	address_returned_by_autocomplete	place_ids_autocompleted	lat_api_second_try	lon_api_second_try	lat_api_best	lon_api_best	api_coord_conf	distance_btwn_coords_meters	best_coordinate_set	reason_for_qa	correct_coordinates	corrected_lat	corrected_lon	manually_qaed_record	final_lat	final_lon	year	month
3320	2011-09-21	91598	01:18:00	Pedestrian	1	NA	FALSE	FALSE	1	CHALKSTONE AVE	DELHI ST	2011-09-21	Two-Way , Not Divided	Dry	Dark - Lighted	Clear	Not a Collision Between Two Motor Vehicles in Transport	Yes	No Controls	2	1	Incapacitating	NA	41.83644	-71.41905	FALSE	FALSE	Chalkstone Ave and Delhi Street, Providence, RI, USA	FALSE	-71.4190627	41.8364553	intersection	geometric_center	delhi st & chalkstone ave, providence, ri 02908, usa	NA	NA	NA	NA	41.8364553	-71.4190627	Med High	2.002583007	Raw	NA	NA	NA	NA	FALSE	41.83644	-71.41905	2011	September
3319	2011-09-22	93099	16:57:00	Pedestrian	1	NA	FALSE	FALSE	1	EXCHANGE TER	EXCHANGE ST	2011-09-29	One-Way Trafficway	Dry	Daylight	Cloudy	Angle (Front - to - Side) Right Angle (Includes Broadside)	Yes	Stop Signs	2	1	Pain Reported	3	41.82611	-71.4116	FALSE	FALSE	Exchange Ter and Exchange Street, Providence, RI, USA	FALSE	-71.4148047	41.8250247	intersection	geometric_center	exchange terrace & w exchange st, providence, ri 02903, usa	NA	NA	NA	NA	41.8250247	-71.4148047	Med High	292.0046525	Raw	distance greater than 100m	NA	NA	NA	TRUE	41.82611	-71.4116	2011	September
3318	2011-09-23	91817	12:23:00	Pedestrian	1	1	FALSE	FALSE	1	ALLENS AVE	ERNEST ST	2011-09-23	Two-Way , Not Divided	Wet	Daylight	Rain	Angle (Front - to - Side) Right Angle (Includes Broadside)	No	Traffic Control Signal	5	2	Incapacitating	4	41.79481	-71.39793	FALSE	FALSE	Allens Ave and Ernest Street, Providence, RI, USA	FALSE	-71.3979097	41.7948568	intersection	geometric_center	allens ave & ernest st, providence, ri 02905, usa	NA	NA	NA	NA	41.7948568	-71.3979097	Med High	5.475390969	Raw	NA	NA	NA	NA	FALSE	41.79481	-71.39793	2011	September
3317	2011-09-25	92050	01:30:00	Pedestrian	1	NA	FALSE	FALSE	1	644 Douglas Ave	Virginaia Lane	2011-09-25	Two-Way , Not Divided	Dry	Dark - Lighted	Clear	Unknown	Yes	No Controls	3	1	Pain Reported	NA	41.84739	-71.43057	TRUE	FALSE	644 Douglas Ave, Providence, RI, USA	FALSE	-71.430806	41.8474027	premise	rooftop	644 douglas ave, providence, ri 02908, usa	NA	NA	NA	NA	41.8474027	-71.430806	High	19.62120476	Raw	NA	NA	NA	NA	FALSE	41.84739	-71.43057	2011	September
3316	2011-09-27	92529	17:08:00	Pedestrian	1	NA	FALSE	FALSE	1	MANTON AVE	WESTCOTT AVE	2011-09-27	Two-Way , Not Divided	Dry	Daylight	Clear	Not a Collision Between Two Motor Vehicles in Transport	Yes	Stop Signs	2	1	Pain Reported	2	41.83372	-71.46853	FALSE	FALSE	Manton Ave and Westcott Ave, Providence, RI, USA	FALSE	-71.4685327	41.8337394	intersection	geometric_center	westcott ave & manton ave, providence, ri 02909, usa	NA	NA	NA	NA	41.8337394	-71.4685327	Med High	2.171178268	Raw	NA	NA	NA	NA	FALSE	41.83372	-71.46853	2011	September
3315	2011-09-28	92771	23:02:00	Bicycle	NA	1	FALSE	FALSE	1	BROADWAY	TOBEY ST	2011-09-29	Two-Way , Not Divided	Wet	Dark - Lighted	Rain	Not a Collision Between Two Motor Vehicles in Transport	No	Traffic Control Signal	3	2	Pain Reported	NA	41.81848	-71.43503	FALSE	FALSE	Broadway and Tobey Street, Providence, RI, USA	FALSE	-71.4350823	41.8184808	route	geometric_center	tobey st, providence, ri 02909, usa	Broadway & Tobey Street, Providence, RI, USA	EixCcm9hZHdheSAmIFRvYmV5IFN0cmVldCwgUHJvdmlkZW5jZSwgUkksIFVTQSJmImQKFAoSCRfuNQOcReSJERM-cKucrPmwEhQKEgkX7jUDnEXkiRETPnCrnKz5sBoUChIJpbXlhnVF5IkRGsIzsdekb7MaFAoSCaeDYAScReSJEdnG3TCTK2fVIgoNaP7sGBUZ32vV	41.8184808	-71.4350823	41.8184808	-71.4350823	Med	4.339830208	Raw	NA	NA	NA	NA	FALSE	41.81848	-71.43503	2011	September
3314	2011-09-29	92900	16:16:00	Bicycle	NA	1	FALSE	FALSE	1	BROADWAY	DE PASQUALE AVE	2011-09-29	Two-Way , Not Divided	Dry	Daylight	Cloudy	Not a Collision Between Two Motor Vehicles in Transport	No	No Controls	3	1	Pain Reported	NA	41.82076	-71.42528	FALSE	FALSE	Broadway and De Pasquale Ave, Providence, RI, USA	FALSE	-71.4262101	41.8224893	route	geometric_center	de pasquale ave, providence, ri 02903, usa	Broadway & De Pasquale Ave, Providence, RI, USA	Ei9Ccm9hZHdheSAmIERlIFBhc3F1YWxlIEF2ZSwgUHJvdmlkZW5jZSwgUkksIFVTQSJmImQKFAoSCTd39r50ReSJEQRLbIypVmNIEhQKEgk3d_a-dEXkiREES2yMqVZjSBoUChIJpbXlhnVF5IkRGsIzsdekb7MaFAoSCeVqSDILReSJEem1Phldyo7CIgoNM1jtGBX2X23V	41.8207795	-71.4252298	41.8207795	-71.4252298	Med	4.696330688	Raw	NA	NA	NA	NA	FALSE	41.82076	-71.42528	2011	September
3313	2011-10-02	93686	22:22:00	Bicycle	NA	1	FALSE	FALSE	1	DOUGLAS AVE	CHAD BROWN ST	2011-10-03	Two-Way , Not Divided	Wet	Dark - Not Lighted	Clear	Sideswipe, Same Direction	Yes	No Controls	2	1	Pain Reported	NA	41.8386	-71.42511	FALSE	FALSE	Douglas Ave and Chad Brown Street, Providence, RI, USA	FALSE	-71.4258269	41.8392775	intersection	geometric_center	chad brown st & douglas ave, providence, ri 02908, usa	NA	NA	NA	NA	41.8392775	-71.4258269	Med High	96.03694521	Raw	NA	NA	NA	NA	FALSE	41.8386	-71.42511	2011	October
3312	2011-10-04	93960	19:11:00	Pedestrian	1	NA	FALSE	FALSE	1	LENNON ST	SMITH ST	2011-10-04	Two-Way , Not Divided	Wet	Dark - Lighted	Rain	Not a Collision Between Two Motor Vehicles in Transport	No	Stop Signs	2	1	Non-Incapacitating	NA	41.84506	-71.45027	FALSE	FALSE	Lennon Street and Smith Street, Providence, RI, USA	FALSE	-71.45023	41.8451001	intersection	geometric_center	smith st & lennon st, providence, ri 02908, usa	NA	NA	NA	NA	41.8451001	-71.45023	Med High	5.561446459	Raw	NA	NA	NA	NA	FALSE	41.84506	-71.45027	2011	October
3311	2011-10-06	94220	08:52:00	Bicycle	NA	1	FALSE	FALSE	1	S MAIN ST	PACKET ST	2011-10-06	One-Way Trafficway	Dry	Daylight	Clear	Sideswipe, Same Direction	No	No Controls	3	1	Pain Reported	NA	41.82406	-71.406720000000007	FALSE	FALSE	S Main Street and Packet Street, Providence, RI, USA	FALSE	-71.4128343	41.8239891	locality	approximate	providence, ri, usa	NA	NA	NA	NA	41.8239891	-71.4128343	Med	507.2724843	Raw	distance greater than 100m	NA	NA	NA	TRUE	41.82406	-71.406720000000007	2011	October
3308	2011-10-07	94511	12:24:00	Bicycle	NA	1	FALSE	FALSE	1	SERVICE ROAD 8	WASHINGTON ST	2011-10-07	One-Way Trafficway	Dry	Daylight	Clear	Sideswipe, Same Direction	Yes	No Controls	1	1	Pain Reported	NA	41.82013	-71.41876	FALSE	FALSE	Service Road 8 and Washington Street, Providence, RI, USA	FALSE	-71.4127487	41.8244096	street_address	range_interpolated	8 washington st, providence, ri 02903, usa	NA	NA	NA	NA	41.8244096	-71.4127487	Med High	689.6679282	Raw	distance greater than 100m	NA	NA	NA	TRUE	41.82013	-71.41876	2011	October
3309	2011-10-07	94559	15:36:00	Pedestrian	1	NA	FALSE	FALSE	1	HUXLEY AVE	OAKDALE ST	2011-10-07	Two-Way , Not Divided	Dry	Daylight	Clear	Other	No	No Controls	3	1	Pain Reported	NA	41.83908	-71.43423	FALSE	FALSE	Huxley Ave and Oakdale Street, Providence, RI, USA	FALSE	-71.4342388	41.8390857	intersection	geometric_center	huxley ave & oakdale st, providence, ri 02908, usa	NA	NA	NA	NA	41.8390857	-71.4342388	Med High	0.967093985	Raw	NA	NA	NA	NA	FALSE	41.83908	-71.43423	2011	October
3310	2011-10-07	94905	08:29:00	Bicycle	NA	1	FALSE	FALSE	1	DOUGLAS AVE	WHIPPLE ST	2011-10-10	Two-Way , Not Divided	Dry	Daylight	Clear	Angle (Front - to - Side) Right Angle (Includes Broadside)	No	No Controls	5	1	Pain Reported	2	41.83685	-71.42154	FALSE	FALSE	Douglas Ave and Whipple Street, Providence, RI, USA	FALSE	-71.4215517	41.8368745	intersection	geometric_center	whipple st & douglas ave, providence, ri 02908, usa	NA	NA	NA	NA	41.8368745	-71.4215517	Med High	2.894813997	Raw	NA	NA	NA	NA	FALSE	41.83685	-71.42154	2011	October
3307	2011-10-08	95342	17:13:00	Pedestrian	1	NA	FALSE	FALSE	1	MEMORIAL BLVD	SOUTH WATER STREET	2011-10-12	Two-Way , Not Divided	Dry	Daylight	Clear	Other	No	Traffic Control Signal	3	1	Pain Reported	2	41.8241	-71.40842	FALSE	FALSE	Memorial Blvd and South Water Street, Providence, RI, USA	FALSE	-71.4082107	41.8241381	intersection	geometric_center	s water st & memorial blvd, providence, ri 02903, usa	NA	NA	NA	NA	41.8241381	-71.4082107	Med High	17.87295344	Raw	NA	NA	NA	NA	FALSE	41.8241	-71.40842	2011	October
3304	2011-10-09	94836	16:12:00	Pedestrian	1	NA	FALSE	FALSE	1	GRAPE ST	ADMIRAL ST	2011-10-09	Two-Way , Not Divided	Dry	Daylight	Clear	Not a Collision Between Two Motor Vehicles in Transport	No	No Controls	2	0	No Injury	NA	41.8458	-71.43027	FALSE	FALSE	Grape Street and Admiral Street, Providence, RI, USA	FALSE	-71.4301684	41.8462823	intersection	geometric_center	admiral st & grape st, providence, ri 02908, usa	NA	NA	NA	NA	41.8462823	-71.4301684	Med High	54.346449990000004	Raw	NA	NA	NA	NA	FALSE	41.8458	-71.43027	2011	October
3305	2011-10-09	94857	17:15:00	Bicycle	NA	1	FALSE	FALSE	1	CRANSTON ST	PARADE ST	2011-10-09	Two-Way , Not Divided	Dry	Daylight	Clear	Not a Collision Between Two Motor Vehicles in Transport	No	No Controls	2	1	Pain Reported	NA	41.8118	-71.43114	FALSE	FALSE	Cranston Street and Parade Street, Providence, RI, USA	FALSE	-71.4310747	41.8118451	intersection	geometric_center	cranston st & parade st, providence, ri 02907, usa	NA	NA	NA	NA	41.8118451	-71.4310747	Med High	7.386480125	Raw	NA	NA	NA	NA	FALSE	41.8118	-71.43114	2011	October
3306	2011-10-09	94894	14:56:00	Pedestrian	1	NA	FALSE	FALSE	1	338 BROAD ST	BROAD ST	2011-10-09	Two-Way , Not Divided	Dry	Daylight	Clear	Not a Collision Between Two Motor Vehicles in Transport	Yes	No Controls	2	1	Pain Reported	NA	41.81397	-71.4214	TRUE	FALSE	338 Broad Street, Providence, RI, USA	FALSE	-71.4212169	41.8139188	street_address	rooftop	338 broad st, providence, ri 02907, usa	NA	NA	NA	NA	41.8139188	-71.4212169	High	16.225429	Raw	NA	NA	NA	NA	FALSE	41.81397	-71.4214	2011	October
3303	2011-10-10	94917	13:58:00	Pedestrian	1	NA	FALSE	FALSE	1	22 barbara st	PONAGANSETT AVE	2011-10-10	Two-Way , Not Divided	Dry	Daylight	Clear	Not a Collision Between Two Motor Vehicles in Transport	Yes	No Controls	2	1	Pain Reported	NA	41.82046	-71.45891	TRUE	FALSE	22 Barbara Street, Providence, RI, USA	FALSE	-71.4590611	41.8203564	street_address	rooftop	22 barbara st, providence, ri 02909, usa	NA	NA	NA	NA	41.8203564	-71.4590611	High	17.03332569	Raw	NA	NA	NA	NA	FALSE	41.82046	-71.45891	2011	October
3300	2011-10-11	95077	17:10:00	Pedestrian	1	NA	FALSE	FALSE	1	TUXEDO AVE	ATWELLS AVE	2011-10-11	Two-Way , Not Divided	Dry	Daylight	Clear	Not a Collision Between Two Motor Vehicles in Transport	No	Stop Signs	3	1	Pain Reported	NA	41.82452	-71.43862	FALSE	FALSE	Tuxedo Ave and Atwells Ave, Providence, RI, USA	FALSE	-71.4386196	41.8245303	intersection	geometric_center	atwells ave & tuxedo ave, providence, ri 02909, usa	NA	NA	NA	NA	41.8245303	-71.4386196	Med High	1.147070785	Raw	NA	NA	NA	NA	FALSE	41.82452	-71.43862	2011	October
3301	2011-10-11	95118	19:05:00	Bicycle	NA	1	FALSE	FALSE	1	RUGGLES ST	CHALKSTONE AVE	2011-10-11	Two-Way, Divided, Unprotected (painted>4feet) Medium	Dry	Dark - Lighted	Clear	Head-On (Front - to - Front)	Yes	Stop Signs	2	1	Non-Incapacitating	NA	41.83616	-71.42824	FALSE	FALSE	Ruggles Street and Chalkstone Ave, Providence, RI, USA	FALSE	-71.4281355	41.834637	intersection	geometric_center	chalkstone ave & ruggles st, providence, ri 02908, usa	NA	NA	NA	NA	41.834637	-71.4281355	Med High	169.7609845	Geocoded	distance greater than 100m	NA	NA	NA	TRUE	41.834637	-71.4281355	2011	October
3302	2011-10-11	95196	23:31:00	Bicycle	NA	1	FALSE	FALSE	1	GEORGE ST	THAYER ST	2011-10-12	Two-Way , Not Divided	Dry	Dark - Not Lighted	Clear	Sideswipe, Same Direction	Yes	Stop Signs	1	0	No Injury	NA	41.82553	-71.40037	FALSE	FALSE	George Street and Thayer Street, Providence, RI, USA	FALSE	-71.4005135	41.8268796	route	geometric_center	thayer st, providence, ri, usa	George Street & Thayer Street, Providence, RI, USA	EjJHZW9yZ2UgU3RyZWV0ICYgVGhheWVyIFN0cmVldCwgUHJvdmlkZW5jZSwgUkksIFVTQSJmImQKFAoSCUdpPp08ReSJEcUiisIDcbH9EhQKEglHaT6dPEXkiRHFIorCA3Gx_RoUChIJx-okYztF5IkRsmeONi5JlGUaFAoSCVG076s8ReSJEZJMNfXilGkAIgoNUhLuGBV7K3HV	41.8255442	-71.4003589	41.8255442	-71.4003589	Med	1.829360538	Raw	NA	NA	NA	NA	FALSE	41.82553	-71.40037	2011	October
3299	2011-10-15	95693	19:47:00	Pedestrian	1	NA	FALSE	FALSE	1	Grove St	DE SOTO ST	2011-10-15	Two-Way , Not Divided	Dry	Dark - Lighted	Clear	Not a Collision Between Two Motor Vehicles in Transport	Yes	No Controls	2	1	Pain Reported	NA	41.82015	-71.43916	FALSE	FALSE	Grove Street and De Soto Street, Providence, RI, USA	FALSE	-71.4391611	41.8201568	intersection	geometric_center	grove st & de soto st, providence, ri 02909, usa	NA	NA	NA	NA	41.8201568	-71.4391611	Med High	0.762453317	Raw	NA	NA	NA	NA	FALSE	41.82015	-71.43916	2011	October
3298	2011-10-17	96123	21:51:00	Pedestrian	1	NA	FALSE	FALSE	1	COURTLAND ST	RING ST	2011-10-17	Two-Way , Not Divided	Dry	Dark - Lighted	Clear	Not a Collision Between Two Motor Vehicles in Transport	Yes	No Controls	1	1	Pain Reported	NA	41.82045	-71.43167	FALSE	FALSE	Courtland Street and Ring Street, Providence, RI, USA	FALSE	-71.4317754	41.8206877	intersection	geometric_center	ring st & courtland st, providence, ri 02909, usa	NA	NA	NA	NA	41.8206877	-71.4317754	Med High	27.86793345	Raw	NA	NA	NA	NA	FALSE	41.82045	-71.43167	2011	October
3297	2011-10-20	97496	17:53:00	Bicycle	NA	1	FALSE	FALSE	1	DOUGLAS AVE	EATON ST	2011-10-26	Two-Way , Not Divided	Dry	Dark - Lighted	Clear	Not a Collision Between Two Motor Vehicles in Transport	No	No Controls	2	1	Pain Reported	NA	41.84094	-71.42728	FALSE	FALSE	Douglas Ave and Eaton Street, Providence, RI, USA	FALSE	-71.4273088	41.8410051	intersection	geometric_center	eaton st & douglas ave, providence, ri 02908, usa	NA	NA	NA	NA	41.8410051	-71.4273088	Med High	7.630355424	Raw	NA	NA	NA	NA	FALSE	41.84094	-71.42728	2011	October
3296	2011-10-22	96778	15:32:00	Pedestrian	1	NA	FALSE	FALSE	1	JILLSON ST	OCONNOR ST	2011-10-22	Two-Way, Divided, Unprotected (painted>4feet) Medium	Dry	Daylight	Clear	Not a Collision Between Two Motor Vehicles in Transport	No	Stop Signs	5	1	Pain Reported	NA	41.79105	-71.40578	FALSE	FALSE	Jillson Street and Oconnor Street, Providence, RI, USA	FALSE	-71.4053172	41.791133	intersection	geometric_center	o'connor st & jillson st, providence, ri 02905, usa	NA	NA	NA	NA	41.791133	-71.4053172	Med High	39.50688355	Raw	NA	NA	NA	NA	FALSE	41.79105	-71.40578	2011	October
3295	2011-10-23	97284	13:47:00	Pedestrian	2	NA	FALSE	FALSE	1	CRANSTON ST	DEXTER ST	2011-10-25	Two-Way, Divided, Unprotected (painted>4feet) Medium	Dry	Daylight	Clear	Not a Collision Between Two Motor Vehicles in Transport	No	Pavement Markings	4	2	Pain Reported	NA	41.8126	-71.42959	FALSE	FALSE	Cranston Street and Dexter Street, Providence, RI, USA	FALSE	-71.429588	41.8126029	intersection	geometric_center	cranston st & dexter st, providence, ri 02907, usa	NA	NA	NA	NA	41.8126029	-71.429588	Med High	0.36297774	Raw	NA	NA	NA	NA	FALSE	41.8126	-71.42959	2011	October
3294	2011-10-25	97464	07:54:00	Pedestrian	1	NA	FALSE	FALSE	1	PENNSYLVANIA AVE	PRAIRIE AVE	2011-10-26	Two-Way , Not Divided	Dry	Daylight	Clear	Other	No	No Controls	3	1	Pain Reported	2	41.79785	-71.41152	FALSE	FALSE	Pennsylvania Ave and Prairie Ave, Providence, RI, USA	FALSE	-71.41427	41.8042755	route	geometric_center	prairie ave, providence, ri, usa	Pennsylvania Ave & Prairie Ave, Providence, RI, USA	EjNQZW5uc3lsdmFuaWEgQXZlICYgUHJhaXJpZSBBdmUsIFByb3ZpZGVuY2UsIFJJLCBVU0EiZiJkChQKEgnfA9vSi0_kiRHBHGTLcxHawRIUChIJ3wPb0otP5IkRwRxky3MR2sEaFAoSCUuoqHuJT-SJEQDIPL1jp1qKGhQKEglPad_uY0XkiREcSUTGtdsaNCIKDfjY6RgVB3dv1Q	41.7978616	-71.4115321	41.7978616	-71.4115321	Med	1.635792582	Raw	NA	NA	NA	NA	FALSE	41.79785	-71.41152	2011	October
3293	2011-10-27	97848	17:36:00	Pedestrian	1	NA	FALSE	FALSE	1	ELLERY ST	UNION AVE	2011-10-27	Two-Way , Not Divided	Wet	Dark - Lighted	Rain	Not a Collision Between Two Motor Vehicles in Transport	No	Stop Signs	3	1	Pain Reported	2	41.80933	-71.43838	FALSE	FALSE	Ellery Street and Union Ave, Providence, RI, USA	FALSE	-71.438375	41.8092843	intersection	geometric_center	ellery st & union ave, providence, ri 02909, usa	NA	NA	NA	NA	41.8092843	-71.438375	Med High	5.104189029	Raw	NA	NA	NA	NA	FALSE	41.80933	-71.43838	2011	October
3292	2011-10-30	99362	13:49:00	Bicycle	NA	1	FALSE	FALSE	1	RAYMOND STREET	CHALKSTONA AVE	2011-11-05	Two-Way , Not Divided	Dry	Daylight	Clear	Other	No	Traffic Control Signal	2	0	No Injury	2	41.83419	-71.43024	FALSE	FALSE	Raymond Street and Chalkstona Ave, Providence, RI, USA	FALSE	-71.4417437	41.8322912	route	geometric_center	chalkstone ave, providence, ri, usa	Raymond Street & Chalkstone Ave, Providence, RI, USA	EjRSYXltb25kIFN0cmVldCAmIENoYWxrc3RvbmUgQXZlLCBQcm92aWRlbmNlLCBSSSwgVVNBImYiZAoUChIJp43aKKhF5IkRAO9FcVWHqsQSFAoSCaeN2iioReSJEQDvRXFVh6rEGhQKEglNsK7xB0XkiRFE20j-Blhv0RoUChIJdzMxm69F5IkRFM5IhAG4zqsiCg2OZO8YFeqbbNU	41.834203	-71.4302486	41.834203	-71.4302486	Med	1.6133964	Raw	NA	NA	NA	NA	FALSE	41.83419	-71.43024	2011	October
3291	2011-11-01	99388	17:43:00	Bicycle	NA	1	FALSE	FALSE	1	MEMORIAL BLVD	COLLEGE ST	2011-11-05	Two-Way, Divided, Positive Median Barrier	Dry	Daylight	Clear	Not a Collision Between Two Motor Vehicles in Transport	No	Traffic Control Signal	3	1	Pain Reported	NA	41.8253	-71.40882	FALSE	FALSE	Memorial Blvd and College Street, Providence, RI, USA	FALSE	-71.4088081	41.8253077	intersection	geometric_center	memorial blvd & college st, providence, ri 02903, usa	NA	NA	NA	NA	41.8253077	-71.4088081	Med High	1.307354434	Raw	NA	NA	NA	NA	FALSE	41.8253	-71.40882	2011	November
3290	2011-11-05	99925	23:10:00	Bicycle	NA	1	FALSE	FALSE	1	WASHINGTON ST	EMPIRE ST	2011-11-07	Two-Way, Divided, Unprotected (painted>4feet) Medium	Dry	Dark - Lighted	Clear	Angle (Front - to - Side) Opposite Direction	No	Traffic Control Signal	3	1	Non-Incapacitating	NA	41.82182	-71.41645	FALSE	FALSE	Washington Street and Empire Street, Providence, RI, USA	FALSE	-71.4157797	41.821349	route	geometric_center	empire st, providence, ri 02903, usa	Washington Street & Empire Street, Providence, RI, USA	EjZXYXNoaW5ndG9uIFN0cmVldCAmIEVtcGlyZSBTdHJlZXQsIFByb3ZpZGVuY2UsIFJJLCBVU0EiZiJkChQKEgmNpp3sEkXkiRHnvAEsqcaDvRIUChIJjaad7BJF5IkR57wBLKnGg70aFAoSCanazZwSReSJERoH0JajEjT2GhQKEgnHPO_pEkXkiRGhxI4iuiomFSIKDWmC7RgVI7hu1Q	41.8218601	-71.4164189	41.8218601	-71.4164189	Med	5.155853918	Raw	NA	NA	NA	NA	FALSE	41.82182	-71.41645	2011	November
3288	2011-11-07	99781	11:33:00	Pedestrian	1	NA	FALSE	FALSE	1	ELMWOOD AVE	ELMWOOD AVE	2011-11-07	Two-Way , Not Divided	Dry	Daylight	Clear	Other	Yes	No Controls	2	1	Pain Reported	NA	41.80812	-71.42473	FALSE	FALSE	Elmwood Ave and Elmwood Ave, Providence, RI, USA	FALSE	-71.4229658	41.7920613	route	geometric_center	elmwood ave, providence, ri, usa	NA	NA	NA	NA	41.7920613	-71.4229658	Med	1793.631334	Unknown	distance greater than 100m	NA	NA	NA	TRUE	NA	NA	2011	November
3289	2011-11-07	99865	14:50:00	Pedestrian	1	NA	FALSE	FALSE	1	240 REGENT AVE	NA	2011-11-07	One-Way Trafficway	Dry	Daylight	Clear	Head-On (Front - to - Front)	No	No Controls	4	1	Pain Reported	1	41.82935	-71.44315	TRUE	TRUE	240 Regent Ave, Providence, RI, USA	FALSE	-71.4434115	41.82913	premise	rooftop	240 regent ave, providence, ri 02908, usa	NA	NA	NA	NA	41.82913	-71.4434115	High	32.71499553	Raw	NA	NA	NA	NA	FALSE	41.82935	-71.44315	2011	November
3287	2011-11-08	100293	06:30:00	Pedestrian	1	NA	FALSE	FALSE	1	ATWELLS AVE	LYNCH ST	2011-11-09	Two-Way , Not Divided	Dry	Dawn	Clear	Other	Yes	No Controls	1	1	Incapacitating	NA	41.82524	-71.45222	FALSE	FALSE	Atwells Ave and Lynch Street, Providence, RI, USA	FALSE	-71.4522154	41.8252391	intersection	geometric_center	atwells ave & lynch st, providence, ri 02909, usa	NA	NA	NA	NA	41.8252391	-71.4522154	Med High	0.3945185	Raw	NA	NA	NA	NA	FALSE	41.82524	-71.45222	2011	November
3283	2011-11-09	100372	15:02:00	Bicycle	NA	1	FALSE	FALSE	1	LLOYD AVE	TABER AVE	2011-11-09	Two-Way , Not Divided	Dry	Daylight	Clear	Not a Collision Between Two Motor Vehicles in Transport	No	Stop Signs	3	1	Non-Incapacitating	2	41.83385	-71.39245	FALSE	FALSE	Lloyd Ave and Taber Ave, Providence, RI, USA	FALSE	-71.3924405	41.8338566	intersection	geometric_center	taber ave & lloyd ave, providence, ri 02906, usa	NA	NA	NA	NA	41.8338566	-71.3924405	Med High	1.077340577	Raw	NA	NA	NA	NA	FALSE	41.83385	-71.39245	2011	November
3284	2011-11-09	100379	17:14:00	Pedestrian	1	NA	FALSE	FALSE	1	WESTMINSTER ST EXIT	WESTMINSTER ST	2011-11-09	One-Way Trafficway	Dry	Dark - Not Lighted	Clear	Not a Collision Between Two Motor Vehicles in Transport	No	Traffic Control Signal	2	1	Pain Reported	NA	41.81576	-71.43865	FALSE	FALSE	Westminster Street Exit and Westminster Street, Providence, RI, USA	FALSE	-71.4257801	41.8171825	route	geometric_center	westminster st, providence, ri, usa	NA	NA	NA	NA	41.8171825	-71.4257801	Med	1079.425381	Raw	distance greater than 100m	NA	NA	NA	TRUE	41.81576	-71.43865	2011	November
3285	2011-11-09	100401	17:09:00	Pedestrian	1	NA	FALSE	FALSE	1	Atwells Ave	Newton St	2011-11-09	Two-Way , Not Divided	Wet	Dark - Lighted	Clear	Head-On (Front - to - Front)	No	No Controls	3	1	Pain Reported	NA	41.82326	-71.42223	FALSE	FALSE	Atwells Ave and Newton Street, Providence, RI, USA	FALSE	-71.4222395	41.823272	intersection	geometric_center	newton st & atwells ave, providence, ri 02903, usa	NA	NA	NA	NA	41.823272	-71.4222395	Med High	1.55097502	Raw	NA	NA	NA	NA	FALSE	41.82326	-71.42223	2011	November
3286	2011-11-09	100622	17:55:00	Pedestrian	1	NA	FALSE	FALSE	1	310 CRANSTON ST	HARRISON ST	2011-11-09	Two-Way , Not Divided	Dry	Daylight	Clear	Not a Collision Between Two Motor Vehicles in Transport	Yes	No Controls	2	1	Pain Reported	NA	41.81286	-71.42908	TRUE	FALSE	310 Cranston Street, Providence, RI, USA	FALSE	-71.4291479	41.8126796	premise	rooftop	310 cranston st, providence, ri 02907, usa	NA	NA	NA	NA	41.8126796	-71.4291479	High	20.8572752	Raw	NA	NA	NA	NA	FALSE	41.81286	-71.42908	2011	November
3282	2011-11-10	100629	11:15:00	Pedestrian	1	NA	FALSE	FALSE	1	ELMWOOD AVE	Lenox Ave	2011-11-10	Two-Way, Divided, Unprotected (painted>4feet) Medium	Wet	Daylight	Cloudy	Not a Collision Between Two Motor Vehicles in Transport	No	No Controls	3	1	Pain Reported	4	41.80357	-71.42571	FALSE	FALSE	Elmwood Ave and Lenox Ave, Providence, RI, USA	FALSE	-71.424723	41.7952146	intersection	geometric_center	lenox ave & elmwood ave, providence, ri 02907, usa	NA	NA	NA	NA	41.7952146	-71.424723	Med High	933.718391	Geocoded	distance greater than 100m	NA	NA	NA	TRUE	41.7952146	-71.424723	2011	November
3280	2011-11-11	100914	14:57:00	Bicycle	NA	1	FALSE	FALSE	1	HOPE ST	CARRINGTON AVE	2011-11-11	Two-Way , Not Divided	Dry	Daylight	Clear	Angle (Front - to - Side) Right Angle (Includes Broadside)	No	No Controls	5	0	No Injury	NA	41.83617	-71.40138	FALSE	FALSE	Hope Street and Carrington Ave, Providence, RI, USA	FALSE	-71.4011759	41.8365813	intersection	geometric_center	hope st & carrington ave, providence, ri 02906, usa	NA	NA	NA	NA	41.8365813	-71.4011759	Med High	48.81477478	Raw	NA	NA	NA	NA	FALSE	41.83617	-71.40138	2011	November
3281	2011-11-11	100945	19:04:00	Pedestrian	1	NA	FALSE	FALSE	1	HUXLEY AVE	EATON ST	2011-11-11	Two-Way, Divided, Unprotected (painted>4feet) Medium	Dry	Dark - Lighted	Clear	Head-On (Front - to - Front)	No	No Controls	4	1	Pain Reported	NA	41.84322	-71.43327	FALSE	FALSE	Huxley Ave and Eaton Street, Providence, RI, USA	FALSE	-71.433591	41.8415128	intersection	geometric_center	eaton st & huxley ave, providence, ri 02908, usa	NA	NA	NA	NA	41.8415128	-71.433591	Med High	191.900065	Raw	distance greater than 100m	NA	NA	NA	TRUE	41.84322	-71.43327	2011	November