row_number	crash_date	crash_report_id	crash_time	collision_type	count_pedestrian	count_bicycle	scooter	wheel_chair	number_of_vehicles	street_or_highway	nearest_intersection	report_date	type_of_roadway	road_surface_condition	light_condition	weather_condition	manner_of_impact	hit_and_run	traffic_control	person_count	injury_count	most_serious_injury	number_of_lanes	lat_raw	lon_raw	has_st_number	is_intersection_null	address_sent_to_geocoder	is_address_blank	lon_api_first_try	lat_api_first_try	type	loctype	address_returned_by_geocoder	address_returned_by_autocomplete	place_ids_autocompleted	lat_api_second_try	lon_api_second_try	lat_api_best	lon_api_best	api_coord_conf	distance_btwn_coords_meters	best_coordinate_set	reason_for_qa	correct_coordinates	corrected_lat	corrected_lon	manually_qaed_record	final_lat	final_lon	year	month
2952	2012-12-28	163569	15:06:00	Pedestrian	1	NA	FALSE	FALSE	1	GLENBRIDGE AVE	MANTON AVE	2012-12-28	Two-Way , Not Divided	Dry	Daylight	Clear	Not a Collision Between Two Motor Vehicles in Transport	No	Traffic Control Signal	2	1	Pain Reported	NA	41.82597	-71.45822	FALSE	FALSE	Glenbridge Ave and Manton Ave, Providence, RI, USA	FALSE	-71.4582318	41.8259774	intersection	geometric_center	glenbridge ave & manton ave, providence, ri 02909, usa	NA	NA	NA	NA	41.8259774	-71.4582318	Med High	1.279340119	Raw	NA	NA	NA	NA	FALSE	41.82597	-71.45822	2012	December
2953	2012-12-28	163829	06:34:00	Pedestrian	1	NA	FALSE	FALSE	1	Thackery St	ELMWOOD AVE	2012-12-29	Two-Way , Not Divided	Dry	Dawn	Clear	Not a Collision Between Two Motor Vehicles in Transport	No	No Controls	2	1	Incapacitating	2	41.79218	-71.42255	FALSE	FALSE	Thackery Street and Elmwood Ave, Providence, RI, USA	FALSE	-71.4229658	41.7920613	intersection	geometric_center	thackery st & elmwood ave, providence, ri 02907, usa	NA	NA	NA	NA	41.7920613	-71.4229658	Med High	36.95304934	Raw	NA	NA	NA	NA	FALSE	41.79218	-71.42255	2012	December
2951	2013-01-01	163984	06:01:00	Pedestrian	1	NA	FALSE	FALSE	1	VALLEY ST	JEWETT ST	2013-01-01	Two-Way , Not Divided	Wet	Dark - Lighted	Clear	Other	Yes	No Controls	1	1	Pain Reported	NA	41.83221	-71.42769	FALSE	FALSE	Valley Street and Jewett Street, Providence, RI, USA	FALSE	-71.4277108	41.8321931	intersection	geometric_center	valley st & jewett st, providence, ri 02908, usa	NA	NA	NA	NA	41.8321931	-71.4277108	Med High	2.552595747	Raw	NA	NA	NA	NA	FALSE	41.83221	-71.42769	2013	January
2950	2013-01-02	164257	19:00:00	Pedestrian	1	NA	FALSE	FALSE	1	DOUGLAS AVE	DOUGLAS AVE	2013-01-02	Two-Way , Not Divided	Dry	Dark - Lighted	Clear	Unknown	Yes	No Controls	1	1	Pain Reported	NA	41.84915	-71.43258	FALSE	FALSE	Douglas Ave and Douglas Ave, Providence, RI, USA	FALSE	-71.4649957	41.8715442	intersection	geometric_center	douglas turnpike & douglas ave, north providence, ri 02904, usa	NA	NA	NA	NA	41.8715442	-71.4649957	Med High	3665.697799	Unknown	distance greater than 100m	NA	NA	NA	TRUE	NA	NA	2013	January
2949	2013-01-03	164302	19:36:00	Pedestrian	1	NA	FALSE	FALSE	1	731 Eddy st.	NA	2013-01-03	Unknown	Dry	Dark - Lighted	Clear	Not a Collision Between Two Motor Vehicles in Transport	Yes	No Controls	1	1	Pain Reported	NA	41.82849	-71.40959	TRUE	TRUE	731 Eddy St., Providence, RI, USA	FALSE	-71.4075635	41.8078196	premise	rooftop	731 eddy st, providence, ri 02903, usa	NA	NA	NA	NA	41.8078196	-71.4075635	High	2307.152183	Geocoded	distance greater than 100m	NA	NA	NA	TRUE	41.8078196	-71.4075635	2013	January
2948	2013-01-07	164565	18:25:00	Pedestrian	1	NA	FALSE	FALSE	1	MANTON AVE	CHALKSTONE AVE	2013-01-07	Two-Way , Not Divided	Dry	Dark - Lighted	Clear	Not a Collision Between Two Motor Vehicles in Transport	Yes	No Controls	1	1	Pain Reported	2	41.83391	-71.46733	FALSE	FALSE	Manton Ave and Chalkstone Ave, Providence, RI, USA	FALSE	-71.4669005	41.8339433	intersection	geometric_center	chalkstone ave & manton ave, providence, ri 02909, usa	NA	NA	NA	NA	41.8339433	-71.4669005	Med High	35.81596431	Raw	NA	NA	NA	NA	FALSE	41.83391	-71.46733	2013	January
2946	2013-01-08	164684	11:35:00	Pedestrian	1	NA	FALSE	FALSE	1	1075 CHALKSTONE AVE	GENEVA ST	2013-01-08	Unknown	Dry	Daylight	Clear	Other	No	No Controls	2	1	Pain Reported	NA	41.83228	-71.44072	TRUE	FALSE	1075 Chalkstone Ave, Providence, RI, USA	FALSE	-71.4435246	41.8324241	street_address	rooftop	1075 chalkstone ave, providence, ri 02908, usa	NA	NA	NA	NA	41.8324241	-71.4435246	High	233.1774406	Raw	distance greater than 100m	NA	NA	NA	TRUE	41.83228	-71.44072	2013	January
2947	2013-01-08	164685	13:17:00	Pedestrian	1	NA	FALSE	FALSE	1	617 HARTFORD AVE	KING PHILIP ST	2013-01-08	Unknown	Dry	Daylight	Clear	Other	No	No Controls	3	1	Pain Reported	NA	41.81954	-71.46551	TRUE	FALSE	617 Hartford Ave, Providence, RI, USA	FALSE	-71.4652789	41.8197116	street_address	rooftop	617 hartford ave, providence, ri 02909, usa	NA	NA	NA	NA	41.8197116	-71.4652789	High	27.06428591	Raw	NA	NA	NA	NA	FALSE	41.81954	-71.46551	2013	January
2945	2013-01-10	165885	10:41:00	Pedestrian	1	NA	FALSE	FALSE	1	FRANCIS ST	AMERICAN EXPRESS PLZ	2013-01-17	Two-Way, Divided, Unprotected (painted>4feet) Medium	Dry	Dark - Lighted	Clear	Other	No	Traffic Control Signal	3	1	Pain Reported	NA	41.82745	-71.41541	FALSE	FALSE	Francis Street and American Express Plz, Providence, RI, USA	FALSE	-71.4128343	41.8239891	locality	approximate	providence, ri, usa	NA	NA	NA	NA	41.8239891	-71.4128343	Med	440.545949	Raw	distance greater than 100m	NA	NA	NA	TRUE	41.82745	-71.41541	2013	January
2943	2013-01-12	165201	07:38:00	Pedestrian	1	NA	FALSE	FALSE	1	FRANCIS STREET	GASPEE STREET	2013-01-12	Two-Way, Divided, Positive Median Barrier	Wet	Daylight	Rain	Head-On (Front - to - Front)	No	Traffic Control Signal	3	1	Pain Reported	4	41.82678	-71.41875	FALSE	FALSE	Francis Street and Gaspee Street, Providence, RI, USA	FALSE	-71.413218	41.8298918	route	geometric_center	gaspee st, providence, ri 02903, usa	NA	NA	NA	NA	41.8298918	-71.413218	Med	574.9456434	Neither	distance greater than 100m	41.829167, -71.415167	41.829167	-71.415167	TRUE	41.829167	-71.415167	2013	January
2944	2013-01-12	165286	22:57:00	Pedestrian	1	NA	FALSE	FALSE	1	Parade St.	CHAPIN AVE	2013-01-13	Two-Way , Not Divided	Wet	Dark - Lighted	Sleet, Hail (Freezing Rain or Drizzle)	Not a Collision Between Two Motor Vehicles in Transport	No	Stop Signs	2	1	Pain Reported	2	41.81192	-71.43118	FALSE	FALSE	Parade St. and Chapin Ave, Providence, RI, USA	FALSE	-71.4311711	41.8119296	intersection	geometric_center	chapin ave & parade st, providence, ri 02909, usa	NA	NA	NA	NA	41.8119296	-71.4311711	Med High	1.298976561	Raw	NA	NA	NA	NA	FALSE	41.81192	-71.43118	2013	January
2942	2013-01-13	165282	14:56:00	Bicycle	NA	1	FALSE	FALSE	1	CUMERFORD ST	DORA ST	2013-01-13	Two-Way , Not Divided	Dry	Daylight	Clear	Not a Collision Between Two Motor Vehicles in Transport	No	Stop Signs	4	1	Pain Reported	2	41.80928	-71.44364	FALSE	FALSE	Cumerford Street and Dora Street, Providence, RI, USA	FALSE	-71.443642	41.809284	intersection	geometric_center	dora st & cumerford st, providence, ri 02909, usa	NA	NA	NA	NA	41.809284	-71.443642	Med High	0.475195954	Raw	NA	NA	NA	NA	FALSE	41.80928	-71.44364	2013	January
2940	2013-01-19	166047	18:16:00	Bicycle	NA	1	FALSE	FALSE	1	IVES ST	PRESTON ST	2013-01-19	Two-Way , Not Divided	Dry	Dark - Lighted	Clear	Angle - Direction Not Specified	No	No Controls	4	1	Pain Reported	NA	41.82438	-71.39242	FALSE	FALSE	Ives Street and Preston Street, Providence, RI, USA	FALSE	-71.3923639	41.8243449	intersection	geometric_center	ives st & preston st, providence, ri 02906, usa	NA	NA	NA	NA	41.8243449	-71.3923639	Med High	6.076548679	Raw	NA	NA	NA	NA	FALSE	41.82438	-71.39242	2013	January
2941	2013-01-19	166075	22:02:00	Pedestrian	1	NA	FALSE	FALSE	1	Empire St.	Westminster St.	2013-01-19	Two-Way , Not Divided	Dry	Dark - Lighted	Clear	Not a Collision Between Two Motor Vehicles in Transport	No	Traffic Control Signal	5	1	Pain Reported	3	41.82092	-71.41525	FALSE	FALSE	Empire St. and Westminster St., Providence, RI, USA	FALSE	-71.4153246	41.8209888	intersection	geometric_center	empire st & westminster st, providence, ri 02903, usa	NA	NA	NA	NA	41.8209888	-71.4153246	Med High	9.846690984	Raw	NA	NA	NA	NA	FALSE	41.82092	-71.41525	2013	January
2939	2013-01-20	166079	04:42:00	Pedestrian	1	NA	FALSE	FALSE	1	EDDY ST	VERMONT AVE	2013-01-20	Two-Way , Not Divided	Dry	Dark - Lighted	Clear	Not a Collision Between Two Motor Vehicles in Transport	Yes	Stop Signs	2	1	Pain Reported	NA	41.78756	-71.40242	FALSE	FALSE	Eddy Street and Vermont Ave, Providence, RI, USA	FALSE	-71.4024104	41.7875793	intersection	geometric_center	vermont ave & eddy st, providence, ri 02905, usa	NA	NA	NA	NA	41.7875793	-71.4024104	Med High	2.291468814	Raw	NA	NA	NA	NA	FALSE	41.78756	-71.40242	2013	January
2938	2013-01-22	166276	10:11:00	Pedestrian	1	NA	FALSE	FALSE	1	425 DEXTER ST	WALDO ST	2013-01-22	Two-Way , Not Divided	Slush	Daylight	Clear	Not a Collision Between Two Motor Vehicles in Transport	Yes	No Controls	1	1	Pain Reported	NA	41.80458	-71.42994	TRUE	FALSE	425 Dexter Street, Providence, RI, USA	FALSE	-71.4301943	41.8050009	premise	rooftop	425 dexter st, providence, ri 02907, usa	NA	NA	NA	NA	41.8050009	-71.4301943	High	51.3869321	Raw	NA	NA	NA	NA	FALSE	41.80458	-71.42994	2013	January
2937	2013-01-23	166548	14:46:00	Pedestrian	1	NA	FALSE	FALSE	1	LENOX AVE	NIAGARA ST	2013-01-23	Two-Way , Not Divided	Dry	Daylight	Clear	Other	Yes	No Controls	1	1	Pain Reported	2	41.79732	-71.41794	FALSE	FALSE	Lenox Ave and Niagara Street, Providence, RI, USA	FALSE	-71.4179306	41.7973363	intersection	geometric_center	lenox ave & niagara st, providence, ri 02907, usa	NA	NA	NA	NA	41.7973363	-71.4179306	Med High	1.975093864	Raw	NA	NA	NA	NA	FALSE	41.79732	-71.41794	2013	January
2936	2013-01-25	166932	22:58:00	Pedestrian	1	NA	FALSE	FALSE	1	WESTMINSTER ST	MEMORIAL BLVD	2013-01-27	Two-Way , Not Divided	Wet	Dark - Lighted	Cloudy	Not a Collision Between Two Motor Vehicles in Transport	No	Traffic Control Signal	3	1	Pain Reported	NA	41.82529	-71.40898	FALSE	FALSE	Westminster Street and Memorial Blvd, Providence, RI, USA	FALSE	-71.4088081	41.8253077	intersection	geometric_center	memorial blvd & westminster st, providence, ri 02903, usa	NA	NA	NA	NA	41.8253077	-71.4088081	Med High	14.39514678	Raw	NA	NA	NA	NA	FALSE	41.82529	-71.40898	2013	January
2935	2013-01-27	166959	19:14:00	Pedestrian	1	NA	FALSE	FALSE	1	CHALKSTONE AVE	RUGGLES ST	2013-01-27	Two-Way , Not Divided	Dry	Dark - Lighted	Clear	Head-On (Front - to - Front)	Yes	No Controls	2	1	Pain Reported	2	41.83461	-71.42819	FALSE	FALSE	Chalkstone Ave and Ruggles Street, Providence, RI, USA	FALSE	-71.4281355	41.834637	intersection	geometric_center	chalkstone ave & ruggles st, providence, ri 02908, usa	NA	NA	NA	NA	41.834637	-71.4281355	Med High	5.42833658	Raw	NA	NA	NA	NA	FALSE	41.83461	-71.42819	2013	January
2933	2013-01-28	167091	12:43:00	Pedestrian	1	NA	FALSE	FALSE	1	356 SMITH STREET	NA	2013-01-28	Two-Way , Not Divided	Dry	Daylight	Clear	Other	No	No Controls	2	1	Pain Reported	2	41.82678	-71.41875	TRUE	TRUE	356 Smith Street, Providence, RI, USA	FALSE	-71.4236393	41.8342601	premise	rooftop	356 smith st, providence, ri 02908, usa	NA	NA	NA	NA	41.8342601	-71.4236393	High	926.1903031	Neither	distance greater than 100m	41.834417, -71.423611	41.834417	-71.423611	TRUE	41.834417	-71.423611	2013	January
2934	2013-01-28	167092	18:32:00	Pedestrian	1	NA	FALSE	FALSE	1	FRANCIS ST	MEMORIAL BLVD	2013-01-28	Two-Way , Not Divided	Dry	Dark - Lighted	Rain	Not a Collision Between Two Motor Vehicles in Transport	Yes	No Controls	1	0	No Injury	NA	41.82691	-71.41548	FALSE	FALSE	Francis Street and Memorial Blvd, Providence, RI, USA	FALSE	-71.4134258	41.8263996	route	geometric_center	memorial blvd, providence, ri 02903, usa	Francis Street & Memorial Blvd, Providence, RI, USA	EjNGcmFuY2lzIFN0cmVldCAmIE1lbW9yaWFsIEJsdmQsIFByb3ZpZGVuY2UsIFJJLCBVU0EiZiJkChQKEgkDtc6dEUXkiRFK7mftfMbegBIUChIJA7XOnRFF5IkRSu5n7XzG3oAaFAoSCeMKJVkQReSJEQnXa5JsDkKbGhQKEgn3LDO1FkXkiRGsznR5eOTavSIKDRwg7hgVW-Bu1Q	41.8258972	-71.4153893	41.8258972	-71.4153893	Med	112.9951405	Raw	distance greater than 100m	NA	NA	NA	TRUE	41.82691	-71.41548	2013	January
2931	2013-01-30	167471	21:25:00	Pedestrian	1	NA	FALSE	FALSE	1	Washington St.	Exchange St.	2013-01-30	One-Way Trafficway	Wet	Dark - Lighted	Cloudy	Not a Collision Between Two Motor Vehicles in Transport	No	Flashing Traffic Control Signal	3	1	Pain Reported	2	41.82565	-71.41111	FALSE	FALSE	Washington St. and Exchange St., Providence, RI, USA	FALSE	-71.4118704	41.8265115	route	geometric_center	exchange st, providence, ri 02903, usa	Washington St & Exchange St, Providence, RI, USA	EjBXYXNoaW5ndG9uIFN0ICYgRXhjaGFuZ2UgU3QsIFByb3ZpZGVuY2UsIFJJLCBVU0EiZiJkChQKEgl_Eq7GFkXkiRFuTEBUOY40ohIUChIJfxKuxhZF5IkRbkxAVDmONKIaFAoSCanazZwSReSJERoH0JajEjT2GhQKEgnRUp_XFkXkiREXSs7Pp9GNDiIKDWcZ7hgVVYpv1Q	41.8257255	-71.4110379	41.8257255	-71.4110379	Med	10.31546095	Raw	NA	NA	NA	NA	FALSE	41.82565	-71.41111	2013	January
2932	2013-01-30	167581	12:53:00	Bicycle	1	NA	FALSE	FALSE	1	ATWOOD ST	PLAINFIELD ST	2013-02-02	One-Way Trafficway	Dry	Daylight	Clear	Not a Collision Between Two Motor Vehicles in Transport	No	Traffic Control Signal	3	0	No Injury	NA	41.81596	-71.44507	FALSE	FALSE	Atwood Street and Plainfield Street, Providence, RI, USA	FALSE	-71.4450491	41.8159764	intersection	geometric_center	atwood st & plainfield st, providence, ri 02909, usa	NA	NA	NA	NA	41.8159764	-71.4450491	Med High	2.5178623	Raw	NA	NA	NA	NA	FALSE	41.81596	-71.44507	2013	January
2930	2013-02-02	167619	19:00:00	Pedestrian	1	NA	FALSE	FALSE	1	CHALKSTONE AVENUE	BILTMORE AVENUE	2013-02-02	Two-Way , Not Divided	Dry	Dark - Lighted	Clear	Not a Collision Between Two Motor Vehicles in Transport	No	No Controls	3	1	Pain Reported	2	41.8217	-71.45485	FALSE	FALSE	Chalkstone Avenue and Biltmore Avenue, Providence, RI, USA	FALSE	-71.4378466	41.8328452	intersection	geometric_center	chalkstone ave & biltmore ave, providence, ri 02908, usa	NA	NA	NA	NA	41.8328452	-71.4378466	Med High	1878.465606	Geocoded	distance greater than 100m	NA	NA	NA	TRUE	41.8328452	-71.4378466	2013	February
2929	2013-02-03	167689	00:51:00	Pedestrian	1	NA	FALSE	FALSE	1	BROAD ST	SERVICE ROAD 7	2013-02-03	One-Way Trafficway	Dry	Dark - Lighted	Clear	Not a Collision Between Two Motor Vehicles in Transport	Yes	No Controls	1	1	Incapacitating	NA	41.81736	-71.41696	FALSE	FALSE	Broad Street and Service Road 7, Providence, RI, USA	FALSE	-71.4200451	41.8199608	route	geometric_center	service rd 1, providence, ri, usa	Broad Street & Service Road 7th, Providence, RI, USA	EjRCcm9hZCBTdHJlZXQgJiBTZXJ2aWNlIFJvYWQgN3RoLCBQcm92aWRlbmNlLCBSSSwgVVNBImYiZAoUChIJbbRukG1F5IkRg0XEjUgVvRgSFAoSCW20bpBtReSJEYNFxI1IFb0YGhQKEgmD3n3VjE_kiREsosqTmEsIoxoUChIJB3h0QnZF5IkRyxFdBkwhBUwiCg0k0-wYFUejbtU	41.8173732	-71.4169529	41.8173732	-71.4169529	Med	1.583084453	Raw	NA	NA	NA	NA	FALSE	41.81736	-71.41696	2013	February
2927	2013-02-09	168319	15:57:00	Pedestrian	1	NA	FALSE	FALSE	1	650 SMITH ST	NA	2013-02-09	Two-Way , Not Divided	Snow	Daylight	Clear	Head-On (Front - to - Front)	No	No Controls	2	1	Pain Reported	2	41.83694	-71.43209	TRUE	TRUE	650 Smith Street, Providence, RI, USA	FALSE	-71.4327236	41.837053	street_address	rooftop	650 smith st, providence, ri 02908, usa	NA	NA	NA	NA	41.837053	-71.4327236	High	54.0341644	Raw	NA	NA	NA	NA	FALSE	41.83694	-71.43209	2013	February
2928	2013-02-09	170067	08:53:00	Pedestrian	1	NA	FALSE	FALSE	1	BROADWAY	ALMY ST	2013-02-20	Two-Way , Not Divided	Snow	Daylight	Blowing Snow	Not a Collision Between Two Motor Vehicles in Transport	Yes	Traffic Control Signal	1	1	Pain Reported	2	41.81896	-71.43294	FALSE	FALSE	Broadway and Almy Street, Providence, RI, USA	FALSE	-71.4332086	41.8196567	route	geometric_center	almy st, providence, ri 02909, usa	Broadway & Almy Street, Providence, RI, USA	EitCcm9hZHdheSAmIEFsbXkgU3RyZWV0LCBQcm92aWRlbmNlLCBSSSwgVVNBImYiZAoUChIJf2wiiJ5F5IkRjn4qkn9k29gSFAoSCX9sIoieReSJEY5-KpJ_ZNvYGhQKEgmlteWGdUXkiREawjOx16RvsxoUChIJ51EWjJ5F5IkRlA-oyGoufZoiCg2qEe0YFbcybNU	41.8189738	-71.4329417	41.8189738	-71.4329417	Med	1.542669349	Raw	NA	NA	NA	NA	FALSE	41.81896	-71.43294	2013	February
2926	2013-02-12	168576	13:45:00	Pedestrian	1	NA	FALSE	FALSE	1	HAYES ST	Providence Place	2013-02-12	One-Way Trafficway	Wet	Dark - Lighted	Clear	Other	Yes	No Controls	3	1	Pain Reported	1	41.82932	-71.41733	FALSE	FALSE	Hayes Street and Providence Place, Providence, RI, USA	FALSE	-71.4218026	41.8284801	route	geometric_center	providence pl, providence, ri 02903, usa	NA	NA	NA	NA	41.8284801	-71.4218026	Med	382.5958793	Raw	distance greater than 100m	NA	NA	NA	TRUE	41.82932	-71.41733	2013	February
2925	2013-02-13	168711	16:42:00	Bicycle	NA	1	FALSE	FALSE	1	W RIVER ST	BRANCH AVE	2013-02-13	Two-Way , Not Divided	Wet	Daylight	Clear	Not a Collision Between Two Motor Vehicles in Transport	No	Pavement Markings	2	1	Pain Reported	2	41.84688	-71.4127	FALSE	FALSE	W River Street and Branch Ave, Providence, RI, USA	FALSE	-71.4126689	41.8468987	intersection	geometric_center	w river st & branch ave, providence, ri 02904, usa	NA	NA	NA	NA	41.8468987	-71.4126689	Med High	3.314284774	Raw	NA	NA	NA	NA	FALSE	41.84688	-71.4127	2013	February
2924	2013-02-15	169019	22:58:00	Bicycle	NA	1	FALSE	FALSE	1	Washington Street	MATHEWSON ST	2013-02-15	Two-Way , Not Divided	Wet	Dark - Lighted	Clear	Not a Collision Between Two Motor Vehicles in Transport	Yes	Traffic Control Signal	1	1	Pain Reported	NA	41.82305	-71.4148	FALSE	FALSE	Washington Street and Mathewson Street, Providence, RI, USA	FALSE	-71.4147864	41.8230454	intersection	geometric_center	mathewson st & washington st, providence, ri 02903, usa	NA	NA	NA	NA	41.8230454	-71.4147864	Med High	1.238974959	Raw	NA	NA	NA	NA	FALSE	41.82305	-71.4148	2013	February
2922	2013-02-16	169020	01:55:00	Pedestrian	1	NA	FALSE	FALSE	1	ABORN ST	WASHINGTON ST	2013-02-16	One-Way Trafficway	Snow	Dark - Lighted	Cloudy	Rear End(Front-to-Rear)	No	No Controls	3	1	Pain Reported	NA	41.82185	-71.41544	FALSE	FALSE	Aborn Street and Washington Street, Providence, RI, USA	FALSE	-71.4159277	41.8222378	intersection	geometric_center	aborn st & washington st, providence, ri 02903, usa	NA	NA	NA	NA	41.8222378	-71.4159277	Med High	59.16503231	Raw	NA	NA	NA	NA	FALSE	41.82185	-71.41544	2013	February
2923	2013-02-16	169206	13:50:00	Pedestrian	1	NA	FALSE	FALSE	1	99 KENNEDY PLAZA	NA	2013-02-17	One-Way Trafficway	Wet	Daylight	Snow	Other	No	No Controls	4	1	Pain Reported	1	41.82602	-71.41884	TRUE	TRUE	99 Kennedy Plaza, Providence, RI, USA	FALSE	-71.4123453	41.8244292	premise	rooftop	99 kennedy plaza, providence, ri 02903, usa	NA	NA	NA	NA	41.8244292	-71.4123453	High	567.1145844	Neither	distance greater than 100m	41.824611, -71.412556	41.824611	-71.412556	TRUE	41.824611	-71.412556	2013	February
2921	2013-02-22	170973	14:30:00	Pedestrian	1	NA	FALSE	FALSE	1	N MAIN ST	N MAIN ST	2013-03-04	Two-Way , Not Divided	Dry	Daylight	Clear	Other	Yes	Stop Signs	1	1	Pain Reported	NA	41.83646	-71.40963	FALSE	FALSE	N Main Street and N Main Street, Providence, RI, USA	FALSE	-71.2873641	41.7371398	route	geometric_center	n main st, rhode island, usa	North Main Street & South Main Street, Providence, RI, USA	EjpOb3J0aCBNYWluIFN0cmVldCAmIFNvdXRoIE1haW4gU3RyZWV0LCBQcm92aWRlbmNlLCBSSSwgVVNBImYiZAoUChIJD1urSRZF5IkRzGbOghZosXsSFAoSCQ9bq0kWReSJEcxmzoIWaLF7GhQKEgn5-kE93kTkiRFf162-DVwjPxoUChIJxfz7Uz5F5IkRx3FZv-YChPQiCg2TF-4YFdUHcNU	41.8256787	-71.4078251	41.8256787	-71.4078251	Med	1209.470106	Raw	distance greater than 100m	NA	NA	NA	TRUE	41.83646	-71.40963	2013	February
2918	2013-02-23	170086	10:59:00	Pedestrian	1	NA	FALSE	FALSE	1	1070 HOPE STREET	BLACKSTONE BLVD	2013-02-23	Two-Way , Not Divided	Dry	Daylight	Clear	Other	No	No Controls	3	1	Non-Incapacitating	2	41.83349	-71.41682	TRUE	FALSE	1070 Hope Street, Providence, RI, USA	FALSE	-71.3915134	41.8564793	street_address	rooftop	1070 hope st, providence, ri 02906, usa	NA	NA	NA	NA	41.8564793	-71.3915134	High	3309.605146	Geocoded	distance greater than 100m	NA	NA	NA	TRUE	41.8564793	-71.3915134	2013	February
2919	2013-02-23	170141	02:45:00	Pedestrian	1	NA	FALSE	FALSE	1	UNION ST	WASHINGTON ST	2013-02-24	Two-Way , Not Divided	Dry	Dark - Lighted	Clear	Not a Collision Between Two Motor Vehicles in Transport	Yes	No Controls	1	1	Pain Reported	NA	41.82364	-71.41405	FALSE	FALSE	Union Street and Washington Street, Providence, RI, USA	FALSE	-71.4128343	41.8239891	locality	approximate	providence, ri, usa	Union Street & Washington Street, Providence, RI, USA	EjVVbmlvbiBTdHJlZXQgJiBXYXNoaW5ndG9uIFN0cmVldCwgUHJvdmlkZW5jZSwgUkksIFVTQSJmImQKFAoSCXvJS8cTReSJEcVp0B49EFpXEhQKEgl7yUvHE0XkiRHFadAePRBaVxoUChIJc0CzlRNF5IkRkkTXyjBrnRAaFAoSCanazZwSReSJERoH0JajEjT2IgoN_cbtGBWuFm_V	41.8236157	-71.4139986	41.8236157	-71.4139986	Med	5.049582009	Raw	NA	NA	NA	NA	FALSE	41.82364	-71.41405	2013	February
2920	2013-02-23	170280	13:53:00	Other	NA	NA	FALSE	TRUE	1	WESTMINSTER ST	EMPIRE ST	2013-02-26	Two-Way , Not Divided	Dry	Daylight	Cloudy	Not a Collision Between Two Motor Vehicles in Transport	No	Traffic Control Signal	4	1	Non-Incapacitating	NA	41.82097	-71.41532	FALSE	FALSE	Westminster Street and Empire Street, Providence, RI, USA	FALSE	-71.4153246	41.8209888	intersection	geometric_center	empire st & westminster st, providence, ri 02903, usa	NA	NA	NA	NA	41.8209888	-71.4153246	Med High	2.127314131	Raw	NA	NA	NA	NA	FALSE	41.82097	-71.41532	2013	February
2916	2013-02-24	170159	16:22:00	Bicycle	NA	1	FALSE	FALSE	1	College St	BENEFIT ST	2013-02-24	Two-Way , Not Divided	Wet	Daylight	Rain	Unknown	No	Stop Signs	2	1	Pain Reported	2	41.82599	-71.40684	FALSE	FALSE	College Street and Benefit Street, Providence, RI, USA	FALSE	-71.4068354	41.8260134	route	geometric_center	benefit st, providence, ri, usa	College Street & Benefit Street, Providence, RI, USA	EjRDb2xsZWdlIFN0cmVldCAmIEJlbmVmaXQgU3RyZWV0LCBQcm92aWRlbmNlLCBSSSwgVVNBImYiZAoUChIJT1PH0hdF5IkRsjAAs9BpeJgSFAoSCU9Tx9IXReSJEbIwALPQaXiYGhQKEgnR5cstFkXkiRH1TvxbNfBkPhoUChIJedk4CD1F5IkRxfbmqgrCUioiCg2mJO4YFX4ucNU	41.8260134	-71.4068354	41.8260134	-71.4068354	Med	2.632676064	Raw	NA	NA	NA	NA	FALSE	41.82599	-71.40684	2013	February
2917	2013-02-24	170166	18:43:00	Bicycle	NA	1	FALSE	FALSE	1	BRANCH AVE	CHARLES ST	2013-02-24	Two-Way , Not Divided	Wet	Dark - Lighted	Rain	Not a Collision Between Two Motor Vehicles in Transport	No	Traffic Control Signal	3	1	Pain Reported	2	41.85021	-71.41986	FALSE	FALSE	Branch Ave and Charles Street, Providence, RI, USA	FALSE	-71.419991	41.8503047	intersection	geometric_center	charles st & branch ave, providence, ri 02904, usa	NA	NA	NA	NA	41.8503047	-71.419991	Med High	15.13703126	Raw	NA	NA	NA	NA	FALSE	41.85021	-71.41986	2013	February
2914	2013-02-25	170251	18:55:00	Pedestrian	1	NA	FALSE	FALSE	1	165 Pitman St	BUTLER AVE	2013-02-25	Two-Way , Not Divided	Dry	Dark - Lighted	Clear	Not a Collision Between Two Motor Vehicles in Transport	No	No Controls	2	1	Pain Reported	NA	41.8268	-71.38605	TRUE	FALSE	165 Pitman Street, Providence, RI, USA	FALSE	-71.386453	41.825466	street_address	rooftop	165 pitman st, providence, ri 02906, usa	NA	NA	NA	NA	41.825466	-71.386453	High	152.2164767	Raw	distance greater than 100m	NA	NA	NA	TRUE	41.8268	-71.38605	2013	February
2915	2013-02-25	170287	12:50:00	Pedestrian	1	NA	FALSE	FALSE	1	601 N MAIN ST	N MAIN ST	2013-02-26	Two-Way, Divided, Unprotected (painted>4feet) Medium	Dry	Daylight	Clear	Other	No	No Controls	3	1	Pain Reported	NA	41.83706	-71.40951	TRUE	FALSE	601 N Main Street, Providence, RI, USA	FALSE	-71.4083214	41.8372393	subpremise	rooftop	601 n main st, providence, ri 02904, usa	NA	NA	NA	NA	41.8372393	-71.4083214	High	100.5802909	Raw	distance greater than 100m	NA	NA	NA	TRUE	41.83706	-71.40951	2013	February
2913	2013-02-26	170368	18:58:00	Pedestrian	1	NA	FALSE	FALSE	1	ALLENS AVE	EDDY ST	2013-02-26	Two-Way, Divided, Positive Median Barrier	Dry	Dark - Not Lighted	Clear	Head-On (Front - to - Front)	No	No Controls	3	1	Non-Incapacitating	4	41.81505	-71.4066	FALSE	FALSE	Allens Ave and Eddy Street, Providence, RI, USA	FALSE	-71.4067286	41.8149779	intersection	geometric_center	allens ave & eddy st, providence, ri 02903, usa	NA	NA	NA	NA	41.8149779	-71.4067286	Med High	13.35129497	Raw	NA	NA	NA	NA	FALSE	41.81505	-71.4066	2013	February