row_number	crash_date	crash_report_id	crash_time	collision_type	count_pedestrian	count_bicycle	scooter	wheel_chair	number_of_vehicles	street_or_highway	nearest_intersection	report_date	type_of_roadway	road_surface_condition	light_condition	weather_condition	manner_of_impact	hit_and_run	traffic_control	person_count	injury_count	most_serious_injury	number_of_lanes	lat_raw	lon_raw	has_st_number	is_intersection_null	address_sent_to_geocoder	is_address_blank	lon_api_first_try	lat_api_first_try	type	loctype	address_returned_by_geocoder	address_returned_by_autocomplete	place_ids_autocompleted	lat_api_second_try	lon_api_second_try	lat_api_best	lon_api_best	api_coord_conf	distance_btwn_coords_meters	best_coordinate_set	reason_for_qa	correct_coordinates	corrected_lat	corrected_lon	manually_qaed_record	final_lat	final_lon	year	month
2912	2013-02-28	170600	06:57:00	Bicycle	NA	1	FALSE	FALSE	1	EDDY STREET	RHODES STREET	2013-02-28	Two-Way , Not Divided	Wet	Daylight	Clear	Other	No	No Controls	2	1	Non-Incapacitating	2	41.82672	-71.41981	FALSE	FALSE	Eddy Street and Rhodes Street, Providence, RI, USA	FALSE	-71.4072355	41.808252	intersection	geometric_center	rhodes st & eddy st, providence, ri 02905, usa	NA	NA	NA	NA	41.808252	-71.4072355	Med High	2305.39068	Geocoded	distance greater than 100m	NA	NA	NA	TRUE	41.808252	-71.4072355	2013	February
2909	2013-03-01	170751	07:30:00	Pedestrian	2	NA	FALSE	FALSE	1	PETTEYS AVE	GLENBRIDGE AVE	2013-03-01	Two-Way , Not Divided	Dry	Daylight	Clear	Head-On (Front - to - Front)	No	Traffic Control Signal	5	2	Pain Reported	NA	41.81891	-71.46165	FALSE	FALSE	Petteys Ave and Glenbridge Ave, Providence, RI, USA	FALSE	-71.4615818	41.8190078	intersection	geometric_center	glenbridge ave & petteys ave, providence, ri 02909, usa	NA	NA	NA	NA	41.8190078	-71.4615818	Med High	12.26949108	Raw	NA	NA	NA	NA	FALSE	41.81891	-71.46165	2013	March
2910	2013-03-01	170770	12:40:00	Bicycle	NA	1	FALSE	FALSE	1	WASHINGTON ST	CLEMENCE ST	2013-03-01	Two-Way , Not Divided	Dry	Daylight	Clear	Sideswipe, Same Direction	No	No Controls	3	1	Pain Reported	NA	41.82332	-71.4144	FALSE	FALSE	Washington Street and Clemence Street, Providence, RI, USA	FALSE	-71.4143636	41.8233349	intersection	geometric_center	clemence st & washington st, providence, ri 02903, usa	NA	NA	NA	NA	41.8233349	-71.4143636	Med High	3.445153598	Raw	NA	NA	NA	NA	FALSE	41.82332	-71.4144	2013	March
2911	2013-03-01	171050	07:44:00	Pedestrian	1	NA	FALSE	FALSE	1	CHARLES ST	CHARLES ST	2013-03-04	Two-Way , Not Divided	Dry	Daylight	Clear	Other	No	No Controls	2	1	Pain Reported	NA	41.84834	-71.41968	FALSE	FALSE	Charles Street and Charles Street, Providence, RI, USA	FALSE	-71.419539	41.8474982	route	geometric_center	charles st, providence, ri, usa	NA	NA	NA	NA	41.8474982	-71.419539	Med	94.43536724	Raw	NA	NA	NA	NA	FALSE	41.84834	-71.41968	2013	March
2908	2013-03-02	170906	20:05:00	Bicycle	NA	1	FALSE	FALSE	1	BRANCH AVE	LANGDON ST	2013-03-03	Two-Way , Not Divided	Dry	Dark - Lighted	Clear	Not a Collision Between Two Motor Vehicles in Transport	No	Stop Signs	3	1	Pain Reported	NA	41.85221	-71.42447	FALSE	FALSE	Branch Ave and Langdon Street, Providence, RI, USA	FALSE	-71.4244214	41.8521995	intersection	geometric_center	langdon st & branch ave, providence, ri 02904, usa	NA	NA	NA	NA	41.8521995	-71.4244214	Med High	4.195923389	Raw	NA	NA	NA	NA	FALSE	41.85221	-71.42447	2013	March
2906	2013-03-06	171350	18:12:00	Pedestrian	1	NA	FALSE	FALSE	1	82 SMITH ST	NA	2013-03-06	Two-Way , Not Divided	Wet	Dark - Lighted	Rain	Other	No	No Controls	4	1	Pain Reported	4	41.83159	-71.41353	TRUE	TRUE	82 Smith Street, Providence, RI, USA	FALSE	-71.414976	41.8310054	subpremise	rooftop	82 smith st, providence, ri 02903, usa	NA	NA	NA	NA	41.8310054	-71.414976	High	136.4568166	Raw	distance greater than 100m	NA	NA	NA	TRUE	41.83159	-71.41353	2013	March
2907	2013-03-06	171368	19:32:00	Pedestrian	1	NA	FALSE	FALSE	1	Washington St.	Exchange St.	2013-03-06	One-Way Trafficway	Wet	Dark - Lighted	Rain	Not a Collision Between Two Motor Vehicles in Transport	No	Traffic Control Signal	8	1	Pain Reported	2	41.82564	-71.41112	FALSE	FALSE	Washington St. and Exchange St., Providence, RI, USA	FALSE	-71.4118704	41.8265115	route	geometric_center	exchange st, providence, ri 02903, usa	Washington St & Exchange St, Providence, RI, USA	EjBXYXNoaW5ndG9uIFN0ICYgRXhjaGFuZ2UgU3QsIFByb3ZpZGVuY2UsIFJJLCBVU0EiZiJkChQKEgl_Eq7GFkXkiRFuTEBUOY40ohIUChIJfxKuxhZF5IkRbkxAVDmONKIaFAoSCanazZwSReSJERoH0JajEjT2GhQKEgnRUp_XFkXkiREXSs7Pp9GNDiIKDWcZ7hgVVYpv1Q	41.8257255	-71.4110379	41.8257255	-71.4110379	Med	11.70344614	Raw	NA	NA	NA	NA	FALSE	41.82564	-71.41112	2013	March
2904	2013-03-07	171499	14:48:00	Pedestrian	1	NA	FALSE	FALSE	1	244 CHAD BROWN ST	NA	2013-03-07	Two-Way , Not Divided	Wet	Daylight	Blowing Snow	Not a Collision Between Two Motor Vehicles in Transport	No	No Controls	2	1	Pain Reported	2	41.84049	-71.42394	TRUE	TRUE	244 Chad Brown Street, Providence, RI, USA	FALSE	-71.4241153	41.8405725	premise	rooftop	244 chad brown st, providence, ri 02908, usa	NA	NA	NA	NA	41.8405725	-71.4241153	High	17.19603861	Raw	NA	NA	NA	NA	FALSE	41.84049	-71.42394	2013	March
2905	2013-03-07	171584	09:19:00	Pedestrian	1	NA	FALSE	FALSE	1	FOUNTAIN ST	FOUNTAIN ST	2013-03-07	One-Way Trafficway	Snow	Daylight	Snow	Not a Collision Between Two Motor Vehicles in Transport	No	Traffic Control Signal	3	1	Pain Reported	NA	41.82327	-71.41613	FALSE	FALSE	Fountain Street and Fountain Street, Providence, RI, USA	FALSE	-71.4161507	41.8232429	route	geometric_center	fountain st, providence, ri, usa	NA	NA	NA	NA	41.8232429	-71.4161507	Med	3.471247701	Raw	NA	NA	NA	NA	FALSE	41.82327	-71.41613	2013	March
2903	2013-03-08	171586	21:45:00	Pedestrian	1	NA	FALSE	FALSE	1	WATERMAN ST	BROWN ST	2013-03-08	One-Way Trafficway	Ice/Frost	Dark - Lighted	Clear	Other	No	Stop Signs	8	1	Pain Reported	NA	41.82705	-71.40304	FALSE	FALSE	Waterman Street and Brown Street, Providence, RI, USA	FALSE	-71.4030136	41.8270531	intersection	geometric_center	brown st & waterman st, providence, ri 02912, usa	NA	NA	NA	NA	41.8270531	-71.4030136	Med High	2.216928891	Raw	NA	NA	NA	NA	FALSE	41.82705	-71.40304	2013	March
2901	2013-03-09	171639	16:42:00	Pedestrian	1	NA	FALSE	FALSE	1	MOOREFIELD ST	POCASSET AVE	2013-03-09	Two-Way, Divided, Positive Median Barrier	Dry	Daylight	Clear	Other	No	No Controls	2	1	Pain Reported	NA	41.80693	-71.45674	FALSE	FALSE	Moorefield Street and Pocasset Ave, Providence, RI, USA	FALSE	-71.4567322	41.8069501	intersection	geometric_center	pocasset ave & moorefield st, providence, ri 02909, usa	NA	NA	NA	NA	41.8069501	-71.4567322	Med High	2.329248453	Raw	NA	NA	NA	NA	FALSE	41.80693	-71.45674	2013	March
2902	2013-03-09	172151	13:34:00	Pedestrian	1	NA	FALSE	FALSE	1	WESTMINSTER ST	EMPIRE ST	2013-03-09	Two-Way , Not Divided	Dry	Daylight	Clear	Not a Collision Between Two Motor Vehicles in Transport	No	Traffic Control Signal	4	1	Pain Reported	NA	41.82097	-71.41532	FALSE	FALSE	Westminster Street and Empire Street, Providence, RI, USA	FALSE	-71.4153246	41.8209888	intersection	geometric_center	empire st & westminster st, providence, ri 02903, usa	NA	NA	NA	NA	41.8209888	-71.4153246	Med High	2.127314131	Raw	NA	NA	NA	NA	FALSE	41.82097	-71.41532	2013	March
2900	2013-03-15	172288	19:54:00	Pedestrian	1	NA	FALSE	FALSE	1	THAYER ST	WATERMAN ST	2013-03-15	One-Way Trafficway	Dry	Dark - Lighted	Clear	Head-On (Front - to - Front)	No	No Controls	2	1	Pain Reported	NA	41.82729	-71.40054	FALSE	FALSE	Thayer Street and Waterman Street, Providence, RI, USA	FALSE	-71.4005559	41.8272892	intersection	geometric_center	thayer st & waterman st, providence, ri 02906, usa	NA	NA	NA	NA	41.8272892	-71.4005559	Med High	1.32191866	Raw	NA	NA	NA	NA	FALSE	41.82729	-71.40054	2013	March
2899	2013-03-17	172586	20:48:00	Pedestrian	1	NA	FALSE	FALSE	1	EXCHANGE TER	EXCHANGE ST	2013-03-17	One-Way Trafficway	Dry	Dark - Lighted	Clear	Not a Collision Between Two Motor Vehicles in Transport	Yes	No Controls	1	1	Non-Incapacitating	2	41.82502	-71.41483	FALSE	FALSE	Exchange Ter and Exchange Street, Providence, RI, USA	FALSE	-71.4148047	41.8250247	intersection	geometric_center	exchange terrace & w exchange st, providence, ri 02903, usa	NA	NA	NA	NA	41.8250247	-71.4148047	Med High	2.162958794	Raw	NA	NA	NA	NA	FALSE	41.82502	-71.41483	2013	March
2898	2013-03-19	172874	16:19:00	Pedestrian	1	NA	FALSE	FALSE	1	PINE ST	RICHMOND ST	2013-03-19	Two-Way , Not Divided	Wet	Daylight	Cloudy	Not a Collision Between Two Motor Vehicles in Transport	Yes	Stop Signs	2	0	No Injury	2	41.8206	-71.41181	FALSE	FALSE	Pine Street and Richmond Street, Providence, RI, USA	FALSE	-71.4088649	41.8188298	route	geometric_center	richmond st, providence, ri, usa	Pine Street & Richmond Street, Providence, RI, USA	EjJQaW5lIFN0cmVldCAmIFJpY2htb25kIFN0cmVldCwgUHJvdmlkZW5jZSwgUkksIFVTQSJmImQKFAoSCbP-c6EUReSJEYeVs9Zva_4EEhQKEgmz_nOhFEXkiRGHlbPWb2v-BBoUChIJOZMJU2xF5IkRoCks8G_vwjwaFAoSCbFeXiRrReSJEfWPLeMumlQUIgoNzlHtGBWXa2_V	41.8206158	-71.4118249	41.8206158	-71.4118249	Med	2.14976139	Raw	NA	NA	NA	NA	FALSE	41.8206	-71.41181	2013	March
2897	2013-03-20	172941	18:08:00	Pedestrian	1	NA	FALSE	FALSE	1	BRANCH AVE	VANDEWATER ST	2013-03-20	Two-Way , Not Divided	Dry	Daylight	Clear	Other	No	No Controls	3	1	Pain Reported	NA	41.85366	-71.42879	FALSE	FALSE	Branch Ave and Vandewater Street, Providence, RI, USA	FALSE	-71.428823	41.8536926	intersection	geometric_center	vandewater st & branch ave, providence, ri 02904, usa	NA	NA	NA	NA	41.8536926	-71.428823	Med High	4.544973022	Raw	NA	NA	NA	NA	FALSE	41.85366	-71.42879	2013	March
2896	2013-03-26	173580	15:19:00	Bicycle	NA	1	FALSE	FALSE	1	HOPE ST	POWER ST	2013-03-26	Two-Way , Not Divided	Dry	Daylight	Clear	Angle (Front - to - Side) Right Angle (Includes Broadside)	No	Stop Signs	2	1	Incapacitating	NA	41.82318	-71.39702	FALSE	FALSE	Hope Street and Power Street, Providence, RI, USA	FALSE	-71.3970049	41.8232025	intersection	geometric_center	hope st & power st, providence, ri 02912, usa	NA	NA	NA	NA	41.8232025	-71.3970049	Med High	2.800457013	Raw	NA	NA	NA	NA	FALSE	41.82318	-71.39702	2013	March
2895	2013-03-27	173746	16:33:00	Pedestrian	1	NA	FALSE	FALSE	1	GENEVA ST	CHALKSTONE AVE	2013-03-27	Two-Way , Not Divided	Dry	Daylight	Clear	Not a Collision Between Two Motor Vehicles in Transport	Yes	No Controls	2	1	Pain Reported	2	41.83227	-71.44094	FALSE	FALSE	Geneva Street and Chalkstone Ave, Providence, RI, USA	FALSE	-71.4409323	41.832278	intersection	geometric_center	chalkstone ave & geneva st, providence, ri 02908, usa	NA	NA	NA	NA	41.832278	-71.4409323	Med High	1.095896742	Raw	NA	NA	NA	NA	FALSE	41.83227	-71.44094	2013	March
2893	2013-03-30	174016	15:34:00	Bicycle	NA	1	FALSE	FALSE	1	BROADWAY	VINTON ST	2013-03-30	Two-Way , Not Divided	Dry	Daylight	Clear	Not a Collision Between Two Motor Vehicles in Transport	No	No Controls	3	1	Pain Reported	NA	41.8201	-71.42807	FALSE	FALSE	Broadway and Vinton Street, Providence, RI, USA	FALSE	-71.4285663	41.8207514	route	geometric_center	vinton st, providence, ri, usa	Broadway & Vinton Street, Providence, RI, USA	Ei1Ccm9hZHdheSAmIFZpbnRvbiBTdHJlZXQsIFByb3ZpZGVuY2UsIFJJLCBVU0EiZiJkChQKEglF5rYLdUXkiRHipmasZ-JhnRIUChIJRea2C3VF5IkR4qZmrGfiYZ0aFAoSCaW15YZ1ReSJERrCM7HXpG-zGhQKEgnN2QdAdUXkiRHzHzv0hMO0lyIKDVg97RgVUexs1Q	41.820092	-71.4281903	41.820092	-71.4281903	Med	10.01974034	Raw	NA	NA	NA	NA	FALSE	41.8201	-71.42807	2013	March
2894	2013-03-30	174102	19:19:00	Bicycle	NA	1	FALSE	FALSE	1	RESERVOIR AVE	NARRAGANSETT AVE	2013-03-31	Two-Way, Divided, Unprotected (painted>4feet) Medium	Dry	Daylight	Clear	Not a Collision Between Two Motor Vehicles in Transport	No	Traffic Control Signal	3	1	Pain Reported	NA	41.79444	-71.42665	FALSE	FALSE	Reservoir Ave and Narragansett Ave, Providence, RI, USA	FALSE	-71.4268727	41.7938003	intersection	geometric_center	reservoir ave & narragansett ave, providence, ri 02907, usa	NA	NA	NA	NA	41.7938003	-71.4268727	Med High	73.57055877	Raw	NA	NA	NA	NA	FALSE	41.79444	-71.42665	2013	March
2891	2013-04-01	174198	15:05:00	Bicycle	NA	1	FALSE	FALSE	1	TROY ST	WESTMINSTER ST	2013-04-01	Two-Way , Not Divided	Dry	Daylight	Clear	Not a Collision Between Two Motor Vehicles in Transport	No	No Controls	2	1	Pain Reported	4	41.81651	-71.44128	FALSE	FALSE	Troy Street and Westminster Street, Providence, RI, USA	FALSE	-71.4412978	41.8165238	intersection	geometric_center	troy st & westminster st, providence, ri 02909, usa	NA	NA	NA	NA	41.8165238	-71.4412978	Med High	2.130912508	Raw	NA	NA	NA	NA	FALSE	41.81651	-71.44128	2013	April
2892	2013-04-01	174266	14:49:00	Bicycle	NA	1	FALSE	FALSE	1	ATWELLS AVE	EAGLE ST	2013-04-01	Two-Way , Not Divided	Dry	Daylight	Clear	Not a Collision Between Two Motor Vehicles in Transport	No	No Controls	5	1	Pain Reported	NA	41.82443	-71.43514	FALSE	FALSE	Atwells Ave and Eagle Street, Providence, RI, USA	FALSE	-71.4354014	41.8244572	intersection	geometric_center	atwells ave & eagle st, providence, ri 02909, usa	NA	NA	NA	NA	41.8244572	-71.4354014	Med High	21.89464592	Raw	NA	NA	NA	NA	FALSE	41.82443	-71.43514	2013	April
2890	2013-04-02	174274	00:08:00	Pedestrian	1	NA	FALSE	FALSE	1	Atwells Ave.	Harris Ave.	2013-04-02	Unknown	Dry	Dark - Lighted	Cloudy	Not a Collision Between Two Motor Vehicles in Transport	Yes	No Controls	4	1	Pain Reported	NA	41.82444	-71.43527	FALSE	FALSE	Atwells Ave. and Harris Ave., Providence, RI, USA	FALSE	-71.4354014	41.8244572	intersection	geometric_center	atwells ave & harris ave, providence, ri 02909, usa	NA	NA	NA	NA	41.8244572	-71.4354014	Med High	11.06708744	Raw	NA	NA	NA	NA	FALSE	41.82444	-71.43527	2013	April
2889	2013-04-04	174825	20:44:00	Pedestrian	1	NA	FALSE	FALSE	1	Cranston St	Bridgham St	2013-04-07	Two-Way , Not Divided	Dry	Dark - Lighted	Clear	Not a Collision Between Two Motor Vehicles in Transport	No	Traffic Control Signal	2	1	Pain Reported	NA	41.81396	-71.42694	FALSE	FALSE	Cranston Street and Bridgham Street, Providence, RI, USA	FALSE	-71.426947	41.8139796	intersection	geometric_center	cranston st & bridgham st, providence, ri 02907, usa	NA	NA	NA	NA	41.8139796	-71.426947	Med High	2.257835677	Raw	NA	NA	NA	NA	FALSE	41.81396	-71.42694	2013	April
2887	2013-04-08	174882	10:57:00	Pedestrian	1	NA	FALSE	FALSE	1	BLACKSTONE ST	EDDY ST	2013-04-08	Two-Way , Not Divided	Dry	Daylight	Clear	Not a Collision Between Two Motor Vehicles in Transport	No	No Controls	3	1	Pain Reported	NA	41.81012	-71.40729	FALSE	FALSE	Blackstone Street and Eddy Street, Providence, RI, USA	FALSE	-71.4072137	41.8101324	intersection	geometric_center	eddy st & blackstone st, providence, ri 02905, usa	NA	NA	NA	NA	41.8101324	-71.4072137	Med High	6.479570185	Raw	NA	NA	NA	NA	FALSE	41.81012	-71.40729	2013	April
2888	2013-04-08	174883	11:32:00	Pedestrian	1	NA	FALSE	FALSE	1	EMPIRE ST	WASHINGTON ST	2013-04-08	Two-Way , Not Divided	Dry	Daylight	Clear	Not a Collision Between Two Motor Vehicles in Transport	No	Traffic Control Signal	2	1	Pain Reported	NA	41.82189	-71.41654	FALSE	FALSE	Empire Street and Washington Street, Providence, RI, USA	FALSE	-71.4164189	41.8218601	intersection	geometric_center	empire st & washington st, providence, ri 02903, usa	NA	NA	NA	NA	41.8218601	-71.4164189	Med High	10.5832045	Raw	NA	NA	NA	NA	FALSE	41.82189	-71.41654	2013	April
2886	2013-04-09	175052	19:44:00	Pedestrian	1	NA	FALSE	FALSE	1	195 Vinton St	NA	2013-04-09	Two-Way , Not Divided	Dry	Dark - Lighted	Clear	Not a Collision Between Two Motor Vehicles in Transport	No	No Controls	3	1	Pain Reported	NA	41.81884	-71.42692	TRUE	TRUE	195 Vinton Street, Providence, RI, USA	FALSE	-71.4270608	41.8187793	street_address	rooftop	195 vinton st, providence, ri 02909, usa	NA	NA	NA	NA	41.8187793	-71.4270608	High	13.49459378	Raw	NA	NA	NA	NA	FALSE	41.81884	-71.42692	2013	April
2885	2013-04-10	175184	17:50:00	Pedestrian	1	NA	FALSE	FALSE	1	Thurbers Ave	Burnside Street	2013-04-10	Two-Way , Not Divided	Dry	Daylight	Clear	Other	No	Stop Signs	3	1	Pain Reported	NA	41.79916	-71.40973	FALSE	FALSE	Thurbers Ave and Burnside Street, Providence, RI, USA	FALSE	-71.4097938	41.7991557	intersection	geometric_center	thurbers ave & burnside st, providence, ri 02905, usa	NA	NA	NA	NA	41.7991557	-71.4097938	Med High	5.316170945	Raw	NA	NA	NA	NA	FALSE	41.79916	-71.40973	2013	April
2884	2013-04-13	175482	23:49:00	Pedestrian	1	NA	FALSE	FALSE	1	North Main St	Rochambeau Ave	2013-04-14	Two-Way, Divided, Positive Median Barrier	Dry	Dark - Lighted	Clear	Not a Collision Between Two Motor Vehicles in Transport	No	Traffic Control Signal	3	1	Pain Reported	NA	41.84676	-71.40505	FALSE	FALSE	North Main Street and Rochambeau Ave, Providence, RI, USA	FALSE	-71.3960532	41.8469319	route	geometric_center	rochambeau ave, providence, ri 02906, usa	North Main Street & Rochambeau Ave, Providence, RI, USA	EjdOb3J0aCBNYWluIFN0cmVldCAmIFJvY2hhbWJlYXUgQXZlLCBQcm92aWRlbmNlLCBSSSwgVVNBImYiZAoUChIJT306T91E5IkR5SdPUPBjKeASFAoSCU99Ok_dROSJEeUnT1DwYyngGhQKEgn5-kE93kTkiRFf162-DVwjPxoUChIJB3KhN8VE5IkRtMSH0rd7SbEiCg0zT_EYFTBzcNU	41.8467635	-71.4050768	41.8467635	-71.4050768	Med	2.25629569	Raw	NA	NA	NA	NA	FALSE	41.84676	-71.40505	2013	April
2882	2013-04-15	175589	06:46:00	Pedestrian	1	NA	FALSE	FALSE	1	WESTMINISTER STREET	SERVICE ROAD # 3	2013-04-15	Two-Way , Not Divided	Dry	Daylight	Clear	Other	Yes	No Controls	1	1	Pain Reported	2	41.82477	-71.41987	FALSE	FALSE	Westminister Street and Service Road # 3, Providence, RI, USA	FALSE	-71.4406099	41.816332	intersection	geometric_center	service rd & westminster st, providence, ri 02909, usa	NA	NA	NA	NA	41.816332	-71.4406099	Med High	1960.272871	Geocoded	distance greater than 100m	NA	NA	NA	TRUE	41.816332	-71.4406099	2013	April
2883	2013-04-15	175845	17:40:00	Pedestrian	1	NA	FALSE	FALSE	1	RAYMOND STREET	CHALKSTONE AVENUE	2013-04-15	Two-Way , Not Divided	Dry	Daylight	Clear	Not a Collision Between Two Motor Vehicles in Transport	No	Traffic Control Signal	2	1	Non-Incapacitating	2	41.82609	-71.42328	FALSE	FALSE	Raymond Street and Chalkstone Avenue, Providence, RI, USA	FALSE	-71.4417437	41.8322912	route	geometric_center	chalkstone ave, providence, ri, usa	Raymond Street & Chalkstone Avenue, Providence, RI, USA	EjdSYXltb25kIFN0cmVldCAmIENoYWxrc3RvbmUgQXZlbnVlLCBQcm92aWRlbmNlLCBSSSwgVVNBImYiZAoUChIJp43aKKhF5IkRAO9FcVWHqsQSFAoSCaeN2iioReSJEQDvRXFVh6rEGhQKEglNsK7xB0XkiRFE20j-Blhv0RoUChIJdzMxm69F5IkRFM5IhAG4zqsiCg2OZO8YFeqbbNU	41.834203	-71.4302486	41.834203	-71.4302486	Med	1072.270869	Geocoded	distance greater than 100m	NA	NA	NA	TRUE	41.834203	-71.4302486	2013	April
2880	2013-04-16	175739	10:32:00	Bicycle	NA	1	FALSE	FALSE	1	BENEVOLENT ST	BROOK ST	2013-04-16	Two-Way , Not Divided	Dry	Daylight	Clear	Angle (Front - to - Side) Right Angle (Includes Broadside)	No	Stop Signs	3	1	Pain Reported	NA	41.8249	-71.39897	FALSE	FALSE	Benevolent Street and Brook Street, Providence, RI, USA	FALSE	-71.3989516	41.8248965	intersection	geometric_center	benevolent st & brook st, providence, ri 02906, usa	NA	NA	NA	NA	41.8248965	-71.3989516	Med High	1.575291734	Raw	NA	NA	NA	NA	FALSE	41.8249	-71.39897	2013	April
2881	2013-04-16	175782	14:18:00	Bicycle	NA	1	FALSE	FALSE	1	VALLEY ST	EAGLE ST	2013-04-16	Two-Way , Not Divided	Dry	Daylight	Clear	Other	No	Flashing Traffic Control Signal	3	1	Pain Reported	NA	41.82741	-71.4364	FALSE	FALSE	Valley Street and Eagle Street, Providence, RI, USA	FALSE	-71.4364099	41.8274251	intersection	geometric_center	valley st & eagle st, providence, ri 02908, usa	NA	NA	NA	NA	41.8274251	-71.4364099	Med High	1.870799886	Raw	NA	NA	NA	NA	FALSE	41.82741	-71.4364	2013	April
2879	2013-04-18	176056	23:29:00	Bicycle	NA	1	FALSE	FALSE	1	COLLEGE ST	WESTMINSTER ST	2013-04-19	Two-Way , Not Divided	Dry	Dark - Lighted	Cloudy	Not a Collision Between Two Motor Vehicles in Transport	No	Traffic Control Signal	5	1	Incapacitating	2	41.8253	-71.40888	FALSE	FALSE	College Street and Westminster Street, Providence, RI, USA	FALSE	-71.4257801	41.8171825	route	geometric_center	westminster st, providence, ri, usa	College Street & Westminster Street, Providence, RI, USA	EjhDb2xsZWdlIFN0cmVldCAmIFdlc3RtaW5zdGVyIFN0cmVldCwgUHJvdmlkZW5jZSwgUkksIFVTQSJmImQKFAoSCUV3k14WReSJET5l5hZnxlyjEhQKEglFd5NeFkXkiRE-ZeYWZ8ZcoxoUChIJ0eXLLRZF5IkR9U78WzXwZD4aFAoSCf17EuZ0ReSJEcWGNOX-huwAIgoNFQnuGBVv4W_V	41.8253077	-71.4088081	41.8253077	-71.4088081	Med	6.025615643	Raw	NA	NA	NA	NA	FALSE	41.8253	-71.40888	2013	April
2878	2013-04-19	176091	18:09:00	Pedestrian	1	NA	FALSE	FALSE	1	N MAIN ST	N MAIN ST	2013-04-19	Two-Way, Divided, Positive Median Barrier	Wet	Dusk	Cloudy	Head-On (Front - to - Front)	No	No Controls	2	1	Pain Reported	NA	41.8434	-71.40715	FALSE	FALSE	N Main Street and N Main Street, Providence, RI, USA	FALSE	-71.2873641	41.7371398	route	geometric_center	n main st, rhode island, usa	North Main Street & South Main Street, Providence, RI, USA	EjpOb3J0aCBNYWluIFN0cmVldCAmIFNvdXRoIE1haW4gU3RyZWV0LCBQcm92aWRlbmNlLCBSSSwgVVNBImYiZAoUChIJD1urSRZF5IkRzGbOghZosXsSFAoSCQ9bq0kWReSJEcxmzoIWaLF7GhQKEgn5-kE93kTkiRFf162-DVwjPxoUChIJxfz7Uz5F5IkRx3FZv-YChPQiCg2TF-4YFdUHcNU	41.8256787	-71.4078251	41.8256787	-71.4078251	Med	1973.520591	Raw	distance greater than 100m	NA	NA	NA	TRUE	41.8434	-71.40715	2013	April
2877	2013-04-20	176125	02:10:00	Pedestrian	2	NA	FALSE	FALSE	1	548 Atwells Ave	EAGLE ST	2013-04-20	Two-Way , Not Divided	Wet	Dark - Lighted	Rain	Not a Collision Between Two Motor Vehicles in Transport	No	No Controls	4	2	Pain Reported	NA	41.82439	-71.43469	TRUE	FALSE	548 Atwells Ave, Providence, RI, USA	FALSE	-71.4354095	41.8240488	premise	geometric_center	548 atwells ave, providence, ri 02909, usa	NA	NA	NA	NA	41.8240488	-71.4354095	High	70.74638047	Raw	NA	NA	NA	NA	FALSE	41.82439	-71.43469	2013	April
2875	2013-04-22	176372	08:04:00	Pedestrian	1	NA	FALSE	FALSE	1	CUTLER STREET	ATWELLS AVENUE	2013-04-22	Two-Way , Not Divided	Dry	Daylight	Clear	Other	Yes	No Controls	1	1	Pain Reported	2	41.82435	-71.41963	FALSE	FALSE	Cutler Street and Atwells Avenue, Providence, RI, USA	FALSE	-71.4415532	41.8246953	intersection	geometric_center	cutler st & atwells ave, providence, ri 02908, usa	NA	NA	NA	NA	41.8246953	-71.4415532	Med High	1819.028659	Geocoded	distance greater than 100m	NA	NA	NA	TRUE	41.8246953	-71.4415532	2013	April
2876	2013-04-22	176392	11:30:00	Bicycle	NA	1	FALSE	FALSE	1	1500 BROAD STREET	NA	2013-04-22	Two-Way , Not Divided	Dry	Daylight	Clear	Head-On (Front - to - Front)	No	No Controls	4	1	Non-Incapacitating	2	41.83116	-71.41751	TRUE	TRUE	1500 Broad Street, Providence, RI, USA	FALSE	-71.4017784	41.7865493	premise	rooftop	1500 broad st, providence, ri 02905, usa	NA	NA	NA	NA	41.7865493	-71.4017784	High	5134.72719	Geocoded	distance greater than 100m	NA	NA	NA	TRUE	41.7865493	-71.4017784	2013	April
2873	2013-04-24	176607	18:09:00	Pedestrian	1	NA	FALSE	FALSE	1	plain st	BORDEN ST	2013-04-24	Two-Way , Not Divided	Dry	Daylight	Clear	Not a Collision Between Two Motor Vehicles in Transport	Yes	Stop Signs	1	1	Pain Reported	2	41.81334	-71.41232	FALSE	FALSE	Plain Street and Borden Street, Providence, RI, USA	FALSE	-71.4122769	41.8132938	intersection	geometric_center	borden st & plain st, providence, ri 02903, usa	NA	NA	NA	NA	41.8132938	-71.4122769	Med High	6.263983286	Raw	NA	NA	NA	NA	FALSE	41.81334	-71.41232	2013	April
2874	2013-04-24	176613	18:45:00	Bicycle	NA	1	FALSE	FALSE	1	160 JULIAN STREET	AMHERST ST	2013-04-24	Two-Way , Not Divided	Dry	Daylight	Clear	Angle - Direction Not Specified	No	No Controls	2	1	Pain Reported	2	41.82379	-71.44476	TRUE	FALSE	160 Julian Street, Providence, RI, USA	FALSE	-71.4448643	41.8237963	street_address	rooftop	160 julian st, providence, ri 02909, usa	NA	NA	NA	NA	41.8237963	-71.4448643	High	8.680602443	Raw	NA	NA	NA	NA	FALSE	41.82379	-71.44476	2013	April
2872	2013-04-27	176807	23:39:00	Pedestrian	1	NA	FALSE	FALSE	1	338 Manton Ave	AMHERST ST	2013-04-27	Two-Way , Not Divided	Dry	Dark - Lighted	Clear	Not a Collision Between Two Motor Vehicles in Transport	No	No Controls	3	1	Pain Reported	2	41.82336	-71.45111	TRUE	FALSE	338 Manton Ave, Providence, RI, USA	FALSE	-71.4512225	41.8232639	street_address	rooftop	338 manton ave, providence, ri 02909, usa	NA	NA	NA	NA	41.8232639	-71.4512225	High	14.19644628	Raw	NA	NA	NA	NA	FALSE	41.82336	-71.45111	2013	April