row_number	crash_date	crash_report_id	crash_time	collision_type	count_pedestrian	count_bicycle	scooter	wheel_chair	number_of_vehicles	street_or_highway	nearest_intersection	report_date	type_of_roadway	road_surface_condition	light_condition	weather_condition	manner_of_impact	hit_and_run	traffic_control	person_count	injury_count	most_serious_injury	number_of_lanes	lat_raw	lon_raw	has_st_number	is_intersection_null	address_sent_to_geocoder	is_address_blank	lon_api_first_try	lat_api_first_try	type	loctype	address_returned_by_geocoder	address_returned_by_autocomplete	place_ids_autocompleted	lat_api_second_try	lon_api_second_try	lat_api_best	lon_api_best	api_coord_conf	distance_btwn_coords_meters	best_coordinate_set	reason_for_qa	correct_coordinates	corrected_lat	corrected_lon	manually_qaed_record	final_lat	final_lon	year	month
2870	2013-04-28	177006	14:53:00	Bicycle	NA	1	FALSE	FALSE	1	WATERMAN ST	HENDERSON BRIDGE	2013-04-28	One-Way Trafficway	Dry	Daylight	Clear	Sideswipe, Same Direction	No	No Controls	4	1	Pain Reported	NA	41.82759	-71.38289	FALSE	FALSE	Waterman Street and Henderson Bridge, Providence, RI, USA	FALSE	-71.3827639	41.8276052	intersection	geometric_center	waterman st & henderson bridge, providence, ri 02906, usa	NA	NA	NA	NA	41.8276052	-71.3827639	Med High	10.59600095	Raw	NA	NA	NA	NA	FALSE	41.82759	-71.38289	2013	April
2871	2013-04-28	177674	21:37:00	Pedestrian	1	NA	FALSE	FALSE	1	44 WARREN ST	FULLER ST	2013-05-03	Two-Way , Not Divided	Dry	Dark - Lighted	Cloudy	Sideswipe, Same Direction	Yes	No Controls	2	1	Pain Reported	NA	41.81081	-71.42593	TRUE	FALSE	44 Warren Street, Providence, RI, USA	FALSE	-71.4269111	41.8107374	premise	rooftop	44 warren st, providence, ri 02907, usa	NA	NA	NA	NA	41.8107374	-71.4269111	High	81.80408087	Raw	NA	NA	NA	NA	FALSE	41.81081	-71.42593	2013	April
2868	2013-04-30	177281	09:31:00	Pedestrian	1	NA	FALSE	FALSE	1	PLAINFIELD STREET	ELDER PL	2013-04-30	Two-Way, Divided, Unprotected (painted>4feet) Medium	Dry	Daylight	Clear	Not a Collision Between Two Motor Vehicles in Transport	Yes	Person	3	1	Pain Reported	NA	41.81293	-71.4574	FALSE	FALSE	Plainfield Street and Elder Pl, Providence, RI, USA	FALSE	-71.4568107	41.8130438	intersection	geometric_center	plainfield st & elder pl, providence, ri 02909, usa	NA	NA	NA	NA	41.8130438	-71.4568107	Med High	50.50822025	Raw	NA	NA	NA	NA	FALSE	41.81293	-71.4574	2013	April
2869	2013-04-30	177345	23:31:00	Pedestrian	1	NA	FALSE	FALSE	1	DORRANCE STREET	WASHINGTON ST	2013-05-01	One-Way Trafficway	Dry	Dark - Lighted	Clear	Not a Collision Between Two Motor Vehicles in Transport	No	Traffic Control Signal	3	1	Incapacitating	NA	41.82458	-71.41297	FALSE	FALSE	Dorrance Street and Washington Street, Providence, RI, USA	FALSE	-71.412777	41.8244607	intersection	geometric_center	washington st & dorrance st, providence, ri 02903, usa	NA	NA	NA	NA	41.8244607	-71.412777	Med High	20.8013212	Raw	NA	NA	NA	NA	FALSE	41.82458	-71.41297	2013	April
2867	2013-05-01	177367	10:36:00	Pedestrian	1	NA	FALSE	FALSE	1	1473 broad st	BROAD ST	2013-05-01	Two-Way, Divided, Positive Median Barrier	Dry	Daylight	Clear	Not a Collision Between Two Motor Vehicles in Transport	No	No Controls	2	1	Pain Reported	1	41.78732	-71.40273	TRUE	FALSE	1473 Broad Street, Providence, RI, USA	FALSE	-71.402941	41.7871376	premise	rooftop	1473 broad st, providence, ri 02905, usa	NA	NA	NA	NA	41.7871376	-71.402941	High	26.81424644	Raw	NA	NA	NA	NA	FALSE	41.78732	-71.40273	2013	May
2865	2013-05-03	177669	15:32:00	Pedestrian	1	NA	FALSE	FALSE	1	CHARLESFIELD ST	HOPE ST	2013-05-03	Two-Way , Not Divided	Dry	Daylight	Clear	Not a Collision Between Two Motor Vehicles in Transport	Yes	Traffic Control Signal	1	1	Pain Reported	NA	41.82414	-71.3972	FALSE	FALSE	Charlesfield Street and Hope Street, Providence, RI, USA	FALSE	-71.3971831	41.8241348	intersection	geometric_center	hope st & charlesfield st, providence, ri 02912, usa	NA	NA	NA	NA	41.8241348	-71.3971831	Med High	1.516740804	Raw	NA	NA	NA	NA	FALSE	41.82414	-71.3972	2013	May
2866	2013-05-03	177718	20:31:00	Bicycle	NA	1	FALSE	FALSE	1	Washington St	Greene St	2013-05-04	Two-Way , Not Divided	Dry	Dark - Lighted	Clear	Not a Collision Between Two Motor Vehicles in Transport	Yes	Traffic Control Signal	2	1	Pain Reported	NA	41.82126	-71.4172	FALSE	FALSE	Washington Street and Greene Street, Providence, RI, USA	FALSE	-71.4168727	41.8210088	route	geometric_center	greene st, providence, ri 02903, usa	Washington Street & Greene Street, Providence, RI, USA	EjZXYXNoaW5ndG9uIFN0cmVldCAmIEdyZWVuZSBTdHJlZXQsIFByb3ZpZGVuY2UsIFJJLCBVU0EiZiJkChQKEgm34he7EkXkiRGsc_jDIc_nwRIUChIJt-IXuxJF5IkRrHP4wyHP58EaFAoSCanazZwSReSJERoH0JajEjT2GhQKEgn9APC2EkXkiRFL2JV2CXi6tSIKDatr7RgVkphu1Q	41.8212779	-71.417227	41.8212779	-71.417227	Med	2.997930172	Raw	NA	NA	NA	NA	FALSE	41.82126	-71.4172	2013	May
2864	2013-05-04	177797	18:35:00	Bicycle	NA	NA	FALSE	FALSE	2	WILLIAMS ST	BROOK ST	2013-05-04	Two-Way , Not Divided	Dry	Daylight	Clear	Not a Collision Between Two Motor Vehicles in Transport	No	Stop Signs	3	2	Non-Incapacitating	NA	41.82245	-71.39859	FALSE	FALSE	Williams Street and Brook Street, Providence, RI, USA	FALSE	-71.3989869	41.825126	route	geometric_center	brook st, providence, ri, usa	Williams Street & Brook Street, Providence, RI, USA	EjNXaWxsaWFtcyBTdHJlZXQgJiBCcm9vayBTdHJlZXQsIFByb3ZpZGVuY2UsIFJJLCBVU0EiZiJkChQKEglDtn3eO0XkiRGjnWxp6ydaBhIUChIJQ7Z93jtF5IkRo51saesnWgYaFAoSCc8VZi06ReSJEdbRK1lrMSoLGhQKEgmbZn1yO0XkiRF1hochEHgAaCIKDeWZ7RgVg3Bx1Q	41.8224613	-71.3985917	41.8224613	-71.3985917	Med	1.265790952	Raw	NA	NA	NA	NA	FALSE	41.82245	-71.39859	2013	May
2863	2013-05-05	177913	17:52:00	Pedestrian	1	NA	FALSE	FALSE	1	98/ 100 Rosedale St	ELLERY ST	2013-05-05	Two-Way , Not Divided	Dry	Daylight	Clear	Not a Collision Between Two Motor Vehicles in Transport	No	No Controls	7	1	Fatal	2	41.81055	-71.43911	FALSE	FALSE	98/ 100 Rosedale Street and Ellery Street, Providence, RI, USA	FALSE	-71.4390447	41.8104132	street_address	rooftop	98 rosedale st, providence, ri 02909, usa	NA	NA	NA	NA	41.8104132	-71.4390447	Med High	16.16363858	Raw	NA	NA	NA	NA	FALSE	41.81055	-71.43911	2013	May
2861	2013-05-09	178267	10:29:00	Pedestrian	1	NA	FALSE	FALSE	1	HAWTHORNE ST	BUCKLIN ST	2013-05-09	Two-Way , Not Divided	Wet	Daylight	Cloudy	Not a Collision Between Two Motor Vehicles in Transport	No	No Controls	2	1	Pain Reported	NA	41.80097	-71.42778	FALSE	FALSE	Hawthorne Street and Bucklin Street, Providence, RI, USA	FALSE	-71.4277045	41.8035437	route	geometric_center	bucklin st, providence, ri 02907, usa	Hawthorne Street & Bucklin Street, Providence, RI, USA	EjZIYXd0aG9ybmUgU3RyZWV0ICYgQnVja2xpbiBTdHJlZXQsIFByb3ZpZGVuY2UsIFJJLCBVU0EiZiJkChQKEgm34RNOgE_kiREkAntf55WMBhIUChIJt-ETToBP5IkRJAJ7X-eVjAYaFAoSCRkJjlGAT-SJEaG242pb1vv4GhQKEgm15Kfaf0XkiRFsHk5-ys5MQSIKDaBS6hgVWPxs1Q	41.800976	-71.42778	41.800976	-71.42778	Med	0.667916945	Raw	NA	NA	NA	NA	FALSE	41.80097	-71.42778	2013	May
2862	2013-05-09	178332	15:37:00	Pedestrian	1	NA	FALSE	FALSE	1	PRUDENCE AVE	NA	2013-05-09	Two-Way , Not Divided	Dry	Daylight	Clear	Not a Collision Between Two Motor Vehicles in Transport	No	No Controls	2	1	Pain Reported	NA	41.80626	-71.45955	FALSE	TRUE	Prudence Ave, Providence, RI, USA	FALSE	-71.4607274	41.8067587	route	geometric_center	prudence ave, providence, ri 02909, usa	NA	NA	NA	NA	41.8067587	-71.4607274	Inaccurate	112.3689409	Unknown	distance greater than 100m	NA	NA	NA	TRUE	NA	NA	2013	May
2859	2013-05-14	178826	11:04:00	Pedestrian	1	NA	FALSE	FALSE	1	MANTON AVE	GREENWOOD ST	2013-05-14	Two-Way , Not Divided	Dry	Daylight	Clear	Not a Collision Between Two Motor Vehicles in Transport	No	No Controls	2	1	Pain Reported	NA	41.82377	-71.45168	FALSE	FALSE	Manton Ave and Greenwood Street, Providence, RI, USA	FALSE	-71.45181	41.8238806	intersection	geometric_center	manton ave & greenwood st, providence, ri 02909, usa	NA	NA	NA	NA	41.8238806	-71.45181	Med High	16.36710315	Raw	NA	NA	NA	NA	FALSE	41.82377	-71.45168	2013	May
2860	2013-05-14	178875	16:45:00	Bicycle	NA	1	FALSE	FALSE	1	35 Hollis St	PARADE ST	2013-05-14	Two-Way , Not Divided	Dry	Daylight	Cloudy	Not a Collision Between Two Motor Vehicles in Transport	No	No Controls	5	1	Pain Reported	2	41.81071	-71.43095	TRUE	FALSE	35 Hollis Street, Providence, RI, USA	FALSE	-71.431209	41.8109338	premise	rooftop	35 hollis st, providence, ri 02907, usa	NA	NA	NA	NA	41.8109338	-71.431209	High	32.90109129	Raw	NA	NA	NA	NA	FALSE	41.81071	-71.43095	2013	May
2857	2013-05-15	179030	21:46:00	Bicycle	NA	1	FALSE	FALSE	1	KILLINGLY ST	DUXBURY ST	2013-05-15	Two-Way, Divided, Positive Median Barrier	Dry	Dark - Lighted	Cloudy	Head-On (Front - to - Front)	No	No Controls	2	1	Pain Reported	NA	41.81381	-71.46094	FALSE	FALSE	Killingly Street and Duxbury Street, Providence, RI, USA	FALSE	-71.4608763	41.8138145	intersection	geometric_center	killingly st & duxbury st, providence, ri 02909, usa	NA	NA	NA	NA	41.8138145	-71.4608763	Med High	5.308756456	Raw	NA	NA	NA	NA	FALSE	41.81381	-71.46094	2013	May
2858	2013-05-15	179032	23:08:00	Pedestrian	1	NA	FALSE	FALSE	1	Dorrance St	Westminster St	2013-05-16	Two-Way, Divided, Unprotected (painted>4feet) Medium	Dry	Dark - Lighted	Clear	Not a Collision Between Two Motor Vehicles in Transport	Yes	Traffic Control Signal	2	1	Pain Reported	NA	41.82361	-71.41167	FALSE	FALSE	Dorrance Street and Westminster Street, Providence, RI, USA	FALSE	-71.4116693	41.8236083	intersection	geometric_center	westminster st & dorrance st, providence, ri 02903, usa	NA	NA	NA	NA	41.8236083	-71.4116693	Med High	0.197951887	Raw	NA	NA	NA	NA	FALSE	41.82361	-71.41167	2013	May
2856	2013-05-16	179105	16:25:00	Bicycle	NA	1	FALSE	FALSE	1	Governor Street	ANGELL ST	2013-05-16	One-Way Trafficway	Dry	Daylight	Clear	Not a Collision Between Two Motor Vehicles in Transport	No	No Controls	3	1	Pain Reported	1	41.82835	-71.39391	FALSE	FALSE	Governor Street and Angell Street, Providence, RI, USA	FALSE	-71.393911	41.8290246	intersection	geometric_center	governor st & angell st, providence, ri 02906, usa	NA	NA	NA	NA	41.8290246	-71.393911	Med High	75.0961743	Raw	NA	NA	NA	NA	FALSE	41.82835	-71.39391	2013	May
2855	2013-05-17	179246	11:57:00	Bicycle	NA	1	FALSE	FALSE	1	153 BROAD STREET	CLAVERICK STREET	2013-05-17	Two-Way , Not Divided	Dry	Daylight	Clear	Other	No	No Controls	2	1	Pain Reported	2	41.82955	-71.41802	TRUE	FALSE	153 Broad Street, Providence, RI, USA	FALSE	-71.4167938	41.8174696	street_address	range_interpolated	153 broad st, providence, ri 02903, usa	NA	NA	NA	NA	41.8174696	-71.4167938	High	1348.625568	Geocoded	distance greater than 100m	NA	NA	NA	TRUE	41.8174696	-71.4167938	2013	May
2853	2013-05-18	179281	09:49:00	Bicycle	NA	1	FALSE	FALSE	1	550 Hartford ave	HARTFORD AVE	2013-05-18	Two-Way , Not Divided	Dry	Daylight	Clear	Head-On (Front - to - Front)	Yes	No Controls	2	1	Pain Reported	NA	41.81913	-71.4627	TRUE	FALSE	550 Hartford Ave, Providence, RI, USA	FALSE	-71.4621452	41.8181477	premise	rooftop	550 hartford ave, providence, ri 02909, usa	NA	NA	NA	NA	41.8181477	-71.4621452	High	118.6412267	Raw	distance greater than 100m	NA	NA	NA	TRUE	41.81913	-71.4627	2013	May
2854	2013-05-18	179364	19:39:00	Pedestrian	2	NA	FALSE	FALSE	1	AUDREY ST	BOWDOIN ST	2013-05-18	Two-Way , Not Divided	Dry	Daylight	Clear	Head-On (Front - to - Front)	Yes	No Controls	2	2	Pain Reported	NA	41.82033	-71.44318	FALSE	FALSE	Audrey Street and Bowdoin Street, Providence, RI, USA	FALSE	-71.4434359	41.820457	intersection	geometric_center	bowdoin st & audrey st, providence, ri 02909, usa	NA	NA	NA	NA	41.820457	-71.4434359	Med High	25.50601429	Raw	NA	NA	NA	NA	FALSE	41.82033	-71.44318	2013	May
2852	2013-05-19	179425	20:52:00	Bicycle	NA	1	FALSE	FALSE	1	A ST	PERKINS ST	2013-05-19	Two-Way , Not Divided	Wet	Dark - Lighted	Rain	Not a Collision Between Two Motor Vehicles in Transport	Yes	No Controls	4	1	Pain Reported	2	41.81459	-71.42379	FALSE	FALSE	A Street and Perkins Street, Providence, RI, USA	FALSE	-71.4221804	41.8155693	route	geometric_center	perkins st, providence, ri 02907, usa	A Street & Perkins Street, Providence, RI, USA	Ei5BIFN0cmVldCAmIFBlcmtpbnMgU3RyZWV0LCBQcm92aWRlbmNlLCBSSSwgVVNBImYiZAoUChIJBd0rKnFF5IkRMQJGvqQ75LsSFAoSCQXdKypxReSJETECRr6kO-S7GhQKEgmfisgrcUXkiRG8N4VriIPn-hoUChIJOS51PHFF5IkRbg3yVfYPWrEiCg1OYuwYFd2dbdU	41.8144846	-71.4236451	41.8144846	-71.4236451	Med	16.79857674	Raw	NA	NA	NA	NA	FALSE	41.81459	-71.42379	2013	May
2851	2013-05-20	179494	17:30:00	Bicycle	NA	1	FALSE	FALSE	1	Somerset	NA	2013-05-20	Two-Way , Not Divided	Dry	Daylight	Clear	Not a Collision Between Two Motor Vehicles in Transport	No	No Controls	3	1	Pain Reported	NA	41.81255	-71.41833	FALSE	TRUE	Somerset, Providence, RI, USA	FALSE	-71.4189293	41.8120584	route	geometric_center	somerset st, providence, ri, usa	NA	NA	NA	NA	41.8120584	-71.4189293	Inaccurate	73.94093085	Raw	NA	NA	NA	NA	FALSE	41.81255	-71.41833	2013	May
2850	2013-05-22	179747	19:48:00	Bicycle	NA	1	FALSE	FALSE	1	11 Sackett St	NA	2013-05-22	Two-Way , Not Divided	Dry	Dusk	Clear	Not a Collision Between Two Motor Vehicles in Transport	No	No Controls	2	1	Pain Reported	NA	41.79594	-71.41283	TRUE	TRUE	11 Sackett Street, Providence, RI, USA	FALSE	-71.4129971	41.7960386	street_address	rooftop	11 sackett st, providence, ri 02907, usa	NA	NA	NA	NA	41.7960386	-71.4129971	High	17.68591295	Raw	NA	NA	NA	NA	FALSE	41.79594	-71.41283	2013	May
2849	2013-05-26	180345	01:11:00	Bicycle	NA	1	FALSE	FALSE	1	SABIN ST	MATHEWSON ST	2013-05-27	One-Way Trafficway	Wet	Dark - Lighted	Cloudy	Angle (Front - to - Side) Right Angle (Includes Broadside)	No	No Controls	2	1	Pain Reported	NA	41.82397	-71.4163	FALSE	FALSE	Sabin Street and Mathewson Street, Providence, RI, USA	FALSE	-71.4142678	41.8226533	route	geometric_center	mathewson st, providence, ri 02903, usa	NA	NA	NA	NA	41.8226533	-71.4142678	Med	223.3924991	Raw	distance greater than 100m	NA	NA	NA	TRUE	41.82397	-71.4163	2013	May
2848	2013-05-28	180549	04:18:00	Pedestrian	1	NA	FALSE	FALSE	1	BATH ST	W PARK ST	2013-05-28	Two-Way , Not Divided	Dry	Dark - Lighted	Clear	Not a Collision Between Two Motor Vehicles in Transport	No	No Controls	4	1	Fatal	NA	41.83186	-71.4246	FALSE	FALSE	Bath Street and W Park Street, Providence, RI, USA	FALSE	-71.4246869	41.8320131	intersection	geometric_center	bath st & w park st, providence, ri 02908, usa	NA	NA	NA	NA	41.8320131	-71.4246869	Med High	18.50453977	Raw	NA	NA	NA	NA	FALSE	41.83186	-71.4246	2013	May
2847	2013-05-29	180709	17:27:00	Pedestrian	1	NA	FALSE	FALSE	1	WAYLAND AVE	S ANGELL ST	2013-05-29	Two-Way , Not Divided	Dry	Daylight	Clear	Other	No	Traffic Control Signal	2	1	Pain Reported	2	41.83003	-71.38795	FALSE	FALSE	Wayland Ave and S Angell Street, Providence, RI, USA	FALSE	-71.3879538	41.8300494	intersection	geometric_center	wayland ave & s angell st, providence, ri 02906, usa	NA	NA	NA	NA	41.8300494	-71.3879538	Med High	2.182478964	Raw	NA	NA	NA	NA	FALSE	41.83003	-71.38795	2013	May
2845	2013-05-30	180742	07:03:00	Pedestrian	1	NA	FALSE	FALSE	1	EDDY STREET	DUDLEY STREET	2013-05-30	Two-Way , Not Divided	Dry	Daylight	Clear	Other	No	Traffic Control Signal	2	1	Pain Reported	2	41.82602	-71.41884	FALSE	FALSE	Eddy Street and Dudley Street, Providence, RI, USA	FALSE	-71.4071917	41.8108122	intersection	geometric_center	eddy st & dudley st, providence, ri 02905, usa	NA	NA	NA	NA	41.8108122	-71.4071917	Med High	1949.323159	Geocoded	distance greater than 100m	NA	NA	NA	TRUE	41.8108122	-71.4071917	2013	May
2846	2013-05-30	180771	10:59:00	Pedestrian	1	NA	FALSE	FALSE	1	WASHINGTON STREET	GREENE STREET	2013-05-30	Two-Way , Not Divided	Dry	Daylight	Clear	Other	No	No Controls	2	1	Non-Incapacitating	2	41.82762	-71.41844	FALSE	FALSE	Washington Street and Greene Street, Providence, RI, USA	FALSE	-71.4168727	41.8210088	route	geometric_center	greene st, providence, ri 02903, usa	Washington Street & Greene Street, Providence, RI, USA	EjZXYXNoaW5ndG9uIFN0cmVldCAmIEdyZWVuZSBTdHJlZXQsIFByb3ZpZGVuY2UsIFJJLCBVU0EiZiJkChQKEgm34he7EkXkiRGsc_jDIc_nwRIUChIJt-IXuxJF5IkRrHP4wyHP58EaFAoSCanazZwSReSJERoH0JajEjT2GhQKEgn9APC2EkXkiRFL2JV2CXi6tSIKDatr7RgVkphu1Q	41.8212779	-71.417227	41.8212779	-71.417227	Med	713.1340571	Geocoded	distance greater than 100m	NA	NA	NA	TRUE	41.8212779	-71.417227	2013	May
2843	2013-05-31	181003	17:18:00	Pedestrian	1	NA	FALSE	FALSE	1	Smith Street	River Avenue	2013-05-31	Two-Way , Not Divided	Dry	Daylight	Clear	Unknown	No	No Controls	2	0	No Injury	NA	41.84063	-71.44055	FALSE	FALSE	Smith Street and River Avenue, Providence, RI, USA	FALSE	-71.4402155	41.8392795	route	geometric_center	river ave, providence, ri, usa	Smith Street & River Avenue, Providence, RI, USA	EjBTbWl0aCBTdHJlZXQgJiBSaXZlciBBdmVudWUsIFByb3ZpZGVuY2UsIFJJLCBVU0EiZiJkChQKEgkhINCZrUXkiRH5v14z0ymtjBIUChIJISDQma1F5IkR-b9eM9MprYwaFAoSCbWucExLROSJESG1ozC4jKuEGhQKEgmPcYLrqkXkiRH3L7URZbhrGyIKDe5g8BgVDQhr1Q	41.8406638	-71.4405875	41.8406638	-71.4405875	Med	4.881521642	Raw	NA	NA	NA	NA	FALSE	41.84063	-71.44055	2013	May
2844	2013-05-31	181047	16:34:00	Pedestrian	1	NA	FALSE	FALSE	1	160 Pine St	RICHMOND ST	2013-05-31	One-Way Trafficway	Other	Daylight	Clear	Not a Collision Between Two Motor Vehicles in Transport	No	Flashing Traffic Control Signal	10	2	Pain Reported	1	41.82051	-71.41189	TRUE	FALSE	160 Pine Street, Providence, RI, USA	FALSE	-71.4117639	41.8204248	street_address	rooftop	160 pine st, providence, ri 02903, usa	NA	NA	NA	NA	41.8204248	-71.4117639	High	14.12058028	Raw	NA	NA	NA	NA	FALSE	41.82051	-71.41189	2013	May
2842	2013-06-01	181201	12:46:00	Bicycle	NA	1	FALSE	FALSE	1	BYFIELD ST	BROAD ST	2013-06-02	Two-Way , Not Divided	Dry	Daylight	Clear	Angle (Front - to - Side) Right Angle (Includes Broadside)	No	Stop Signs	3	1	Non-Incapacitating	2	41.79439	-71.40993	FALSE	FALSE	Byfield Street and Broad Street, Providence, RI, USA	FALSE	-71.4099112	41.794379	intersection	geometric_center	byfield st & broad st, providence, ri 02905, usa	NA	NA	NA	NA	41.794379	-71.4099112	Med High	1.983403499	Raw	NA	NA	NA	NA	FALSE	41.79439	-71.40993	2013	June
2839	2013-06-03	181335	15:25:00	Pedestrian	1	NA	FALSE	FALSE	1	SILVER SPRING ST	ROYAL LITTLE DR	2013-06-03	Two-Way, Divided, Unprotected (painted>4feet) Medium	Wet	Daylight	Cloudy	Angle (Front - to - Side) Right Angle (Includes Broadside)	No	No Controls	2	1	Pain Reported	NA	41.84669	-71.41621	FALSE	FALSE	Silver Spring Street and Royal Little Dr, Providence, RI, USA	FALSE	-71.4161796	41.8467224	intersection	geometric_center	silver spring st & royal little dr, providence, ri 02904, usa	NA	NA	NA	NA	41.8467224	-71.4161796	Med High	4.400428406	Raw	NA	NA	NA	NA	FALSE	41.84669	-71.41621	2013	June
2840	2013-06-03	181350	13:10:00	Pedestrian	1	NA	FALSE	FALSE	1	530 NORTH MAIN ST	RANDALL SQ	2013-06-03	Unknown	Dry	Daylight	Cloudy	Unknown	No	No Controls	2	1	Pain Reported	NA	41.83694	-71.40987	TRUE	FALSE	530 North Main Street, Providence, RI, USA	FALSE	-71.4100844	41.8363567	street_address	rooftop	530 n main st, providence, ri 02904, usa	NA	NA	NA	NA	41.8363567	-71.4100844	High	67.32347646	Raw	NA	NA	NA	NA	FALSE	41.83694	-71.40987	2013	June
2841	2013-06-03	181653	13:49:00	Pedestrian	1	NA	FALSE	FALSE	1	HARTFORD AVE	HARTFORD AVE	2013-06-05	Two-Way, Divided, Unprotected (painted>4feet) Medium	Dry	Daylight	Clear	Sidwswipe, Opposite Direction	No	No Controls	2	0	No Injury	NA	41.81846	-71.45798	FALSE	FALSE	Hartford Ave and Hartford Ave, Providence, RI, USA	FALSE	-71.4587339	41.8185901	route	geometric_center	hartford ave, providence, ri, usa	Hartford Ave Service Rd & Hartford Ave, Johnston, Providence, RI, USA	EkVIYXJ0Zm9yZCBBdmUgU2VydmljZSBSZCAmIEhhcnRmb3JkIEF2ZSwgSm9obnN0b24sIFByb3ZpZGVuY2UsIFJJLCBVU0EiZiJkChQKEgmP4Jty0EfkiRFZT82Cwq1hZxIUChIJj-CbctBH5IkRWU_NgsKtYWcaFAoSCUk2WRTQR-SJEffJJKBODzFaGhQKEgkvAx61JEbkiRGCwC0vu7gN1iIKDdap7hgVnoNc1Q	41.829423	-71.5357282	41.829423	-71.5357282	Med	6564.047863	Unknown	distance greater than 100m	NA	NA	NA	TRUE	NA	NA	2013	June
2838	2013-06-04	181473	13:08:00	Pedestrian	1	NA	FALSE	FALSE	1	FENNER STREET	NA	2013-06-04	Two-Way , Not Divided	Dry	Daylight	Clear	Other	No	No Controls	3	1	Non-Incapacitating	NA	41.82672	-71.41981	FALSE	TRUE	Fenner Street, Providence, RI, USA	FALSE	-71.4162027	41.8185258	route	geometric_center	fenner st, providence, ri 02903, usa	NA	NA	NA	NA	41.8185258	-71.4162027	Inaccurate	960.0063103	Geocoded	distance greater than 100m	NA	NA	NA	TRUE	41.8185258	-71.4162027	2013	June
2837	2013-06-05	181663	10:19:00	Pedestrian	1	NA	FALSE	FALSE	1	1023 CHALKSTONE AVENUE	NA	2013-06-05	Two-Way , Not Divided	Dry	Daylight	Clear	Other	Yes	No Controls	1	1	Non-Incapacitating	2	41.82678	-71.41882	TRUE	TRUE	1023 Chalkstone Avenue, Providence, RI, USA	FALSE	-71.4415608	41.8324965	premise	rooftop	1023 chalkstone ave, providence, ri 02908, usa	NA	NA	NA	NA	41.8324965	-71.4415608	High	1990.743752	Geocoded	distance greater than 100m	NA	NA	NA	TRUE	41.8324965	-71.4415608	2013	June
2836	2013-06-06	181945	14:25:00	Pedestrian	1	NA	FALSE	FALSE	1	WATERMAN ST	BROWN ST	2013-06-07	One-Way Trafficway	Dry	Daylight	Clear	Other	No	Pavement Markings	3	1	Pain Reported	NA	41.82705	-71.40304	FALSE	FALSE	Waterman Street and Brown Street, Providence, RI, USA	FALSE	-71.4030136	41.8270531	intersection	geometric_center	brown st & waterman st, providence, ri 02912, usa	NA	NA	NA	NA	41.8270531	-71.4030136	Med High	2.216928891	Raw	NA	NA	NA	NA	FALSE	41.82705	-71.40304	2013	June
2835	2013-06-08	182191	14:08:00	Bicycle	NA	1	FALSE	FALSE	1	102 ALTHEA ST	NA	2013-06-08	Two-Way , Not Divided	Dry	Daylight	Clear	Not a Collision Between Two Motor Vehicles in Transport	No	No Controls	2	1	Pain Reported	2	41.80804	-71.4357	TRUE	TRUE	102 Althea Street, Providence, RI, USA	FALSE	-71.4329166	41.8069843	premise	rooftop	102 althea st, providence, ri 02907, usa	NA	NA	NA	NA	41.8069843	-71.4329166	High	259.1364561	Geocoded	distance greater than 100m	NA	NA	NA	TRUE	41.8069843	-71.4329166	2013	June
2834	2013-06-10	183726	12:30:00	Pedestrian	1	NA	FALSE	FALSE	1	Cranston St.	HUNTINGTON AVE	2013-06-18	Two-Way , Not Divided	Dry	Daylight	Clear	Angle (Front - to - Side) Right Angle (Includes Broadside)	No	Traffic Control Signal	2	1	Pain Reported	NA	41.80379	-71.43918	FALSE	FALSE	Cranston St. and Huntington Ave, Providence, RI, USA	FALSE	-71.4392216	41.8037523	intersection	geometric_center	cranston st & huntington ave, providence, ri 02907, usa	NA	NA	NA	NA	41.8037523	-71.4392216	Med High	5.434065979	Raw	NA	NA	NA	NA	FALSE	41.80379	-71.43918	2013	June
2833	2013-06-12	183059	17:02:00	Pedestrian	1	NA	FALSE	FALSE	1	Chalkstone Ave	Violet St	2013-06-12	Two-Way , Not Divided	Dry	Daylight	Clear	Not a Collision Between Two Motor Vehicles in Transport	Yes	No Controls	1	1	Pain Reported	NA	41.83495	-71.42669	FALSE	FALSE	Chalkstone Ave and Violet Street, Providence, RI, USA	FALSE	-71.4266625	41.8349722	intersection	geometric_center	violet st & chalkstone ave, providence, ri 02908, usa	NA	NA	NA	NA	41.8349722	-71.4266625	Med High	3.362982971	Raw	NA	NA	NA	NA	FALSE	41.83495	-71.42669	2013	June
2831	2013-06-13	183115	11:36:00	Pedestrian	1	NA	FALSE	FALSE	1	SMITH ST	ACADEMY AVE	2013-06-13	Two-Way , Not Divided	Wet	Daylight	Rain	Not a Collision Between Two Motor Vehicles in Transport	Yes	Traffic Control Signal	3	0	No Injury	2	41.84258	-71.44515	FALSE	FALSE	Smith Street and Academy Ave, Providence, RI, USA	FALSE	-71.4451406	41.8425939	intersection	geometric_center	academy ave & smith st, providence, ri 02908, usa	NA	NA	NA	NA	41.8425939	-71.4451406	Med High	1.732617068	Raw	NA	NA	NA	NA	FALSE	41.84258	-71.44515	2013	June