row_number	crash_date	crash_report_id	crash_time	collision_type	count_pedestrian	count_bicycle	scooter	wheel_chair	number_of_vehicles	street_or_highway	nearest_intersection	report_date	type_of_roadway	road_surface_condition	light_condition	weather_condition	manner_of_impact	hit_and_run	traffic_control	person_count	injury_count	most_serious_injury	number_of_lanes	lat_raw	lon_raw	has_st_number	is_intersection_null	address_sent_to_geocoder	is_address_blank	lon_api_first_try	lat_api_first_try	type	loctype	address_returned_by_geocoder	address_returned_by_autocomplete	place_ids_autocompleted	lat_api_second_try	lon_api_second_try	lat_api_best	lon_api_best	api_coord_conf	distance_btwn_coords_meters	best_coordinate_set	reason_for_qa	correct_coordinates	corrected_lat	corrected_lon	manually_qaed_record	final_lat	final_lon	year	month
2832	2013-06-13	183246	22:55:00	Bicycle	NA	1	FALSE	FALSE	1	Friendship	LOCKWOOD ST	2013-06-13	Two-Way , Not Divided	Wet	Dark - Unknown Lighting	Rain	Angle (Front - to - Side) Right Angle (Includes Broadside)	No	Stop Signs	2	1	Pain Reported	1	41.81367	-71.4174	FALSE	FALSE	Friendship and Lockwood Street, Providence, RI, USA	FALSE	-71.4159924	41.8129685	route	geometric_center	lockwood st, providence, ri, usa	Friendship Street & Lockwood Street, Providence, RI, USA	EjhGcmllbmRzaGlwIFN0cmVldCAmIExvY2t3b29kIFN0cmVldCwgUHJvdmlkZW5jZSwgUkksIFVTQSJmImQKFAoSCQ09Ly5uReSJEaWuJueQDICQEhQKEgkNPS8ubkXkiRGlribnkAyAkBoUChIJL5ZgT2xF5IkRF4JBJvEmvYYaFAoSCftX5vFuReSJERTpGcX8V45MIgoN9EPsGBXlkm7V	41.8137076	-71.4173723	41.8137076	-71.4173723	Med	4.775057725	Raw	NA	NA	NA	NA	FALSE	41.81367	-71.4174	2013	June
2830	2013-06-15	183496	23:00:00	Pedestrian	1	NA	FALSE	FALSE	1	DEAN ST	UNNAMED_38	2013-06-16	One-Way Trafficway	Dry	Dark - Lighted	Clear	Other	Yes	No Controls	1	1	Non-Incapacitating	NA	41.82995	-71.42713	FALSE	FALSE	Dean Street and Unnamed_38, Providence, RI, USA	FALSE	-71.4128343	41.8239891	locality	approximate	providence, ri, usa	NA	NA	NA	NA	41.8239891	-71.4128343	Med	1358.875581	Raw	distance greater than 100m	NA	NA	NA	TRUE	41.82995	-71.42713	2013	June
2829	2013-06-17	183711	16:10:00	Pedestrian	1	NA	FALSE	FALSE	1	WICKENDEN ST	TRAVERSE ST	2013-06-17	Two-Way , Not Divided	Dry	Daylight	Clear	Not a Collision Between Two Motor Vehicles in Transport	No	No Controls	2	1	Pain Reported	2	41.8193	-71.39969	FALSE	FALSE	Wickenden Street and Traverse Street, Providence, RI, USA	FALSE	-71.3996503	41.819304700000004	intersection	geometric_center	wickenden st & traverse st, providence, ri 02906, usa	NA	NA	NA	NA	41.819304700000004	-71.3996503	Med High	3.334850022	Raw	NA	NA	NA	NA	FALSE	41.8193	-71.39969	2013	June
2828	2013-06-19	183933	20:33:00	Pedestrian	1	NA	FALSE	FALSE	1	unknown	unknown	2013-06-19	Two-Way , Not Divided	Unknown	Dark - Lighted	Cloudy	Not a Collision Between Two Motor Vehicles in Transport	Yes	Unknown	1	1	Pain Reported	2	41.82547	-71.40121	FALSE	FALSE	Unknown and Unknown, Providence, RI, USA	FALSE	-71.4128343	41.8239891	locality	approximate	providence, ri, usa	NA	NA	NA	NA	41.8239891	-71.4128343	Med	978.2720041	Raw	distance greater than 100m	NA	NA	NA	TRUE	41.82547	-71.40121	2013	June
2827	2013-06-30	185346	19:07:00	Bicycle	NA	1	FALSE	FALSE	1	CRANSTON ST	WAVERLY ST	2013-06-30	Two-Way , Not Divided	Dry	Daylight	Cloudy	Not a Collision Between Two Motor Vehicles in Transport	No	No Controls	2	1	Pain Reported	NA	41.80832	-71.43454	FALSE	FALSE	Cranston Street and Waverly Street, Providence, RI, USA	FALSE	-71.4345674	41.8083361	intersection	geometric_center	cranston st & waverly st, providence, ri 02907, usa	NA	NA	NA	NA	41.8083361	-71.4345674	Med High	2.895001913	Raw	NA	NA	NA	NA	FALSE	41.80832	-71.43454	2013	June
2824	2013-07-01	185417	15:23:00	Bicycle	NA	1	FALSE	FALSE	1	INDUSTRIAL DR	N MAIN ST	2013-07-01	Two-Way, Divided, Unprotected (painted>4feet) Medium	Dry	Daylight	Cloudy	Angle (Front - to - Side) Same Direction	Yes	Flashing Traffic Control Signal	3	1	Pain Reported	NA	41.84063	-71.40872	FALSE	FALSE	Industrial Dr and N Main Street, Providence, RI, USA	FALSE	-71.3702575	41.8264716	establishment	rooftop	105 wilmarth ave, east providence, ri 02914, usa	Industrial Dr & North Main Street, Providence, RI, USA	EjZJbmR1c3RyaWFsIERyICYgTm9ydGggTWFpbiBTdHJlZXQsIFByb3ZpZGVuY2UsIFJJLCBVU0EiZiJkChQKEgkDezJW4ETkiRG9xnXQ5dwU2BIUChIJA3syVuBE5IkRvcZ10OXcFNgaFAoSCXnPQqDhROSJEYo636_w5uWZGhQKEgn5-kE93kTkiRFf162-DVwjPyIKDURg8BgV7uVv1Q	41.8406468	-71.408693	41.8406468	-71.408693	Med	2.917455443	Raw	NA	NA	NA	NA	FALSE	41.84063	-71.40872	2013	July
2825	2013-07-01	185467	21:09:00	Pedestrian	1	NA	FALSE	FALSE	1	1022 BROAD STREET	BROAD ST	2013-07-01	Two-Way , Not Divided	Wet	Dark - Not Lighted	Rain	Not a Collision Between Two Motor Vehicles in Transport	Yes	No Controls	2	1	Incapacitating	NA	41.79716	-71.41337	TRUE	FALSE	1022 Broad Street, Providence, RI, USA	FALSE	-71.4130877	41.7971988	street_address	rooftop	1022 broad st, providence, ri 02905, usa	NA	NA	NA	NA	41.7971988	-71.4130877	High	23.82279932	Raw	NA	NA	NA	NA	FALSE	41.79716	-71.41337	2013	July
2826	2013-07-01	186734	17:00:00	Pedestrian	1	NA	FALSE	FALSE	1	ELMWOOD AVE	POTTERS AVE	2013-07-13	Unknown	Dry	Daylight	Clear	Not a Collision Between Two Motor Vehicles in Transport	Yes	No Controls	3	1	Pain Reported	NA	41.80149	-71.42636	FALSE	FALSE	Elmwood Ave and Potters Ave, Providence, RI, USA	FALSE	-71.4263655	41.8015172	intersection	geometric_center	potters ave & elmwood ave, providence, ri 02907, usa	NA	NA	NA	NA	41.8015172	-71.4263655	Med High	3.062095847	Raw	NA	NA	NA	NA	FALSE	41.80149	-71.42636	2013	July
2823	2013-07-03	185656	16:46:00	Pedestrian	1	NA	FALSE	FALSE	1	BROADWAY	KNIGHT ST	2013-07-03	Two-Way , Not Divided	Dry	Daylight	Clear	Not a Collision Between Two Motor Vehicles in Transport	No	Traffic Control Signal	2	1	Pain Reported	NA	41.8198	-71.42936	FALSE	FALSE	Broadway and Knight Street, Providence, RI, USA	FALSE	-71.4298401	41.8202496	route	geometric_center	knight st, providence, ri, usa	Broadway & Knight Street, Providence, RI, USA	Ei1Ccm9hZHdheSAmIEtuaWdodCBTdHJlZXQsIFByb3ZpZGVuY2UsIFJJLCBVU0EiZiJkChQKEgmvZYGEdUXkiRHAVmwJ-u4XKRIUChIJr2WBhHVF5IkRwFZsCfruFykaFAoSCaW15YZ1ReSJERrCM7HXpG-zGhQKEgkPqvF6dUXkiRGsZxyELkktfCIKDcQy7RgVV79s1Q	41.8198212	-71.4293417	41.8198212	-71.4293417	Med	2.806123126	Raw	NA	NA	NA	NA	FALSE	41.8198	-71.42936	2013	July
2821	2013-07-05	185796	13:45:00	Pedestrian	1	NA	FALSE	FALSE	1	PUBLIC ST	TEMPLE ST	2013-07-05	Two-Way , Not Divided	Dry	Daylight	Clear	Other	No	No Controls	5	1	Pain Reported	NA	41.80691	-71.40895	FALSE	FALSE	Public Street and Temple Street, Providence, RI, USA	FALSE	-71.4087759	41.8069634	intersection	geometric_center	temple st & public st, providence, ri 02905, usa	NA	NA	NA	NA	41.8069634	-71.4087759	Med High	15.62153001	Raw	NA	NA	NA	NA	FALSE	41.80691	-71.40895	2013	July
2822	2013-07-05	185863	13:17:00	Bicycle	NA	1	FALSE	FALSE	1	220 NIANTIC AVENUE	NA	2013-07-05	Two-Way , Not Divided	Dry	Daylight	Clear	Rear End(Front-to-Rear)	No	No Controls	2	1	Non-Incapacitating	2	41.84187	-71.41864	TRUE	TRUE	220 Niantic Avenue, Providence, RI, USA	FALSE	-71.4379325	41.7965615	street_address	range_interpolated	220 niantic ave, cranston, ri 02907, usa	NA	NA	NA	NA	41.7965615	-71.4379325	High	5291.577302	Geocoded	distance greater than 100m	NA	NA	NA	TRUE	41.7965615	-71.4379325	2013	July
2820	2013-07-06	185986	23:27:00	Bicycle	NA	1	FALSE	FALSE	1	SERVICE ROAD 8	BROADWAY	2013-07-07	Two-Way , Not Divided	Dry	Dark - Lighted	Clear	Not a Collision Between Two Motor Vehicles in Transport	No	Traffic Control Signal	2	1	Pain Reported	4	41.82212	-71.41976	FALSE	FALSE	Service Road 8 and Broadway, Providence, RI, USA	FALSE	-71.418282	41.8225345	street_address	range_interpolated	8 broadway, providence, ri 02903, usa	NA	NA	NA	NA	41.8225345	-71.418282	Med High	131.0054624	Raw	distance greater than 100m	NA	NA	NA	TRUE	41.82212	-71.41976	2013	July
2819	2013-07-07	186127	23:23:00	Pedestrian	1	NA	FALSE	FALSE	1	Valley St	Harold St	2013-07-08	Two-Way , Not Divided	Dry	Dark - Lighted	Clear	Not a Collision Between Two Motor Vehicles in Transport	Yes	No Controls	1	1	Pain Reported	NA	41.8269	-71.43756	FALSE	FALSE	Valley Street and Harold Street, Providence, RI, USA	FALSE	-71.4375676	41.826923	intersection	geometric_center	valley st & harold st, providence, ri 02908, usa	NA	NA	NA	NA	41.826923	-71.4375676	Med High	2.636820765	Raw	NA	NA	NA	NA	FALSE	41.8269	-71.43756	2013	July
2818	2013-07-09	186225	12:19:00	Bicycle	NA	1	FALSE	FALSE	1	WATERMAN STREET	IVES STREET	2013-07-09	One-Way Trafficway	Dry	Daylight	Clear	Angle (Front - to - Side) Opposite Direction	No	Stop Signs	2	1	Non-Incapacitating	NA	41.83199	-71.41746	FALSE	FALSE	Waterman Street and Ives Street, Providence, RI, USA	FALSE	-71.3929088	41.8277996	intersection	geometric_center	ives st & waterman st, providence, ri 02906, usa	NA	NA	NA	NA	41.8277996	-71.3929088	Med High	2089.197836	Geocoded	distance greater than 100m	NA	NA	NA	TRUE	41.8277996	-71.3929088	2013	July
2817	2013-07-13	186839	20:34:00	Bicycle	NA	1	FALSE	FALSE	1	185 Glenbridge Ave	NA	2013-07-14	Two-Way , Not Divided	Dry	Dark - Lighted	Clear	Not a Collision Between Two Motor Vehicles in Transport	No	No Controls	4	1	Pain Reported	NA	41.81972	-71.46128	TRUE	TRUE	185 Glenbridge Ave, Providence, RI, USA	FALSE	-71.461452	41.819701	premise	rooftop	185 glenbridge ave, providence, ri 02909, usa	NA	NA	NA	NA	41.819701	-71.461452	High	14.42510512	Raw	NA	NA	NA	NA	FALSE	41.81972	-71.46128	2013	July
2816	2013-07-14	186787	13:11:00	Pedestrian	1	NA	FALSE	FALSE	1	ADMIRAL STREET	SHARON STREET	2013-07-14	Two-Way , Not Divided	Dry	Daylight	Clear	Other	Yes	Stop Signs	1	1	Pain Reported	2	41.83616	-71.42824	FALSE	FALSE	Admiral Street and Sharon Street, Providence, RI, USA	FALSE	-71.4432125	41.8508064	intersection	geometric_center	admiral st & sharon st, providence, ri 02904, usa	NA	NA	NA	NA	41.8508064	-71.4432125	Med High	2049.397987	Geocoded	distance greater than 100m	NA	NA	NA	TRUE	41.8508064	-71.4432125	2013	July
2815	2013-07-15	186966	14:31:00	Bicycle	NA	1	FALSE	FALSE	1	SMITHFIELD AVE	SMITHFIELD AVE	2013-07-15	Two-Way , Not Divided	Dry	Daylight	Clear	Angle - Direction Not Specified	No	No Controls	3	1	Pain Reported	NA	41.85778	-71.41084	FALSE	FALSE	Smithfield Ave and Smithfield Ave, Providence, RI, USA	FALSE	-71.4524031	41.8563993	intersection	geometric_center	smithfield rd & smithfield ave, north providence, ri 02904, usa	NA	NA	NA	NA	41.8563993	-71.4524031	Med High	3449.507087	Unknown	distance greater than 100m	NA	NA	NA	TRUE	NA	NA	2013	July
2814	2013-07-18	187398	19:48:00	Pedestrian	1	NA	FALSE	FALSE	1	45 Victoria St	MANOMET ST	2013-07-18	Two-Way , Not Divided	Dry	Daylight	Clear	Not a Collision Between Two Motor Vehicles in Transport	Yes	No Controls	7	1	Pain Reported	2	41.83348	-71.45462	TRUE	FALSE	45 Victoria Street, Providence, RI, USA	FALSE	-71.4544488	41.8335495	premise	rooftop	45 victoria st, providence, ri 02909, usa	NA	NA	NA	NA	41.8335495	-71.4544488	High	16.17065615	Raw	NA	NA	NA	NA	FALSE	41.83348	-71.45462	2013	July
2813	2013-07-19	187587	10:48:00	Bicycle	NA	1	FALSE	FALSE	1	ALLENS AVE	TERMINAL RD	2013-07-20	Two-Way , Not Divided	Dry	Daylight	Clear	Angle - Direction Not Specified	No	No Controls	3	1	Pain Reported	NA	41.79567	-71.39821	FALSE	FALSE	Allens Ave and Terminal Rd, Providence, RI, USA	FALSE	-71.3981721	41.7956308	intersection	geometric_center	allens ave & terminal rd, providence, ri 02905, usa	NA	NA	NA	NA	41.7956308	-71.3981721	Med High	5.379174935	Raw	NA	NA	NA	NA	FALSE	41.79567	-71.39821	2013	July
2812	2013-07-20	187952	17:14:00	Bicycle	NA	1	FALSE	FALSE	1	STANWOOD ST	NIAGARA ST	2013-07-23	Two-Way , Not Divided	Dry	Daylight	Clear	Angle (Front - to - Side) Right Angle (Includes Broadside)	Yes	No Controls	1	0	No Injury	NA	41.80368	-71.41913	FALSE	FALSE	Stanwood Street and Niagara Street, Providence, RI, USA	FALSE	-71.4211086	41.8030662	intersection	geometric_center	stanwood st & niagara st, providence, ri 02907, usa	NA	NA	NA	NA	41.8030662	-71.4211086	Med High	177.8376476	Geocoded	distance greater than 100m	NA	NA	NA	TRUE	41.8030662	-71.4211086	2013	July
2811	2013-07-21	188308	03:09:00	Pedestrian	1	NA	FALSE	FALSE	1	LENOX AVE	HAMILTON ST	2013-07-27	Two-Way, Divided, Unprotected (painted>4feet) Medium	Dry	Dark - Lighted	Clear	Not a Collision Between Two Motor Vehicles in Transport	Yes	No Controls	1	1	Pain Reported	NA	41.79687	-71.41938	FALSE	FALSE	Lenox Ave and Hamilton Street, Providence, RI, USA	FALSE	-71.4197833	41.7967671	intersection	geometric_center	lenox ave & hamilton st, providence, ri 02907, usa	NA	NA	NA	NA	41.7967671	-71.4197833	Med High	35.37580177	Raw	NA	NA	NA	NA	FALSE	41.79687	-71.41938	2013	July
2809	2013-07-24	187995	16:39:00	Bicycle	NA	1	FALSE	FALSE	1	1029 Broad St	BROAD ST	2013-07-24	Two-Way , Not Divided	Dry	Daylight	Clear	Not a Collision Between Two Motor Vehicles in Transport	No	Pavement Markings	2	1	Pain Reported	2	41.79698	-71.41315	TRUE	FALSE	1029 Broad Street, Providence, RI, USA	FALSE	-71.413152	41.796756	street_address	rooftop	1029 broad st, providence, ri 02905, usa	NA	NA	NA	NA	41.796756	-71.413152	High	24.93611834	Raw	NA	NA	NA	NA	FALSE	41.79698	-71.41315	2013	July
2810	2013-07-24	188014	19:17:00	Pedestrian	1	NA	FALSE	FALSE	1	Ruggles St.	Smith St.	2013-07-24	Two-Way , Not Divided	Dry	Daylight	Clear	Not a Collision Between Two Motor Vehicles in Transport	No	Stop Signs	3	1	Pain Reported	2	41.83616	-71.42831	FALSE	FALSE	Ruggles St. and Smith St., Providence, RI, USA	FALSE	-71.4282411	41.8361735	intersection	geometric_center	smith st & ruggles st, providence, ri 02908, usa	NA	NA	NA	NA	41.8361735	-71.4282411	Med High	5.908810997	Raw	NA	NA	NA	NA	FALSE	41.83616	-71.42831	2013	July
2808	2013-07-25	188072	16:25:00	Bicycle	NA	2	FALSE	FALSE	1	CAMP ST	DOYLE AVE	2013-07-25	Two-Way , Not Divided	Wet	Daylight	Rain	Not a Collision Between Two Motor Vehicles in Transport	No	No Controls	4	2	Pain Reported	2	41.83878	-71.4042	FALSE	FALSE	Camp Street and Doyle Ave, Providence, RI, USA	FALSE	-71.4041847	41.838804	intersection	geometric_center	camp st & doyle ave, providence, ri 02906, usa	NA	NA	NA	NA	41.838804	-71.4041847	Med High	2.957694908	Raw	NA	NA	NA	NA	FALSE	41.83878	-71.4042	2013	July
2805	2013-07-26	188124	01:32:00	Bicycle	NA	1	FALSE	FALSE	1	CRANSTON ST	WALDO ST	2013-07-26	Two-Way , Not Divided	Wet	Dark - Lighted	Rain	Angle (Front - to - Side) Right Angle (Includes Broadside)	No	No Controls	3	1	Non-Incapacitating	NA	41.80665	-71.43602	FALSE	FALSE	Cranston Street and Waldo Street, Providence, RI, USA	FALSE	-71.4363086	41.8063492	intersection	geometric_center	cranston st & waldo st, providence, ri 02909, usa	NA	NA	NA	NA	41.8063492	-71.4363086	Med High	41.1668977	Raw	NA	NA	NA	NA	FALSE	41.80665	-71.43602	2013	July
2806	2013-07-26	188203	08:30:00	Pedestrian	1	NA	FALSE	FALSE	1	POINT ST	EDDY ST	2013-07-26	Two-Way , Not Divided	Wet	Daylight	Rain	Not a Collision Between Two Motor Vehicles in Transport	No	No Controls	2	1	Pain Reported	NA	41.81708	-71.40574	FALSE	FALSE	Point Street and Eddy Street, Providence, RI, USA	FALSE	-71.4064202	41.816823	intersection	geometric_center	point st & eddy st, providence, ri 02903, usa	NA	NA	NA	NA	41.816823	-71.4064202	Med High	63.26980748	Raw	NA	NA	NA	NA	FALSE	41.81708	-71.40574	2013	July
2807	2013-07-26	188237	18:44:00	Pedestrian	1	NA	FALSE	FALSE	1	Potters Ave	Broad St	2013-07-26	Two-Way , Not Divided	Dry	Daylight	Cloudy	Not a Collision Between Two Motor Vehicles in Transport	Yes	Traffic Control Signal	1	0	No Injury	NA	41.80297	-71.41891	FALSE	FALSE	Potters Ave and Broad Street, Providence, RI, USA	FALSE	-71.4189101	41.802993	intersection	geometric_center	potters ave & broad st, providence, ri 02905, usa	NA	NA	NA	NA	41.802993	-71.4189101	Med High	2.560361737	Raw	NA	NA	NA	NA	FALSE	41.80297	-71.41891	2013	July
2804	2013-07-27	188418	23:05:00	Bicycle	NA	1	FALSE	FALSE	1	Broad St	Reynolds Ave	2013-07-28	Two-Way, Not Divided With a Continuous Left Turn Lane	Dry	Dark - Lighted	Clear	Not a Collision Between Two Motor Vehicles in Transport	Yes	No Controls	1	1	Pain Reported	NA	41.80359	-71.4191	FALSE	FALSE	Broad Street and Reynolds Ave, Providence, RI, USA	FALSE	-71.416031	41.804398	route	geometric_center	reynolds ave, providence, ri 02905, usa	Broad Street & Reynolds Ave, Providence, RI, USA	EjBCcm9hZCBTdHJlZXQgJiBSZXlub2xkcyBBdmUsIFByb3ZpZGVuY2UsIFJJLCBVU0EiZiJkChQKEgkV5GckfUXkiRFomAyRQvKXfxIUChIJFeRnJH1F5IkRaJgMkULyl38aFAoSCYPefdWMT-SJESyiypOYSwijGhQKEgktj5UNY0XkiRFEAqDRaPGdYiIKDbS36hgV7U9u1Q	41.8035636	-71.4190867	41.8035636	-71.4190867	Med	3.139235093	Raw	NA	NA	NA	NA	FALSE	41.80359	-71.4191	2013	July
2803	2013-07-28	188471	13:15:00	Pedestrian	1	NA	FALSE	FALSE	1	Wickenden Street	TRAVERSE ST	2013-07-28	Two-Way , Not Divided	Dry	Daylight	Clear	Head-On (Front - to - Front)	No	No Controls	4	0	No Injury	NA	41.81931	-71.39968	FALSE	FALSE	Wickenden Street and Traverse Street, Providence, RI, USA	FALSE	-71.3996503	41.819304700000004	intersection	geometric_center	wickenden st & traverse st, providence, ri 02906, usa	NA	NA	NA	NA	41.819304700000004	-71.3996503	Med High	2.53359447	Raw	NA	NA	NA	NA	FALSE	41.81931	-71.39968	2013	July
2802	2013-07-29	188830	14:04:00	Pedestrian	1	NA	FALSE	FALSE	1	FULTON STREET	DORRANCE STREET	2013-08-01	Two-Way , Not Divided	Dry	Daylight	Clear	Other	No	No Controls	5	1	Non-Incapacitating	2	41.83578	-71.4154	FALSE	FALSE	Fulton Street and Dorrance Street, Providence, RI, USA	FALSE	-71.4113407	41.8233534	route	geometric_center	dorrance st, providence, ri 02903, usa	Fulton Street & Dorrance Street, Providence, RI, USA	EjRGdWx0b24gU3RyZWV0ICYgRG9ycmFuY2UgU3RyZWV0LCBQcm92aWRlbmNlLCBSSSwgVVNBImYiZAoUChIJf0Y9-RNF5IkRa402C95i2d0SFAoSCX9GPfkTReSJEWuNNgveYtndGhQKEgmV_SepFkXkiRFnZiyNOi8BiRoUChIJpfpicxRF5IkR4zxQTjprQnQiCg1O2-0YFQlYb9U	41.8241358	-71.4123255	41.8241358	-71.4123255	Med	1321.074833	Geocoded	distance greater than 100m	NA	NA	NA	TRUE	41.8241358	-71.4123255	2013	July
2801	2013-07-30	188662	09:38:00	Pedestrian	1	NA	FALSE	FALSE	1	ADMIRAL ST	TAPPAN ST	2013-07-30	Two-Way , Not Divided	Dry	Daylight	Clear	Sideswipe, Same Direction	No	No Controls	4	1	Pain Reported	2	41.84573	-71.42755	FALSE	FALSE	Admiral Street and Tappan Street, Providence, RI, USA	FALSE	-71.427588	41.8457499	intersection	geometric_center	admiral st & tappan st, providence, ri 02908, usa	NA	NA	NA	NA	41.8457499	-71.427588	Med High	3.851951791	Raw	NA	NA	NA	NA	FALSE	41.84573	-71.42755	2013	July
2799	2013-08-01	188872	12:51:00	Bicycle	NA	1	FALSE	FALSE	1	DELAINE ST	MANTON AVE	2013-08-01	Two-Way , Not Divided	Dry	Daylight	Clear	Unknown	Yes	Traffic Control Signal	1	1	Non-Incapacitating	NA	41.81796	-71.44463	FALSE	FALSE	Delaine Street and Manton Ave, Providence, RI, USA	FALSE	-71.4446349	41.8179569	intersection	geometric_center	delaine st & manton ave, providence, ri 02909, usa	NA	NA	NA	NA	41.8179569	-71.4446349	Med High	0.533239017	Raw	NA	NA	NA	NA	FALSE	41.81796	-71.44463	2013	August
2800	2013-08-01	188968	22:26:00	Bicycle	NA	1	FALSE	FALSE	1	WESTMINSTER ST	WESTMINSTER ST EXIT	2013-08-02	Two-Way , Not Divided	Wet	Dark - Lighted	Rain	Not a Collision Between Two Motor Vehicles in Transport	No	No Controls	2	1	Pain Reported	NA	41.81576	-71.4387	FALSE	FALSE	Westminster Street and Westminster St Exit, Providence, RI, USA	FALSE	-71.4257801	41.8171825	route	geometric_center	westminster st, providence, ri, usa	NA	NA	NA	NA	41.8171825	-71.4257801	Med	1083.528906	Raw	distance greater than 100m	NA	NA	NA	TRUE	41.81576	-71.4387	2013	August
2797	2013-08-03	188981	00:27:00	Pedestrian	1	NA	FALSE	FALSE	1	DEAN ST	RAYMOND ST	2013-08-03	Two-Way , Not Divided	Dry	Dark - Lighted	Clear	Not a Collision Between Two Motor Vehicles in Transport	Yes	No Controls	1	1	Pain Reported	NA	41.83107	-71.42829	FALSE	FALSE	Dean Street and Raymond Street, Providence, RI, USA	FALSE	-71.429475299999993	41.832779	route	geometric_center	raymond st, providence, ri 02908, usa	NA	NA	NA	NA	41.832779	-71.429475299999993	Med	214.1468302	Raw	distance greater than 100m	NA	NA	NA	TRUE	41.83107	-71.42829	2013	August
2798	2013-08-03	189004	15:13:00	Bicycle	NA	1	FALSE	FALSE	1	VALLEY ST	DELAINE ST	2013-08-03	Two-Way, Divided, Unprotected (painted>4feet) Medium	Dry	Daylight	Clear	Not a Collision Between Two Motor Vehicles in Transport	No	Stop Signs	5	1	Pain Reported	NA	41.81951	-71.4405	FALSE	FALSE	Valley Street and Delaine Street, Providence, RI, USA	FALSE	-71.4405034	41.8195248	intersection	geometric_center	delaine st & valley st, providence, ri 02909, usa	NA	NA	NA	NA	41.8195248	-71.4405034	Med High	1.671499787	Raw	NA	NA	NA	NA	FALSE	41.81951	-71.4405	2013	August
2796	2013-08-04	189135	14:54:00	Bicycle	NA	1	FALSE	FALSE	1	BROADWAY	VALLEY ST	2013-08-04	Two-Way, Divided, Unprotected (painted>4feet) Medium	Dry	Daylight	Clear	Angle (Front - to - Side) Right Angle (Includes Broadside)	No	No Controls	3	1	Pain Reported	NA	41.81686	-71.44093	FALSE	FALSE	Broadway and Valley Street, Providence, RI, USA	FALSE	-71.4361571	41.8275287	route	geometric_center	valley st, providence, ri, usa	Broadway & Valley Street, Providence, RI, USA	Ei1Ccm9hZHdheSAmIFZhbGxleSBTdHJlZXQsIFByb3ZpZGVuY2UsIFJJLCBVU0EiZiJkChQKEglPQjeFmkXkiRFay9YdHmK0gBIUChIJT0I3hZpF5IkRWsvWHR5itIAaFAoSCaW15YZ1ReSJERrCM7HXpG-zGhQKEgn71PW-oUXkiRFACHbbKx7jfCIKDVm-7BgVgvdq1Q	41.8168409	-71.441011	41.8168409	-71.441011	Med	7.04843707	Raw	NA	NA	NA	NA	FALSE	41.81686	-71.44093	2013	August
2795	2013-08-05	189173	01:20:00	Pedestrian	1	NA	FALSE	FALSE	1	RAYMOND ST	RAYMOND ST	2013-08-05	Two-Way , Not Divided	Dry	Dark - Lighted	Clear	Not a Collision Between Two Motor Vehicles in Transport	Yes	No Controls	3	1	Pain Reported	NA	41.83332	-71.42992	FALSE	FALSE	Raymond Street and Raymond Street, Providence, RI, USA	FALSE	-71.429475299999993	41.832779	route	geometric_center	raymond st, providence, ri 02908, usa	NA	NA	NA	NA	41.832779	-71.429475299999993	Med	70.62154635	Raw	NA	NA	NA	NA	FALSE	41.83332	-71.42992	2013	August
2794	2013-08-07	189402	20:05:00	Pedestrian	1	NA	FALSE	FALSE	1	48 Gladstone St	Baxter St	2013-08-07	One-Way Trafficway	Dry	Dusk	Clear	Not a Collision Between Two Motor Vehicles in Transport	Yes	Other	4	1	Incapacitating	NA	41.80306	-71.41689	TRUE	FALSE	48 Gladstone Street, Providence, RI, USA	FALSE	-71.4170641	41.8031686	premise	rooftop	48 gladstone st, providence, ri 02905, usa	NA	NA	NA	NA	41.8031686	-71.4170641	High	18.83803554	Raw	NA	NA	NA	NA	FALSE	41.80306	-71.41689	2013	August
2792	2013-08-09	189637	11:04:00	Pedestrian	1	NA	FALSE	FALSE	1	PROSPECT STREET	BOWEN AVENUE	2013-08-09	Two-Way , Not Divided	Wet	Daylight	Rain	Head-On (Front - to - Front)	No	Stop Signs	3	1	Pain Reported	2	41.83476	-71.41637	FALSE	FALSE	Prospect Street and Bowen Avenue, Providence, RI, USA	FALSE	-71.3928051	41.8531599	establishment	rooftop	959 hope st, providence, ri 02906, usa	Prospect Street & Bowen Street, Providence, RI, USA	EjNQcm9zcGVjdCBTdHJlZXQgJiBCb3dlbiBTdHJlZXQsIFByb3ZpZGVuY2UsIFJJLCBVU0EiZiJkChQKEglNmHp9IkXkiRF6Dpme0DOlKRIUChIJTZh6fSJF5IkReg6ZntAzpSkaFAoSCf3MkoUiReSJEXnsEW5gGPVjGhQKEgnT029ZIkXkiRF4aThNZYvbxyIKDXPX7hgVeF9w1Q	41.8305907	-71.4055816	41.8305907	-71.4055816	Med	1008.033448	Geocoded	distance greater than 100m	NA	NA	NA	TRUE	41.8305907	-71.4055816	2013	August
2793	2013-08-09	189698	17:30:00	Pedestrian	2	NA	FALSE	FALSE	1	BROAD STREET	BROAD ST	2013-08-09	Two-Way , Not Divided	Wet	Daylight	Rain	Other	No	No Controls	5	2	Incapacitating	NA	41.788	-71.40331	FALSE	FALSE	Broad Street and Broad Street, Providence, RI, USA	FALSE	-71.4101636	41.7945838	route	geometric_center	broad st, providence, ri, usa	NA	NA	NA	NA	41.7945838	-71.4101636	Med	927.7488397	Unknown	distance greater than 100m	NA	NA	NA	TRUE	NA	NA	2013	August
2790	2013-08-14	190180	10:09:00	Bicycle	NA	1	FALSE	FALSE	1	BROAD STREET	OXFORD STREET	2013-08-14	Two-Way , Not Divided	Dry	Daylight	Clear	Other	No	Traffic Control Signal	2	1	Non-Incapacitating	2	41.83201	-71.41745	FALSE	FALSE	Broad Street and Oxford Street, Providence, RI, USA	FALSE	-71.4098094	41.8023702	route	geometric_center	oxford st, providence, ri 02905, usa	Broad Street & Oxford Street, Providence, RI, USA	EjFCcm9hZCBTdHJlZXQgJiBPeGZvcmQgU3RyZWV0LCBQcm92aWRlbmNlLCBSSSwgVVNBImYiZAoUChIJh-FuDohP5IkRI2IsCmv-T0ESFAoSCYfhbg6IT-SJESNiLApr_k9BGhQKEgmD3n3VjE_kiREsosqTmEsIoxoUChIJGaMJqWFF5IkRUr1E8WrWZNciCg0WPuoYFfqPbtU	41.8004502	-71.417447	41.8004502	-71.417447	Med	3513.220874	Geocoded	distance greater than 100m	NA	NA	NA	TRUE	41.8004502	-71.417447	2013	August