row_number	crash_date	crash_report_id	crash_time	collision_type	count_pedestrian	count_bicycle	scooter	wheel_chair	number_of_vehicles	street_or_highway	nearest_intersection	report_date	type_of_roadway	road_surface_condition	light_condition	weather_condition	manner_of_impact	hit_and_run	traffic_control	person_count	injury_count	most_serious_injury	number_of_lanes	lat_raw	lon_raw	has_st_number	is_intersection_null	address_sent_to_geocoder	is_address_blank	lon_api_first_try	lat_api_first_try	type	loctype	address_returned_by_geocoder	address_returned_by_autocomplete	place_ids_autocompleted	lat_api_second_try	lon_api_second_try	lat_api_best	lon_api_best	api_coord_conf	distance_btwn_coords_meters	best_coordinate_set	reason_for_qa	correct_coordinates	corrected_lat	corrected_lon	manually_qaed_record	final_lat	final_lon	year	month
2791	2013-08-14	190242	13:27:00	Pedestrian	2	NA	FALSE	FALSE	1	325 VALLEY STREET	NA	2013-08-14	Two-Way , Not Divided	Dry	Daylight	Clear	Other	No	No Controls	3	1	Pain Reported	NA	41.83521	-71.41757	TRUE	TRUE	325 Valley Street, Providence, RI, USA	FALSE	-71.4379021	41.8259072	premise	rooftop	325 valley st, providence, ri 02908, usa	NA	NA	NA	NA	41.8259072	-71.4379021	High	1979.04772	Geocoded	distance greater than 100m	NA	NA	NA	TRUE	41.8259072	-71.4379021	2013	August
2789	2013-08-15	190813	19:00:00	Pedestrian	1	NA	FALSE	FALSE	1	Smith Street	Academy	2013-08-16	Two-Way, Not Divided With a Continuous Left Turn Lane	Dry	Daylight	Clear	Angle (Front - to - Side) Opposite Direction	No	No Controls	3	1	Non-Incapacitating	1	41.84258	-71.44515	FALSE	FALSE	Smith Street and Academy, Providence, RI, USA	FALSE	-71.4128343	41.8239891	locality	approximate	providence, ri, usa	Smith Street & Academy Avenue, Providence, RI, USA	EjJTbWl0aCBTdHJlZXQgJiBBY2FkZW15IEF2ZW51ZSwgUHJvdmlkZW5jZSwgUkksIFVTQSJmImQKFAoSCVMYVhuzReSJEf_-qXAGte-uEhQKEglTGFYbs0XkiRH__qlwBrXvrhoUChIJta5wTEtE5IkRIbWjMLiMq4QaFAoSCbMqUV6wReSJESzGjtldWTVJIgoNU6zwGBUyVmrV	41.8425939	-71.4451406	41.8425939	-71.4451406	Med	1.732617068	Raw	NA	NA	NA	NA	FALSE	41.84258	-71.44515	2013	August
2788	2013-08-16	190506	23:52:00	Pedestrian	1	NA	FALSE	FALSE	1	ATWELLS AVE	DE PASQUALE AVE	2013-08-17	Two-Way, Divided, Unprotected (painted>4feet) Medium	Dry	Dark - Lighted	Clear	Other	No	Traffic Control Signal	3	1	Pain Reported	NA	41.8236	-71.42698	FALSE	FALSE	Atwells Ave and De Pasquale Ave, Providence, RI, USA	FALSE	-71.4270169	41.8235993	intersection	geometric_center	de pasquale ave & atwells ave, providence, ri 02903, usa	NA	NA	NA	NA	41.8235993	-71.4270169	Med High	3.062047408	Raw	NA	NA	NA	NA	FALSE	41.8236	-71.42698	2013	August
2786	2013-08-18	190788	11:57:00	Bicycle	NA	1	FALSE	FALSE	1	WESTMINSTER ST	KNIGHT ST	2013-08-19	Two-Way , Not Divided	Dry	Daylight	Clear	Not a Collision Between Two Motor Vehicles in Transport	No	No Controls	2	0	No Injury	NA	41.81713	-71.42629	FALSE	FALSE	Westminster Street and Knight Street, Providence, RI, USA	FALSE	-71.4261832	41.8171545	intersection	geometric_center	knight st & westminster st, providence, ri 02903, usa	NA	NA	NA	NA	41.8171545	-71.4261832	Med High	9.270781317	Raw	NA	NA	NA	NA	FALSE	41.81713	-71.42629	2013	August
2787	2013-08-18	191431	17:38:00	Bicycle	NA	1	FALSE	FALSE	1	1250 Elmwood Avenue	BISSELL ST	2013-08-24	Two-Way , Not Divided	Dry	Daylight	Clear	Angle (Front - to - Side) Right Angle (Includes Broadside)	No	No Controls	2	0	No Injury	NA	41.77731	-71.42123	TRUE	FALSE	1250 Elmwood Avenue, Providence, RI, USA	FALSE	-71.4209854	41.7772008	street_address	rooftop	1250 elmwood ave, providence, ri 02907, usa	NA	NA	NA	NA	41.7772008	-71.4209854	High	23.66615918	Raw	NA	NA	NA	NA	FALSE	41.77731	-71.42123	2013	August
2784	2013-08-19	190799	15:13:00	Bicycle	NA	1	FALSE	FALSE	1	PARNELL ST	FOWLER ST	2013-08-19	Two-Way , Not Divided	Dry	Daylight	Clear	Angle (Front - to - Side) Right Angle (Includes Broadside)	No	No Controls	2	1	Pain Reported	NA	41.82748	-71.4538	FALSE	FALSE	Parnell Street and Fowler Street, Providence, RI, USA	FALSE	-71.453728	41.826229	intersection	geometric_center	parnell st & fowler st, providence, ri 02909, usa	NA	NA	NA	NA	41.826229	-71.453728	Med High	139.3886955	Raw	distance greater than 100m	NA	NA	NA	TRUE	41.82748	-71.4538	2013	August
2785	2013-08-19	190833	19:23:00	Bicycle	NA	1	FALSE	FALSE	1	Stewart St	Broad St	2013-08-20	Two-Way , Not Divided	Dry	Dusk	Clear	Not a Collision Between Two Motor Vehicles in Transport	Yes	Traffic Control Signal	3	0	No Injury	NA	41.8169	-71.41794	FALSE	FALSE	Stewart Street and Broad Street, Providence, RI, USA	FALSE	-71.4101636	41.7945838	route	geometric_center	broad st, providence, ri, usa	Stewart Street & Broad Street, Providence, RI, USA	EjJTdGV3YXJ0IFN0cmVldCAmIEJyb2FkIFN0cmVldCwgUHJvdmlkZW5jZSwgUkksIFVTQSJmImQKFAoSCXFyFvVtReSJEfHpf-l8DP4KEhQKEglxchb1bUXkiRHx6X_pfAz-ChoUChIJNwLQjG1F5IkRZKvDpxJpLOAaFAoSCYPefdWMT-SJESyiypOYSwijIgoNc8LsGBWVfm7V	41.8169459	-71.4178923	41.8169459	-71.4178923	Med	6.462860299	Raw	NA	NA	NA	NA	FALSE	41.8169	-71.41794	2013	August
2782	2013-08-20	190851	08:53:00	Bicycle	NA	1	FALSE	FALSE	1	235 PROMENADE STREET	NA	2013-08-20	Two-Way , Not Divided	Dry	Daylight	Clear	Other	Yes	No Controls	1	0	No Injury	NA	41.8347	-71.41607	TRUE	TRUE	235 Promenade Street, Providence, RI, USA	FALSE	-71.4193258	41.8285767	premise	rooftop	235 promenade st, providence, ri 02908, usa	NA	NA	NA	NA	41.8285767	-71.4193258	High	733.1882364	Geocoded	distance greater than 100m	NA	NA	NA	TRUE	41.8285767	-71.4193258	2013	August
2783	2013-08-20	192063	14:10:00	Bicycle	NA	NA	FALSE	FALSE	2	SASSAFRAS ST	SAVINGS ST	2013-08-20	Two-Way , Not Divided	Dry	Daylight	Clear	Other	No	No Controls	3	1	Pain Reported	NA	41.79503	-71.41074	FALSE	FALSE	Sassafras Street and Savings Street, Providence, RI, USA	FALSE	-71.412939	41.7942395	intersection	geometric_center	sassafras st & savings st, providence, ri 02907, usa	NA	NA	NA	NA	41.7942395	-71.412939	Med High	202.6091301	Geocoded	distance greater than 100m	NA	NA	NA	TRUE	41.7942395	-71.412939	2013	August
2780	2013-08-21	191039	16:22:00	Bicycle	NA	1	FALSE	FALSE	1	133c delaine st	APPLETON ST	2013-08-21	Two-Way , Not Divided	Dry	Daylight	Clear	Not a Collision Between Two Motor Vehicles in Transport	No	Stop Signs	4	1	Pain Reported	2	41.81905	-71.44292	FALSE	FALSE	133c Delaine Street and Appleton Street, Providence, RI, USA	FALSE	-71.4434781	41.8190657	premise	rooftop	dr. day care, 133 delaine st, providence, ri 02909, usa	NA	NA	NA	NA	41.8190657	-71.4434781	Med High	46.33368885	Raw	NA	NA	NA	NA	FALSE	41.81905	-71.44292	2013	August
2781	2013-08-21	191054	17:08:00	Pedestrian	1	NA	FALSE	FALSE	1	FRANCIS ST	AMERICAN EXPRESS PLZ	2013-08-21	Two-Way , Not Divided	Dry	Daylight	Clear	Not a Collision Between Two Motor Vehicles in Transport	No	Pavement Markings	5	1	Pain Reported	4	41.82803	-71.41533	FALSE	FALSE	Francis Street and American Express Plz, Providence, RI, USA	FALSE	-71.4128343	41.8239891	locality	approximate	providence, ri, usa	NA	NA	NA	NA	41.8239891	-71.4128343	Med	495.1836463	Raw	distance greater than 100m	NA	NA	NA	TRUE	41.82803	-71.41533	2013	August
2779	2013-08-22	191119	10:28:00	Bicycle	NA	1	FALSE	FALSE	1	95 PLEASANT VALLEY PARKWAY	VALLEY STREET	2013-08-22	Two-Way , Not Divided	Dry	Daylight	Clear	Other	Yes	No Controls	1	1	Non-Incapacitating	4	41.83201	-71.41745	TRUE	FALSE	95 Pleasant Valley Parkway, Providence, RI, USA	FALSE	-71.4271619	41.8313134	premise	rooftop	95 pleasant valley pkwy, providence, ri 02908, usa	NA	NA	NA	NA	41.8313134	-71.4271619	High	809.2772535	Geocoded	distance greater than 100m	NA	NA	NA	TRUE	41.8313134	-71.4271619	2013	August
2778	2013-08-23	191309	19:08:00	Bicycle	NA	1	FALSE	FALSE	1	ATWOOD ST	PLAINFIELD ST	2013-08-23	Two-Way , Not Divided	Dry	Daylight	Clear	Not a Collision Between Two Motor Vehicles in Transport	No	Traffic Control Signal	4	1	Pain Reported	2	41.81595	-71.44506	FALSE	FALSE	Atwood Street and Plainfield Street, Providence, RI, USA	FALSE	-71.4450491	41.8159764	intersection	geometric_center	atwood st & plainfield st, providence, ri 02909, usa	NA	NA	NA	NA	41.8159764	-71.4450491	Med High	3.074824721	Raw	NA	NA	NA	NA	FALSE	41.81595	-71.44506	2013	August
2777	2013-08-26	191689	21:25:00	Pedestrian	1	NA	FALSE	FALSE	1	EXIT	EXIT	2013-08-26	One-Way Trafficway	Dry	Dark - Lighted	Clear	Not a Collision Between Two Motor Vehicles in Transport	Yes	No Controls	1	1	Pain Reported	NA	41.82647	-71.42604	FALSE	FALSE	Exit and Exit, Providence, RI, USA	FALSE	-71.4128343	41.8239891	locality	approximate	providence, ri, usa	NA	NA	NA	NA	41.8239891	-71.4128343	Med	1129.733062	Unknown	distance greater than 100m	NA	NA	NA	TRUE	NA	NA	2013	August
2776	2013-08-28	192398	18:06:00	Bicycle	NA	1	FALSE	FALSE	1	GEORGE STREET	GOVERNOR ST	2013-08-28	Two-Way , Not Divided	Dry	Daylight	Clear	Head-On (Front - to - Front)	No	No Controls	3	1	Non-Incapacitating	NA	41.82586	-71.39389	FALSE	FALSE	George Street and Governor Street, Providence, RI, USA	FALSE	-71.3940564	41.8243217	route	geometric_center	governor st, providence, ri, usa	George Street & Governor Street, Providence, RI, USA	EjRHZW9yZ2UgU3RyZWV0ICYgR292ZXJub3IgU3RyZWV0LCBQcm92aWRlbmNlLCBSSSwgVVNBImYiZAoUChIJD4USBDBF5IkRDsK4Bxda-JoSFAoSCQ-FEgQwReSJEQ7CuAcXWviaGhQKEgnH6iRjO0XkiRGyZ442LkmUZRoUChIJDdfTdjBF5IkRJOofm93bdSIiCg0-Hu4YFWspctU	41.8258494	-71.3938581	41.8258494	-71.3938581	Med	2.897354866	Raw	NA	NA	NA	NA	FALSE	41.82586	-71.39389	2013	August
2775	2013-08-30	192396	22:30:00	Bicycle	NA	NA	FALSE	FALSE	2	31 Chapin Ave	PARADE ST	2013-08-30	Two-Way , Not Divided	Dry	Dark - Lighted	Clear	Not a Collision Between Two Motor Vehicles in Transport	No	No Controls	2	1	Non-Incapacitating	NA	41.81188	-71.43237	TRUE	FALSE	31 Chapin Ave, Providence, RI, USA	FALSE	-71.4323344	41.8120765	street_address	rooftop	31 chapin ave, providence, ri 02909, usa	NA	NA	NA	NA	41.8120765	-71.4323344	High	22.07280589	Raw	NA	NA	NA	NA	FALSE	41.81188	-71.43237	2013	August
2774	2013-08-31	192491	17:55:00	Pedestrian	1	NA	FALSE	FALSE	1	ATWELLS AVE	VALLEY ST	2013-08-31	Two-Way, Not Divided With a Continuous Left Turn Lane	Dry	Daylight	Clear	Not a Collision Between Two Motor Vehicles in Transport	No	No Controls	5	1	Pain Reported	3	41.82456	-71.43948	FALSE	FALSE	Atwells Ave and Valley Street, Providence, RI, USA	FALSE	-71.4394736	41.8245768	intersection	geometric_center	valley st & atwells ave, providence, ri 02908, usa	NA	NA	NA	NA	41.8245768	-71.4394736	Med High	1.944064888	Raw	NA	NA	NA	NA	FALSE	41.82456	-71.43948	2013	August
2772	2013-09-01	192587	13:48:00	Pedestrian	1	NA	FALSE	FALSE	1	BROAD STREET	GLADSTONE STREET	2013-09-01	Two-Way , Not Divided	Dry	Daylight	Clear	Head-On (Front - to - Front)	No	Stop Signs	3	1	Pain Reported	2	41.83079	-71.41786	FALSE	FALSE	Broad Street and Gladstone Street, Providence, RI, USA	FALSE	-71.4175207	41.8029286	route	geometric_center	gladstone st, providence, ri 02905, usa	Broad Street & Gladstone Street, Providence, RI, USA	EjRCcm9hZCBTdHJlZXQgJiBHbGFkc3RvbmUgU3RyZWV0LCBQcm92aWRlbmNlLCBSSSwgVVNBImYiZAoUChIJc5TYR31F5IkR71lc-wKeXJESFAoSCXOU2Ed9ReSJEe9ZXPsCnlyRGhQKEgmD3n3VjE_kiREsosqTmEsIoxoUChIJeSuWzmJF5IkRCn22G8as-2AiCg1Bk-oYFcVabtU	41.8026305	-71.4188091	41.8026305	-71.4188091	Med	3135.69001	Geocoded	distance greater than 100m	NA	NA	NA	TRUE	41.8026305	-71.4188091	2013	September
2773	2013-09-01	237524	00:01:00	Bicycle	NA	1	FALSE	FALSE	1	GLENBRIDGE AVE	MANTON AVE	2014-06-16	Unknown	Unknown	Unknown	Clear	Angle (Front - to - Side) Right Angle (Includes Broadside)	No	No Controls	2	0	Unknown	NA	41.82597	-71.45822	FALSE	FALSE	Glenbridge Ave and Manton Ave, Providence, RI, USA	FALSE	-71.4582318	41.8259774	intersection	geometric_center	glenbridge ave & manton ave, providence, ri 02909, usa	NA	NA	NA	NA	41.8259774	-71.4582318	Med High	1.279340119	Raw	NA	NA	NA	NA	FALSE	41.82597	-71.45822	2013	September
2770	2013-09-02	192668	13:01:00	Bicycle	NA	1	FALSE	FALSE	1	Chalkstone Ave	OAKLAND AVE	2013-09-02	Two-Way , Not Divided	Wet	Daylight	Rain	Not a Collision Between Two Motor Vehicles in Transport	No	Traffic Control Signal	3	1	Pain Reported	2	41.83419	-71.43024	FALSE	FALSE	Chalkstone Ave and Oakland Ave, Providence, RI, USA	FALSE	-71.4302486	41.834203	intersection	geometric_center	oakland ave & chalkstone ave, providence, ri 02908, usa	NA	NA	NA	NA	41.834203	-71.4302486	Med High	1.6133964	Raw	NA	NA	NA	NA	FALSE	41.83419	-71.43024	2013	September
2771	2013-09-02	196772	23:03:00	Pedestrian	1	NA	FALSE	FALSE	1	ATWELLS AVE	MCAVOY ST	2013-10-04	Two-Way , Not Divided	Dry	Dark - Lighted	Clear	Not a Collision Between Two Motor Vehicles in Transport	No	No Controls	2	1	Pain Reported	2	41.82379	-71.42976	FALSE	FALSE	Atwells Ave and Mcavoy Street, Providence, RI, USA	FALSE	-71.429877	41.8238168	intersection	geometric_center	atwells ave & mcavoy st, providence, ri 02903, usa	NA	NA	NA	NA	41.8238168	-71.429877	Med High	10.15392253	Raw	NA	NA	NA	NA	FALSE	41.82379	-71.42976	2013	September
2769	2013-09-06	193267	17:39:00	Pedestrian	1	NA	FALSE	FALSE	1	EXCHANGE TER	EXCHANGE ST	2013-09-06	One-Way Trafficway	Dry	Daylight	Clear	Not a Collision Between Two Motor Vehicles in Transport	No	No Controls	4	1	Pain Reported	NA	41.82568	-71.41281	FALSE	FALSE	Exchange Ter and Exchange Street, Providence, RI, USA	FALSE	-71.4148047	41.8250247	intersection	geometric_center	exchange terrace & w exchange st, providence, ri 02903, usa	NA	NA	NA	NA	41.8250247	-71.4148047	Med High	180.8330331	Geocoded	distance greater than 100m	NA	NA	NA	TRUE	41.8250247	-71.4148047	2013	September
2768	2013-09-07	193496	14:37:00	Pedestrian	1	NA	FALSE	FALSE	1	135 MANTON AVE	NA	2013-09-07	Two-Way , Not Divided	Dry	Daylight	Clear	Not a Collision Between Two Motor Vehicles in Transport	No	No Controls	4	1	Pain Reported	NA	41.81955	-71.44636	TRUE	TRUE	135 Manton Ave, Providence, RI, USA	FALSE	-71.4459699	41.8192357	premise	rooftop	135 manton ave, providence, ri 02909, usa	NA	NA	NA	NA	41.8192357	-71.4459699	High	47.66032771	Raw	NA	NA	NA	NA	FALSE	41.81955	-71.44636	2013	September
2767	2013-09-09	193944	14:26:00	Bicycle	NA	1	FALSE	FALSE	1	WATERMAN ST	BROOK ST	2013-09-12	One-Way Trafficway	Dry	Daylight	Clear	Sideswipe, Same Direction	No	No Controls	3	1	Pain Reported	NA	41.82738	-71.39959	FALSE	FALSE	Waterman Street and Brook Street, Providence, RI, USA	FALSE	-71.3993204	41.8274038	intersection	geometric_center	brook st & waterman st, providence, ri 02906, usa	NA	NA	NA	NA	41.8274038	-71.3993204	Med High	22.51985287	Raw	NA	NA	NA	NA	FALSE	41.82738	-71.39959	2013	September
2766	2013-09-10	193844	15:29:00	Pedestrian	1	NA	FALSE	FALSE	1	COOKE ST	ANGELL ST	2013-09-10	One-Way Trafficway	Dry	Daylight	Cloudy	Not a Collision Between Two Motor Vehicles in Transport	No	Stop Signs	2	1	Non-Incapacitating	NA	41.82875	-71.39548	FALSE	FALSE	Cooke Street and Angell Street, Providence, RI, USA	FALSE	-71.3954572	41.828756	intersection	geometric_center	cooke st & angell st, providence, ri 02906, usa	NA	NA	NA	NA	41.828756	-71.3954572	Med High	2.005709541	Raw	NA	NA	NA	NA	FALSE	41.82875	-71.39548	2013	September
2764	2013-09-11	193895	11:37:00	Pedestrian	1	NA	FALSE	FALSE	1	BROAD ST	BROAD ST	2013-09-11	Two-Way, Divided, Unprotected (painted>4feet) Medium	Dry	Daylight	Clear	Other	No	Yield Signs	3	1	Pain Reported	NA	41.81357	-71.42167	FALSE	FALSE	Broad Street and Broad Street, Providence, RI, USA	FALSE	-71.4101636	41.7945838	route	geometric_center	broad st, providence, ri, usa	NA	NA	NA	NA	41.7945838	-71.4101636	Med	2319.199761	Unknown	distance greater than 100m	NA	NA	NA	TRUE	NA	NA	2013	September
2765	2013-09-11	196023	16:58:00	Bicycle	1	NA	FALSE	FALSE	1	MOORE ST	UPDIKE ST	2013-09-27	Two-Way , Not Divided	Dry	Daylight	Clear	Other	Yes	No Controls	1	1	Pain Reported	2	41.80484	-71.42136	FALSE	FALSE	Moore Street and Updike Street, Providence, RI, USA	FALSE	-71.4224386	41.8048126	intersection	geometric_center	updike st & moore st, providence, ri 02907, usa	NA	NA	NA	NA	41.8048126	-71.4224386	Med High	89.55392563	Raw	NA	NA	NA	NA	FALSE	41.80484	-71.42136	2013	September
2763	2013-09-17	194537	14:58:00	Bicycle	NA	1	FALSE	FALSE	1	VALLEY ST	SCHOOL ST	2013-09-17	Two-Way , Not Divided	Dry	Daylight	Clear	Angle (Front - to - Side) Right Angle (Includes Broadside)	No	No Controls	3	1	Pain Reported	NA	41.81852	-71.44067	FALSE	FALSE	Valley Street and School Street, Providence, RI, USA	FALSE	-71.4406036	41.8189736	intersection	geometric_center	school st & valley st, providence, ri 02909, usa	NA	NA	NA	NA	41.8189736	-71.4406036	Med High	50.79411357	Raw	NA	NA	NA	NA	FALSE	41.81852	-71.44067	2013	September
2760	2013-09-19	194775	11:05:00	Pedestrian	1	NA	FALSE	FALSE	1	321 HARBORSIDE BLVD.	NA	2013-09-19	Two-Way , Not Divided	Dry	Daylight	Clear	Other	No	No Controls	3	1	Pain Reported	2	41.83504	-71.41592	TRUE	TRUE	321 Harborside Blvd., Providence, RI, USA	FALSE	-71.391657	41.7861645	premise	rooftop	321 harborside blvd, cranston, ri 02905, usa	NA	NA	NA	NA	41.7861645	-71.391657	High	5801.297814	Geocoded	distance greater than 100m	NA	NA	NA	TRUE	41.7861645	-71.391657	2013	September
2761	2013-09-19	194783	11:03:00	Pedestrian	1	NA	FALSE	FALSE	1	BORINQUEN ST	PLAIN ST	2013-09-19	Two-Way , Not Divided	Dry	Daylight	Clear	Head-On (Front - to - Front)	No	No Controls	2	2	Pain Reported	NA	41.80801	-71.41041	FALSE	FALSE	Borinquen Street and Plain Street, Providence, RI, USA	FALSE	-71.410446	41.8080129	intersection	geometric_center	borinquen st & plain st, providence, ri 02905, usa	NA	NA	NA	NA	41.8080129	-71.410446	Med High	3.00451652	Raw	NA	NA	NA	NA	FALSE	41.80801	-71.41041	2013	September
2762	2013-09-19	196335	09:40:00	Bicycle	NA	1	FALSE	FALSE	1	TORONTO AVE	TENNESSEE AVE	2013-10-01	Two-Way , Not Divided	Dry	Daylight	Clear	Angle (Front - to - Side) Right Angle (Includes Broadside)	No	Stop Signs	3	1	Pain Reported	NA	41.79308	-71.39514	FALSE	FALSE	Toronto Ave and Tennessee Ave, Providence, RI, USA	FALSE	-71.3951419	41.793079	intersection	geometric_center	toronto ave & tennessee ave, providence, ri 02905, usa	NA	NA	NA	NA	41.793079	-71.3951419	Med High	0.193024105	Raw	NA	NA	NA	NA	FALSE	41.79308	-71.39514	2013	September
2757	2013-09-20	195069	16:40:00	Bicycle	NA	1	FALSE	FALSE	1	51 DORCHESTER AVE	NA	2013-09-20	Two-Way , Not Divided	Dry	Daylight	Clear	Not a Collision Between Two Motor Vehicles in Transport	No	No Controls	3	1	Pain Reported	2	41.81197	-71.45235	TRUE	TRUE	51 Dorchester Ave, Providence, RI, USA	FALSE	-71.4525441	41.8120972	premise	rooftop	51 dorchester ave, providence, ri 02909, usa	NA	NA	NA	NA	41.8120972	-71.4525441	High	21.44429698	Raw	NA	NA	NA	NA	FALSE	41.81197	-71.45235	2013	September
2758	2013-09-20	195093	22:15:00	Bicycle	NA	1	FALSE	FALSE	1	LENOX AVE	EMERSON ST	2013-09-20	Two-Way , Not Divided	Dry	Dark - Lighted	Clear	Not a Collision Between Two Motor Vehicles in Transport	No	Traffic Control Signal	4	1	Pain Reported	NA	41.79828	-71.41478	FALSE	FALSE	Lenox Ave and Emerson Street, Providence, RI, USA	FALSE	-71.4160635	41.7979139	intersection	geometric_center	lenox ave & emerson st, providence, ri 02907, usa	NA	NA	NA	NA	41.7979139	-71.4160635	Med High	114.0459965	Geocoded	distance greater than 100m	NA	NA	NA	TRUE	41.7979139	-71.4160635	2013	September
2759	2013-09-20	195094	19:52:00	Pedestrian	1	NA	FALSE	FALSE	1	Broad St	STANWOOD ST	2013-09-20	Two-Way, Not Divided With a Continuous Left Turn Lane	Dry	Dark - Lighted	Clear	Not a Collision Between Two Motor Vehicles in Transport	Yes	No Controls	4	1	Incapacitating	3	41.80376	-71.41915	FALSE	FALSE	Broad Street and Stanwood Street, Providence, RI, USA	FALSE	-71.4224823	41.8025269	route	geometric_center	stanwood st, providence, ri 02907, usa	Broad Street & Stanwood Street, Providence, RI, USA	EjNCcm9hZCBTdHJlZXQgJiBTdGFud29vZCBTdHJlZXQsIFByb3ZpZGVuY2UsIFJJLCBVU0EiZiJkChQKEgl7bh0kfUXkiRHmUNEw7jz-axIUChIJe24dJH1F5IkR5lDRMO48_msaFAoSCYPefdWMT-SJESyiypOYSwijGhQKEgljUmPtfUXkiRE3RrR4ALggmiIKDUC86hgVl05u1Q	41.80368	-71.4191209	41.80368	-71.4191209	Med	9.227134778	Raw	NA	NA	NA	NA	FALSE	41.80376	-71.41915	2013	September
2756	2013-09-21	196035	15:56:00	Bicycle	NA	1	FALSE	FALSE	1	BRIDGHAM ST	ELMWOOD AVE	2013-09-29	Two-Way , Not Divided	Dry	Daylight	Clear	Not a Collision Between Two Motor Vehicles in Transport	No	Traffic Control Signal	3	1	Pain Reported	2	41.81277	-71.42218	FALSE	FALSE	Bridgham Street and Elmwood Ave, Providence, RI, USA	FALSE	-71.4221436	41.8127945	intersection	geometric_center	bridgham st & elmwood ave, providence, ri 02907, usa	NA	NA	NA	NA	41.8127945	-71.4221436	Med High	4.069305546	Raw	NA	NA	NA	NA	FALSE	41.81277	-71.42218	2013	September
2753	2013-09-22	195254	02:39:00	Pedestrian	1	NA	FALSE	FALSE	1	BROADWAY	ALMY ST	2013-09-22	Two-Way , Not Divided	Dry	Dark - Lighted	Clear	Unknown	Yes	No Controls	1	0	Unknown	NA	41.81899	-71.43279	FALSE	FALSE	Broadway and Almy Street, Providence, RI, USA	FALSE	-71.4332086	41.8196567	route	geometric_center	almy st, providence, ri 02909, usa	Broadway & Almy Street, Providence, RI, USA	EitCcm9hZHdheSAmIEFsbXkgU3RyZWV0LCBQcm92aWRlbmNlLCBSSSwgVVNBImYiZAoUChIJf2wiiJ5F5IkRjn4qkn9k29gSFAoSCX9sIoieReSJEY5-KpJ_ZNvYGhQKEgmlteWGdUXkiREawjOx16RvsxoUChIJ51EWjJ5F5IkRlA-oyGoufZoiCg2qEe0YFbcybNU	41.8189738	-71.4329417	41.8189738	-71.4329417	Med	12.7137967	Raw	NA	NA	NA	NA	FALSE	41.81899	-71.43279	2013	September
2754	2013-09-22	195283	02:35:00	Pedestrian	2	NA	FALSE	FALSE	1	South Water St	DYER ST	2013-09-22	One-Way Trafficway	Wet	Dark - Lighted	Cloudy	Not a Collision Between Two Motor Vehicles in Transport	Yes	Pavement Markings	6	3	Pain Reported	2	41.82425	-71.4076	FALSE	FALSE	South Water Street and Dyer Street, Providence, RI, USA	FALSE	-71.4082107	41.8241381	intersection	geometric_center	s water st & dyer st, providence, ri 02903, usa	NA	NA	NA	NA	41.8241381	-71.4082107	Med High	52.16939717	Raw	NA	NA	NA	NA	FALSE	41.82425	-71.4076	2013	September
2755	2013-09-22	196273	04:00:00	Pedestrian	1	NA	FALSE	FALSE	1	EXIT 25	I 95	2013-09-22	One-Way Trafficway	Wet	Dark - Lighted	Rain	Not a Collision Between Two Motor Vehicles in Transport	Yes	No Controls	1	1	Non-Incapacitating	NA	41.85322	-71.40834	FALSE	FALSE	Exit 25 and I 95, Providence, RI, USA	FALSE	-70.5624753	43.4075026	street_address	rooftop	25 i-95, kennebunk, me 04043, usa	NA	NA	NA	NA	43.4075026	-70.5624753	Med High	186373.1636	Geocoded	distance greater than 100m	NA	NA	NA	TRUE	43.4075026	-70.5624753	2013	September
2752	2013-09-23	195345	17:29:00	Pedestrian	1	NA	FALSE	FALSE	1	HANDY ST	AMHERST ST	2013-09-23	Two-Way , Not Divided	Dry	Daylight	Clear	Head-On (Front - to - Front)	Yes	No Controls	1	1	Pain Reported	NA	41.82347	-71.44813	FALSE	FALSE	Handy Street and Amherst Street, Providence, RI, USA	FALSE	-71.4480969	41.8231199	intersection	geometric_center	handy st & amherst st, providence, ri 02909, usa	NA	NA	NA	NA	41.8231199	-71.4480969	Med High	39.06956295	Raw	NA	NA	NA	NA	FALSE	41.82347	-71.44813	2013	September
2750	2013-09-24	195560	16:40:00	Bicycle	NA	1	FALSE	FALSE	1	CHARLES ST	CHARLES ST	2013-09-24	Two-Way , Not Divided	Dry	Daylight	Clear	Angle (Front - to - Side) Right Angle (Includes Broadside)	No	Traffic Control Signal	4	0	No Injury	NA	41.83585	-71.41178	FALSE	FALSE	Charles Street and Charles Street, Providence, RI, USA	FALSE	-71.419539	41.8474982	route	geometric_center	charles st, providence, ri, usa	NA	NA	NA	NA	41.8474982	-71.419539	Med	1447.553285	Unknown	distance greater than 100m	NA	NA	NA	TRUE	NA	NA	2013	September
2751	2013-09-24	195562	17:27:00	Pedestrian	1	NA	FALSE	FALSE	1	325 PUBLIC ST	NA	2013-09-24	Two-Way , Not Divided	Dry	Daylight	Clear	Not a Collision Between Two Motor Vehicles in Transport	No	No Controls	3	1	Pain Reported	2	41.80542	-71.41536	TRUE	TRUE	325 Public Street, Providence, RI, USA	FALSE	-71.4105943	41.8071025	premise	rooftop	325 public st, providence, ri 02905, usa	NA	NA	NA	NA	41.8071025	-71.4105943	High	437.5595706	Geocoded	distance greater than 100m	NA	NA	NA	TRUE	41.8071025	-71.4105943	2013	September