row_number	crash_date	crash_report_id	crash_time	collision_type	count_pedestrian	count_bicycle	scooter	wheel_chair	number_of_vehicles	street_or_highway	nearest_intersection	report_date	type_of_roadway	road_surface_condition	light_condition	weather_condition	manner_of_impact	hit_and_run	traffic_control	person_count	injury_count	most_serious_injury	number_of_lanes	lat_raw	lon_raw	has_st_number	is_intersection_null	address_sent_to_geocoder	is_address_blank	lon_api_first_try	lat_api_first_try	type	loctype	address_returned_by_geocoder	address_returned_by_autocomplete	place_ids_autocompleted	lat_api_second_try	lon_api_second_try	lat_api_best	lon_api_best	api_coord_conf	distance_btwn_coords_meters	best_coordinate_set	reason_for_qa	correct_coordinates	corrected_lat	corrected_lon	manually_qaed_record	final_lat	final_lon	year	month
2705	2013-10-29	199963	09:33:00	Bicycle	NA	1	FALSE	FALSE	1	BATH ST	CHALKSTONE AVE	2013-10-29	Two-Way , Not Divided	Dry	Daylight	Clear	Angle (Front - to - Side) Right Angle (Includes Broadside)	No	No Controls	4	1	Pain Reported	2	41.83511	-71.42583	FALSE	FALSE	Bath Street and Chalkstone Ave, Providence, RI, USA	FALSE	-71.425822	41.8351738	intersection	geometric_center	bath st & chalkstone ave, providence, ri 02908, usa	NA	NA	NA	NA	41.8351738	-71.425822	Med High	7.133111143	Raw	NA	NA	NA	NA	FALSE	41.83511	-71.42583	2013	October
2706	2013-10-29	199968	11:58:00	Pedestrian	1	NA	FALSE	FALSE	1	CHARLES ST	BRANCH AVE	2013-10-29	Two-Way , Not Divided	Dry	Daylight	Clear	Not a Collision Between Two Motor Vehicles in Transport	Yes	Stop Signs	4	1	Pain Reported	NA	41.85026	-71.41998	FALSE	FALSE	Charles Street and Branch Ave, Providence, RI, USA	FALSE	-71.4128343	41.8239891	locality	approximate	providence, ri, usa	Charles Street & Branch Ave, Providence, RI, USA	EjBDaGFybGVzIFN0cmVldCAmIEJyYW5jaCBBdmUsIFByb3ZpZGVuY2UsIFJJLCBVU0EiZiJkChQKEgmX1pBx8ETkiRFt3W_DezHjNhIUChIJl9aQcfBE5IkRbd1vw3sx4zYaFAoSCXULzmzxROSJEctkyy41Vf0yGhQKEgnptPOF-UTkiRG6fR7eUkO2qCIKDYfZ8RgVmixu1Q	41.8503047	-71.419991	41.8503047	-71.419991	Med	5.058890141	Raw	NA	NA	NA	NA	FALSE	41.85026	-71.41998	2013	October
2707	2013-10-29	199987	12:52:00	Pedestrian	1	NA	FALSE	FALSE	1	COLLYER ST	COLLYER ST	2013-10-29	Unknown	Dry	Daylight	Clear	Other	No	No Controls	4	0	No Injury	NA	41.85541	-71.40307	FALSE	FALSE	Collyer Street and Collyer Street, Providence, RI, USA	FALSE	-71.4035181	41.8544712	route	geometric_center	collyer st, rhode island, usa	NA	NA	NA	NA	41.8544712	-71.4035181	Med	110.9147772	Raw	distance greater than 100m	NA	NA	NA	TRUE	41.85541	-71.40307	2013	October
2703	2013-10-31	200314	20:16:00	Pedestrian	1	NA	FALSE	FALSE	1	RUTHERGLEN AVE	NARRAGANSETT AVE	2013-10-31	Two-Way , Not Divided	Wet	Dawn	Rain	Not a Collision Between Two Motor Vehicles in Transport	Yes	Stop Signs	2	1	Pain Reported	NA	41.78696	-71.42308	FALSE	FALSE	Rutherglen Ave and Narragansett Ave, Providence, RI, USA	FALSE	-71.4230812	41.7869766	intersection	geometric_center	narragansett ave & rutherglen ave, providence, ri 02907, usa	NA	NA	NA	NA	41.7869766	-71.4230812	Med High	1.850585953	Raw	NA	NA	NA	NA	FALSE	41.78696	-71.42308	2013	October
2704	2013-10-31	200875	18:54:00	Pedestrian	1	NA	FALSE	FALSE	1	VALLEY ST	HEMLOCK ST	2013-11-04	Two-Way, Divided, Unprotected (painted>4feet) Medium	Wet	Dark - Lighted	Sleet, Hail (Freezing Rain or Drizzle)	Other	No	No Controls	10	1	Incapacitating	NA	41.83058	-71.4302	FALSE	FALSE	Valley Street and Hemlock Street, Providence, RI, USA	FALSE	-71.4304933	41.8304583	intersection	geometric_center	valley st & hemlock st, providence, ri 02908, usa	NA	NA	NA	NA	41.8304583	-71.4304933	Med High	27.84597534	Raw	NA	NA	NA	NA	FALSE	41.83058	-71.4302	2013	October
2701	2013-11-01	200400	00:18:00	Pedestrian	1	NA	FALSE	FALSE	1	Dorrance St	Pine St	2013-11-01	Two-Way , Not Divided	Wet	Dark - Lighted	Rain	Not a Collision Between Two Motor Vehicles in Transport	Yes	Pavement Markings	9	1	Incapacitating	NA	41.82237	-71.41006	FALSE	FALSE	Dorrance Street and Pine Street, Providence, RI, USA	FALSE	-71.4100874	41.822464	intersection	geometric_center	pine st & dorrance st, providence, ri 02903, usa	NA	NA	NA	NA	41.822464	-71.4100874	Med High	10.70806206	Raw	NA	NA	NA	NA	FALSE	41.82237	-71.41006	2013	November
2702	2013-11-01	200422	12:24:00	Pedestrian	1	NA	FALSE	FALSE	1	MATHEWSON ST	MATHEWSON ST	2013-11-01	One-Way Trafficway	Wet	Daylight	Rain	Not a Collision Between Two Motor Vehicles in Transport	No	No Controls	3	1	Pain Reported	1	41.82396	-71.41628	FALSE	FALSE	Mathewson Street and Mathewson Street, Providence, RI, USA	FALSE	-71.4142678	41.8226533	route	geometric_center	mathewson st, providence, ri 02903, usa	NA	NA	NA	NA	41.8226533	-71.4142678	Med	221.410199	Geocoded	distance greater than 100m	NA	NA	NA	TRUE	41.8226533	-71.4142678	2013	November
2700	2013-11-03	200634	02:54:00	Pedestrian	1	NA	FALSE	FALSE	1	PUTNAM ST	HALE ST	2013-11-03	One-Way Trafficway	Dry	Dark - Lighted	Clear	Not a Collision Between Two Motor Vehicles in Transport	Yes	No Controls	1	1	Incapacitating	NA	41.82395	-71.44387	FALSE	FALSE	Putnam Street and Hale Street, Providence, RI, USA	FALSE	-71.443871	41.823948	intersection	geometric_center	hale st & putnam st, providence, ri 02909, usa	NA	NA	NA	NA	41.823948	-71.443871	Med High	0.237591342	Raw	NA	NA	NA	NA	FALSE	41.82395	-71.44387	2013	November
2698	2013-11-05	201139	17:25:00	Pedestrian	1	NA	FALSE	FALSE	1	THAYER ST	ANGELL ST	2013-11-05	One-Way Trafficway	Dry	Dark - Lighted	Clear	Not a Collision Between Two Motor Vehicles in Transport	No	Traffic Control Signal	4	1	Pain Reported	1	41.82813	-71.40066	FALSE	FALSE	Thayer Street and Angell Street, Providence, RI, USA	FALSE	-71.4006581	41.8280973	intersection	geometric_center	thayer st & angell st, providence, ri 02906, usa	NA	NA	NA	NA	41.8280973	-71.4006581	Med High	3.643557576	Raw	NA	NA	NA	NA	FALSE	41.82813	-71.40066	2013	November
2699	2013-11-05	201209	18:03:00	Pedestrian	2	NA	FALSE	FALSE	1	PARKING LOT	SILVER SPRING ST	2013-11-05	Two-Way , Not Divided	Dry	Dark - Lighted	Clear	Other	No	No Controls	3	2	Pain Reported	NA	41.85631	-71.41089	FALSE	FALSE	Parking Lot and Silver Spring Street, Providence, RI, USA	FALSE	-71.4133985	41.8503204	route	geometric_center	silver spring st, providence, ri 02904, usa	NA	NA	NA	NA	41.8503204	-71.4133985	Med	698.4487534	Raw	distance greater than 100m	NA	NA	NA	TRUE	41.85631	-71.41089	2013	November
2697	2013-11-06	201271	14:00:00	Pedestrian	2	NA	FALSE	FALSE	1	HOPE STREET	CYPRESS STREET	2013-11-06	Two-Way , Not Divided	Dry	Daylight	Clear	Other	No	No Controls	7	1	Non-Incapacitating	2	41.83139	-71.4177	FALSE	FALSE	Hope Street and Cypress Street, Providence, RI, USA	FALSE	-71.3989614	41.8410395	intersection	geometric_center	hope st & cypress st, providence, ri 02906, usa	NA	NA	NA	NA	41.8410395	-71.3989614	Med High	1889.253348	Geocoded	distance greater than 100m	NA	NA	NA	TRUE	41.8410395	-71.3989614	2013	November
2695	2013-11-07	201500	17:48:00	Bicycle	NA	1	FALSE	FALSE	1	broad st	CAHIR ST	2013-11-07	Two-Way , Not Divided	Wet	Dark - Lighted	Rain	Not a Collision Between Two Motor Vehicles in Transport	No	Traffic Control Signal	4	1	Pain Reported	2	41.81692	-71.41795	FALSE	FALSE	Broad Street and Cahir Street, Providence, RI, USA	FALSE	-71.4189877	41.8178471	route	geometric_center	cahir st, providence, ri 02903, usa	Broad Street & Cahir Street, Providence, RI, USA	EjBCcm9hZCBTdHJlZXQgJiBDYWhpciBTdHJlZXQsIFByb3ZpZGVuY2UsIFJJLCBVU0EiZiJkChQKEglxchb1bUXkiRHx6X_pfAz-ChIUChIJcXIW9W1F5IkR8el_6XwM_goaFAoSCYPefdWMT-SJESyiypOYSwijGhQKEgmx_OtuckXkiRFRWF6nVg1mziIKDXPC7BgVlX5u1Q	41.8169459	-71.4178923	41.8169459	-71.4178923	Med	5.588231095	Raw	NA	NA	NA	NA	FALSE	41.81692	-71.41795	2013	November
2696	2013-11-07	201575	23:29:00	Pedestrian	1	NA	FALSE	FALSE	1	COMSTOCK AVE	Broad St	2013-11-08	Two-Way , Not Divided	Dry	Dark - Lighted	Clear	Not a Collision Between Two Motor Vehicles in Transport	No	No Controls	2	1	Pain Reported	2	41.80948	-71.42091	FALSE	FALSE	Comstock Ave and Broad Street, Providence, RI, USA	FALSE	-71.420929	41.8094877	intersection	geometric_center	comstock ave & broad st, providence, ri 02907, usa	NA	NA	NA	NA	41.8094877	-71.420929	Med High	1.794457621	Raw	NA	NA	NA	NA	FALSE	41.80948	-71.42091	2013	November
2694	2013-11-08	201659	09:52:00	Pedestrian	1	NA	FALSE	FALSE	1	WASHINGTON ST	EMPIRE ST	2013-11-08	Two-Way , Not Divided	Dry	Daylight	Clear	Not a Collision Between Two Motor Vehicles in Transport	No	Traffic Control Signal	4	0	No Injury	2	41.82182	-71.41645	FALSE	FALSE	Washington Street and Empire Street, Providence, RI, USA	FALSE	-71.4157797	41.821349	route	geometric_center	empire st, providence, ri 02903, usa	Washington Street & Empire Street, Providence, RI, USA	EjZXYXNoaW5ndG9uIFN0cmVldCAmIEVtcGlyZSBTdHJlZXQsIFByb3ZpZGVuY2UsIFJJLCBVU0EiZiJkChQKEgmNpp3sEkXkiRHnvAEsqcaDvRIUChIJjaad7BJF5IkR57wBLKnGg70aFAoSCanazZwSReSJERoH0JajEjT2GhQKEgnHPO_pEkXkiRGhxI4iuiomFSIKDWmC7RgVI7hu1Q	41.8218601	-71.4164189	41.8218601	-71.4164189	Med	5.155853918	Raw	NA	NA	NA	NA	FALSE	41.82182	-71.41645	2013	November
2692	2013-11-11	202021	13:04:00	Pedestrian	1	NA	FALSE	FALSE	1	315 BROAD STREET	NA	2013-11-11	Two-Way, Divided, Positive Median Barrier	Dry	Daylight	Clear	Other	No	No Controls	3	1	Pain Reported	2	41.83349	-71.41682	TRUE	TRUE	315 Broad Street, Providence, RI, USA	FALSE	-71.4217316	41.8145174	premise	rooftop	315 broad st, providence, ri 02907, usa	NA	NA	NA	NA	41.8145174	-71.4217316	High	2150.962033	Geocoded	distance greater than 100m	NA	NA	NA	TRUE	41.8145174	-71.4217316	2013	November
2693	2013-11-11	202063	23:45:00	Pedestrian	1	NA	FALSE	FALSE	1	FRANCIS ST	SMITH ST	2013-11-12	Two-Way , Not Divided	Wet	Dark - Lighted	Rain	Angle (Front - to - Side) Right Angle (Includes Broadside)	No	Traffic Control Signal	2	1	Incapacitating	4	41.83182	-71.41629	FALSE	FALSE	Francis Street and Smith Street, Providence, RI, USA	FALSE	-71.4433053	41.8418141	route	geometric_center	smith st, providence, ri, usa	Francis Street & Smith Street, Providence, RI, USA	EjJGcmFuY2lzIFN0cmVldCAmIFNtaXRoIFN0cmVldCwgUHJvdmlkZW5jZSwgUkksIFVTQSJmImQKFAoSCWMaa-YaReSJEWTPEtzNjtbUEhQKEgljGmvmGkXkiRFkzxLczY7W1BoUChIJ4wolWRBF5IkRCddrkmwOQpsaFAoSCbWucExLROSJESG1ozC4jKuEIgoNpQfvGBV6vW7V	41.8318245	-71.4162822	41.8318245	-71.4162822	Med	0.818234627	Raw	NA	NA	NA	NA	FALSE	41.83182	-71.41629	2013	November
2691	2013-11-12	202196	17:27:00	Pedestrian	1	NA	FALSE	FALSE	1	WASHINGTON ST	EMPIRE ST	2013-11-12	Two-Way , Not Divided	Dry	Dark - Lighted	Clear	Other	No	Traffic Control Signal	3	1	Pain Reported	NA	41.82182	-71.41645	FALSE	FALSE	Washington Street and Empire Street, Providence, RI, USA	FALSE	-71.4157797	41.821349	route	geometric_center	empire st, providence, ri 02903, usa	Washington Street & Empire Street, Providence, RI, USA	EjZXYXNoaW5ndG9uIFN0cmVldCAmIEVtcGlyZSBTdHJlZXQsIFByb3ZpZGVuY2UsIFJJLCBVU0EiZiJkChQKEgmNpp3sEkXkiRHnvAEsqcaDvRIUChIJjaad7BJF5IkR57wBLKnGg70aFAoSCanazZwSReSJERoH0JajEjT2GhQKEgnHPO_pEkXkiRGhxI4iuiomFSIKDWmC7RgVI7hu1Q	41.8218601	-71.4164189	41.8218601	-71.4164189	Med	5.155853918	Raw	NA	NA	NA	NA	FALSE	41.82182	-71.41645	2013	November
2689	2013-11-13	202380	17:00:00	Pedestrian	1	NA	FALSE	FALSE	1	BROAD STREET	BROAD ST	2013-11-13	Two-Way , Not Divided	Dry	Dark - Lighted	Clear	Not a Collision Between Two Motor Vehicles in Transport	No	No Controls	6	0	No Injury	2	41.81428	-71.42123	FALSE	FALSE	Broad Street and Broad Street, Providence, RI, USA	FALSE	-71.4101636	41.7945838	route	geometric_center	broad st, providence, ri, usa	NA	NA	NA	NA	41.7945838	-71.4101636	Med	2377.105198	Unknown	distance greater than 100m	NA	NA	NA	TRUE	NA	NA	2013	November
2690	2013-11-13	202430	18:24:00	Pedestrian	1	NA	FALSE	FALSE	1	1516 WESTMINSTER ST	NA	2013-11-13	Two-Way , Not Divided	Dry	Dark - Lighted	Clear	Not a Collision Between Two Motor Vehicles in Transport	No	No Controls	2	1	Pain Reported	2	41.81617	-71.43475	TRUE	TRUE	1516 Westminster Street, Providence, RI, USA	FALSE	-71.434498	41.8160371	street_address	rooftop	1516 westminster st, providence, ri 02909, usa	NA	NA	NA	NA	41.8160371	-71.434498	High	25.61220153	Raw	NA	NA	NA	NA	FALSE	41.81617	-71.43475	2013	November
2688	2013-11-14	202628	18:59:00	Bicycle	NA	1	FALSE	FALSE	1	Power St	HOPE ST	2013-11-14	Two-Way , Not Divided	Dry	Dark - Lighted	Clear	Not a Collision Between Two Motor Vehicles in Transport	No	Stop Signs	4	1	Pain Reported	2	41.82318	-71.39702	FALSE	FALSE	Power Street and Hope Street, Providence, RI, USA	FALSE	-71.3970049	41.8232025	intersection	geometric_center	hope st & power st, providence, ri 02912, usa	NA	NA	NA	NA	41.8232025	-71.3970049	Med High	2.800457013	Raw	NA	NA	NA	NA	FALSE	41.82318	-71.39702	2013	November
2686	2013-11-15	202802	12:09:00	Bicycle	NA	1	FALSE	FALSE	1	413 FRIENDSHIP ST	SOMERSET ST	2013-11-16	One-Way Trafficway	Dry	Daylight	Clear	Not a Collision Between Two Motor Vehicles in Transport	Yes	No Controls	1	1	Pain Reported	NA	41.81235	-71.41865	TRUE	FALSE	413 Friendship Street, Providence, RI, USA	FALSE	-71.4187389	41.8125072	street_address	rooftop	413 friendship st, providence, ri 02907, usa	NA	NA	NA	NA	41.8125072	-71.4187389	High	18.99040773	Raw	NA	NA	NA	NA	FALSE	41.81235	-71.41865	2013	November
2687	2013-11-15	202815	21:45:00	Pedestrian	1	NA	FALSE	FALSE	1	EXCHANGE TER	FRANCIS ST	2013-11-16	Two-Way , Not Divided	Dry	Dark - Unknown Lighting	Clear	Unknown	No	Traffic Control Signal	5	1	Pain Reported	NA	41.82503	-71.4148	FALSE	FALSE	Exchange Ter and Francis Street, Providence, RI, USA	FALSE	-71.4148047	41.8250247	intersection	geometric_center	exchange terrace & francis st, providence, ri 02903, usa	NA	NA	NA	NA	41.8250247	-71.4148047	Med High	0.707177468	Raw	NA	NA	NA	NA	FALSE	41.82503	-71.4148	2013	November
2685	2013-11-16	202871	22:10:00	Pedestrian	1	NA	FALSE	FALSE	1	EATON ST	HUXLEY AVE	2013-11-16	Two-Way , Not Divided	Dry	Dark - Lighted	Clear	Not a Collision Between Two Motor Vehicles in Transport	No	No Controls	3	1	Non-Incapacitating	NA	41.84143	-71.43305	FALSE	FALSE	Eaton Street and Huxley Ave, Providence, RI, USA	FALSE	-71.433591	41.8415128	intersection	geometric_center	eaton st & huxley ave, providence, ri 02908, usa	NA	NA	NA	NA	41.8415128	-71.433591	Med High	45.80336682	Raw	NA	NA	NA	NA	FALSE	41.84143	-71.43305	2013	November
2683	2013-11-17	202981	20:21:00	Bicycle	NA	1	FALSE	FALSE	1	BRANCH AVE	HAWKINS ST	2013-11-17	Two-Way, Divided, Unprotected (painted>4feet) Medium	Wet	Dark - Lighted	Rain	Other	No	No Controls	2	1	Incapacitating	1	41.85087	-71.42136	FALSE	FALSE	Branch Ave and Hawkins Street, Providence, RI, USA	FALSE	-71.4214171	41.8509231	intersection	geometric_center	hawkins st & branch ave, providence, ri 02904, usa	NA	NA	NA	NA	41.8509231	-71.4214171	Med High	7.573533599	Raw	NA	NA	NA	NA	FALSE	41.85087	-71.42136	2013	November
2684	2013-11-17	203073	11:47:00	Pedestrian	1	NA	FALSE	FALSE	1	74 MURRAY ST	ETHAN ST	2013-11-18	Two-Way , Not Divided	Dry	Daylight	Clear	Not a Collision Between Two Motor Vehicles in Transport	No	No Controls	2	1	Pain Reported	NA	41.80856	-71.45905	TRUE	FALSE	74 Murray Street, Providence, RI, USA	FALSE	-71.4588938	41.8087307	street_address	rooftop	74 murray st, providence, ri 02909, usa	NA	NA	NA	NA	41.8087307	-71.4588938	High	23.00138839	Raw	NA	NA	NA	NA	FALSE	41.80856	-71.45905	2013	November
2682	2013-11-20	203405	09:07:00	Pedestrian	1	NA	FALSE	FALSE	1	BORDEN ST	EDDY ST	2013-11-20	One-Way Trafficway	Dry	Daylight	Clear	Not a Collision Between Two Motor Vehicles in Transport	No	Traffic Control Signal	2	1	Pain Reported	NA	41.81342	-71.40833	FALSE	FALSE	Borden Street and Eddy Street, Providence, RI, USA	FALSE	-71.4070223	41.8121992	intersection	geometric_center	eddy st & borden st, providence, ri 02903, usa	NA	NA	NA	NA	41.8121992	-71.4070223	Med High	173.8981013	Geocoded	distance greater than 100m	NA	NA	NA	TRUE	41.8121992	-71.4070223	2013	November
2681	2013-11-22	203712	14:07:00	Pedestrian	1	NA	FALSE	FALSE	1	Leah Street	Roanoke Street	2013-11-22	Two-Way , Not Divided	Wet	Daylight	Cloudy	Angle (Front - to - Side) Right Angle (Includes Broadside)	No	No Controls	4	1	Pain Reported	2	41.81948	-71.43758	FALSE	FALSE	Leah Street and Roanoke Street, Providence, RI, USA	FALSE	-71.4515781	41.8310779	intersection	geometric_center	leah st & roanoke st, providence, ri 02908, usa	NA	NA	NA	NA	41.8310779	-71.4515781	Med High	1736.440469	Geocoded	distance greater than 100m	NA	NA	NA	TRUE	41.8310779	-71.4515781	2013	November
2678	2013-11-27	204273	16:20:00	Pedestrian	1	NA	FALSE	FALSE	1	FONES ALY	BROOK ST	2013-11-27	Two-Way , Not Divided	Wet	Dark - Lighted	Cloudy	Not a Collision Between Two Motor Vehicles in Transport	No	Pavement Markings	2	1	Pain Reported	2	41.8278	-71.3994	FALSE	FALSE	Fones Aly and Brook Street, Providence, RI, USA	FALSE	-71.3993915	41.8278075	intersection	geometric_center	brook st & fones alley, providence, ri 02906, usa	NA	NA	NA	NA	41.8278075	-71.3993915	Med High	1.092786487	Raw	NA	NA	NA	NA	FALSE	41.8278	-71.3994	2013	November
2679	2013-11-27	204338	18:44:00	Pedestrian	1	NA	FALSE	FALSE	1	387 Broadway	COURTLAND ST	2013-11-27	Two-Way , Not Divided	Wet	Dark - Lighted	Rain	Not a Collision Between Two Motor Vehicles in Transport	No	Pavement Markings	4	1	Pain Reported	2	41.81936	-71.43124	TRUE	FALSE	387 Broadway, Providence, RI, USA	FALSE	-71.4308061	41.8196133	premise	rooftop	387 broadway, providence, ri 02909, usa	NA	NA	NA	NA	41.8196133	-71.4308061	High	45.72575209	Raw	NA	NA	NA	NA	FALSE	41.81936	-71.43124	2013	November
2680	2013-11-27	204362	17:48:00	Pedestrian	1	NA	FALSE	FALSE	1	MANTON AVE	FLORENCE ST	2013-11-27	Two-Way , Not Divided	Wet	Dark - Lighted	Rain	Head-On (Front - to - Front)	No	No Controls	4	1	Pain Reported	NA	41.82056	-71.44737	FALSE	FALSE	Manton Ave and Florence Street, Providence, RI, USA	FALSE	-71.4470068	41.8202523	intersection	geometric_center	florence st & manton ave, providence, ri 02909, usa	NA	NA	NA	NA	41.8202523	-71.4470068	Med High	45.61952172	Raw	NA	NA	NA	NA	FALSE	41.82056	-71.44737	2013	November
2677	2013-12-01	204683	16:55:00	Pedestrian	1	NA	FALSE	FALSE	1	EMPIRE ST	WEYBOSSET ST	2013-12-01	Two-Way , Not Divided	Wet	Dark - Lighted	Rain	Not a Collision Between Two Motor Vehicles in Transport	No	Traffic Control Signal	2	1	Pain Reported	2	41.82004	-71.41433	FALSE	FALSE	Empire Street and Weybosset Street, Providence, RI, USA	FALSE	-71.4143573	41.8200721	intersection	geometric_center	weybosset st & empire st, providence, ri 02903, usa	NA	NA	NA	NA	41.8200721	-71.4143573	Med High	4.230629946	Raw	NA	NA	NA	NA	FALSE	41.82004	-71.41433	2013	December
2673	2013-12-06	205541	11:43:00	Pedestrian	1	NA	FALSE	FALSE	1	BROAD ST	BROAD ST	2013-12-06	Two-Way, Not Divided With a Continuous Left Turn Lane	Dry	Daylight	Cloudy	Not a Collision Between Two Motor Vehicles in Transport	No	No Controls	4	1	Pain Reported	NA	41.8139	-71.42144	FALSE	FALSE	Broad Street and Broad Street, Providence, RI, USA	FALSE	-71.4101636	41.7945838	route	geometric_center	broad st, providence, ri, usa	NA	NA	NA	NA	41.7945838	-71.4101636	Med	2345.044518	Unknown	distance greater than 100m	NA	NA	NA	TRUE	NA	NA	2013	December
2674	2013-12-06	205727	15:11:00	Pedestrian	1	NA	FALSE	FALSE	1	251 SMITH STREET	NA	2013-12-06	Two-Way , Not Divided	Wet	Daylight	Rain	Other	No	No Controls	3	1	Pain Reported	2	41.83488	-71.41671	TRUE	TRUE	251 Smith Street, Providence, RI, USA	FALSE	-71.4200567	41.8333085	premise	rooftop	251 smith st, providence, ri 02908, usa	NA	NA	NA	NA	41.8333085	-71.4200567	High	328.1081756	Geocoded	distance greater than 100m	NA	NA	NA	TRUE	41.8333085	-71.4200567	2013	December
2675	2013-12-06	205728	16:28:00	Pedestrian	1	NA	FALSE	FALSE	1	BROWN STREET	BENEVOLENT STREET	2013-12-06	Two-Way , Not Divided	Wet	Dark - Lighted	Rain	Head-On (Front - to - Front)	No	Stop Signs	5	1	Pain Reported	2	41.83616	-71.41597	FALSE	FALSE	Brown Street and Benevolent Street, Providence, RI, USA	FALSE	-71.4026893	41.8246153	intersection	geometric_center	brown st & benevolent st, providence, ri 02906, usa	NA	NA	NA	NA	41.8246153	-71.4026893	Med High	1692.663662	Geocoded	distance greater than 100m	NA	NA	NA	TRUE	41.8246153	-71.4026893	2013	December
2676	2013-12-06	206219	17:01:00	Pedestrian	1	NA	FALSE	FALSE	1	RICHMOND ST	PINE ST	2013-12-06	One-Way Trafficway	Wet	Dark - Lighted	Rain	Other	Yes	Stop Signs	2	0	No Injury	1	41.82059	-71.41182	FALSE	FALSE	Richmond Street and Pine Street, Providence, RI, USA	FALSE	-71.3928774	41.8805987	route	geometric_center	pine st, rhode island, usa	Richmond Street & Pine Street, Providence, RI, USA	EjJSaWNobW9uZCBTdHJlZXQgJiBQaW5lIFN0cmVldCwgUHJvdmlkZW5jZSwgUkksIFVTQSJmImQKFAoSCbP-c6EUReSJEYeVs9Zva_4EEhQKEgmz_nOhFEXkiRGHlbPWb2v-BBoUChIJsV5eJGtF5IkR9Y8t4y6aVBQaFAoSCTmTCVNsReSJEaApLPBv78I8IgoNzlHtGBWXa2_V	41.8206158	-71.4118249	41.8206158	-71.4118249	Med	2.900667682	Raw	NA	NA	NA	NA	FALSE	41.82059	-71.41182	2013	December
2671	2013-12-09	206198	18:37:00	Pedestrian	1	NA	FALSE	FALSE	1	MEETING ST	PROSPECT ST	2013-12-09	Two-Way , Not Divided	Wet	Dark - Lighted	Sleet, Hail (Freezing Rain or Drizzle)	Not a Collision Between Two Motor Vehicles in Transport	No	No Controls	2	1	Non-Incapacitating	2	41.82888	-71.40497	FALSE	FALSE	Meeting Street and Prospect Street, Providence, RI, USA	FALSE	-71.4049753	41.828911	intersection	geometric_center	meeting st & prospect st, providence, ri 02906, usa	NA	NA	NA	NA	41.828911	-71.4049753	Med High	3.478794649	Raw	NA	NA	NA	NA	FALSE	41.82888	-71.40497	2013	December
2672	2013-12-09	206385	22:58:00	Bicycle	NA	1	FALSE	FALSE	1	Valley St	Felix St	2013-12-10	Two-Way , Not Divided	Wet	Dark - Lighted	Cloudy	Not a Collision Between Two Motor Vehicles in Transport	Yes	No Controls	2	1	Pain Reported	NA	41.83217	-71.42773	FALSE	FALSE	Valley Street and Felix Street, Providence, RI, USA	FALSE	-71.4277108	41.8321931	intersection	geometric_center	valley st & felix st, providence, ri 02908, usa	NA	NA	NA	NA	41.8321931	-71.4277108	Med High	3.02467609	Raw	NA	NA	NA	NA	FALSE	41.83217	-71.42773	2013	December
2670	2013-12-10	206345	17:31:00	Bicycle	NA	1	FALSE	FALSE	1	Broadway	SUTTON ST	2013-12-10	Two-Way , Not Divided	Wet	Dark - Lighted	Snow	Not a Collision Between Two Motor Vehicles in Transport	No	No Controls	6	1	Pain Reported	2	41.82025	-71.42744	FALSE	FALSE	Broadway and Sutton Street, Providence, RI, USA	FALSE	-71.4285283	41.8223473	route	geometric_center	sutton st, providence, ri 02903, usa	NA	NA	NA	NA	41.8223473	-71.4285283	Med	250.3188969	Raw	distance greater than 100m	NA	NA	NA	TRUE	41.82025	-71.42744	2013	December
2669	2013-12-11	206926	10:45:00	Pedestrian	1	NA	FALSE	FALSE	1	WASHINGTON ST	DORRANCE ST	2013-12-11	Two-Way , Not Divided	Dry	Daylight	Clear	Not a Collision Between Two Motor Vehicles in Transport	No	Traffic Control Signal	4	0	No Injury	2	41.82445	-71.41277	FALSE	FALSE	Washington Street and Dorrance Street, Providence, RI, USA	FALSE	-71.412777	41.8244607	intersection	geometric_center	washington st & dorrance st, providence, ri 02903, usa	NA	NA	NA	NA	41.8244607	-71.412777	Med High	1.325123782	Raw	NA	NA	NA	NA	FALSE	41.82445	-71.41277	2013	December
2667	2013-12-12	206589	10:32:00	Pedestrian	1	NA	FALSE	FALSE	1	MEMORIAL BLVD	COLLEGE STREET	2013-12-12	Two-Way , Not Divided	Dry	Daylight	Clear	Other	No	No Controls	2	0	No Injury	NA	41.83572	-71.41603	FALSE	FALSE	Memorial Blvd and College Street, Providence, RI, USA	FALSE	-71.4088081	41.8253077	intersection	geometric_center	memorial blvd & college st, providence, ri 02903, usa	NA	NA	NA	NA	41.8253077	-71.4088081	Med High	1304.73464	Geocoded	distance greater than 100m	NA	NA	NA	TRUE	41.8253077	-71.4088081	2013	December
2668	2013-12-12	206711	17:19:00	Pedestrian	1	NA	FALSE	FALSE	1	BUTLER AVE	ANGELL STREET	2013-12-12	Two-Way , Not Divided	Dry	Dark - Lighted	Clear	Not a Collision Between Two Motor Vehicles in Transport	No	Pavement Markings	5	1	Non-Incapacitating	NA	41.8308	-71.38459	FALSE	FALSE	Butler Ave and Angell Street, Providence, RI, USA	FALSE	-71.3845949	41.8308171	intersection	geometric_center	butler ave & angell st, providence, ri 02906, usa	NA	NA	NA	NA	41.8308171	-71.3845949	Med High	1.946469455	Raw	NA	NA	NA	NA	FALSE	41.8308	-71.38459	2013	December