row_number	crash_date	crash_report_id	crash_time	collision_type	count_pedestrian	count_bicycle	scooter	wheel_chair	number_of_vehicles	street_or_highway	nearest_intersection	report_date	type_of_roadway	road_surface_condition	light_condition	weather_condition	manner_of_impact	hit_and_run	traffic_control	person_count	injury_count	most_serious_injury	number_of_lanes	lat_raw	lon_raw	has_st_number	is_intersection_null	address_sent_to_geocoder	is_address_blank	lon_api_first_try	lat_api_first_try	type	loctype	address_returned_by_geocoder	address_returned_by_autocomplete	place_ids_autocompleted	lat_api_second_try	lon_api_second_try	lat_api_best	lon_api_best	api_coord_conf	distance_btwn_coords_meters	best_coordinate_set	reason_for_qa	correct_coordinates	corrected_lat	corrected_lon	manually_qaed_record	final_lat	final_lon	year	month
2665	2013-12-13	206734	12:16:00	Pedestrian	1	NA	FALSE	FALSE	1	KNIGHT ST	BROADWAY	2013-12-13	Two-Way , Not Divided	Dry	Daylight	Clear	Not a Collision Between Two Motor Vehicles in Transport	No	No Controls	5	1	Pain Reported	NA	41.81979	-71.42935	FALSE	FALSE	Knight Street and Broadway, Providence, RI, USA	FALSE	-71.4293417	41.8198212	intersection	geometric_center	knight st & broadway, providence, ri 02909, usa	NA	NA	NA	NA	41.8198212	-71.4293417	Med High	3.5407664	Raw	NA	NA	NA	NA	FALSE	41.81979	-71.42935	2013	December
2666	2013-12-13	207463	12:17:00	Pedestrian	1	NA	FALSE	FALSE	1	SILVER SPRING ST	COMMODORE ST	2013-12-18	Two-Way , Not Divided	Dry	Daylight	Clear	Other	Yes	No Controls	1	1	Pain Reported	NA	41.84568	-71.41753	FALSE	FALSE	Silver Spring Street and Commodore Street, Providence, RI, USA	FALSE	-71.4174626	41.8457672	intersection	geometric_center	silver spring st & commodore st, providence, ri 02904, usa	NA	NA	NA	NA	41.8457672	-71.4174626	Med High	11.2012	Raw	NA	NA	NA	NA	FALSE	41.84568	-71.41753	2013	December
2664	2013-12-17	207353	20:26:00	Pedestrian	1	NA	FALSE	FALSE	1	270 BROAD ST	LOCKWOOD ST	2013-12-18	Unknown	Snow	Dark - Lighted	Blowing Snow	Other	No	No Controls	5	1	Incapacitating	NA	41.81539	-71.4206	TRUE	FALSE	270 Broad Street, Providence, RI, USA	FALSE	-71.4199958	41.8153081	premise	rooftop	270 broad st, providence, ri 02903, usa	NA	NA	NA	NA	41.8153081	-71.4199958	High	50.9504741	Raw	NA	NA	NA	NA	FALSE	41.81539	-71.4206	2013	December
2663	2013-12-19	207703	17:32:00	Pedestrian	1	NA	FALSE	FALSE	1	WEYBOSSET ST	EDDY ST	2013-12-19	Two-Way , Not Divided	Slush	Dark - Lighted	Clear	Not a Collision Between Two Motor Vehicles in Transport	No	No Controls	5	1	Pain Reported	NA	41.82246	-71.4116	FALSE	FALSE	Weybosset Street and Eddy Street, Providence, RI, USA	FALSE	-71.4114379	41.8226389	intersection	geometric_center	weybosset st & eddy st, providence, ri 02903, usa	NA	NA	NA	NA	41.8226389	-71.4114379	Med High	24.02996668	Raw	NA	NA	NA	NA	FALSE	41.82246	-71.4116	2013	December
2662	2013-12-20	207735	14:07:00	Pedestrian	1	NA	FALSE	FALSE	1	GEORGE ST	THAYER ST	2013-12-20	Two-Way , Not Divided	Wet	Daylight	Clear	Not a Collision Between Two Motor Vehicles in Transport	No	Stop Signs	2	0	No Injury	NA	41.82553	-71.40039	FALSE	FALSE	George Street and Thayer Street, Providence, RI, USA	FALSE	-71.4005135	41.8268796	route	geometric_center	thayer st, providence, ri, usa	George Street & Thayer Street, Providence, RI, USA	EjJHZW9yZ2UgU3RyZWV0ICYgVGhheWVyIFN0cmVldCwgUHJvdmlkZW5jZSwgUkksIFVTQSJmImQKFAoSCUdpPp08ReSJEcUiisIDcbH9EhQKEglHaT6dPEXkiRHFIorCA3Gx_RoUChIJx-okYztF5IkRsmeONi5JlGUaFAoSCVG076s8ReSJEZJMNfXilGkAIgoNUhLuGBV7K3HV	41.8255442	-71.4003589	41.8255442	-71.4003589	Med	3.025604591	Raw	NA	NA	NA	NA	FALSE	41.82553	-71.40039	2013	December
2659	2013-12-23	208059	18:12:00	Pedestrian	1	NA	FALSE	FALSE	1	MEMORIAL BLVD	FRANCIS STREET	2013-12-23	Two-Way, Divided, Positive Median Barrier	Wet	Dark - Lighted	Rain	Not a Collision Between Two Motor Vehicles in Transport	No	Traffic Control Signal	2	0	No Injury	NA	41.82577	-71.41524	FALSE	FALSE	Memorial Blvd and Francis Street, Providence, RI, USA	FALSE	-71.4153098	41.8257791	intersection	geometric_center	memorial blvd & francis st, providence, ri 02903, usa	NA	NA	NA	NA	41.8257791	-71.4153098	Med High	5.878040597	Raw	NA	NA	NA	NA	FALSE	41.82577	-71.41524	2013	December
2660	2013-12-23	208103	20:10:00	Pedestrian	1	NA	FALSE	FALSE	1	Concord St	Frost St	2013-12-24	Two-Way , Not Divided	Wet	Dark - Lighted	Rain	Not a Collision Between Two Motor Vehicles in Transport	No	Pavement Markings	2	1	Pain Reported	NA	41.8519	-71.40413	FALSE	FALSE	Concord Street and Frost Street, Providence, RI, USA	FALSE	-71.4041086	41.8519213	intersection	geometric_center	frost st & concord st, providence, ri 02904, usa	NA	NA	NA	NA	41.8519213	-71.4041086	Med High	2.961562492	Raw	NA	NA	NA	NA	FALSE	41.8519	-71.40413	2013	December
2661	2013-12-23	208187	17:11:00	Pedestrian	1	NA	FALSE	FALSE	1	EXCHANGE ST	EXCHANGE TER	2013-12-24	Two-Way , Not Divided	Wet	Dark - Unknown Lighting	Rain	Other	No	Traffic Control Signal	2	1	Incapacitating	NA	41.82613	-71.41162	FALSE	FALSE	Exchange Street and Exchange Ter, Providence, RI, USA	FALSE	-71.4116132	41.8261317	intersection	geometric_center	exchange terrace & exchange st, providence, ri 02903, usa	NA	NA	NA	NA	41.8261317	-71.4116132	Med High	0.594973296	Raw	NA	NA	NA	NA	FALSE	41.82613	-71.41162	2013	December
2658	2013-12-26	208341	20:07:00	Pedestrian	2	NA	FALSE	FALSE	1	1055 Westminster St	KNIGHT ST	2013-12-26	Two-Way , Not Divided	Ice/Frost	Dark - Lighted	Clear	Not a Collision Between Two Motor Vehicles in Transport	Yes	No Controls	5	2	Incapacitating	2	41.81713	-71.42626	TRUE	FALSE	1055 Westminster Street, Providence, RI, USA	FALSE	-71.4259811	41.817341	premise	rooftop	1055 westminster st, providence, ri 02903, usa	NA	NA	NA	NA	41.817341	-71.4259811	High	32.97118479	Raw	NA	NA	NA	NA	FALSE	41.81713	-71.42626	2013	December
2657	2013-12-27	208453	19:07:00	Bicycle	NA	1	FALSE	FALSE	1	N MAIN ST	CEMETERY ST	2013-12-27	One-Way Trafficway	Dry	Dark - Lighted	Clear	Other	No	Stop Signs	2	1	Pain Reported	NA	41.84906	-71.40375	FALSE	FALSE	N Main Street and Cemetery Street, Providence, RI, USA	FALSE	-71.4043938	41.851482	route	geometric_center	cemetery st, providence, ri 02904, usa	North Main Street & Cemetery Street, Providence, RI, USA	EjhOb3J0aCBNYWluIFN0cmVldCAmIENlbWV0ZXJ5IFN0cmVldCwgUHJvdmlkZW5jZSwgUkksIFVTQSJmImQKFAoSCQXq4fjCROSJEWmmy9KX7dmWEhQKEgkF6uH4wkTkiRFppsvSl-3ZlhoUChIJ-fpBPd5E5IkRX9etvg1cIz8aFAoSCf3n8BbCROSJEatTgueuydGOIgoNAqnxGBX-pnDV	41.8490626	-71.4037506	41.8490626	-71.4037506	Med	0.293675882	Raw	NA	NA	NA	NA	FALSE	41.84906	-71.40375	2013	December
2656	2013-12-30	208942	22:30:00	Bicycle	NA	1	FALSE	FALSE	1	Service Road 8 / EXIT (RT)	ATWELLS AVE	2013-12-31	One-Way Trafficway	Dry	Dark - Lighted	Clear	Angle (Front - to - Side) Right Angle (Includes Broadside)	No	Traffic Control Signal	6	1	Incapacitating	2	41.82312	-71.41948	FALSE	FALSE	Service Road 8 / Exit (Rt) and Atwells Ave, Providence, RI, USA	FALSE	-71.4363598	41.8244829	route	geometric_center	atwells ave, providence, ri, usa	NA	NA	NA	NA	41.8244829	-71.4363598	Med	1408.462041	Raw	distance greater than 100m	NA	NA	NA	TRUE	41.82312	-71.41948	2013	December
2655	2014-01-08	210519	17:23:00	Pedestrian	1	NA	FALSE	FALSE	1	HOPE ST	GEORGE ST	2014-01-08	Two-Way , Not Divided	Dry	Dark - Lighted	Clear	Not a Collision Between Two Motor Vehicles in Transport	No	Stop Signs	2	1	Pain Reported	2	41.82579	-71.39727	FALSE	FALSE	Hope Street and George Street, Providence, RI, USA	FALSE	-71.3972697	41.8257801	intersection	geometric_center	hope st & george st, providence, ri 02906, usa	NA	NA	NA	NA	41.8257801	-71.3972697	Med High	1.102343897	Raw	NA	NA	NA	NA	FALSE	41.82579	-71.39727	2014	January
2653	2014-01-09	210570	10:26:00	Pedestrian	1	NA	FALSE	FALSE	1	MOUNT PLEASANT AVE	CHALKSTONE AVE	2014-01-09	Two-Way , Not Divided	Dry	Daylight	Clear	Other	Yes	Traffic Control Signal	5	1	Pain Reported	NA	41.83272	-71.44975	FALSE	FALSE	Mount Pleasant Ave and Chalkstone Ave, Providence, RI, USA	FALSE	-71.4497544	41.83271	intersection	geometric_center	mt pleasant ave & chalkstone ave, providence, ri 02908, usa	NA	NA	NA	NA	41.83271	-71.4497544	Med High	1.171491718	Raw	NA	NA	NA	NA	FALSE	41.83272	-71.44975	2014	January
2654	2014-01-09	210615	12:13:00	Pedestrian	1	NA	FALSE	FALSE	1	601 N MAIN ST	N MAIN ST	2014-01-09	Two-Way , Not Divided	Dry	Daylight	Clear	Not a Collision Between Two Motor Vehicles in Transport	No	No Controls	2	0	No Injury	NA	41.83753	-71.4094	TRUE	FALSE	601 N Main Street, Providence, RI, USA	FALSE	-71.4083214	41.8372393	subpremise	rooftop	601 n main st, providence, ri 02904, usa	NA	NA	NA	NA	41.8372393	-71.4083214	High	95.12973863	Raw	NA	NA	NA	NA	FALSE	41.83753	-71.4094	2014	January
2651	2014-01-11	211112	10:05:00	Bicycle	NA	1	FALSE	FALSE	1	CHARLES ST	BRANCH AVE	2014-01-11	Two-Way , Not Divided	Wet	Daylight	Clear	Angle - Direction Not Specified	No	Traffic Control Signal	4	0	No Injury	NA	41.85026	-71.41998	FALSE	FALSE	Charles Street and Branch Ave, Providence, RI, USA	FALSE	-71.4128343	41.8239891	locality	approximate	providence, ri, usa	Charles Street & Branch Ave, Providence, RI, USA	EjBDaGFybGVzIFN0cmVldCAmIEJyYW5jaCBBdmUsIFByb3ZpZGVuY2UsIFJJLCBVU0EiZiJkChQKEgmX1pBx8ETkiRFt3W_DezHjNhIUChIJl9aQcfBE5IkRbd1vw3sx4zYaFAoSCXULzmzxROSJEctkyy41Vf0yGhQKEgnptPOF-UTkiRG6fR7eUkO2qCIKDYfZ8RgVmixu1Q	41.8503047	-71.419991	41.8503047	-71.419991	Med	5.058890141	Raw	NA	NA	NA	NA	FALSE	41.85026	-71.41998	2014	January
2652	2014-01-11	211122	18:23:00	Pedestrian	1	NA	FALSE	FALSE	1	BROAD ST	CONGRESS AVE	2014-01-11	Two-Way , Not Divided	Wet	Dark - Lighted	Rain	Not a Collision Between Two Motor Vehicles in Transport	No	No Controls	2	1	Pain Reported	NA	41.80105	-71.41806	FALSE	FALSE	Broad Street and Congress Ave, Providence, RI, USA	FALSE	-71.4222346	41.7997464	route	geometric_center	congress ave, providence, ri 02907, usa	Broad Street & Congress Ave, Providence, RI, USA	EjBCcm9hZCBTdHJlZXQgJiBDb25ncmVzcyBBdmUsIFByb3ZpZGVuY2UsIFJJLCBVU0EiZiJkChQKEgkTAl4HiE_kiRGOSqLtY4AGdxIUChIJEwJeB4hP5IkRjkqi7WOABncaFAoSCYPefdWMT-SJESyiypOYSwijGhQKEgnxtw0eh0_kiRFEhJ-gQKz1iyIKDeRU6hgV-Xhu1Q	41.801034	-71.4180359	41.801034	-71.4180359	Med	2.678074045	Raw	NA	NA	NA	NA	FALSE	41.80105	-71.41806	2014	January
2650	2014-01-13	211425	08:30:00	Pedestrian	1	NA	FALSE	FALSE	1	DORRANCE STREET	WESTMINISTER STREET	2014-01-13	Two-Way , Not Divided	Dry	Daylight	Clear	Other	Yes	Traffic Control Signal	1	1	Pain Reported	2	41.8347	-71.41607	FALSE	FALSE	Dorrance Street and Westminister Street, Providence, RI, USA	FALSE	-71.4116693	41.8236083	intersection	geometric_center	westminster st & dorrance st, providence, ri 02903, usa	NA	NA	NA	NA	41.8236083	-71.4116693	Med High	1287.550597	Geocoded	distance greater than 100m	NA	NA	NA	TRUE	41.8236083	-71.4116693	2014	January
2648	2014-01-14	211568	17:11:00	Pedestrian	1	NA	FALSE	FALSE	1	Memorial blvd	COLLEGE ST	2014-01-14	Two-Way , Not Divided	Wet	Dark - Lighted	Rain	Not a Collision Between Two Motor Vehicles in Transport	No	Traffic Control Signal	2	1	Pain Reported	4	41.8253	-71.40882	FALSE	FALSE	Memorial Blvd and College Street, Providence, RI, USA	FALSE	-71.4088081	41.8253077	intersection	geometric_center	memorial blvd & college st, providence, ri 02903, usa	NA	NA	NA	NA	41.8253077	-71.4088081	Med High	1.307354434	Raw	NA	NA	NA	NA	FALSE	41.8253	-71.40882	2014	January
2649	2014-01-14	211584	19:03:00	Pedestrian	1	NA	FALSE	FALSE	1	CRANSTON ST	BRIDGHAM ST	2014-01-14	Two-Way , Not Divided	Wet	Dark - Lighted	Rain	Not a Collision Between Two Motor Vehicles in Transport	No	Traffic Control Signal	3	1	Pain Reported	NA	41.81396	-71.42694	FALSE	FALSE	Cranston Street and Bridgham Street, Providence, RI, USA	FALSE	-71.426947	41.8139796	intersection	geometric_center	cranston st & bridgham st, providence, ri 02907, usa	NA	NA	NA	NA	41.8139796	-71.426947	Med High	2.257835677	Raw	NA	NA	NA	NA	FALSE	41.81396	-71.42694	2014	January
2646	2014-01-15	211755	13:32:00	Pedestrian	1	NA	FALSE	FALSE	1	North MAIN ST	Smith ST	2014-01-15	Two-Way , Not Divided	Dry	Daylight	Clear	Other	No	Traffic Control Signal	5	1	Pain Reported	NA	41.83153	-71.41064	FALSE	FALSE	North Main Street and Smith Street, Providence, RI, USA	FALSE	-71.4433053	41.8418141	route	geometric_center	smith st, providence, ri, usa	North Main Street & Smith Street, Providence, RI, USA	EjVOb3J0aCBNYWluIFN0cmVldCAmIFNtaXRoIFN0cmVldCwgUHJvdmlkZW5jZSwgUkksIFVTQSJmImQKFAoSCS8d1QoZReSJEdRbsQ43I3PBEhQKEgkvHdUKGUXkiRHUW7EONyNzwRoUChIJ-fpBPd5E5IkRX9etvg1cIz8aFAoSCbWucExLROSJESG1ozC4jKuEIgoN4_zuGBVEmm_V	41.8315491	-71.41063	41.8315491	-71.41063	Med	2.282263337	Raw	NA	NA	NA	NA	FALSE	41.83153	-71.41064	2014	January
2647	2014-01-15	211802	16:15:00	Pedestrian	1	NA	FALSE	FALSE	1	Hartford Ave	LAUREL HILL AVE	2014-01-15	Two-Way , Not Divided	Sand	Daylight	Clear	Not a Collision Between Two Motor Vehicles in Transport	Yes	No Controls	1	1	Pain Reported	2	41.81796	-71.4554	FALSE	FALSE	Hartford Ave and Laurel Hill Ave, Providence, RI, USA	FALSE	-71.4553076	41.8179635	intersection	geometric_center	laurel hill ave & hartford ave, providence, ri 02909, usa	NA	NA	NA	NA	41.8179635	-71.4553076	Med High	7.675652499	Raw	NA	NA	NA	NA	FALSE	41.81796	-71.4554	2014	January
2644	2014-01-16	211999	17:19:00	Pedestrian	1	NA	FALSE	FALSE	1	PLAINFIELD STREET	LOWELL AVE	2014-01-16	Two-Way, Divided, Unprotected (painted>4feet) Medium	Dry	Dark - Lighted	Clear	Sidwswipe, Opposite Direction	No	Pavement Markings	2	1	Pain Reported	1	41.81265	-71.45897	FALSE	FALSE	Plainfield Street and Lowell Ave, Providence, RI, USA	FALSE	-71.4589726	41.8126703	intersection	geometric_center	lowell ave & plainfield st, providence, ri 02909, usa	NA	NA	NA	NA	41.8126703	-71.4589726	Med High	2.270058764	Raw	NA	NA	NA	NA	FALSE	41.81265	-71.45897	2014	January
2645	2014-01-16	212296	22:26:00	Bicycle	NA	1	FALSE	FALSE	1	Atwells Ave	Cutler Ave	2014-01-17	Two-Way , Not Divided	Dry	Dark - Lighted	Clear	Not a Collision Between Two Motor Vehicles in Transport	Yes	Stop Signs	1	1	Pain Reported	NA	41.82468	-71.44157	FALSE	FALSE	Atwells Ave and Cutler Ave, Providence, RI, USA	FALSE	-71.4415532	41.8246953	intersection	geometric_center	cutler st & atwells ave, providence, ri 02908, usa	NA	NA	NA	NA	41.8246953	-71.4415532	Med High	2.20069268	Raw	NA	NA	NA	NA	FALSE	41.82468	-71.44157	2014	January
2643	2014-01-18	212386	09:18:00	Pedestrian	1	NA	FALSE	FALSE	1	WASHINGTON PLACE	CANAL STREET	2014-01-18	One-Way Trafficway	Wet	Daylight	Rain	Other	No	No Controls	2	1	Non-Incapacitating	3	41.8371	-71.41609	FALSE	FALSE	Washington Place and Canal Street, Providence, RI, USA	FALSE	-71.4095172	41.8266915	intersection	geometric_center	canal walk & washington pl, providence, ri 02903, usa	NA	NA	NA	NA	41.8266915	-71.4095172	Med High	1280.520854	Geocoded	distance greater than 100m	NA	NA	NA	TRUE	41.8266915	-71.4095172	2014	January
2641	2014-01-21	212812	08:50:00	Bicycle	NA	1	FALSE	FALSE	1	PARK ROW E	CANAL ST	2014-01-21	One-Way Trafficway	Dry	Daylight	Cloudy	Sideswipe, Same Direction	Yes	No Controls	1	1	Non-Incapacitating	NA	41.82847	-71.41069	FALSE	FALSE	Park Row E and Canal Street, Providence, RI, USA	FALSE	-71.4106907	41.8284695	intersection	geometric_center	park row w & canal st, providence, ri 02903, usa	NA	NA	NA	NA	41.8284695	-71.4106907	Med High	0.080433083	Raw	NA	NA	NA	NA	FALSE	41.82847	-71.41069	2014	January
2642	2014-01-21	212846	10:30:00	Pedestrian	1	NA	FALSE	FALSE	1	FRIENDSHIP ST	DORRANCE ST	2014-01-21	One-Way Trafficway	Dry	Daylight	Clear	Not a Collision Between Two Motor Vehicles in Transport	No	No Controls	2	1	Non-Incapacitating	NA	41.822	-71.40946	FALSE	FALSE	Friendship Street and Dorrance Street, Providence, RI, USA	FALSE	-71.4094402	41.8220269	intersection	geometric_center	friendship st & dorrance st, providence, ri 02903, usa	NA	NA	NA	NA	41.8220269	-71.4094402	Med High	3.415405428	Raw	NA	NA	NA	NA	FALSE	41.822	-71.40946	2014	January
2640	2014-01-27	213977	14:41:00	Pedestrian	1	NA	FALSE	FALSE	1	250 Benefit St	COLLEGE ST	2014-01-27	Two-Way , Not Divided	Sand	Daylight	Cloudy	Not a Collision Between Two Motor Vehicles in Transport	No	No Controls	2	1	Pain Reported	2	41.82571	-71.40664	TRUE	FALSE	250 Benefit Street, Providence, RI, USA	FALSE	-71.4072983	41.8256994	premise	rooftop	providence county courthouse, 250 benefit st, providence, ri 02903, usa	NA	NA	NA	NA	41.8256994	-71.4072983	High	54.62051812	Raw	NA	NA	NA	NA	FALSE	41.82571	-71.40664	2014	January
2639	2014-01-29	214498	18:21:00	Pedestrian	1	NA	FALSE	FALSE	1	FRANCIS ST	MEMORIAL BLVD	2014-01-29	Two-Way, Divided, Positive Median Barrier	Dry	Dark - Lighted	Clear	Not a Collision Between Two Motor Vehicles in Transport	No	Traffic Control Signal	3	1	Pain Reported	NA	41.82586	-71.41533	FALSE	FALSE	Francis Street and Memorial Blvd, Providence, RI, USA	FALSE	-71.4134258	41.8263996	route	geometric_center	memorial blvd, providence, ri 02903, usa	Francis Street & Memorial Blvd, Providence, RI, USA	EjNGcmFuY2lzIFN0cmVldCAmIE1lbW9yaWFsIEJsdmQsIFByb3ZpZGVuY2UsIFJJLCBVU0EiZiJkChQKEgkDtc6dEUXkiRFK7mftfMbegBIUChIJA7XOnRFF5IkRSu5n7XzG3oAaFAoSCeMKJVkQReSJEQnXa5JsDkKbGhQKEgn3LDO1FkXkiRGsznR5eOTavSIKDRwg7hgVW-Bu1Q	41.8258972	-71.4153893	41.8258972	-71.4153893	Med	6.430082282	Raw	NA	NA	NA	NA	FALSE	41.82586	-71.41533	2014	January
2638	2014-01-30	214760	15:29:00	Pedestrian	1	NA	FALSE	FALSE	1	Broad St	PEARL ST	2014-01-30	Two-Way , Not Divided	Sand	Daylight	Clear	Not a Collision Between Two Motor Vehicles in Transport	No	Traffic Control Signal	3	1	Pain Reported	2	41.81475	-71.42095	FALSE	FALSE	Broad Street and Pearl Street, Providence, RI, USA	FALSE	-71.4128343	41.8239891	locality	approximate	providence, ri, usa	Broad Street & Pearl Street, Providence, RI, USA	EjBCcm9hZCBTdHJlZXQgJiBQZWFybCBTdHJlZXQsIFByb3ZpZGVuY2UsIFJJLCBVU0EiZiJkChQKEgk1O0-ncUXkiRHr2v1gzR_JJxIUChIJNTtPp3FF5IkR69r9YM0fyScaFAoSCYPefdWMT-SJESyiypOYSwijGhQKEgkNm4U0bkXkiRG6oe115UpVCiIKDYVt7BgVkQZu1Q	41.8147717	-71.4209647	41.8147717	-71.4209647	Med	2.706056011	Raw	NA	NA	NA	NA	FALSE	41.81475	-71.42095	2014	January
2637	2014-02-07	216462	17:15:00	Bicycle	NA	1	FALSE	FALSE	1	BLACKSTONE ST	ALLENS AVE	2014-02-07	Two-Way , Not Divided	Wet	Dark - Lighted	Clear	Not a Collision Between Two Motor Vehicles in Transport	No	No Controls	2	1	Pain Reported	2	41.8105	-71.4047	FALSE	FALSE	Blackstone Street and Allens Ave, Providence, RI, USA	FALSE	-71.4047036	41.8105079	intersection	geometric_center	allens ave & blackstone st, providence, ri 02903, usa	NA	NA	NA	NA	41.8105079	-71.4047036	Med High	0.928767254	Raw	NA	NA	NA	NA	FALSE	41.8105	-71.4047	2014	February
2635	2014-02-08	216626	15:59:00	Pedestrian	1	NA	FALSE	FALSE	1	ACADEMY AVENUE	BELOMNT STREET	2014-02-08	Two-Way , Not Divided	Dry	Daylight	Cloudy	Not a Collision Between Two Motor Vehicles in Transport	Yes	No Controls	1	1	Pain Reported	2	41.82545	-71.42914	FALSE	FALSE	Academy Avenue and Belomnt Street, Providence, RI, USA	FALSE	-71.4445179	41.8322837	intersection	geometric_center	academy ave & belmont ave, providence, ri 02908, usa	NA	NA	NA	NA	41.8322837	-71.4445179	Med High	1485.191535	Geocoded	distance greater than 100m	NA	NA	NA	TRUE	41.8322837	-71.4445179	2014	February
2636	2014-02-08	217146	18:23:00	Pedestrian	1	NA	FALSE	FALSE	1	1222 BROAD STREET	CASS STREET	2014-02-09	Two-Way , Not Divided	Dry	Dark - Lighted	Clear	Not a Collision Between Two Motor Vehicles in Transport	Yes	No Controls	2	0	Unknown	NA	41.79299	-71.4082	TRUE	FALSE	1222 Broad Street, Providence, RI, USA	FALSE	-71.407809	41.793124	street_address	rooftop	1222 broad st, providence, ri 02905, usa	NA	NA	NA	NA	41.793124	-71.407809	High	35.71528491	Raw	NA	NA	NA	NA	FALSE	41.79299	-71.4082	2014	February
2634	2014-02-11	217274	15:25:00	Pedestrian	1	NA	FALSE	FALSE	1	MARIETTA ST	CHARLES ST	2014-02-11	Two-Way , Not Divided	Dry	Daylight	Clear	Sidwswipe, Opposite Direction	Yes	No Controls	3	1	Pain Reported	2	41.85192	-71.41982	FALSE	FALSE	Marietta Street and Charles Street, Providence, RI, USA	FALSE	-71.420204	41.8517803	intersection	geometric_center	charles st & marietta st, providence, ri 02904, usa	NA	NA	NA	NA	41.8517803	-71.420204	Med High	35.43560955	Raw	NA	NA	NA	NA	FALSE	41.85192	-71.41982	2014	February
2633	2014-02-12	217573	13:45:00	Pedestrian	1	NA	FALSE	FALSE	1	601 NORTH MAIN STREET	NA	2014-02-12	Two-Way , Not Divided	Dry	Daylight	Clear	Unknown	Yes	No Controls	1	0	No Injury	4	41.83588	-71.416	TRUE	TRUE	601 North Main Street, Providence, RI, USA	FALSE	-71.4083214	41.8372393	subpremise	rooftop	601 n main st, providence, ri 02904, usa	NA	NA	NA	NA	41.8372393	-71.4083214	High	654.582358	Geocoded	distance greater than 100m	NA	NA	NA	TRUE	41.8372393	-71.4083214	2014	February
2630	2014-02-21	219089	19:11:00	Pedestrian	1	NA	FALSE	FALSE	1	450 CRANSTON ST	SUPERIOR ST	2014-02-21	Two-Way , Not Divided	Wet	Dark - Lighted	Rain	Not a Collision Between Two Motor Vehicles in Transport	No	No Controls	2	1	Incapacitating	NA	41.81068	-71.43237	TRUE	FALSE	450 Cranston Street, Providence, RI, USA	FALSE	-71.4322874	41.8105432	street_address	range_interpolated	450 cranston st, providence, ri 02907, usa	NA	NA	NA	NA	41.8105432	-71.4322874	High	16.69964049	Raw	NA	NA	NA	NA	FALSE	41.81068	-71.43237	2014	February
2631	2014-02-21	219110	14:45:00	Bicycle	NA	1	FALSE	FALSE	1	PARADE ST	HOLLYWOOD RD	2014-02-21	Two-Way , Not Divided	Wet	Daylight	Rain	Not a Collision Between Two Motor Vehicles in Transport	No	Stop Signs	3	1	Pain Reported	NA	41.81577	-71.433090000000007	FALSE	FALSE	Parade Street and Hollywood Rd, Providence, RI, USA	FALSE	-71.4330967	41.8157933	intersection	geometric_center	hollywood rd & parade st, providence, ri 02909, usa	NA	NA	NA	NA	41.8157933	-71.4330967	Med High	2.652640068	Raw	NA	NA	NA	NA	FALSE	41.81577	-71.433090000000007	2014	February
2632	2014-02-21	219587	17:16:00	Bicycle	NA	1	FALSE	FALSE	1	Broad St	Saratoga St	2014-02-26	Two-Way , Not Divided	Wet	Dusk	Rain	Not a Collision Between Two Motor Vehicles in Transport	No	No Controls	3	1	Pain Reported	NA	41.8041	-71.41926	FALSE	FALSE	Broad Street and Saratoga Street, Providence, RI, USA	FALSE	-71.4146448	41.8051685	route	geometric_center	saratoga st, providence, ri 02905, usa	Broad Street & Saratoga Street, Providence, RI, USA	EjNCcm9hZCBTdHJlZXQgJiBTYXJhdG9nYSBTdHJlZXQsIFByb3ZpZGVuY2UsIFJJLCBVU0EiZiJkChQKEgk9wSLffEXkiRGh07v6PhzK7hIUChIJPcEi33xF5IkRodO7-j4cyu4aFAoSCYPefdWMT-SJESyiypOYSwijGhQKEgl5kzdxY0XkiRGIVGzOCenbQiIKDZXN6hgVGklu1Q	41.8041237	-71.4192614	41.8041237	-71.4192614	Med	2.640828457	Raw	NA	NA	NA	NA	FALSE	41.8041	-71.41926	2014	February
2629	2014-02-24	219317	01:22:00	Pedestrian	1	NA	FALSE	FALSE	1	ATWELLS AVE	DEAN ST	2014-02-24	Two-Way , Not Divided	Dry	Dark - Lighted	Clear	Not a Collision Between Two Motor Vehicles in Transport	Yes	Traffic Control Signal	2	1	Incapacitating	NA	41.82337	-71.42391	FALSE	FALSE	Atwells Ave and Dean Street, Providence, RI, USA	FALSE	-71.4242155	41.8234078	intersection	geometric_center	atwells ave & dean st, providence, ri 02903, usa	NA	NA	NA	NA	41.8234078	-71.4242155	Med High	25.68992747	Raw	NA	NA	NA	NA	FALSE	41.82337	-71.42391	2014	February
2627	2014-02-26	219699	14:26:00	Bicycle	NA	1	FALSE	FALSE	1	601 North Main St	N MAIN ST	2014-02-26	Two-Way , Not Divided	Sand	Daylight	Clear	Not a Collision Between Two Motor Vehicles in Transport	No	No Controls	3	1	Pain Reported	2	41.83644	-71.40964	TRUE	FALSE	601 North Main Street, Providence, RI, USA	FALSE	-71.4083214	41.8372393	subpremise	rooftop	601 n main st, providence, ri 02904, usa	NA	NA	NA	NA	41.8372393	-71.4083214	High	140.9863994	Raw	distance greater than 100m	NA	NA	NA	TRUE	41.83644	-71.40964	2014	February