row_number	crash_date	crash_report_id	crash_time	collision_type	count_pedestrian	count_bicycle	scooter	wheel_chair	number_of_vehicles	street_or_highway	nearest_intersection	report_date	type_of_roadway	road_surface_condition	light_condition	weather_condition	manner_of_impact	hit_and_run	traffic_control	person_count	injury_count	most_serious_injury	number_of_lanes	lat_raw	lon_raw	has_st_number	is_intersection_null	address_sent_to_geocoder	is_address_blank	lon_api_first_try	lat_api_first_try	type	loctype	address_returned_by_geocoder	address_returned_by_autocomplete	place_ids_autocompleted	lat_api_second_try	lon_api_second_try	lat_api_best	lon_api_best	api_coord_conf	distance_btwn_coords_meters	best_coordinate_set	reason_for_qa	correct_coordinates	corrected_lat	corrected_lon	manually_qaed_record	final_lat	final_lon	year	month
2628	2014-02-26	219701	14:49:00	Pedestrian	1	NA	FALSE	FALSE	1	Broad St	FRICKER ST	2014-02-26	Two-Way , Not Divided	Sand	Daylight	Clear	Not a Collision Between Two Motor Vehicles in Transport	No	No Controls	5	1	Pain Reported	2	41.8153	-71.42065	FALSE	FALSE	Broad Street and Fricker Street, Providence, RI, USA	FALSE	-71.42173	41.8165575	route	geometric_center	fricker st, providence, ri, usa	Broad Street & Fricker Street, Providence, RI, USA	EjJCcm9hZCBTdHJlZXQgJiBGcmlja2VyIFN0cmVldCwgUHJvdmlkZW5jZSwgUkksIFVTQSJmImQKFAoSCcsO7ptxReSJEe1RgLr0NWTvEhQKEgnLDu6bcUXkiRHtUYC69DVk7xoUChIJg9591YxP5IkRLKLKk5hLCKMaFAoSCaG8FtZzReSJESAHFPqNHvDOIgoNcoXsGBU0FG7V	41.8153842	-71.4206156	41.8153842	-71.4206156	Med	9.797986591	Raw	NA	NA	NA	NA	FALSE	41.8153	-71.42065	2014	February
2626	2014-03-03	220501	13:07:00	Pedestrian	1	NA	FALSE	FALSE	1	BROAD ST	OXFORD ST	2014-03-03	Two-Way , Not Divided	Dry	Daylight	Clear	Not a Collision Between Two Motor Vehicles in Transport	No	No Controls	5	1	Pain Reported	2	41.80043	-71.41742	FALSE	FALSE	Broad Street and Oxford Street, Providence, RI, USA	FALSE	-71.4098094	41.8023702	route	geometric_center	oxford st, providence, ri 02905, usa	Broad Street & Oxford Street, Providence, RI, USA	EjFCcm9hZCBTdHJlZXQgJiBPeGZvcmQgU3RyZWV0LCBQcm92aWRlbmNlLCBSSSwgVVNBImYiZAoUChIJh-FuDohP5IkRI2IsCmv-T0ESFAoSCYfhbg6IT-SJESNiLApr_k9BGhQKEgmD3n3VjE_kiREsosqTmEsIoxoUChIJGaMJqWFF5IkRUr1E8WrWZNciCg0WPuoYFfqPbtU	41.8004502	-71.417447	41.8004502	-71.417447	Med	3.174391683	Raw	NA	NA	NA	NA	FALSE	41.80043	-71.41742	2014	March
2625	2014-03-06	220941	14:35:00	Bicycle	NA	1	FALSE	FALSE	1	UNION AVE	WHITEHALL ST	2014-03-06	Two-Way, Divided, Unprotected (painted>4feet) Medium	Dry	Daylight	Clear	Angle (Front - to - Side) Right Angle (Includes Broadside)	No	No Controls	4	1	Pain Reported	2	41.80778	-71.4439	FALSE	FALSE	Union Ave and Whitehall Street, Providence, RI, USA	FALSE	-71.445114	41.8103179	route	geometric_center	whitehall st, providence, ri, usa	Union Ave & Whitehall Street, Providence, RI, USA	EjFVbmlvbiBBdmUgJiBXaGl0ZWhhbGwgU3RyZWV0LCBQcm92aWRlbmNlLCBSSSwgVVNBImYiZAoUChIJ-VAjWohF5IkRu98HnY0tfOASFAoSCflQI1qIReSJEbvfB52NLXzgGhQKEgkjges4ikXkiRGe1Z8wsMWILxoUChIJ0XzJ2IhF5IkRe7M5a8Uv5H4iCg1gXesYFW6GatU	41.8078048	-71.4439058	41.8078048	-71.4439058	Med	2.802357049	Raw	NA	NA	NA	NA	FALSE	41.80778	-71.4439	2014	March
2624	2014-03-13	222041	07:59:00	Pedestrian	2	NA	FALSE	FALSE	1	EDDY ST	NEW YORK AVE	2014-03-13	Two-Way , Not Divided	Ice/Frost	Daylight	Snow	Not a Collision Between Two Motor Vehicles in Transport	Yes	No Controls	3	2	Pain Reported	NA	41.7898	-71.40302	FALSE	FALSE	Eddy Street and New York Ave, Providence, RI, USA	FALSE	-71.4030355	41.7898402	intersection	geometric_center	eddy st & new york ave, providence, ri 02905, usa	NA	NA	NA	NA	41.7898402	-71.4030355	Med High	4.656293006	Raw	NA	NA	NA	NA	FALSE	41.7898	-71.40302	2014	March
2623	2014-03-19	222876	08:07:00	Pedestrian	1	NA	FALSE	FALSE	1	BROAD STREET	MONTGOMERY AVENUE	2014-03-19	Two-Way , Not Divided	Dry	Daylight	Clear	Other	No	Traffic Control Signal	2	1	Pain Reported	2	41.8347	-71.41607	FALSE	FALSE	Broad Street and Montgomery Avenue, Providence, RI, USA	FALSE	-71.4774291	41.5800945	administrative_area_level_1	approximate	rhode island, usa	Broad Street & Montgomery Avenue, Providence, RI, USA	EjVCcm9hZCBTdHJlZXQgJiBNb250Z29tZXJ5IEF2ZW51ZSwgUHJvdmlkZW5jZSwgUkksIFVTQSJmImQKFAoSCQsHYjjsT-SJESntnIULwXi8EhQKEgkLB2I47E_kiREp7ZyFC8F4vBoUChIJg9591YxP5IkRLKLKk5hLCKMaFAoSCWcDHSnsT-SJEccYl47_C14AIgoNiAXoGBVh-HDV	41.7858952	-71.4016671	41.7858952	-71.4016671	Med	5562.806538	Geocoded	distance greater than 100m	NA	NA	NA	TRUE	41.7858952	-71.4016671	2014	March
2622	2014-03-21	223479	21:43:00	Pedestrian	1	NA	FALSE	FALSE	1	TUXEDO AVE	ATWELLS AVE	2014-03-22	Two-Way , Not Divided	Dry	Dark - Lighted	Clear	Angle (Front - to - Side) Right Angle (Includes Broadside)	No	No Controls	1	1	Pain Reported	NA	41.82448	-71.43863	FALSE	FALSE	Tuxedo Ave and Atwells Ave, Providence, RI, USA	FALSE	-71.4386196	41.8245303	intersection	geometric_center	atwells ave & tuxedo ave, providence, ri 02909, usa	NA	NA	NA	NA	41.8245303	-71.4386196	Med High	5.665442796	Raw	NA	NA	NA	NA	FALSE	41.82448	-71.43863	2014	March
2619	2014-04-01	224913	08:20:00	Pedestrian	1	NA	FALSE	FALSE	1	CANAL STREET	SMITH STREET	2014-04-01	Two-Way , Not Divided	Dry	Daylight	Clear	Other	Yes	Traffic Control Signal	1	1	Non-Incapacitating	3	41.83741	-71.41499	FALSE	FALSE	Canal Street and Smith Street, Providence, RI, USA	FALSE	-71.4433053	41.8418141	route	geometric_center	smith st, providence, ri, usa	Canal Street & Smith Street, Providence, RI, USA	EjBDYW5hbCBTdHJlZXQgJiBTbWl0aCBTdHJlZXQsIFByb3ZpZGVuY2UsIFJJLCBVU0EiZiJkChQKEgmNIDqdGUXkiRF9HyMoQizAgRIUChIJjSA6nRlF5IkRfR8jKEIswIEaFAoSCcvUmNAZReSJEftrQiUQSQCyGhQKEgm1rnBMS0TkiREhtaMwuIyrhCIKDcn37hgV7n5v1Q	41.8314185	-71.4113298	41.8314185	-71.4113298	Med	732.811103	Geocoded	distance greater than 100m	NA	NA	NA	TRUE	41.8314185	-71.4113298	2014	April
2620	2014-04-01	224931	09:31:00	Pedestrian	1	NA	FALSE	FALSE	1	100 BROAD STREET	NA	2014-04-01	Two-Way , Not Divided	Dry	Daylight	Clear	Other	No	No Controls	3	1	Pain Reported	2	41.83052	-71.4179	TRUE	TRUE	100 Broad Street, Providence, RI, USA	FALSE	-71.4150911	41.818123	street_address	rooftop	100 broad st, providence, ri 02903, usa	NA	NA	NA	NA	41.818123	-71.4150911	High	1399.560864	Geocoded	distance greater than 100m	NA	NA	NA	TRUE	41.818123	-71.4150911	2014	April
2621	2014-04-01	224933	12:37:00	Pedestrian	1	NA	FALSE	FALSE	1	FRANCIS STREET	MEMORIAL BLVD.	2014-04-01	Two-Way , Not Divided	Dry	Daylight	Clear	Other	No	Traffic Control Signal	5	1	Pain Reported	4	41.82804	-71.41829	FALSE	FALSE	Francis Street and Memorial Blvd., Providence, RI, USA	FALSE	-71.4134258	41.8263996	route	geometric_center	memorial blvd, providence, ri 02903, usa	Francis Street & Memorial Blvd, Providence, RI, USA	EjNGcmFuY2lzIFN0cmVldCAmIE1lbW9yaWFsIEJsdmQsIFByb3ZpZGVuY2UsIFJJLCBVU0EiZiJkChQKEgkDtc6dEUXkiRFK7mftfMbegBIUChIJA7XOnRFF5IkRSu5n7XzG3oAaFAoSCeMKJVkQReSJEQnXa5JsDkKbGhQKEgn3LDO1FkXkiRGsznR5eOTavSIKDRwg7hgVW-Bu1Q	41.8258972	-71.4153893	41.8258972	-71.4153893	Med	338.8145321	Geocoded	distance greater than 100m	NA	NA	NA	TRUE	41.8258972	-71.4153893	2014	April
2617	2014-04-02	225118	15:13:00	Pedestrian	1	NA	FALSE	FALSE	1	LUBEC ST	SMITHFIELD RD	2014-04-02	Two-Way , Not Divided	Dry	Daylight	Clear	Head-On (Front - to - Front)	No	No Controls	2	1	Pain Reported	NA	41.85432	-71.44628	FALSE	FALSE	Lubec Street and Smithfield Rd, Providence, RI, USA	FALSE	-71.4467775	41.8542478	intersection	geometric_center	smithfield rd & lubec st, north providence, ri 02904, usa	NA	NA	NA	NA	41.8542478	-71.4467775	Med High	42.02624597	Raw	NA	NA	NA	NA	FALSE	41.85432	-71.44628	2014	April
2618	2014-04-02	225123	14:47:00	Bicycle	NA	1	FALSE	FALSE	1	Allens Ave	ERNEST ST	2014-04-02	Two-Way , Not Divided	Sand	Daylight	Clear	Not a Collision Between Two Motor Vehicles in Transport	No	Traffic Control Signal	3	1	Pain Reported	2	41.79561	-71.39819	FALSE	FALSE	Allens Ave and Ernest Street, Providence, RI, USA	FALSE	-71.3979097	41.7948568	intersection	geometric_center	allens ave & ernest st, providence, ri 02905, usa	NA	NA	NA	NA	41.7948568	-71.3979097	Med High	87.01309421	Raw	NA	NA	NA	NA	FALSE	41.79561	-71.39819	2014	April
2615	2014-04-03	225231	15:25:00	Pedestrian	2	NA	FALSE	FALSE	1	Broad St	PEARL ST	2014-04-03	Two-Way , Not Divided	Dry	Daylight	Clear	Not a Collision Between Two Motor Vehicles in Transport	No	Traffic Control Signal	8	1	Pain Reported	2	41.81474	-71.42096	FALSE	FALSE	Broad Street and Pearl Street, Providence, RI, USA	FALSE	-71.4128343	41.8239891	locality	approximate	providence, ri, usa	Broad Street & Pearl Street, Providence, RI, USA	EjBCcm9hZCBTdHJlZXQgJiBQZWFybCBTdHJlZXQsIFByb3ZpZGVuY2UsIFJJLCBVU0EiZiJkChQKEgk1O0-ncUXkiRHr2v1gzR_JJxIUChIJNTtPp3FF5IkR69r9YM0fyScaFAoSCYPefdWMT-SJESyiypOYSwijGhQKEgkNm4U0bkXkiRG6oe115UpVCiIKDYVt7BgVkQZu1Q	41.8147717	-71.4209647	41.8147717	-71.4209647	Med	3.550307409	Raw	NA	NA	NA	NA	FALSE	41.81474	-71.42096	2014	April
2616	2014-04-03	225260	12:20:00	Bicycle	NA	1	FALSE	FALSE	1	ATWELLS AVE	DE PASQUALE AVE	2014-04-03	Two-Way , Not Divided	Dry	Daylight	Clear	Not a Collision Between Two Motor Vehicles in Transport	No	No Controls	2	1	Pain Reported	NA	41.82359	-71.42685	FALSE	FALSE	Atwells Ave and De Pasquale Ave, Providence, RI, USA	FALSE	-71.4270169	41.8235993	intersection	geometric_center	de pasquale ave & atwells ave, providence, ri 02903, usa	NA	NA	NA	NA	41.8235993	-71.4270169	Med High	13.88391597	Raw	NA	NA	NA	NA	FALSE	41.82359	-71.42685	2014	April
2614	2014-04-06	225509	14:44:00	Bicycle	NA	1	FALSE	FALSE	1	Power St	HOPE ST	2014-04-06	Two-Way , Not Divided	Dry	Daylight	Clear	Angle (Front - to - Side) Right Angle (Includes Broadside)	No	Stop Signs	2	0	No Injury	2	41.82318	-71.39702	FALSE	FALSE	Power Street and Hope Street, Providence, RI, USA	FALSE	-71.3970049	41.8232025	intersection	geometric_center	hope st & power st, providence, ri 02912, usa	NA	NA	NA	NA	41.8232025	-71.3970049	Med High	2.800457013	Raw	NA	NA	NA	NA	FALSE	41.82318	-71.39702	2014	April
2613	2014-04-07	225568	14:22:00	Bicycle	NA	1	FALSE	FALSE	1	1206 Broad St	CASS ST	2014-04-07	Two-Way, Divided, Unprotected (painted>4feet) Medium	Dry	Daylight	Clear	Other	No	No Controls	2	1	Non-Incapacitating	NA	41.79309	-71.40832	TRUE	FALSE	1206 Broad Street, Providence, RI, USA	FALSE	-71.4084113	41.7935059	premise	rooftop	1206 broad st, providence, ri 02905, usa	NA	NA	NA	NA	41.7935059	-71.4084113	High	46.91376451	Raw	NA	NA	NA	NA	FALSE	41.79309	-71.40832	2014	April
2611	2014-04-08	225796	18:27:00	Pedestrian	2	NA	FALSE	FALSE	1	HARTFORD AVE	HARTFORD AVE	2014-04-08	Two-Way, Divided, Positive Median Barrier	Dry	Dawn	Clear	Head-On (Front - to - Front)	No	No Controls	3	2	Pain Reported	NA	41.81765	-71.4538	FALSE	FALSE	Hartford Ave and Hartford Ave, Providence, RI, USA	FALSE	-71.4587339	41.8185901	route	geometric_center	hartford ave, providence, ri, usa	Hartford Ave Service Rd & Hartford Ave, Johnston, Providence, RI, USA	EkVIYXJ0Zm9yZCBBdmUgU2VydmljZSBSZCAmIEhhcnRmb3JkIEF2ZSwgSm9obnN0b24sIFByb3ZpZGVuY2UsIFJJLCBVU0EiZiJkChQKEgmP4Jty0EfkiRFZT82Cwq1hZxIUChIJj-CbctBH5IkRWU_NgsKtYWcaFAoSCUk2WRTQR-SJEffJJKBODzFaGhQKEgkvAx61JEbkiRGCwC0vu7gN1iIKDdap7hgVnoNc1Q	41.829423	-71.5357282	41.829423	-71.5357282	Med	6921.602525	Raw	distance greater than 100m	NA	NA	NA	TRUE	41.81765	-71.4538	2014	April
2612	2014-04-08	226672	08:31:00	Pedestrian	1	NA	FALSE	FALSE	1	BROADWAY	BARTON ST	2014-04-13	Two-Way , Not Divided	Wet	Daylight	Rain	Not a Collision Between Two Motor Vehicles in Transport	No	Person	6	0	No Injury	NA	41.81797	-71.43714	FALSE	FALSE	Broadway and Barton Street, Providence, RI, USA	FALSE	-71.4368007	41.8169951	route	geometric_center	barton st, providence, ri 02909, usa	Broadway & Barton Street, Providence, RI, USA	Ei1Ccm9hZHdheSAmIEJhcnRvbiBTdHJlZXQsIFByb3ZpZGVuY2UsIFJJLCBVU0EiZiJkChQKEgkNmJTrm0XkiRHslVr8d0NRVRIUChIJDZiU65tF5IkR7JVa_HdDUVUaFAoSCaW15YZ1ReSJERrCM7HXpG-zGhQKEglJVAebm0XkiRGSE0xz-e4zKyIKDdzr7BgVCpJr1Q	41.818006	-71.437055	41.818006	-71.437055	Med	8.111003702	Raw	NA	NA	NA	NA	FALSE	41.81797	-71.43714	2014	April
2610	2014-04-09	225909	12:12:00	Bicycle	NA	1	FALSE	FALSE	1	BRANCH AVE	LANGDON ST	2014-04-09	Two-Way , Not Divided	Dry	Daylight	Clear	Not a Collision Between Two Motor Vehicles in Transport	No	No Controls	3	0	No Injury	2	41.85221	-71.42447	FALSE	FALSE	Branch Ave and Langdon Street, Providence, RI, USA	FALSE	-71.4244214	41.8521995	intersection	geometric_center	langdon st & branch ave, providence, ri 02904, usa	NA	NA	NA	NA	41.8521995	-71.4244214	Med High	4.195923389	Raw	NA	NA	NA	NA	FALSE	41.85221	-71.42447	2014	April
2608	2014-04-10	226095	09:04:00	Bicycle	NA	1	FALSE	FALSE	1	ELMWOOD AVENUE	POTTERS AVENUE	2014-04-10	Two-Way , Not Divided	Dry	Daylight	Clear	Other	No	Traffic Control Signal	3	0	No Injury	4	41.83618	-71.41545	FALSE	FALSE	Elmwood Avenue and Potters Avenue, Providence, RI, USA	FALSE	-71.4263655	41.8015172	intersection	geometric_center	potters ave & elmwood ave, providence, ri 02907, usa	NA	NA	NA	NA	41.8015172	-71.4263655	Med High	3963.482707	Geocoded	distance greater than 100m	NA	NA	NA	TRUE	41.8015172	-71.4263655	2014	April
2609	2014-04-10	226191	15:42:00	Pedestrian	1	NA	FALSE	FALSE	1	10 GORDON AVE	NA	2014-04-10	Two-Way , Not Divided	Dry	Daylight	Clear	Not a Collision Between Two Motor Vehicles in Transport	No	No Controls	3	1	Pain Reported	2	41.805	-71.41628	TRUE	TRUE	10 Gordon Ave, Providence, RI, USA	FALSE	-71.4161827	41.8050142	premise	rooftop	10 gordon ave, providence, ri 02905, usa	NA	NA	NA	NA	41.8050142	-71.4161827	High	8.227193586	Raw	NA	NA	NA	NA	FALSE	41.805	-71.41628	2014	April
2607	2014-04-13	226714	01:17:00	Pedestrian	1	NA	FALSE	FALSE	1	CORINA ST	FERNANDO ST	2014-04-13	Two-Way , Not Divided	Dry	Dark - Lighted	Clear	Not a Collision Between Two Motor Vehicles in Transport	Yes	No Controls	2	1	Pain Reported	NA	41.84674	-71.42949	FALSE	FALSE	Corina Street and Fernando Street, Providence, RI, USA	FALSE	-71.4291349	41.8469989	intersection	geometric_center	fernando st & corina st, providence, ri 02908, usa	NA	NA	NA	NA	41.8469989	-71.4291349	Med High	41.20364186	Raw	NA	NA	NA	NA	FALSE	41.84674	-71.42949	2014	April
2606	2014-04-14	226829	15:47:00	Pedestrian	1	NA	FALSE	FALSE	1	DUDLEY STREET	PLAIN ST	2014-04-14	Two-Way , Not Divided	Dry	Daylight	Clear	Not a Collision Between Two Motor Vehicles in Transport	No	Stop Signs	4	1	Pain Reported	NA	41.81022	-71.41121	FALSE	FALSE	Dudley Street and Plain Street, Providence, RI, USA	FALSE	-71.4112111	41.8102339	intersection	geometric_center	plain st & dudley st, providence, ri 02903, usa	NA	NA	NA	NA	41.8102339	-71.4112111	Med High	1.55003037	Raw	NA	NA	NA	NA	FALSE	41.81022	-71.41121	2014	April
2605	2014-04-15	226896	07:29:00	Bicycle	NA	1	FALSE	FALSE	1	SORRENTO ST	WALDO ST	2014-04-15	Two-Way , Not Divided	Wet	Daylight	Rain	Not a Collision Between Two Motor Vehicles in Transport	No	Stop Signs	4	1	Pain Reported	NA	41.80718	-71.43796	FALSE	FALSE	Sorrento Street and Waldo Street, Providence, RI, USA	FALSE	-71.4379723	41.8071955	intersection	geometric_center	sorrento st & waldo st, providence, ri 02909, usa	NA	NA	NA	NA	41.8071955	-71.4379723	Med High	2.004703644	Raw	NA	NA	NA	NA	FALSE	41.80718	-71.43796	2014	April
2603	2014-04-16	227103	12:12:00	Pedestrian	1	NA	FALSE	FALSE	1	11 SOUTH ANGELL STREET	ANGELL STREET	2014-04-16	One-Way Trafficway	Dry	Daylight	Clear	Other	No	Traffic Control Signal	3	1	Non-Incapacitating	2	41.83578	-71.4154	TRUE	FALSE	11 South Angell Street, Providence, RI, USA	FALSE	-71.3876097	41.8297034	subpremise	rooftop	11 s angell st, providence, ri 02906, usa	NA	NA	NA	NA	41.8297034	-71.3876097	High	2402.233889	Geocoded	distance greater than 100m	NA	NA	NA	TRUE	41.8297034	-71.3876097	2014	April
2604	2014-04-16	227174	09:17:00	Pedestrian	1	NA	FALSE	FALSE	1	MAGNOLIA ST	HULDAH ST	2014-04-16	Two-Way , Not Divided	Dry	Daylight	Clear	Not a Collision Between Two Motor Vehicles in Transport	Yes	No Controls	3	1	Pain Reported	NA	41.8135	-71.44539	FALSE	FALSE	Magnolia Street and Huldah Street, Providence, RI, USA	FALSE	-71.445366	41.8135238	route	geometric_center	huldah st, providence, ri 02909, usa	Magnolia Street & Huldah Street, Providence, RI, USA	EjRNYWdub2xpYSBTdHJlZXQgJiBIdWxkYWggU3RyZWV0LCBQcm92aWRlbmNlLCBSSSwgVVNBImYiZAoUChIJvezaUI5F5IkRSLu4j1N1nSQSFAoSCb3s2lCOReSJEUi7uI9TdZ0kGhQKEgmPFs9XjkXkiRGWhqtMiimdoxoUChIJCXErV45F5IkRR_TYFNCC4ckiCg3GPOwYFWRNatU	41.8135238	-71.445366	41.8135238	-71.445366	Med	3.314271323	Raw	NA	NA	NA	NA	FALSE	41.8135	-71.44539	2014	April
2602	2014-04-19	227685	14:30:00	Pedestrian	1	NA	FALSE	FALSE	1	COLLEGE ST	South Main ST	2014-04-19	Two-Way , Not Divided	Dry	Daylight	Clear	Head-On (Front - to - Front)	No	Traffic Control Signal	3	1	Pain Reported	NA	41.82563	-71.40787	FALSE	FALSE	College Street and South Main Street, Providence, RI, USA	FALSE	-71.4037098	41.8208275	route	geometric_center	s main st, providence, ri 02903, usa	College Street & South Main Street, Providence, RI, USA	EjdDb2xsZWdlIFN0cmVldCAmIFNvdXRoIE1haW4gU3RyZWV0LCBQcm92aWRlbmNlLCBSSSwgVVNBImYiZAoUChIJD1urSRZF5IkRzGbOghZosXsSFAoSCQ9bq0kWReSJEcxmzoIWaLF7GhQKEgnR5cstFkXkiRH1TvxbNfBkPhoUChIJxfz7Uz5F5IkRx3FZv-YChPQiCg2TF-4YFdUHcNU	41.8256787	-71.4078251	41.8256787	-71.4078251	Med	6.577426967	Raw	NA	NA	NA	NA	FALSE	41.82563	-71.40787	2014	April
2601	2014-04-20	227839	17:48:00	Pedestrian	1	NA	FALSE	FALSE	1	221 MOUNT PLEASANT AVENUE	221 MOUNT PLEASANT AVENUE	2014-04-20	Two-Way , Not Divided	Dry	Daylight	Clear	Angle (Front - to - Side) Right Angle (Includes Broadside)	No	No Controls	2	1	Non-Incapacitating	NA	41.82485	-71.43178	TRUE	FALSE	221 Mount Pleasant Avenue, Providence, RI, USA	FALSE	-71.4494172	41.8321039	street_address	rooftop	221 mt pleasant ave, providence, ri 02908, usa	NA	NA	NA	NA	41.8321039	-71.4494172	High	1671.046794	Geocoded	distance greater than 100m	NA	NA	NA	TRUE	41.8321039	-71.4494172	2014	April
2600	2014-04-21	227963	15:56:00	Pedestrian	1	NA	FALSE	FALSE	1	FULTON ST	10 DORRANCE ST	2014-04-21	Two-Way , Not Divided	Dry	Daylight	Clear	Other	No	No Controls	3	1	Pain Reported	NA	41.82413	-71.41236	FALSE	FALSE	Fulton Street and 10 Dorrance Street, Providence, RI, USA	FALSE	-71.4118003	41.8239722	premise	rooftop	10 dorrance st, providence, ri 02903, usa	NA	NA	NA	NA	41.8239722	-71.4118003	Med High	49.64172915	Raw	NA	NA	NA	NA	FALSE	41.82413	-71.41236	2014	April
2599	2014-04-25	228428	10:31:00	Other	NA	1	TRUE	FALSE	1	WOODARD ROAD	BRANCH AVENUE	2014-04-25	Two-Way , Not Divided	Dry	Daylight	Clear	Other	No	Stop Signs	2	0	No Injury	2	41.83349	-71.41682	FALSE	FALSE	Woodard Road and Branch Avenue, Providence, RI, USA	FALSE	-71.4280628	41.8534892	intersection	geometric_center	woodward rd & branch ave, providence, ri 02904, usa	NA	NA	NA	NA	41.8534892	-71.4280628	Med High	2413.651442	Geocoded	distance greater than 100m	NA	NA	NA	TRUE	41.8534892	-71.4280628	2014	April
2598	2014-04-29	228898	07:36:00	Pedestrian	1	NA	FALSE	FALSE	1	780 CHALSTONE AVENUE	NA	2014-04-29	Two-Way , Not Divided	Dry	Daylight	Clear	Other	No	Stop Signs	2	1	Pain Reported	2	41.83605	-71.41542	TRUE	TRUE	780 Chalstone Avenue, Providence, RI, USA	FALSE	-71.4327558	41.8338414	street_address	range_interpolated	780 chalkstone ave, providence, ri 02908, usa	NA	NA	NA	NA	41.8338414	-71.4327558	High	1458.71271	Geocoded	distance greater than 100m	NA	NA	NA	TRUE	41.8338414	-71.4327558	2014	April
2597	2014-04-30	229453	21:54:00	Pedestrian	1	NA	FALSE	FALSE	1	POTTERS AVE	HAMILTON ST	2014-05-01	Two-Way , Not Divided	Wet	Dark - Unknown Lighting	Rain	Not a Collision Between Two Motor Vehicles in Transport	Yes	Unknown	3	1	Pain Reported	NA	41.80188	-71.42265	FALSE	FALSE	Potters Ave and Hamilton Street, Providence, RI, USA	FALSE	-71.4226249	41.8019071	intersection	geometric_center	potters ave & hamilton st, providence, ri 02907, usa	NA	NA	NA	NA	41.8019071	-71.4226249	Med High	3.665958185	Raw	NA	NA	NA	NA	FALSE	41.80188	-71.42265	2014	April
2595	2014-05-03	229714	06:56:00	Bicycle	NA	1	FALSE	FALSE	1	PLAINFIELD STREET	SERVICE ROAD 1	2014-05-03	Two-Way , Not Divided	Dry	Daylight	Clear	Other	No	Traffic Control Signal	3	1	Pain Reported	2	41.83583	-71.41601	FALSE	FALSE	Plainfield Street and Service Road 1, Providence, RI, USA	FALSE	-71.4200451	41.8199608	route	geometric_center	service rd 1, providence, ri, usa	NA	NA	NA	NA	41.8199608	-71.4200451	Med	1797.980768	Geocoded	distance greater than 100m	NA	NA	NA	TRUE	41.8199608	-71.4200451	2014	May
2596	2014-05-03	229731	11:23:00	Bicycle	NA	1	FALSE	FALSE	1	BRANCH AVENUE	WEST RIVER STREET	2014-05-03	Two-Way , Not Divided	Dry	Daylight	Clear	Other	No	Traffic Control Signal	5	0	No Injury	2	41.83612	-71.42897	FALSE	FALSE	Branch Avenue and West River Street, Providence, RI, USA	FALSE	-71.4126689	41.8468987	intersection	geometric_center	w river st & branch ave, providence, ri 02904, usa	NA	NA	NA	NA	41.8468987	-71.4126689	Med High	1807.569625	Geocoded	distance greater than 100m	NA	NA	NA	TRUE	41.8468987	-71.4126689	2014	May
2592	2014-05-06	230204	07:06:00	Pedestrian	1	NA	FALSE	FALSE	1	HARTFORD AVENUE	KILLINGLY STREET	2014-05-06	Two-Way , Not Divided	Dry	Daylight	Clear	Other	No	Traffic Control Signal	4	1	Pain Reported	2	41.83571	-71.41579	FALSE	FALSE	Hartford Avenue and Killingly Street, Providence, RI, USA	FALSE	-71.4689352	41.8200273	intersection	geometric_center	killingly st & hartford ave, providence, ri 02909, usa	NA	NA	NA	NA	41.8200273	-71.4689352	Med High	4741.485032	Geocoded	distance greater than 100m	NA	NA	NA	TRUE	41.8200273	-71.4689352	2014	May
2593	2014-05-06	230225	09:51:00	Pedestrian	1	NA	FALSE	FALSE	1	HUNTINGTON AVENUE	NA	2014-05-06	Two-Way , Not Divided	Dry	Daylight	Clear	Other	No	No Controls	4	1	Non-Incapacitating	2	41.83569	-71.4158	FALSE	TRUE	Huntington Avenue, Providence, RI, USA	FALSE	-71.4361117	41.8025522	route	geometric_center	huntington ave, providence, ri, usa	NA	NA	NA	NA	41.8025522	-71.4361117	Inaccurate	4055.535143	Geocoded	distance greater than 100m	NA	NA	NA	TRUE	41.8025522	-71.4361117	2014	May
2594	2014-05-06	230308	18:10:00	Bicycle	NA	1	FALSE	FALSE	1	HAROLD ST	REGENT AVE	2014-05-06	Two-Way , Not Divided	Dry	Daylight	Clear	Not a Collision Between Two Motor Vehicles in Transport	No	Stop Signs	4	1	Pain Reported	2	41.8297	-71.4387	FALSE	FALSE	Harold Street and Regent Ave, Providence, RI, USA	FALSE	-71.4387133	41.8297388	intersection	geometric_center	harold st & regent ave, providence, ri 02908, usa	NA	NA	NA	NA	41.8297388	-71.4387133	Med High	4.45785942	Raw	NA	NA	NA	NA	FALSE	41.8297	-71.4387	2014	May
2591	2014-05-09	230897	14:13:00	Pedestrian	1	NA	FALSE	FALSE	1	VIRGINIA AVE	VERMONT AVE	2014-05-10	Two-Way , Not Divided	Dry	Daylight	Cloudy	Not a Collision Between Two Motor Vehicles in Transport	No	No Controls	2	0	No Injury	NA	41.78826	-71.39899	FALSE	FALSE	Virginia Ave and Vermont Ave, Providence, RI, USA	FALSE	-71.3973542	41.7885202	route	geometric_center	vermont ave, providence, ri 02905, usa	Virginia Ave & Vermont Ave, Providence, RI, USA	Ei9WaXJnaW5pYSBBdmUgJiBWZXJtb250IEF2ZSwgUHJvdmlkZW5jZSwgUkksIFVTQSJmImQKFAoSCVvLGRnuT-SJER9DqdxZ8C_WEhQKEglbyxkZ7k_kiREfQ6ncWfAv1hoUChIJDZJNjfFP5IkRCwtVzQVwZ5kaFAoSCYGOkynuT-SJEfIqAdU5yIyEIgoNQGDoGBXTYHHV	41.7882176	-71.3989933	41.7882176	-71.3989933	Med	4.727887218	Raw	NA	NA	NA	NA	FALSE	41.78826	-71.39899	2014	May
2588	2014-05-10	230866	00:45:00	Pedestrian	1	NA	FALSE	FALSE	1	ATWELLS AVE	BOND ST	2014-05-10	Two-Way , Not Divided	Wet	Dark - Lighted	Cloudy	Not a Collision Between Two Motor Vehicles in Transport	Yes	No Controls	1	1	Pain Reported	NA	41.82333	-71.42318	FALSE	FALSE	Atwells Ave and Bond Street, Providence, RI, USA	FALSE	-71.4231235	41.8233342	intersection	geometric_center	bond st & atwells ave, providence, ri 02903, usa	NA	NA	NA	NA	41.8233342	-71.4231235	Med High	4.710263545	Raw	NA	NA	NA	NA	FALSE	41.82333	-71.42318	2014	May
2589	2014-05-10	230939	13:43:00	Bicycle	NA	1	FALSE	FALSE	1	STAR ST	BENEFIT ST	2014-05-10	Two-Way , Not Divided	Dry	Daylight	Clear	Not a Collision Between Two Motor Vehicles in Transport	Yes	Stop Signs	1	1	Pain Reported	2	41.83206	-71.40947	FALSE	FALSE	Star Street and Benefit Street, Providence, RI, USA	FALSE	-71.4094597	41.8320889	intersection	geometric_center	benefit st & star st, providence, ri 02904, usa	NA	NA	NA	NA	41.8320889	-71.4094597	Med High	3.328636775	Raw	NA	NA	NA	NA	FALSE	41.83206	-71.40947	2014	May