row_number	crash_date	crash_report_id	crash_time	collision_type	count_pedestrian	count_bicycle	scooter	wheel_chair	number_of_vehicles	street_or_highway	nearest_intersection	report_date	type_of_roadway	road_surface_condition	light_condition	weather_condition	manner_of_impact	hit_and_run	traffic_control	person_count	injury_count	most_serious_injury	number_of_lanes	lat_raw	lon_raw	has_st_number	is_intersection_null	address_sent_to_geocoder	is_address_blank	lon_api_first_try	lat_api_first_try	type	loctype	address_returned_by_geocoder	address_returned_by_autocomplete	place_ids_autocompleted	lat_api_second_try	lon_api_second_try	lat_api_best	lon_api_best	api_coord_conf	distance_btwn_coords_meters	best_coordinate_set	reason_for_qa	correct_coordinates	corrected_lat	corrected_lon	manually_qaed_record	final_lat	final_lon	year	month
2590	2014-05-10	230954	09:21:00	Pedestrian	1	NA	FALSE	FALSE	1	N MAIN ST	7TH ST	2014-05-10	Unknown	Dry	Daylight	Cloudy	Other	No	No Controls	5	1	Pain Reported	NA	41.85387	-71.40071	FALSE	FALSE	N Main Street and 7th Street, Providence, RI, USA	FALSE	-71.3980641	41.8526572	route	geometric_center	7th st, providence, ri 02906, usa	North Main Street & 7th Street, Providence, RI, USA	EjNOb3J0aCBNYWluIFN0cmVldCAmIDd0aCBTdHJlZXQsIFByb3ZpZGVuY2UsIFJJLCBVU0EiZiJkChQKEgkBX_oowUTkiRFs0OQsdn0PVxIUChIJAV_6KMFE5IkRbNDkLHZ9D1caFAoSCfn6QT3eROSJEV_Xrb4NXCM_GhQKEgmpxljvxkTkiRHimHB769eCliIKDVNa8hgV-Bdx1Q	41.8536019	-71.4008584	41.8536019	-71.4008584	Med	32.28184197	Raw	NA	NA	NA	NA	FALSE	41.85387	-71.40071	2014	May
2587	2014-05-12	231321	15:51:00	Pedestrian	1	1	FALSE	FALSE	1	ELIZABETH ST	N MAIN ST	2014-05-12	One-Way Trafficway	Dry	Daylight	Clear	Not a Collision Between Two Motor Vehicles in Transport	Unknown	No Controls	2	2	Pain Reported	NA	41.82786	-71.40929	FALSE	FALSE	Elizabeth Street and N Main Street, Providence, RI, USA	FALSE	-71.3702575	41.8264716	establishment	rooftop	105 wilmarth ave, east providence, ri 02914, usa	Elizabeth Street & North Main Street, Providence, RI, USA	EjlFbGl6YWJldGggU3RyZWV0ICYgTm9ydGggTWFpbiBTdHJlZXQsIFByb3ZpZGVuY2UsIFJJLCBVU0EiZiJkChQKEgmvW2p2F0XkiRGatQxP9rB73hIUChIJr1tqdhdF5IkRmrUMT_awe94aFAoSCRmQ-nIXReSJESY5PG_thSzVGhQKEgn5-kE93kTkiRFf162-DVwjPyIKDfNt7hgVF85v1Q	41.8278899	-71.4093033	41.8278899	-71.4093033	Med	3.506525692	Raw	NA	NA	NA	NA	FALSE	41.82786	-71.40929	2014	May
2585	2014-05-14	231754	14:47:00	Pedestrian	1	NA	FALSE	FALSE	1	S MAIN ST	COLLEGE ST	2014-05-14	One-Way Trafficway	Dry	Daylight	Clear	Not a Collision Between Two Motor Vehicles in Transport	No	Pavement Markings	4	1	Pain Reported	2	41.82625	-71.40831	FALSE	FALSE	S Main Street and College Street, Providence, RI, USA	FALSE	-71.4078251	41.8256787	intersection	geometric_center	s main st & college st, providence, ri 02903, usa	NA	NA	NA	NA	41.8256787	-71.4078251	Med High	75.24954979	Raw	NA	NA	NA	NA	FALSE	41.82625	-71.40831	2014	May
2586	2014-05-14	232710	14:14:00	Bicycle	NA	NA	FALSE	FALSE	2	CANDACE ST	CHALKSTONE AVE	2014-05-15	One-Way Trafficway	Dry	Daylight	Clear	Sidwswipe, Opposite Direction	Yes	No Controls	3	0	No Injury	1	41.83596	-71.4226	FALSE	FALSE	Candace Street and Chalkstone Ave, Providence, RI, USA	FALSE	-71.4226306	41.8360642	intersection	geometric_center	candace st & chalkstone ave, providence, ri 02908, usa	NA	NA	NA	NA	41.8360642	-71.4226306	Med High	11.87389369	Raw	NA	NA	NA	NA	FALSE	41.83596	-71.4226	2014	May
2583	2014-05-15	231977	16:52:00	Pedestrian	2	NA	FALSE	FALSE	1	Fountain St	Sabin St	2014-05-15	One-Way Trafficway	Dry	Daylight	Cloudy	Not a Collision Between Two Motor Vehicles in Transport	No	No Controls	5	2	Pain Reported	1	41.82503	-71.4148	FALSE	FALSE	Fountain Street and Sabin Street, Providence, RI, USA	FALSE	-71.4163184	41.8239955	route	geometric_center	sabin st, providence, ri, usa	NA	NA	NA	NA	41.8239955	-71.4163184	Med	170.6668741	Raw	distance greater than 100m	NA	NA	NA	TRUE	41.82503	-71.4148	2014	May
2584	2014-05-15	232707	09:52:00	Pedestrian	1	NA	FALSE	FALSE	1	Roger Williams Avenue	Elmwood Avenue	2014-05-20	Two-Way , Not Divided	Dry	Daylight	Clear	Other	No	Traffic Control Signal	2	1	Non-Incapacitating	NA	41.80247	-71.40375	FALSE	FALSE	Roger Williams Avenue and Elmwood Avenue, Providence, RI, USA	FALSE	-71.4209033	41.7885278	intersection	geometric_center	roger williams ave & elmwood ave, providence, ri 02907, usa	NA	NA	NA	NA	41.7885278	-71.4209033	Med High	2106.042465	Geocoded	distance greater than 100m	NA	NA	NA	TRUE	41.7885278	-71.4209033	2014	May
2580	2014-05-20	232705	07:56:00	Pedestrian	1	NA	FALSE	FALSE	1	PRAIRIE AVE	THURBERS AVE	2014-05-20	Two-Way, Divided, Unprotected (painted>4feet) Medium	Dry	Daylight	Clear	Angle (Front - to - Side) Right Angle (Includes Broadside)	No	No Controls	3	2	Incapacitating	NA	41.79855	-71.41183	FALSE	FALSE	Prairie Ave and Thurbers Ave, Providence, RI, USA	FALSE	-71.4119105	41.7987434	intersection	geometric_center	thurbers ave & prairie ave, providence, ri 02905, usa	NA	NA	NA	NA	41.7987434	-71.4119105	Med High	22.54185616	Raw	NA	NA	NA	NA	FALSE	41.79855	-71.41183	2014	May
2581	2014-05-20	232791	14:51:00	Pedestrian	1	NA	FALSE	FALSE	1	100 Atwells Ave	Enterprise Row	2014-05-20	Two-Way , Not Divided	Dry	Daylight	Clear	Not a Collision Between Two Motor Vehicles in Transport	No	No Controls	6	1	Pain Reported	2	41.82318	-71.42099	TRUE	FALSE	100 Atwells Ave, Providence, RI, USA	FALSE	-71.4212593	41.8227713	premise	rooftop	the sister dominica manor, 100 atwells ave, providence, ri 02903, usa	NA	NA	NA	NA	41.8227713	-71.4212593	High	50.68522447	Raw	NA	NA	NA	NA	FALSE	41.82318	-71.42099	2014	May
2582	2014-05-20	234136	19:05:00	Bicycle	NA	1	FALSE	FALSE	1	CHAMBERS ST	HUNTINGTON AVE	2014-05-27	Two-Way , Not Divided	Dry	Daylight	Clear	Not a Collision Between Two Motor Vehicles in Transport	No	No Controls	2	1	Pain Reported	2	41.80234	-71.4339	FALSE	FALSE	Chambers Street and Huntington Ave, Providence, RI, USA	FALSE	-71.4361117	41.8025522	route	geometric_center	huntington ave, providence, ri, usa	Chambers Street & Huntington Ave, Providence, RI, USA	EjVDaGFtYmVycyBTdHJlZXQgJiBIdW50aW5ndG9uIEF2ZSwgUHJvdmlkZW5jZSwgUkksIFVTQSJmImQKFAoSCSs7-V5-T-SJEYQ-54cpSn-eEhQKEgkrO_lefk_kiRGEPueHKUp_nhoUChIJk0MxRn5P5IkRfxZMo3fC6QEaFAoSCSGUaQJ-T-SJEQaR7kPVcxtYIgoNWnXqGBX-AWzV	41.801865	-71.434189	41.801865	-71.434189	Med	58.06114027	Raw	NA	NA	NA	NA	FALSE	41.80234	-71.4339	2014	May
2577	2014-05-23	233269	13:35:00	Pedestrian	1	NA	FALSE	FALSE	1	HAYWARD STREET	PORTLAND ST	2014-05-23	Two-Way , Not Divided	Dry	Daylight	Cloudy	Other	Yes	No Controls	2	1	Pain Reported	NA	41.81359	-71.42049	FALSE	FALSE	Hayward Street and Portland Street, Providence, RI, USA	FALSE	-71.4204254	41.8136836	intersection	geometric_center	portland st & hayward st, providence, ri 02907, usa	NA	NA	NA	NA	41.8136836	-71.4204254	Med High	11.71721155	Raw	NA	NA	NA	NA	FALSE	41.81359	-71.42049	2014	May
2578	2014-05-23	233285	13:30:00	Pedestrian	1	NA	FALSE	FALSE	1	BROADWAY	ATWELLS AVE	2014-05-23	Two-Way , Not Divided	Dry	Daylight	Cloudy	Other	No	Traffic Control Signal	5	1	Pain Reported	NA	41.82248	-71.41856	FALSE	FALSE	Broadway and Atwells Ave, Providence, RI, USA	FALSE	-71.4363598	41.8244829	route	geometric_center	atwells ave, providence, ri, usa	Broadway & Atwells Ave, Providence, RI, USA	EitCcm9hZHdheSAmIEF0d2VsbHMgQXZlLCBQcm92aWRlbmNlLCBSSSwgVVNBImYiZAoUChIJTTRHew1F5IkRZCoShZCvLQ0SFAoSCU00R3sNReSJEWQqEoWQry0NGhQKEgmlteWGdUXkiREawjOx16RvsxoUChIJ7W1EBqJF5IkRRornUFgoCTQiCg3OmO0YFQVnbtU	41.8224334	-71.4184955	41.8224334	-71.4184955	Med	7.452533397	Raw	NA	NA	NA	NA	FALSE	41.82248	-71.41856	2014	May
2579	2014-05-23	233382	13:00:00	Pedestrian	1	NA	FALSE	FALSE	1	186 FOUNTAIN STREET	EMPIRE STREET	2014-05-23	One-Way Trafficway	Dry	Daylight	Cloudy	Other	No	Traffic Control Signal	5	1	Non-Incapacitating	3	41.8358	-71.41573	TRUE	FALSE	186 Fountain Street, Providence, RI, USA	FALSE	-71.4166423	41.8223797	subpremise	rooftop	186 fountain st, providence, ri 02903, usa	NA	NA	NA	NA	41.8223797	-71.4166423	High	1495.856315	Raw	distance greater than 100m	NA	NA	NA	TRUE	41.8358	-71.41573	2014	May
2576	2014-05-25	233694	12:46:00	Pedestrian	1	NA	TRUE	FALSE	2	MANTON AVE	GREENWOOD ST	2014-05-25	Two-Way, Divided, Unprotected (painted>4feet) Medium	Dry	Daylight	Clear	Not a Collision Between Two Motor Vehicles in Transport	No	Stop Signs	4	0	No Injury	2	41.82378	-71.45169	FALSE	FALSE	Manton Ave and Greenwood Street, Providence, RI, USA	FALSE	-71.45181	41.8238806	intersection	geometric_center	manton ave & greenwood st, providence, ri 02909, usa	NA	NA	NA	NA	41.8238806	-71.45181	Med High	14.98353074	Raw	NA	NA	NA	NA	FALSE	41.82378	-71.45169	2014	May
2575	2014-05-26	233936	13:11:00	Bicycle	NA	1	FALSE	FALSE	1	NEWARK ST	VALLEY ST	2014-05-26	Two-Way , Not Divided	Wet	Daylight	Clear	Not a Collision Between Two Motor Vehicles in Transport	No	No Controls	3	1	Pain Reported	2	41.82521	-71.43932	FALSE	FALSE	Newark Street and Valley Street, Providence, RI, USA	FALSE	-71.4393041	41.8252323	intersection	geometric_center	valley st & newark st, providence, ri 02908, usa	NA	NA	NA	NA	41.8252323	-71.4393041	Med High	2.811064313	Raw	NA	NA	NA	NA	FALSE	41.82521	-71.43932	2014	May
2572	2014-05-28	234184	13:28:00	Pedestrian	1	NA	FALSE	FALSE	1	WASHINGTON STREET	EXCHANGE STREET	2014-05-28	One-Way Trafficway	Dry	Daylight	Cloudy	Other	No	Traffic Control Signal	4	1	Fatal	2	41.83601	-71.41599	FALSE	FALSE	Washington Street and Exchange Street, Providence, RI, USA	FALSE	-71.4118704	41.8265115	route	geometric_center	exchange st, providence, ri 02903, usa	Washington Street & Exchange Street, Providence, RI, USA	EjhXYXNoaW5ndG9uIFN0cmVldCAmIEV4Y2hhbmdlIFN0cmVldCwgUHJvdmlkZW5jZSwgUkksIFVTQSJmImQKFAoSCX8SrsYWReSJEW5MQFQ5jjSiEhQKEgl_Eq7GFkXkiRFuTEBUOY40ohoUChIJqdrNnBJF5IkRGgfQlqMSNPYaFAoSCdFSn9cWReSJERdKzs-n0Y0OIgoNZxnuGBVVim_V	41.8257255	-71.4110379	41.8257255	-71.4110379	Med	1216.321452	Raw	distance greater than 100m	NA	NA	NA	TRUE	41.83601	-71.41599	2014	May
2573	2014-05-28	234192	19:30:00	Pedestrian	1	NA	FALSE	FALSE	1	Chalkstone Ave	Young Ave	2014-05-29	Two-Way , Not Divided	Dry	Dusk	Cloudy	Not a Collision Between Two Motor Vehicles in Transport	No	No Controls	5	1	Pain Reported	NA	41.83481	-71.42731	FALSE	FALSE	Chalkstone Ave and Young Ave, Providence, RI, USA	FALSE	-71.4272976	41.8348286	intersection	geometric_center	young ave & chalkstone ave, providence, ri 02908, usa	NA	NA	NA	NA	41.8348286	-71.4272976	Med High	2.311902057	Raw	NA	NA	NA	NA	FALSE	41.83481	-71.42731	2014	May
2574	2014-05-28	234525	16:25:00	Pedestrian	1	NA	FALSE	FALSE	1	N MAIN ST	N MAIN ST	2014-05-29	Two-Way, Divided, Positive Median Barrier	Dry	Daylight	Clear	Angle (Front - to - Side) Right Angle (Includes Broadside)	No	No Controls	2	0	No Injury	NA	41.83645	-71.40964	FALSE	FALSE	N Main Street and N Main Street, Providence, RI, USA	FALSE	-71.2873641	41.7371398	route	geometric_center	n main st, rhode island, usa	North Main Street & South Main Street, Providence, RI, USA	EjpOb3J0aCBNYWluIFN0cmVldCAmIFNvdXRoIE1haW4gU3RyZWV0LCBQcm92aWRlbmNlLCBSSSwgVVNBImYiZAoUChIJD1urSRZF5IkRzGbOghZosXsSFAoSCQ9bq0kWReSJEcxmzoIWaLF7GhQKEgn5-kE93kTkiRFf162-DVwjPxoUChIJxfz7Uz5F5IkRx3FZv-YChPQiCg2TF-4YFdUHcNU	41.8256787	-71.4078251	41.8256787	-71.4078251	Med	1208.468526	Unknown	distance greater than 100m	NA	NA	NA	TRUE	NA	NA	2014	May
2571	2014-05-29	234336	10:47:00	Pedestrian	1	NA	FALSE	FALSE	1	RT. 146 NORTH ON RAMP	BRANCH AVENUE	2014-05-29	One-Way Trafficway	Dry	Daylight	Clear	Other	Yes	No Controls	4	0	No Injury	NA	41.83618	-71.41545	FALSE	FALSE	Rt. 146 North On Ramp and Branch Avenue, Providence, RI, USA	FALSE	-71.4228521	41.8515249	route	geometric_center	branch ave, providence, ri 02904, usa	NA	NA	NA	NA	41.8515249	-71.4228521	Med	1815.134436	Neither	distance greater than 100m	41.845435987887804, -71.41053780339767	41.84543598788781	-71.41053780339767	TRUE	41.84543598788781	-71.41053780339767	2014	May
2570	2014-06-03	235437	21:00:00	Bicycle	NA	1	FALSE	FALSE	1	Elmwood Ave	Sprague St	2014-06-04	Two-Way , Not Divided	Dry	Dark - Lighted	Clear	Not a Collision Between Two Motor Vehicles in Transport	No	No Controls	4	1	Pain Reported	NA	41.80942	-71.42437	FALSE	FALSE	Elmwood Ave and Sprague Street, Providence, RI, USA	FALSE	-71.4243969	41.8094159	intersection	geometric_center	sprague st & elmwood ave, providence, ri 02907, usa	NA	NA	NA	NA	41.8094159	-71.4243969	Med High	2.278182176	Raw	NA	NA	NA	NA	FALSE	41.80942	-71.42437	2014	June
2568	2014-06-06	235719	16:12:00	Bicycle	NA	1	FALSE	FALSE	1	Broadway	VALLEY ST	2014-06-06	Two-Way , Not Divided	Dry	Daylight	Clear	Not a Collision Between Two Motor Vehicles in Transport	No	Traffic Control Signal	2	0	No Injury	4	41.81684	-71.44098	FALSE	FALSE	Broadway and Valley Street, Providence, RI, USA	FALSE	-71.4361571	41.8275287	route	geometric_center	valley st, providence, ri, usa	Broadway & Valley Street, Providence, RI, USA	Ei1Ccm9hZHdheSAmIFZhbGxleSBTdHJlZXQsIFByb3ZpZGVuY2UsIFJJLCBVU0EiZiJkChQKEglPQjeFmkXkiRFay9YdHmK0gBIUChIJT0I3hZpF5IkRWsvWHR5itIAaFAoSCaW15YZ1ReSJERrCM7HXpG-zGhQKEgn71PW-oUXkiRFACHbbKx7jfCIKDVm-7BgVgvdq1Q	41.8168409	-71.441011	41.8168409	-71.441011	Med	2.573840752	Raw	NA	NA	NA	NA	FALSE	41.81684	-71.44098	2014	June
2569	2014-06-06	235781	23:16:00	Bicycle	NA	1	FALSE	FALSE	1	SMITH ST	ORMS ST	2014-06-07	Two-Way, Not Divided With a Continuous Left Turn Lane	Dry	Dark - Lighted	Clear	Head-On (Front - to - Front)	No	Traffic Control Signal	2	1	Pain Reported	NA	41.83378	-71.42202	FALSE	FALSE	Smith Street and Orms Street, Providence, RI, USA	FALSE	-71.4219437	41.8337775	intersection	geometric_center	orms st & smith st, providence, ri 02904, usa	NA	NA	NA	NA	41.8337775	-71.4219437	Med High	6.334609942	Raw	NA	NA	NA	NA	FALSE	41.83378	-71.42202	2014	June
2566	2014-06-07	235962	18:56:00	Bicycle	NA	1	FALSE	FALSE	1	SMITH ST	CHALKSTONE AVE	2014-06-07	Two-Way , Not Divided	Dry	Daylight	Clear	Not a Collision Between Two Motor Vehicles in Transport	No	Traffic Control Signal	4	1	Pain Reported	NA	41.83521	-71.42565	FALSE	FALSE	Smith Street and Chalkstone Ave, Providence, RI, USA	FALSE	-71.4256425	41.8352214	intersection	geometric_center	chalkstone ave & smith st, providence, ri 02908, usa	NA	NA	NA	NA	41.8352214	-71.4256425	Med High	1.413300365	Raw	NA	NA	NA	NA	FALSE	41.83521	-71.42565	2014	June
2567	2014-06-07	236139	01:43:00	Bicycle	NA	1	FALSE	FALSE	1	240 Atwells Ave	NA	2014-06-08	Two-Way , Not Divided	Dry	Dark - Lighted	Clear	Not a Collision Between Two Motor Vehicles in Transport	No	No Controls	2	1	Pain Reported	NA	41.82353	-71.42608	TRUE	TRUE	240 Atwells Ave, Providence, RI, USA	FALSE	-71.4246809	41.8233587	street_address	rooftop	240 atwells ave, providence, ri 02903, usa	NA	NA	NA	NA	41.8233587	-71.4246809	High	117.6193139	Geocoded	distance greater than 100m	NA	NA	NA	TRUE	41.8233587	-71.4246809	2014	June
2565	2014-06-09	236233	16:10:00	Bicycle	NA	1	FALSE	FALSE	1	THROOP ALY	N MAIN ST	2014-06-09	One-Way Trafficway	Dry	Daylight	Clear	Unknown	Yes	No Controls	2	1	Pain Reported	2	41.82813	-71.40945	FALSE	FALSE	Throop Aly and N Main Street, Providence, RI, USA	FALSE	-71.3702575	41.8264716	establishment	rooftop	105 wilmarth ave, east providence, ri 02914, usa	Throop Alley & North Main Street, Providence, RI, USA	EjVUaHJvb3AgQWxsZXkgJiBOb3J0aCBNYWluIFN0cmVldCwgUHJvdmlkZW5jZSwgUkksIFVTQSJmImQKFAoSCfd2QXcXReSJEa6fCi7euxRJEhQKEgn3dkF3F0XkiRGunwou3rsUSRoUChIJrYQbbhdF5IkR-wemYR04CtgaFAoSCfn6QT3eROSJEV_Xrb4NXCM_IgoNkHfuGBV6yG_V	41.828136	-71.409447	41.828136	-71.409447	Med	0.71276835	Raw	NA	NA	NA	NA	FALSE	41.82813	-71.40945	2014	June
2564	2014-06-10	237452	21:10:00	Bicycle	NA	1	FALSE	FALSE	1	Oakland Ave	Chalkstone Ave	2014-06-15	Two-Way , Not Divided	Wet	Dark - Lighted	Rain	Not a Collision Between Two Motor Vehicles in Transport	No	Traffic Control Signal	4	1	Pain Reported	NA	41.83421	-71.43024	FALSE	FALSE	Oakland Ave and Chalkstone Ave, Providence, RI, USA	FALSE	-71.4302486	41.834203	intersection	geometric_center	oakland ave & chalkstone ave, providence, ri 02908, usa	NA	NA	NA	NA	41.834203	-71.4302486	Med High	1.056411046	Raw	NA	NA	NA	NA	FALSE	41.83421	-71.43024	2014	June
2563	2014-06-11	237184	14:43:00	Bicycle	NA	1	FALSE	FALSE	1	1 RANDALL ST	CHARLES ST	2014-06-13	Two-Way , Not Divided	Dry	Daylight	Clear	Not a Collision Between Two Motor Vehicles in Transport	No	No Controls	3	1	Pain Reported	2	41.83713	-71.41092	TRUE	FALSE	1 Randall Street, Providence, RI, USA	FALSE	-71.4096299	41.837966	intersection	geometric_center	us-1 & randall st, providence, ri 02904, usa	NA	NA	NA	NA	41.837966	-71.4096299	High	141.806924	Raw	distance greater than 100m	NA	NA	NA	TRUE	41.83713	-71.41092	2014	June
2562	2014-06-13	236992	08:11:00	Pedestrian	1	NA	FALSE	FALSE	1	EDDY ST	EUDORA ST	2014-06-13	Two-Way, Divided, Unprotected (painted>4feet) Medium	Wet	Daylight	Rain	Other	No	No Controls	9	7	Pain Reported	NA	41.80791	-71.40724	FALSE	FALSE	Eddy Street and Eudora Street, Providence, RI, USA	FALSE	-71.407232	41.807922	intersection	geometric_center	eddy st & eudora st, providence, ri 02903, usa	NA	NA	NA	NA	41.807922	-71.407232	Med High	1.491673777	Raw	NA	NA	NA	NA	FALSE	41.80791	-71.40724	2014	June
2561	2014-06-14	237312	19:30:00	Bicycle	NA	1	FALSE	FALSE	1	ROGER WILLIAMS AVE	ELMWOOD AVE	2014-06-14	Two-Way , Not Divided	Dry	Daylight	Clear	Not a Collision Between Two Motor Vehicles in Transport	No	Traffic Control Signal	3	1	Pain Reported	NA	41.7885	-71.42106	FALSE	FALSE	Roger Williams Ave and Elmwood Ave, Providence, RI, USA	FALSE	-71.4209033	41.7885278	intersection	geometric_center	roger williams ave & elmwood ave, providence, ri 02907, usa	NA	NA	NA	NA	41.7885278	-71.4209033	Med High	13.36934127	Raw	NA	NA	NA	NA	FALSE	41.7885	-71.42106	2014	June
2559	2014-06-15	237392	16:50:00	Bicycle	NA	1	FALSE	FALSE	1	CRANSTON ST	HARRISON ST	2014-06-15	Two-Way , Not Divided	Dry	Daylight	Clear	Not a Collision Between Two Motor Vehicles in Transport	No	No Controls	4	1	Pain Reported	NA	41.81307	-71.42866	FALSE	FALSE	Cranston Street and Harrison Street, Providence, RI, USA	FALSE	-71.4286583	41.8130997	intersection	geometric_center	cranston st & harrison st, providence, ri 02907, usa	NA	NA	NA	NA	41.8130997	-71.4286583	Med High	3.309196165	Raw	NA	NA	NA	NA	FALSE	41.81307	-71.42866	2014	June
2560	2014-06-15	237504	14:33:00	Pedestrian	1	NA	FALSE	FALSE	1	432 BRANCH AVENUE	NA	2014-06-16	Two-Way , Not Divided	Dry	Daylight	Clear	Other	Yes	No Controls	1	1	Non-Incapacitating	2	41.82678	-71.41882	TRUE	TRUE	432 Branch Avenue, Providence, RI, USA	FALSE	-71.4196422	41.8499436	street_address	range_interpolated	432 branch ave, providence, ri 02904, usa	NA	NA	NA	NA	41.8499436	-71.4196422	High	2579.461648	Geocoded	distance greater than 100m	NA	NA	NA	TRUE	41.8499436	-71.4196422	2014	June
2556	2014-06-16	237564	15:20:00	Pedestrian	1	NA	FALSE	FALSE	1	BROAD ST	MONTGOMERY AVE	2014-06-16	Two-Way , Not Divided	Dry	Daylight	Clear	Other	No	Traffic Control Signal	2	1	Pain Reported	NA	41.78589	-71.40166	FALSE	FALSE	Broad Street and Montgomery Ave, Providence, RI, USA	FALSE	-71.4128343	41.8239891	locality	approximate	providence, ri, usa	Broad Street & Montgomery Ave, Providence, RI, USA	EjJCcm9hZCBTdHJlZXQgJiBNb250Z29tZXJ5IEF2ZSwgUHJvdmlkZW5jZSwgUkksIFVTQSJmImQKFAoSCQsHYjjsT-SJESntnIULwXi8EhQKEgkLB2I47E_kiREp7ZyFC8F4vBoUChIJg9591YxP5IkRLKLKk5hLCKMaFAoSCWcDHSnsT-SJEccYl47_C14AIgoNiAXoGBVh-HDV	41.7858952	-71.4016671	41.7858952	-71.4016671	Med	0.826069446	Raw	NA	NA	NA	NA	FALSE	41.78589	-71.40166	2014	June
2557	2014-06-16	237602	16:11:00	Bicycle	NA	1	FALSE	FALSE	1	MEMORIAL BLVD	COLLEGE ST	2014-06-16	Two-Way, Divided, Unprotected (painted>4feet) Medium	Dry	Daylight	Clear	Not a Collision Between Two Motor Vehicles in Transport	No	Traffic Control Signal	6	1	Pain Reported	4	41.82528	-71.40899	FALSE	FALSE	Memorial Blvd and College Street, Providence, RI, USA	FALSE	-71.4088081	41.8253077	intersection	geometric_center	memorial blvd & college st, providence, ri 02903, usa	NA	NA	NA	NA	41.8253077	-71.4088081	Med High	15.40104198	Raw	NA	NA	NA	NA	FALSE	41.82528	-71.40899	2014	June
2558	2014-06-16	237616	20:02:00	Bicycle	NA	2	FALSE	FALSE	1	SALMON ST	SALMON ST	2014-06-16	Two-Way, Divided, Unprotected (painted>4feet) Medium	Dry	Dusk	Clear	Head-On (Front - to - Front)	Yes	No Controls	2	2	Pain Reported	NA	41.82359	-71.45531	FALSE	FALSE	Salmon Street and Salmon Street, Providence, RI, USA	FALSE	-71.4546306	41.8242098	route	geometric_center	salmon st, providence, ri 02909, usa	NA	NA	NA	NA	41.8242098	-71.4546306	Med	89.08891457	Raw	NA	NA	NA	NA	FALSE	41.82359	-71.45531	2014	June
2555	2014-06-17	237812	15:22:00	Pedestrian	3	NA	FALSE	FALSE	1	ELMWOOD AVE	ADELAIDE AVE	2014-06-17	Two-Way, Divided, Positive Median Barrier	Dry	Daylight	Clear	Other	Yes	No Controls	3	3	Pain Reported	NA	41.7959	-71.42512	FALSE	FALSE	Elmwood Ave and Adelaide Ave, Providence, RI, USA	FALSE	-71.424995	41.795887	intersection	geometric_center	adelaide ave & elmwood ave, providence, ri 02907, usa	NA	NA	NA	NA	41.795887	-71.424995	Med High	10.47436785	Raw	NA	NA	NA	NA	FALSE	41.7959	-71.42512	2014	June
2554	2014-06-18	237938	07:42:00	Bicycle	NA	1	FALSE	FALSE	1	HARTFORD AVE	KING PHILIP ST	2014-06-18	Two-Way, Divided, Unprotected (painted>4feet) Medium	Dry	Daylight	Clear	Angle (Front - to - Side) Right Angle (Includes Broadside)	No	Stop Signs	3	1	Pain Reported	2	41.81955	-71.4656	FALSE	FALSE	Hartford Ave and King Philip Street, Providence, RI, USA	FALSE	-71.4656029	41.8195761	intersection	geometric_center	hartford ave & king philip st, providence, ri 02909, usa	NA	NA	NA	NA	41.8195761	-71.4656029	Med High	2.915382598	Raw	NA	NA	NA	NA	FALSE	41.81955	-71.4656	2014	June
2551	2014-06-20	238261	13:02:00	Pedestrian	1	NA	FALSE	FALSE	1	Broad st	SERVICE ROAD 7	2014-06-20	Two-Way , Not Divided	Dry	Daylight	Clear	Other	Yes	Traffic Control Signal	2	0	No Injury	2	41.81735	-71.41698	FALSE	FALSE	Broad Street and Service Road 7, Providence, RI, USA	FALSE	-71.4200451	41.8199608	route	geometric_center	service rd 1, providence, ri, usa	Broad Street & Service Road 7th, Providence, RI, USA	EjRCcm9hZCBTdHJlZXQgJiBTZXJ2aWNlIFJvYWQgN3RoLCBQcm92aWRlbmNlLCBSSSwgVVNBImYiZAoUChIJbbRukG1F5IkRg0XEjUgVvRgSFAoSCW20bpBtReSJEYNFxI1IFb0YGhQKEgmD3n3VjE_kiREsosqTmEsIoxoUChIJB3h0QnZF5IkRyxFdBkwhBUwiCg0k0-wYFUejbtU	41.8173732	-71.4169529	41.8173732	-71.4169529	Med	3.424148071	Raw	NA	NA	NA	NA	FALSE	41.81735	-71.41698	2014	June
2552	2014-06-20	238297	18:43:00	Pedestrian	1	NA	FALSE	FALSE	1	ELMWOOD AVE	CONGRESS AVE	2014-06-20	Two-Way , Not Divided	Dry	Daylight	Clear	Not a Collision Between Two Motor Vehicles in Transport	No	Stop Signs	3	1	Pain Reported	NA	41.79849	-71.42627	FALSE	FALSE	Elmwood Ave and Congress Ave, Providence, RI, USA	FALSE	-71.4263157	41.7984872	intersection	geometric_center	congress ave & elmwood ave, providence, ri 02907, usa	NA	NA	NA	NA	41.7984872	-71.4263157	Med High	3.805336954	Raw	NA	NA	NA	NA	FALSE	41.79849	-71.42627	2014	June
2553	2014-06-20	238617	07:48:00	Bicycle	1	NA	FALSE	FALSE	1	94 Colfax st	BURNSIDE ST	2014-06-23	Two-Way , Not Divided	Dry	Daylight	Clear	Not a Collision Between Two Motor Vehicles in Transport	No	No Controls	7	1	Incapacitating	NA	41.79978	-71.41095	TRUE	FALSE	94 Colfax Street, Providence, RI, USA	FALSE	-71.4109928	41.7996468	street_address	rooftop	94 colfax st, providence, ri 02905, usa	NA	NA	NA	NA	41.7996468	-71.4109928	High	15.24722131	Raw	NA	NA	NA	NA	FALSE	41.79978	-71.41095	2014	June
2550	2014-06-21	238379	16:34:00	Pedestrian	1	NA	FALSE	FALSE	1	936 ATWELLS AVE	NA	2014-06-21	Unknown	Dry	Daylight	Clear	Not a Collision Between Two Motor Vehicles in Transport	No	No Controls	3	1	Pain Reported	NA	41.82506	-71.44853	TRUE	TRUE	936 Atwells Ave, Providence, RI, USA	FALSE	-71.4483972	41.8249766	street_address	rooftop	936 atwells ave, providence, ri 02909, usa	NA	NA	NA	NA	41.8249766	-71.4483972	High	14.40663073	Raw	NA	NA	NA	NA	FALSE	41.82506	-71.44853	2014	June