row_number	crash_date	crash_report_id	crash_time	collision_type	count_pedestrian	count_bicycle	scooter	wheel_chair	number_of_vehicles	street_or_highway	nearest_intersection	report_date	type_of_roadway	road_surface_condition	light_condition	weather_condition	manner_of_impact	hit_and_run	traffic_control	person_count	injury_count	most_serious_injury	number_of_lanes	lat_raw	lon_raw	has_st_number	is_intersection_null	address_sent_to_geocoder	is_address_blank	lon_api_first_try	lat_api_first_try	type	loctype	address_returned_by_geocoder	address_returned_by_autocomplete	place_ids_autocompleted	lat_api_second_try	lon_api_second_try	lat_api_best	lon_api_best	api_coord_conf	distance_btwn_coords_meters	best_coordinate_set	reason_for_qa	correct_coordinates	corrected_lat	corrected_lon	manually_qaed_record	final_lat	final_lon	year	month
2549	2014-06-23	238659	10:00:00	Bicycle	NA	1	FALSE	FALSE	1	FRIENDSHIP ST	DORRANCE ST	2014-06-23	Two-Way , Not Divided	Dry	Daylight	Clear	Not a Collision Between Two Motor Vehicles in Transport	No	No Controls	2	1	Pain Reported	NA	41.82196	-71.4095	FALSE	FALSE	Friendship Street and Dorrance Street, Providence, RI, USA	FALSE	-71.4094402	41.8220269	intersection	geometric_center	friendship st & dorrance st, providence, ri 02903, usa	NA	NA	NA	NA	41.8220269	-71.4094402	Med High	8.948296966	Raw	NA	NA	NA	NA	FALSE	41.82196	-71.4095	2014	June
2547	2014-06-24	238930	17:52:00	Pedestrian	1	NA	FALSE	FALSE	1	939 Manton Ave	FRUIT HILL AVE	2014-06-24	Two-Way , Not Divided	Dry	Daylight	Clear	Not a Collision Between Two Motor Vehicles in Transport	No	No Controls	2	1	Fatal	2	41.83383	-71.46805	TRUE	FALSE	939 Manton Ave, Providence, RI, USA	FALSE	-71.4685253	41.8337411	street_address	range_interpolated	939 manton ave, providence, ri 02909, usa	NA	NA	NA	NA	41.8337411	-71.4685253	High	40.64561702	Raw	NA	NA	NA	NA	FALSE	41.83383	-71.46805	2014	June
2548	2014-06-24	239019	14:21:00	Bicycle	NA	1	FALSE	FALSE	1	REDWING ST	BUCKLIN ST	2014-06-25	One-Way Trafficway	Dry	Daylight	Clear	Not a Collision Between Two Motor Vehicles in Transport	No	No Controls	2	1	Pain Reported	NA	41.79927	-71.4273	FALSE	FALSE	Redwing Street and Bucklin Street, Providence, RI, USA	FALSE	-71.4277346	41.7992422	intersection	geometric_center	bucklin st & redwing st, providence, ri 02907, usa	NA	NA	NA	NA	41.7992422	-71.4277346	Med High	36.19866529	Raw	NA	NA	NA	NA	FALSE	41.79927	-71.4273	2014	June
2546	2014-06-25	239150	09:00:00	Bicycle	NA	1	FALSE	FALSE	1	ADMIRAL ST	HAWKINS ST	2014-06-26	Two-Way , Not Divided	Dry	Daylight	Clear	Not a Collision Between Two Motor Vehicles in Transport	No	No Controls	3	1	Pain Reported	NA	41.84592	-71.42839	FALSE	FALSE	Admiral Street and Hawkins Street, Providence, RI, USA	FALSE	-71.4283351	41.8459297	intersection	geometric_center	admiral st & hawkins st, providence, ri 02908, usa	NA	NA	NA	NA	41.8459297	-71.4283351	Med High	4.678966543	Raw	NA	NA	NA	NA	FALSE	41.84592	-71.42839	2014	June
2544	2014-06-28	239514	20:35:00	Pedestrian	1	NA	FALSE	FALSE	1	WESTMINSTER ST	CRANSTON ST	2014-06-28	Two-Way, Divided, Positive Median Barrier	Dry	Dusk	Clear	Unknown	Yes	No Controls	1	1	Pain Reported	NA	41.81792	-71.42082	FALSE	FALSE	Westminster Street and Cranston Street, Providence, RI, USA	FALSE	-71.4223096	41.817219	intersection	geometric_center	cranston st & westminster st, providence, ri 02903, usa	NA	NA	NA	NA	41.817219	-71.4223096	Med High	146.1573849	Raw	distance greater than 100m	NA	NA	NA	TRUE	41.81792	-71.42082	2014	June
2545	2014-06-28	239521	21:15:00	Bicycle	NA	1	FALSE	FALSE	2	PARADE ST	OAK ST	2014-06-28	Two-Way, Divided, Unprotected (painted>4feet) Medium	Dry	Dark - Lighted	Clear	Unknown	Yes	No Controls	7	1	Pain Reported	NA	41.81537	-71.43277	FALSE	FALSE	Parade Street and Oak Street, Providence, RI, USA	FALSE	-71.4328363	41.8154436	intersection	geometric_center	parade st & oak st, providence, ri 02909, usa	NA	NA	NA	NA	41.8154436	-71.4328363	Med High	9.868346825	Raw	NA	NA	NA	NA	FALSE	41.81537	-71.43277	2014	June
2543	2014-06-29	239555	01:47:00	Pedestrian	1	NA	FALSE	FALSE	1	ATWELLS AVE	WEEDEN ST	2014-06-29	Two-Way, Divided, Unprotected (painted>4feet) Medium	Dry	Dark - Lighted	Clear	Not a Collision Between Two Motor Vehicles in Transport	Yes	Traffic Control Signal	4	1	Pain Reported	NA	41.8234	-71.42431	FALSE	FALSE	Atwells Ave and Weeden Street, Providence, RI, USA	FALSE	-71.424769	41.8234469	intersection	geometric_center	weeden st & atwells ave, providence, ri 02903, usa	NA	NA	NA	NA	41.8234469	-71.424769	Med High	38.43291613	Raw	NA	NA	NA	NA	FALSE	41.8234	-71.42431	2014	June
2541	2014-06-30	239729	00:03:00	Pedestrian	1	NA	FALSE	FALSE	1	HARRIS AVE	SIMS AVE	2014-06-30	Two-Way , Not Divided	Dry	Dark - Lighted	Clear	Not a Collision Between Two Motor Vehicles in Transport	No	No Controls	3	2	Non-Incapacitating	NA	41.82519	-71.43257	FALSE	FALSE	Harris Ave and Sims Ave, Providence, RI, USA	FALSE	-71.4330946	41.8250598	intersection	geometric_center	sims ave & harris ave, providence, ri 02909, usa	NA	NA	NA	NA	41.8250598	-71.4330946	Med High	45.86756108	Raw	NA	NA	NA	NA	FALSE	41.82519	-71.43257	2014	June
2542	2014-06-30	240022	23:52:00	Pedestrian	1	NA	FALSE	FALSE	1	WESTMINSTER ST	BARTON ST	2014-07-01	Two-Way, Divided, Unprotected (painted>4feet) Medium	Dry	Dark - Lighted	Clear	Not a Collision Between Two Motor Vehicles in Transport	Yes	No Controls	1	1	Non-Incapacitating	NA	41.81592	-71.43653	FALSE	FALSE	Westminster Street and Barton Street, Providence, RI, USA	FALSE	-71.4365339	41.8159344	intersection	geometric_center	barton st & westminster st, providence, ri 02909, usa	NA	NA	NA	NA	41.8159344	-71.4365339	Med High	1.635330376	Raw	NA	NA	NA	NA	FALSE	41.81592	-71.43653	2014	June
2540	2014-07-01	240180	10:30:00	Pedestrian	1	NA	FALSE	FALSE	1	541 Smith St	Fredeick St	2014-07-02	Two-Way , Not Divided	Dry	Daylight	Clear	Not a Collision Between Two Motor Vehicles in Transport	No	No Controls	4	1	Pain Reported	NA	41.83613	-71.42872	TRUE	FALSE	541 Smith Street, Providence, RI, USA	FALSE	-71.4292587	41.8371192	premise	rooftop	541 smith st, providence, ri 02908, usa	NA	NA	NA	NA	41.8371192	-71.4292587	High	118.8361056	Raw	distance greater than 100m	NA	NA	NA	TRUE	41.83613	-71.42872	2014	July
2538	2014-07-02	240185	11:51:00	Pedestrian	1	NA	FALSE	FALSE	1	Public Street	BROAD ST	2014-07-02	Two-Way , Not Divided	Dry	Daylight	Clear	Not a Collision Between Two Motor Vehicles in Transport	No	Traffic Control Signal	2	1	Pain Reported	NA	41.80441	-71.41937	FALSE	FALSE	Public Street and Broad Street, Providence, RI, USA	FALSE	-71.4193596	41.804449	intersection	geometric_center	public st & broad st, providence, ri 02907, usa	NA	NA	NA	NA	41.804449	-71.4193596	Med High	4.426402177	Raw	NA	NA	NA	NA	FALSE	41.80441	-71.41937	2014	July
2539	2014-07-02	240363	18:35:00	Pedestrian	1	NA	FALSE	FALSE	1	319 Lowell Ave	NYE ST	2014-07-02	Two-Way , Not Divided	Dry	Daylight	Clear	Not a Collision Between Two Motor Vehicles in Transport	No	No Controls	4	1	Pain Reported	2	41.81858	-71.46092	TRUE	FALSE	319 Lowell Ave, Providence, RI, USA	FALSE	-71.4606481	41.818535	street_address	rooftop	319 lowell ave, providence, ri 02909, usa	NA	NA	NA	NA	41.818535	-71.4606481	High	23.10688992	Raw	NA	NA	NA	NA	FALSE	41.81858	-71.46092	2014	July
2537	2014-07-03	240508	14:43:00	Bicycle	NA	1	FALSE	FALSE	1	1055 WESTMINSTER ST	HOOD ST	2014-07-03	Two-Way , Not Divided	Dry	Daylight	Clear	Not a Collision Between Two Motor Vehicles in Transport	No	No Controls	3	1	Pain Reported	NA	41.81715	-71.42596	TRUE	FALSE	1055 Westminster Street, Providence, RI, USA	FALSE	-71.4259811	41.817341	premise	rooftop	1055 westminster st, providence, ri 02903, usa	NA	NA	NA	NA	41.817341	-71.4259811	High	21.33396303	Raw	NA	NA	NA	NA	FALSE	41.81715	-71.42596	2014	July
2535	2014-07-06	240832	00:42:00	Bicycle	NA	1	FALSE	FALSE	1	108 Vinton St.	GROVE ST	2014-07-06	One-Way Trafficway	Dry	Dark - Lighted	Clear	Not a Collision Between Two Motor Vehicles in Transport	No	No Controls	4	1	Pain Reported	NA	41.82113	-71.42879	TRUE	FALSE	108 Vinton St., Providence, RI, USA	FALSE	-71.4285551	41.8211147	premise	rooftop	108 vinton st, providence, ri 02909, usa	NA	NA	NA	NA	41.8211147	-71.4285551	High	19.56127563	Raw	NA	NA	NA	NA	FALSE	41.82113	-71.42879	2014	July
2536	2014-07-06	240882	02:03:00	Pedestrian	1	NA	FALSE	FALSE	1	Fountain St	Clemence St	2014-07-06	One-Way Trafficway	Dry	Dark - Lighted	Clear	Not a Collision Between Two Motor Vehicles in Transport	Yes	No Controls	5	1	Incapacitating	NA	41.82406	-71.41535	FALSE	FALSE	Fountain Street and Clemence Street, Providence, RI, USA	FALSE	-71.4153357	41.8240637	intersection	geometric_center	fountain st & clemence st, providence, ri 02903, usa	NA	NA	NA	NA	41.8240637	-71.4153357	Med High	1.255725279	Raw	NA	NA	NA	NA	FALSE	41.82406	-71.41535	2014	July
2534	2014-07-07	241528	10:05:00	Bicycle	NA	1	FALSE	FALSE	1	CHARLES ST	BRANCH AVE	2014-07-10	Two-Way , Not Divided	Dry	Daylight	Clear	Angle (Front - to - Side) Same Direction	Yes	Traffic Control Signal	1	0	No Injury	NA	41.85026	-71.41998	FALSE	FALSE	Charles Street and Branch Ave, Providence, RI, USA	FALSE	-71.4128343	41.8239891	locality	approximate	providence, ri, usa	Charles Street & Branch Ave, Providence, RI, USA	EjBDaGFybGVzIFN0cmVldCAmIEJyYW5jaCBBdmUsIFByb3ZpZGVuY2UsIFJJLCBVU0EiZiJkChQKEgmX1pBx8ETkiRFt3W_DezHjNhIUChIJl9aQcfBE5IkRbd1vw3sx4zYaFAoSCXULzmzxROSJEctkyy41Vf0yGhQKEgnptPOF-UTkiRG6fR7eUkO2qCIKDYfZ8RgVmixu1Q	41.8503047	-71.419991	41.8503047	-71.419991	Med	5.058890141	Raw	NA	NA	NA	NA	FALSE	41.85026	-71.41998	2014	July
2533	2014-07-08	241405	23:13:00	Bicycle	NA	1	FALSE	FALSE	1	BROAD ST	STANWOOD ST	2014-07-09	Two-Way , Not Divided	Dry	Dark - Lighted	Clear	Not a Collision Between Two Motor Vehicles in Transport	No	No Controls	2	1	Pain Reported	NA	41.80382	-71.41917	FALSE	FALSE	Broad Street and Stanwood Street, Providence, RI, USA	FALSE	-71.4224823	41.8025269	route	geometric_center	stanwood st, providence, ri 02907, usa	Broad Street & Stanwood Street, Providence, RI, USA	EjNCcm9hZCBTdHJlZXQgJiBTdGFud29vZCBTdHJlZXQsIFByb3ZpZGVuY2UsIFJJLCBVU0EiZiJkChQKEgl7bh0kfUXkiRHmUNEw7jz-axIUChIJe24dJH1F5IkR5lDRMO48_msaFAoSCYPefdWMT-SJESyiypOYSwijGhQKEgljUmPtfUXkiRE3RrR4ALggmiIKDUC86hgVl05u1Q	41.80368	-71.4191209	41.80368	-71.4191209	Med	16.10851629	Raw	NA	NA	NA	NA	FALSE	41.80382	-71.41917	2014	July
2532	2014-07-09	241527	21:42:00	Bicycle	NA	1	FALSE	FALSE	1	N MAIN ST	OLNEY ST	2014-07-10	One-Way Trafficway	Dry	Dark - Lighted	Clear	Angle (Front - to - Side) Right Angle (Includes Broadside)	No	Stop Signs	2	1	Pain Reported	NA	41.83639	-71.40965	FALSE	FALSE	N Main Street and Olney Street, Providence, RI, USA	FALSE	-71.4030852	41.8356978	route	geometric_center	olney st, providence, ri, usa	North Main Street & Olney Street, Providence, RI, USA	EjVOb3J0aCBNYWluIFN0cmVldCAmIE9sbmV5IFN0cmVldCwgUHJvdmlkZW5jZSwgUkksIFVTQSJmImQKFAoSCecyguceReSJEZoaCA_vhqGHEhQKEgnnMoLnHkXkiRGaGggP74ahhxoUChIJ-fpBPd5E5IkRX9etvg1cIz8aFAoSCQX4NfkgReSJEcWuz-GfMl1QIgoNEYfvGBVWum_V	41.8350865	-71.409809	41.8350865	-71.409809	Med	145.7029726	Raw	distance greater than 100m	NA	NA	NA	TRUE	41.83639	-71.40965	2014	July
2531	2014-07-10	241700	19:02:00	Pedestrian	1	NA	FALSE	FALSE	1	Morning Star Row	PINE ST	2014-07-11	Two-Way , Not Divided	Dry	Daylight	Clear	Other	No	No Controls	6	1	Incapacitating	2	41.81158	-71.42005	FALSE	FALSE	Morning Star Row and Pine Street, Providence, RI, USA	FALSE	-71.3928774	41.8805987	route	geometric_center	pine st, rhode island, usa	Morning Star Row & Pine Street, Providence, RI, USA	EjNNb3JuaW5nIFN0YXIgUm93ICYgUGluZSBTdHJlZXQsIFByb3ZpZGVuY2UsIFJJLCBVU0EiZiJkChQKEgljNAF6cEXkiRGW9V-M-JbGFxIUChIJYzQBenBF5IkRlvVfjPiWxhcaFAoSCeuMmnZwReSJETo9KRpMvvkjGhQKEgk5kwlTbEXkiRGgKSzwb-_CPCIKDeT16xgVWCBu1Q	41.8117092	-71.4203048	41.8117092	-71.4203048	Med	25.56945899	Raw	NA	NA	NA	NA	FALSE	41.81158	-71.42005	2014	July
2530	2014-07-12	241995	11:47:00	Bicycle	NA	1	FALSE	FALSE	1	CRANSTON STREET	DEXTER STREET	2014-07-12	Two-Way , Not Divided	Dry	Daylight	Clear	Other	No	Traffic Control Signal	2	1	Non-Incapacitating	2	41.83208	-71.41765	FALSE	FALSE	Cranston Street and Dexter Street, Providence, RI, USA	FALSE	-71.429588	41.8126029	intersection	geometric_center	cranston st & dexter st, providence, ri 02907, usa	NA	NA	NA	NA	41.8126029	-71.429588	Med High	2383.649403	Geocoded	distance greater than 100m	NA	NA	NA	TRUE	41.8126029	-71.429588	2014	July
2528	2014-07-14	242258	01:18:00	Pedestrian	1	NA	FALSE	FALSE	1	80 Putnam St	NA	2014-07-14	Two-Way , Not Divided	Dry	Dark - Lighted	Clear	Not a Collision Between Two Motor Vehicles in Transport	No	No Controls	2	1	Pain Reported	NA	41.82271	-71.44404	TRUE	TRUE	80 Putnam Street, Providence, RI, USA	FALSE	-71.4442763	41.822694	street_address	range_interpolated	80 putnam st, providence, ri 02909, usa	NA	NA	NA	NA	41.822694	-71.4442763	High	19.6833956	Raw	NA	NA	NA	NA	FALSE	41.82271	-71.44404	2014	July
2529	2014-07-14	242371	18:15:00	Pedestrian	1	NA	FALSE	FALSE	1	Dean St	BROADWAY	2014-07-14	Two-Way , Not Divided	Wet	Daylight	Cloudy	Not a Collision Between Two Motor Vehicles in Transport	No	Traffic Control Signal	3	1	Pain Reported	2	41.82142	-71.42254	FALSE	FALSE	Dean Street and Broadway, Providence, RI, USA	FALSE	-71.422531	41.821414	intersection	geometric_center	dean st & broadway, providence, ri 02903, usa	NA	NA	NA	NA	41.821414	-71.422531	Med High	1.001778947	Raw	NA	NA	NA	NA	FALSE	41.82142	-71.42254	2014	July
2527	2014-07-15	242604	17:11:00	Pedestrian	1	NA	FALSE	FALSE	1	ATWELLS AVE	CUTLER ST	2014-07-15	Two-Way , Not Divided	Dry	Daylight	Clear	Not a Collision Between Two Motor Vehicles in Transport	Yes	No Controls	3	1	Pain Reported	2	41.82468	-71.44157	FALSE	FALSE	Atwells Ave and Cutler Street, Providence, RI, USA	FALSE	-71.4415532	41.8246953	intersection	geometric_center	cutler st & atwells ave, providence, ri 02908, usa	NA	NA	NA	NA	41.8246953	-71.4415532	Med High	2.20069268	Raw	NA	NA	NA	NA	FALSE	41.82468	-71.44157	2014	July
2526	2014-07-16	242666	15:09:00	Pedestrian	1	NA	FALSE	FALSE	1	1050 CHALKSTONE AVE	NA	2014-07-16	Two-Way , Not Divided	Wet	Daylight	Clear	Not a Collision Between Two Motor Vehicles in Transport	No	No Controls	4	1	Pain Reported	2	41.83231	-71.4427	TRUE	TRUE	1050 Chalkstone Ave, Providence, RI, USA	FALSE	-71.442684	41.8321779	premise	rooftop	1050 chalkstone ave, providence, ri 02908, usa	NA	NA	NA	NA	41.8321779	-71.442684	High	14.76506697	Raw	NA	NA	NA	NA	FALSE	41.83231	-71.4427	2014	July
2525	2014-07-18	243339	23:01:00	Pedestrian	1	NA	FALSE	FALSE	1	159 Bridgham St	Westminster St	2014-07-18	Two-Way , Not Divided	Dry	Dark - Lighted	Clear	Unknown	Yes	No Controls	2	1	Pain Reported	2	41.81594	-71.42794	TRUE	FALSE	159 Bridgham Street, Providence, RI, USA	FALSE	-71.4278447	41.8163047	premise	rooftop	159 bridgham st, providence, ri 02907, usa	NA	NA	NA	NA	41.8163047	-71.4278447	High	41.36096326	Raw	NA	NA	NA	NA	FALSE	41.81594	-71.42794	2014	July
2522	2014-07-21	243719	21:20:00	Bicycle	NA	1	FALSE	FALSE	1	Westminster St	EXCHANGE ST	2014-07-22	One-Way Trafficway	Dry	Dark - Lighted	Clear	Other	No	No Controls	3	1	Pain Reported	1	41.82491	-71.40997	FALSE	FALSE	Westminster Street and Exchange Street, Providence, RI, USA	FALSE	-71.4098909	41.8248745	intersection	geometric_center	exchange st & westminster st, providence, ri 02903, usa	NA	NA	NA	NA	41.8248745	-71.4098909	Med High	7.659778808	Raw	NA	NA	NA	NA	FALSE	41.82491	-71.40997	2014	July
2523	2014-07-21	243746	11:30:00	Bicycle	NA	1	FALSE	FALSE	1	WESTMINSTER ST	SERVICE ROAD 7	2014-07-22	Two-Way , Not Divided	Dry	Daylight	Clear	Other	No	Traffic Control Signal	2	1	Pain Reported	NA	41.81881	-71.41883	FALSE	FALSE	Westminster Street and Service Road 7, Providence, RI, USA	FALSE	-71.4188188	41.8188132	intersection	geometric_center	service rd 1 & westminster st, providence, ri 02903, usa	NA	NA	NA	NA	41.8188132	-71.4188188	Med High	0.995114072	Raw	NA	NA	NA	NA	FALSE	41.81881	-71.41883	2014	July
2524	2014-07-21	243785	14:04:00	Pedestrian	1	NA	FALSE	FALSE	1	BRANCH AVE	BURLEIGH ST	2014-07-22	Two-Way , Not Divided	Dry	Daylight	Clear	Angle (Front - to - Side) Right Angle (Includes Broadside)	No	No Controls	5	1	Pain Reported	NA	41.85462	-71.43364	FALSE	FALSE	Branch Ave and Burleigh Street, Providence, RI, USA	FALSE	-71.4335813	41.8546299	intersection	geometric_center	burleigh st & branch ave, providence, ri 02904, usa	NA	NA	NA	NA	41.8546299	-71.4335813	Med High	4.990334633	Raw	NA	NA	NA	NA	FALSE	41.85462	-71.43364	2014	July
2520	2014-07-25	244187	10:33:00	Pedestrian	1	NA	FALSE	FALSE	1	70 KENNEDY PLZ	NA	2014-07-25	One-Way Trafficway	Dry	Daylight	Clear	Not a Collision Between Two Motor Vehicles in Transport	Yes	No Controls	1	1	Pain Reported	NA	41.8245	-71.41188	TRUE	TRUE	70 Kennedy Plz, Providence, RI, USA	FALSE	-71.411635	41.8243973	street_address	rooftop	70 kennedy plaza, providence, ri 02903, usa	NA	NA	NA	NA	41.8243973	-71.411635	High	23.31865588	Raw	NA	NA	NA	NA	FALSE	41.8245	-71.41188	2014	July
2521	2014-07-25	250019	11:18:00	Bicycle	NA	1	FALSE	FALSE	1	N MAIN ST	MATHILDA STREET	2014-08-28	Two-Way , Not Divided	Dry	Daylight	Clear	Not a Collision Between Two Motor Vehicles in Transport	No	No Controls	2	1	Pain Reported	NA	41.85399	-71.40076	FALSE	FALSE	N Main Street and Mathilda Street, Providence, RI, USA	FALSE	-71.4016478	41.854289	route	geometric_center	matilda st, providence, ri 02904, usa	NA	NA	NA	NA	41.854289	-71.4016478	Med	80.78792973	Raw	NA	NA	NA	NA	FALSE	41.85399	-71.40076	2014	July
2519	2014-07-27	244545	14:24:00	Pedestrian	1	NA	FALSE	FALSE	1	148 DOVER STREET	NA	2014-07-27	Two-Way , Not Divided	Dry	Daylight	Clear	Other	No	No Controls	4	1	Non-Incapacitating	2	41.83691	-71.41438	TRUE	TRUE	148 Dover Street, Providence, RI, USA	FALSE	-71.45056	41.8293753	premise	rooftop	148 dover st, providence, ri 02908, usa	NA	NA	NA	NA	41.8293753	-71.45056	High	3115.894725	Geocoded	distance greater than 100m	NA	NA	NA	TRUE	41.8293753	-71.45056	2014	July
2518	2014-07-28	244818	12:21:00	Bicycle	NA	NA	FALSE	FALSE	2	BROAD ST	POTTERS AVE	2014-07-29	Two-Way , Not Divided	Dry	Daylight	Clear	Head-On (Front - to - Front)	No	Traffic Control Signal	3	1	Pain Reported	2	41.7977	-71.41426	FALSE	FALSE	Broad Street and Potters Ave, Providence, RI, USA	FALSE	-71.4218273	41.8021016	route	geometric_center	potters ave, providence, ri, usa	Broad Street & Potters Ave, Providence, RI, USA	Ei9Ccm9hZCBTdHJlZXQgJiBQb3R0ZXJzIEF2ZSwgUHJvdmlkZW5jZSwgUkksIFVTQSJmImQKFAoSCauAkzl9ReSJEY3tO4gYhWQKEhQKEgmrgJM5fUXkiRGN7TuIGIVkChoUChIJg9591YxP5IkRLKLKk5hLCKMaFAoSCaWCY799ReSJERKc-8AFuCoEIgoNaqHqGBXTVm7V	41.802993	-71.4189101	41.802993	-71.4189101	Med	704.3331564	Geocoded	distance greater than 100m	NA	NA	NA	TRUE	41.802993	-71.4189101	2014	July
2517	2014-07-30	245268	23:39:00	Bicycle	NA	1	FALSE	FALSE	1	BROADWAY	TOBEY ST	2014-07-31	Two-Way , Not Divided	Dry	Dark - Lighted	Clear	Not a Collision Between Two Motor Vehicles in Transport	Yes	Traffic Control Signal	3	1	Pain Reported	2	41.81848	-71.43503	FALSE	FALSE	Broadway and Tobey Street, Providence, RI, USA	FALSE	-71.4350823	41.8184808	route	geometric_center	tobey st, providence, ri 02909, usa	Broadway & Tobey Street, Providence, RI, USA	EixCcm9hZHdheSAmIFRvYmV5IFN0cmVldCwgUHJvdmlkZW5jZSwgUkksIFVTQSJmImQKFAoSCRfuNQOcReSJERM-cKucrPmwEhQKEgkX7jUDnEXkiRETPnCrnKz5sBoUChIJpbXlhnVF5IkRGsIzsdekb7MaFAoSCaeDYAScReSJEdnG3TCTK2fVIgoNaP7sGBUZ32vV	41.8184808	-71.4350823	41.8184808	-71.4350823	Med	4.339830208	Raw	NA	NA	NA	NA	FALSE	41.81848	-71.43503	2014	July
2516	2014-08-01	245642	20:49:00	Pedestrian	1	NA	FALSE	FALSE	1	Douglas Ave	Candace St	2014-08-02	Two-Way , Not Divided	Dry	Dark - Lighted	Clear	Not a Collision Between Two Motor Vehicles in Transport	Yes	No Controls	1	1	Pain Reported	NA	41.83755	-71.42317	FALSE	FALSE	Douglas Ave and Candace Street, Providence, RI, USA	FALSE	-71.42315	41.8375393	intersection	geometric_center	candace st & douglas ave, providence, ri 02908, usa	NA	NA	NA	NA	41.8375393	-71.42315	Med High	2.042108317	Raw	NA	NA	NA	NA	FALSE	41.83755	-71.42317	2014	August
2514	2014-08-03	245740	15:24:00	Pedestrian	1	NA	FALSE	FALSE	1	SAWYER ST	STAMFORD AVE	2014-08-03	Two-Way, Divided, Unprotected (painted>4feet) Medium	Dry	Daylight	Clear	Not a Collision Between Two Motor Vehicles in Transport	No	No Controls	3	1	Pain Reported	2	41.77852	-71.41973	FALSE	FALSE	Sawyer Street and Stamford Ave, Providence, RI, USA	FALSE	-71.4192334	41.7784506	intersection	geometric_center	sawyer st & stamford ave, providence, ri 02907, usa	NA	NA	NA	NA	41.7784506	-71.4192334	Med High	41.94233101	Raw	NA	NA	NA	NA	FALSE	41.77852	-71.41973	2014	August
2515	2014-08-03	245748	15:36:00	Pedestrian	1	NA	FALSE	FALSE	1	PUTNAM ST	HALE ST	2014-08-03	Two-Way , Not Divided	Dry	Daylight	Clear	Rear - to - Side	Yes	No Controls	1	1	Pain Reported	NA	41.82437	-71.4438	FALSE	FALSE	Putnam Street and Hale Street, Providence, RI, USA	FALSE	-71.443871	41.823948	intersection	geometric_center	hale st & putnam st, providence, ri 02909, usa	NA	NA	NA	NA	41.823948	-71.443871	Med High	47.34460542	Raw	NA	NA	NA	NA	FALSE	41.82437	-71.4438	2014	August
2513	2014-08-04	246104	11:35:00	Bicycle	NA	1	FALSE	FALSE	1	1955 WESTMINISTER STREET	NA	2014-08-04	Two-Way , Not Divided	Dry	Daylight	Clear	Unknown	No	No Controls	3	1	Pain Reported	2	41.82955	-71.41802	TRUE	TRUE	1955 Westminister Street, Providence, RI, USA	FALSE	-71.4427841	41.8170578	premise	rooftop	1955 westminster st, providence, ri 02909, usa	NA	NA	NA	NA	41.8170578	-71.4427841	High	2480.744912	Geocoded	distance greater than 100m	NA	NA	NA	TRUE	41.8170578	-71.4427841	2014	August
2512	2014-08-05	246030	04:52:00	Bicycle	NA	1	FALSE	FALSE	1	Benefit Street	N MAIN ST	2014-08-05	One-Way Trafficway	Dry	Dawn	Clear	Not a Collision Between Two Motor Vehicles in Transport	No	Other	2	1	Pain Reported	NA	41.83471	-71.40983	FALSE	FALSE	Benefit Street and N Main Street, Providence, RI, USA	FALSE	-71.3702575	41.8264716	establishment	rooftop	105 wilmarth ave, east providence, ri 02914, usa	NA	NA	NA	NA	41.8264716	-71.3702575	Med	3408.105564	Raw	distance greater than 100m	NA	NA	NA	TRUE	41.83471	-71.40983	2014	August
2507	2014-08-06	246549	15:43:00	Pedestrian	1	NA	FALSE	FALSE	1	160 Ledge St	HAMPTON ST	2014-08-06	Two-Way , Not Divided	Dry	Daylight	Clear	Not a Collision Between Two Motor Vehicles in Transport	Yes	No Controls	1	1	Pain Reported	2	41.85353	-71.41449	TRUE	FALSE	160 Ledge Street, Providence, RI, USA	FALSE	-71.4148385	41.8537307	premise	rooftop	160 ledge st, providence, ri 02904, usa	NA	NA	NA	NA	41.8537307	-71.4148385	High	36.52614642	Raw	NA	NA	NA	NA	FALSE	41.85353	-71.41449	2014	August
2508	2014-08-06	246576	18:34:00	Pedestrian	1	NA	FALSE	FALSE	1	LLOYD AVE	HOPE ST	2014-08-06	Two-Way , Not Divided	Dry	Daylight	Clear	Not a Collision Between Two Motor Vehicles in Transport	No	Pavement Markings	4	0	No Injury	2	41.83155	-71.39975	FALSE	FALSE	Lloyd Ave and Hope Street, Providence, RI, USA	FALSE	-71.3997648	41.8315633	intersection	geometric_center	hope st & lloyd ave, providence, ri 02906, usa	NA	NA	NA	NA	41.8315633	-71.3997648	Med High	1.923277966	Raw	NA	NA	NA	NA	FALSE	41.83155	-71.39975	2014	August
2509	2014-08-06	246597	18:39:00	Pedestrian	1	NA	FALSE	FALSE	1	Memorial Blvd	EXCHANGE ST	2014-08-06	Two-Way, Divided, Positive Median Barrier	Dry	Daylight	Clear	Not a Collision Between Two Motor Vehicles in Transport	No	Traffic Control Signal	2	1	Pain Reported	4	41.8269	-71.41213	FALSE	FALSE	Memorial Blvd and Exchange Street, Providence, RI, USA	FALSE	-71.4121426	41.8269244	intersection	geometric_center	memorial blvd & exchange st, providence, ri 02903, usa	NA	NA	NA	NA	41.8269244	-71.4121426	Med High	2.9103486	Raw	NA	NA	NA	NA	FALSE	41.8269	-71.41213	2014	August
2510	2014-08-06	246634	18:11:00	Bicycle	NA	1	FALSE	FALSE	1	BRANCH AVE	DRYDEN LN	2014-08-07	Two-Way , Not Divided	Dry	Daylight	Clear	Sidwswipe, Opposite Direction	No	No Controls	3	0	Unknown	NA	41.84257	-71.40832	FALSE	FALSE	Branch Ave and Dryden Ln, Providence, RI, USA	FALSE	-71.4084611	41.8429742	intersection	geometric_center	branch ave & dryden ln, providence, ri 02904, usa	NA	NA	NA	NA	41.8429742	-71.4084611	Med High	46.49199635	Raw	NA	NA	NA	NA	FALSE	41.84257	-71.40832	2014	August