row_number	crash_date	crash_report_id	crash_time	collision_type	count_pedestrian	count_bicycle	scooter	wheel_chair	number_of_vehicles	street_or_highway	nearest_intersection	report_date	type_of_roadway	road_surface_condition	light_condition	weather_condition	manner_of_impact	hit_and_run	traffic_control	person_count	injury_count	most_serious_injury	number_of_lanes	lat_raw	lon_raw	has_st_number	is_intersection_null	address_sent_to_geocoder	is_address_blank	lon_api_first_try	lat_api_first_try	type	loctype	address_returned_by_geocoder	address_returned_by_autocomplete	place_ids_autocompleted	lat_api_second_try	lon_api_second_try	lat_api_best	lon_api_best	api_coord_conf	distance_btwn_coords_meters	best_coordinate_set	reason_for_qa	correct_coordinates	corrected_lat	corrected_lon	manually_qaed_record	final_lat	final_lon	year	month
2511	2014-08-06	248384	12:35:00	Bicycle	NA	1	FALSE	FALSE	1	S MAIN ST	S MAIN ST	2014-08-13	One-Way Trafficway	Dry	Daylight	Clear	Not a Collision Between Two Motor Vehicles in Transport	No	No Controls	2	1	Non-Incapacitating	NA	41.8237	-71.40636	FALSE	FALSE	S Main Street and S Main Street, Providence, RI, USA	FALSE	-71.5243372	41.7041527	route	geometric_center	main st, rhode island, usa	NA	NA	NA	NA	41.7041527	-71.5243372	Med	16524.59416	Raw	distance greater than 100m	NA	NA	NA	TRUE	41.8237	-71.40636	2014	August
2506	2014-08-07	249311	15:53:00	Bicycle	NA	1	FALSE	FALSE	1	LENOX AVE	NIAGARA ST	2014-08-07	Two-Way , Not Divided	Dry	Daylight	Clear	Not a Collision Between Two Motor Vehicles in Transport	No	No Controls	2	1	Pain Reported	2	41.79726	-71.41813	FALSE	FALSE	Lenox Ave and Niagara Street, Providence, RI, USA	FALSE	-71.4179306	41.7973363	intersection	geometric_center	lenox ave & niagara st, providence, ri 02907, usa	NA	NA	NA	NA	41.7973363	-71.4179306	Med High	18.60060276	Raw	NA	NA	NA	NA	FALSE	41.79726	-71.41813	2014	August
2505	2014-08-09	247963	15:25:00	Pedestrian	1	NA	FALSE	FALSE	1	MEMORIAL BLVD	EXCHANGE TER	2014-08-12	Two-Way , Not Divided	Dry	Daylight	Clear	Not a Collision Between Two Motor Vehicles in Transport	No	Traffic Control Signal	3	1	Pain Reported	NA	41.82665	-71.41063	FALSE	FALSE	Memorial Blvd and Exchange Ter, Providence, RI, USA	FALSE	-71.4107503	41.8267034	intersection	geometric_center	exchange terrace & memorial blvd, providence, ri 02903, usa	NA	NA	NA	NA	41.8267034	-71.4107503	Med High	11.61543153	Raw	NA	NA	NA	NA	FALSE	41.82665	-71.41063	2014	August
2503	2014-08-11	247437	10:08:00	Bicycle	NA	1	FALSE	FALSE	1	GILMORE STREET	LESTER STREET	2014-08-11	Two-Way , Not Divided	Dry	Daylight	Clear	Other	No	Stop Signs	2	0	No Injury	2	41.83886	-71.41697	FALSE	FALSE	Gilmore Street and Lester Street, Providence, RI, USA	FALSE	-71.4272253	41.813146	intersection	geometric_center	gilmore st & lester st, providence, ri 02907, usa	NA	NA	NA	NA	41.813146	-71.4272253	Med High	2986.205472	Geocoded	distance greater than 100m	NA	NA	NA	TRUE	41.813146	-71.4272253	2014	August
2504	2014-08-11	247562	19:42:00	Bicycle	NA	1	FALSE	FALSE	1	BUCKLIN ST	POTTERS AVE	2014-08-11	Two-Way , Not Divided	Dry	Daylight	Clear	Not a Collision Between Two Motor Vehicles in Transport	No	Traffic Control Signal	4	1	Pain Reported	2	41.80175	-71.42765	FALSE	FALSE	Bucklin Street and Potters Ave, Providence, RI, USA	FALSE	-71.4276517	41.8017719	intersection	geometric_center	bucklin st & potters ave, providence, ri 02907, usa	NA	NA	NA	NA	41.8017719	-71.4276517	Med High	2.441975112	Raw	NA	NA	NA	NA	FALSE	41.80175	-71.42765	2014	August
2502	2014-08-14	248835	20:48:00	Bicycle	NA	1	FALSE	FALSE	1	WASHINGTON ST	ABORN ST	2014-08-14	Two-Way , Not Divided	Dry	Dark - Lighted	Clear	Not a Collision Between Two Motor Vehicles in Transport	No	No Controls	3	1	Pain Reported	NA	41.82221	-71.41591	FALSE	FALSE	Washington Street and Aborn Street, Providence, RI, USA	FALSE	-71.4159277	41.8222378	intersection	geometric_center	aborn st & washington st, providence, ri 02903, usa	NA	NA	NA	NA	41.8222378	-71.4159277	Med High	3.425359311	Raw	NA	NA	NA	NA	FALSE	41.82221	-71.41591	2014	August
2501	2014-08-15	248994	06:09:00	Bicycle	NA	1	FALSE	FALSE	1	910 Atwells Ave	COVELL ST	2014-08-15	Two-Way, Divided, Positive Median Barrier	Dry	Daylight	Clear	Head-On (Front - to - Front)	No	No Controls	5	1	Incapacitating	NA	41.82501	-71.44752	TRUE	FALSE	910 Atwells Ave, Providence, RI, USA	FALSE	-71.4475504	41.8248528	premise	rooftop	910 atwells ave, providence, ri 02909, usa	NA	NA	NA	NA	41.8248528	-71.4475504	High	17.68019452	Raw	NA	NA	NA	NA	FALSE	41.82501	-71.44752	2014	August
2500	2014-08-16	249074	16:28:00	Pedestrian	1	NA	FALSE	FALSE	1	MARINO PARK	HARTFORD AVE	2014-08-16	Two-Way , Not Divided	Dry	Daylight	Clear	Not a Collision Between Two Motor Vehicles in Transport	No	No Controls	3	1	Pain Reported	1	41.81724	-71.44963	FALSE	FALSE	Marino Park and Hartford Ave, Providence, RI, USA	FALSE	-71.4587339	41.8185901	route	geometric_center	hartford ave, providence, ri, usa	NA	NA	NA	NA	41.8185901	-71.4587339	Med	770.0930891	Raw	distance greater than 100m	NA	NA	NA	TRUE	41.81724	-71.44963	2014	August
2498	2014-08-18	249267	11:34:00	Pedestrian	1	NA	FALSE	FALSE	1	SOCIAL ST	RUSSO ST	2014-08-18	Two-Way , Not Divided	Dry	Daylight	Clear	Not a Collision Between Two Motor Vehicles in Transport	Yes	No Controls	1	1	Pain Reported	NA	41.85395	-71.42059	FALSE	FALSE	Social Street and Russo Street, Providence, RI, USA	FALSE	-71.4212689	41.853925	intersection	geometric_center	russo st & social st, providence, ri 02904, usa	NA	NA	NA	NA	41.853925	-71.4212689	Med High	56.36050735	Raw	NA	NA	NA	NA	FALSE	41.85395	-71.42059	2014	August
2499	2014-08-18	249282	16:56:00	Bicycle	NA	1	FALSE	FALSE	1	REDWING ST	ELMWOOD AVE	2014-08-18	One-Way Trafficway	Dry	Daylight	Clear	Not a Collision Between Two Motor Vehicles in Transport	No	Stop Signs	3	0	No Injury	NA	41.79938	-71.42656	FALSE	FALSE	Redwing Street and Elmwood Ave, Providence, RI, USA	FALSE	-71.4264846	41.7993881	intersection	geometric_center	redwing st & elmwood ave, providence, ri 02907, usa	NA	NA	NA	NA	41.7993881	-71.4264846	Med High	6.321839756	Raw	NA	NA	NA	NA	FALSE	41.79938	-71.42656	2014	August
2497	2014-08-20	249365	09:24:00	Bicycle	NA	1	FALSE	FALSE	1	BROAD ST	PORTLAND ST	2014-08-20	Two-Way , Not Divided	Dry	Daylight	Clear	Other	No	No Controls	2	2	Pain Reported	NA	41.81415	-71.4213	FALSE	FALSE	Broad Street and Portland Street, Providence, RI, USA	FALSE	-71.419117	41.8129799	route	geometric_center	portland st, providence, ri 02907, usa	Broad Street & Portland Street, Providence, RI, USA	EjNCcm9hZCBTdHJlZXQgJiBQb3J0bGFuZCBTdHJlZXQsIFByb3ZpZGVuY2UsIFJJLCBVU0EiZiJkChQKEgmdnxIBcUXkiRGH5-VJjW7uEBIUChIJnZ8SAXFF5IkRh-flSY1u7hAaFAoSCYPefdWMT-SJESyiypOYSwijGhQKEglhSKowcEXkiRH5umXDAdaKhCIKDfdU7BgVvvht1Q	41.8141431	-71.4213186	41.8141431	-71.4213186	Med	1.72378872	Raw	NA	NA	NA	NA	FALSE	41.81415	-71.4213	2014	August
2496	2014-08-21	249476	15:21:00	Pedestrian	1	NA	FALSE	FALSE	1	Francis St	MEMORIAL BLVD	2014-08-21	Two-Way , Not Divided	Dry	Daylight	Cloudy	Other	Yes	Traffic Control Signal	3	1	Pain Reported	5	41.82602	-71.4154	FALSE	FALSE	Francis Street and Memorial Blvd, Providence, RI, USA	FALSE	-71.4134258	41.8263996	route	geometric_center	memorial blvd, providence, ri 02903, usa	Francis Street & Memorial Blvd, Providence, RI, USA	EjNGcmFuY2lzIFN0cmVldCAmIE1lbW9yaWFsIEJsdmQsIFByb3ZpZGVuY2UsIFJJLCBVU0EiZiJkChQKEgkDtc6dEUXkiRFK7mftfMbegBIUChIJA7XOnRFF5IkRSu5n7XzG3oAaFAoSCeMKJVkQReSJEQnXa5JsDkKbGhQKEgn3LDO1FkXkiRGsznR5eOTavSIKDRwg7hgVW-Bu1Q	41.8258972	-71.4153893	41.8258972	-71.4153893	Med	13.69881863	Raw	NA	NA	NA	NA	FALSE	41.82602	-71.4154	2014	August
2495	2014-08-22	249650	21:54:00	Pedestrian	2	NA	FALSE	FALSE	1	CRANSTON ST	HANOVER ST	2014-08-23	Two-Way , Not Divided	Dry	Dark - Lighted	Clear	Not a Collision Between Two Motor Vehicles in Transport	Yes	No Controls	3	2	Pain Reported	2	41.80927	-71.43373	FALSE	FALSE	Cranston Street and Hanover Street, Providence, RI, USA	FALSE	-71.4335598	41.809491	intersection	geometric_center	cranston st & hanover st, providence, ri 02907, usa	NA	NA	NA	NA	41.809491	-71.4335598	Med High	28.36678052	Raw	NA	NA	NA	NA	FALSE	41.80927	-71.43373	2014	August
2494	2014-08-23	249615	08:40:00	Bicycle	NA	1	FALSE	FALSE	1	ELMWOOD AVENUE	EARL STREET	2014-08-23	Two-Way , Not Divided	Dry	Daylight	Clear	Unknown	No	Stop Signs	3	1	Pain Reported	4	41.83616	-71.41597	FALSE	FALSE	Elmwood Avenue and Earl Street, Providence, RI, USA	FALSE	-71.4262189	41.7981132	intersection	geometric_center	elmwood ave & earl st, providence, ri 02907, usa	NA	NA	NA	NA	41.7981132	-71.4262189	Med High	4319.859063	Geocoded	distance greater than 100m	NA	NA	NA	TRUE	41.7981132	-71.4262189	2014	August
2493	2014-08-24	249685	23:15:00	Bicycle	NA	1	FALSE	FALSE	1	PRAIRIE AVE	POTTERS AVE	2014-08-24	Two-Way , Not Divided	Dry	Dark - Lighted	Clear	Not a Collision Between Two Motor Vehicles in Transport	No	Stop Signs	2	1	Pain Reported	NA	41.80388	-71.41411	FALSE	FALSE	Prairie Ave and Potters Ave, Providence, RI, USA	FALSE	-71.4141974	41.804104	intersection	geometric_center	potters ave & prairie ave, providence, ri 02905, usa	NA	NA	NA	NA	41.804104	-71.4141974	Med High	25.96885774	Raw	NA	NA	NA	NA	FALSE	41.80388	-71.41411	2014	August
2492	2014-08-25	249743	09:25:00	Pedestrian	1	NA	FALSE	FALSE	1	206 ELMWOOD AVE	ELMWOOD AVE	2014-08-25	Two-Way , Not Divided	Dry	Daylight	Clear	Not a Collision Between Two Motor Vehicles in Transport	Yes	No Controls	3	1	Non-Incapacitating	NA	41.80779	-71.42478	TRUE	FALSE	206 Elmwood Ave, Providence, RI, USA	FALSE	-71.4237245	41.8076933	premise	rooftop	206 elmwood ave, providence, ri 02907, usa	NA	NA	NA	NA	41.8076933	-71.4237245	High	88.24020768	Raw	NA	NA	NA	NA	FALSE	41.80779	-71.42478	2014	August
2490	2014-08-26	249914	09:20:00	Pedestrian	1	NA	FALSE	FALSE	1	65 GILLEN ST	NA	2014-08-26	Unknown	Dry	Daylight	Clear	Not a Collision Between Two Motor Vehicles in Transport	No	No Controls	2	0	No Injury	NA	41.85282	-71.41938	TRUE	TRUE	65 Gillen Street, Providence, RI, USA	FALSE	-71.4178535	41.8532591	premise	rooftop	65 gillen st, providence, ri 02904, usa	NA	NA	NA	NA	41.8532591	-71.4178535	High	135.6837391	Geocoded	distance greater than 100m	NA	NA	NA	TRUE	41.8532591	-71.4178535	2014	August
2491	2014-08-26	249978	20:09:00	Bicycle	NA	1	FALSE	FALSE	1	Broadway	KNIGHT ST	2014-08-27	Two-Way , Not Divided	Dry	Dark - Lighted	Cloudy	Other	No	No Controls	2	1	Pain Reported	2	41.8197	-71.42978	FALSE	FALSE	Broadway and Knight Street, Providence, RI, USA	FALSE	-71.4298401	41.8202496	route	geometric_center	knight st, providence, ri, usa	Broadway & Knight Street, Providence, RI, USA	Ei1Ccm9hZHdheSAmIEtuaWdodCBTdHJlZXQsIFByb3ZpZGVuY2UsIFJJLCBVU0EiZiJkChQKEgmvZYGEdUXkiRHAVmwJ-u4XKRIUChIJr2WBhHVF5IkRwFZsCfruFykaFAoSCaW15YZ1ReSJERrCM7HXpG-zGhQKEgkPqvF6dUXkiRGsZxyELkktfCIKDcQy7RgVV79s1Q	41.8198212	-71.4293417	41.8198212	-71.4293417	Med	38.78394305	Raw	NA	NA	NA	NA	FALSE	41.8197	-71.42978	2014	August
2487	2014-08-28	250012	08:00:00	Bicycle	NA	1	FALSE	FALSE	1	80 WASHINGTON STREET	I 95 S	2014-08-28	Two-Way , Not Divided	Dry	Daylight	Clear	Other	No	No Controls	2	1	Non-Incapacitating	2	41.83618	-71.41545	TRUE	FALSE	80 Washington Street, Providence, RI, USA	FALSE	-71.4138689	41.823351099999996	street_address	rooftop	80 washington st, providence, ri 02903, usa	NA	NA	NA	NA	41.823351099999996	-71.4138689	High	1434.115881	Geocoded	distance greater than 100m	NA	NA	NA	TRUE	41.823351099999996	-71.4138689	2014	August
2488	2014-08-28	250029	16:27:00	Bicycle	NA	1	FALSE	FALSE	1	JASTRAM ST	EATON ST	2014-08-28	Two-Way, Divided, Unprotected (painted>4feet) Medium	Dry	Daylight	Clear	Angle (Front - to - Side) Right Angle (Includes Broadside)	Yes	Stop Signs	3	1	Pain Reported	NA	41.84341	-71.44338	FALSE	FALSE	Jastram Street and Eaton Street, Providence, RI, USA	FALSE	-71.4433914	41.8434223	intersection	geometric_center	eaton st & jastram st, providence, ri 02908, usa	NA	NA	NA	NA	41.8434223	-71.4433914	Med High	1.663901999	Raw	NA	NA	NA	NA	FALSE	41.84341	-71.44338	2014	August
2489	2014-08-28	250034	15:26:00	Bicycle	NA	1	FALSE	FALSE	1	MELROSE ST	CADILLAC DR	2014-08-28	Two-Way , Not Divided	Dry	Daylight	Clear	Sideswipe, Same Direction	No	No Controls	2	1	Pain Reported	NA	41.79036	-71.41842	FALSE	FALSE	Melrose Street and Cadillac Dr, Providence, RI, USA	FALSE	-71.4183543	41.7902444	intersection	geometric_center	melrose st & cadillac dr, providence, ri 02907, usa	NA	NA	NA	NA	41.7902444	-71.4183543	Med High	13.97620897	Raw	NA	NA	NA	NA	FALSE	41.79036	-71.41842	2014	August
2486	2014-08-29	250096	14:30:00	Bicycle	NA	1	FALSE	FALSE	1	BROAD ST	ALDRICH ST	2014-08-29	Two-Way , Not Divided	Dry	Daylight	Clear	Not a Collision Between Two Motor Vehicles in Transport	Yes	Stop Signs	1	1	Pain Reported	NA	41.79362	-71.40898	FALSE	FALSE	Broad Street and Aldrich Street, Providence, RI, USA	FALSE	-71.4071857	41.7945459	route	geometric_center	aldrich st, providence, ri 02905, usa	Broad Street & Aldrich Street, Providence, RI, USA	EjJCcm9hZCBTdHJlZXQgJiBBbGRyaWNoIFN0cmVldCwgUHJvdmlkZW5jZSwgUkksIFVTQSJmImQKFAoSCelQzPWMT-SJEfEyNbUOAjRxEhQKEgnpUMz1jE_kiRHxMjW1DgI0cRoUChIJg9591YxP5IkRLKLKk5hLCKMaFAoSCTuV4FeLT-SJEfCTNf2eOQHCIgoNmDPpGBXz2m_V	41.793628	-71.4089741	41.793628	-71.4089741	Med	1.016298583	Raw	NA	NA	NA	NA	FALSE	41.79362	-71.40898	2014	August
2485	2014-08-31	250177	01:37:00	Pedestrian	1	NA	FALSE	FALSE	1	331 Douglas Ave	Pumgansett Ave	2014-08-31	Two-Way , Not Divided	Dry	Dark - Lighted	Clear	Not a Collision Between Two Motor Vehicles in Transport	Yes	No Controls	2	1	Fatal	NA	41.83987	-71.42639	TRUE	FALSE	331 Douglas Ave, Providence, RI, USA	FALSE	-71.4260191	41.8397509	street_address	rooftop	331 douglas ave, providence, ri 02908, usa	NA	NA	NA	NA	41.8397509	-71.4260191	High	33.49596474	Raw	NA	NA	NA	NA	FALSE	41.83987	-71.42639	2014	August
2484	2014-09-02	250389	11:01:00	Pedestrian	1	NA	FALSE	FALSE	1	CORLISS ST	INDUSTRIAL DR	2014-09-02	Unknown	Dry	Daylight	Clear	Other	No	No Controls	3	1	Pain Reported	NA	41.84147	-71.41231	FALSE	FALSE	Corliss Street and Industrial Dr, Providence, RI, USA	FALSE	-71.4124894	41.8411709	intersection	geometric_center	corliss st & industrial dr, providence, ri 02904, usa	NA	NA	NA	NA	41.8411709	-71.4124894	Med High	36.46859484	Raw	NA	NA	NA	NA	FALSE	41.84147	-71.41231	2014	September
2478	2014-09-04	250586	09:05:00	Pedestrian	1	NA	FALSE	FALSE	1	Memorial Blvd	EXCHANGE ST	2014-09-04	Two-Way, Divided, Positive Median Barrier	Dry	Daylight	Clear	Sideswipe, Same Direction	Yes	Traffic Control Signal	1	1	Pain Reported	NA	41.8268	-71.41212	FALSE	FALSE	Memorial Blvd and Exchange Street, Providence, RI, USA	FALSE	-71.4121426	41.8269244	intersection	geometric_center	memorial blvd & exchange st, providence, ri 02903, usa	NA	NA	NA	NA	41.8269244	-71.4121426	Med High	13.97446245	Raw	NA	NA	NA	NA	FALSE	41.8268	-71.41212	2014	September
2479	2014-09-04	250607	10:09:00	Bicycle	NA	1	FALSE	FALSE	1	BROAD STREET	PUBLIC STREET	2014-09-04	Two-Way , Not Divided	Dry	Daylight	Clear	Other	No	Traffic Control Signal	3	1	Non-Incapacitating	2	41.83349	-71.41682	FALSE	FALSE	Broad Street and Public Street, Providence, RI, USA	FALSE	-71.414812	41.8055601	route	geometric_center	public st, providence, ri, usa	Broad Street & Public Street, Providence, RI, USA	EjFCcm9hZCBTdHJlZXQgJiBQdWJsaWMgU3RyZWV0LCBQcm92aWRlbmNlLCBSSSwgVVNBImYiZAoUChIJLTJT3HxF5IkRclWEg4MKFo0SFAoSCS0yU9x8ReSJEXJVhIODChaNGhQKEgmD3n3VjE_kiREsosqTmEsIoxoUChIJlx9Oj2NF5IkRNZt93RsocawiCg1K2uoYFURFbtU	41.804449	-71.4193596	41.804449	-71.4193596	Med	3239.687529	Geocoded	distance greater than 100m	NA	NA	NA	TRUE	41.804449	-71.4193596	2014	September
2480	2014-09-04	250645	16:20:00	Other	NA	NA	FALSE	TRUE	1	BROAD ST	CLAVERICK ST	2014-09-04	One-Way Trafficway	Dry	Daylight	Clear	Rear End(Front-to-Rear)	Yes	Other	3	0	No Injury	NA	41.81938	-71.41493	FALSE	FALSE	Broad Street and Claverick Street, Providence, RI, USA	FALSE	-71.413061	41.8182487	route	geometric_center	claverick st, providence, ri 02903, usa	Broad Street & Claverick Street, Providence, RI, USA	EjRCcm9hZCBTdHJlZXQgJiBDbGF2ZXJpY2sgU3RyZWV0LCBQcm92aWRlbmNlLCBSSSwgVVNBImYiZAoUChIJN-H52GxF5IkR-aG6rjTYAMMSFAoSCTfh-dhsReSJEfmhuq402ADDGhQKEgmD3n3VjE_kiREsosqTmEsIoxoUChIJCd0jlGxF5IkRCow_XvXZa3YiCg2rIO0YFTrwbtU	41.8193579	-71.414983	41.8193579	-71.414983	Med	5.038390016	Raw	NA	NA	NA	NA	FALSE	41.81938	-71.41493	2014	September
2481	2014-09-04	250649	16:42:00	Bicycle	NA	1	FALSE	FALSE	1	100 Atwells Ave	EXIT 21  (RT )	2014-09-04	Two-Way , Not Divided	Dry	Daylight	Clear	Not a Collision Between Two Motor Vehicles in Transport	No	No Controls	2	0	No Injury	2	41.82319	-71.42117	TRUE	FALSE	100 Atwells Ave, Providence, RI, USA	FALSE	-71.4212593	41.8227713	premise	rooftop	the sister dominica manor, 100 atwells ave, providence, ri 02903, usa	NA	NA	NA	NA	41.8227713	-71.4212593	High	47.19450306	Raw	NA	NA	NA	NA	FALSE	41.82319	-71.42117	2014	September
2482	2014-09-04	250651	16:20:00	Bicycle	NA	1	FALSE	FALSE	1	SMITH ST	CHALKSTONE AVE	2014-09-04	Two-Way , Not Divided	Dry	Daylight	Clear	Angle (Front - to - Side) Right Angle (Includes Broadside)	Yes	No Controls	1	1	Non-Incapacitating	NA	41.83521	-71.42564	FALSE	FALSE	Smith Street and Chalkstone Ave, Providence, RI, USA	FALSE	-71.4256425	41.8352214	intersection	geometric_center	chalkstone ave & smith st, providence, ri 02908, usa	NA	NA	NA	NA	41.8352214	-71.4256425	Med High	1.285870334	Raw	NA	NA	NA	NA	FALSE	41.83521	-71.42564	2014	September
2483	2014-09-04	250668	17:26:00	Bicycle	NA	1	FALSE	FALSE	1	Broad St	PENNSYLVANIA AVE	2014-09-04	One-Way Trafficway	Dry	Daylight	Clear	Not a Collision Between Two Motor Vehicles in Transport	No	No Controls	2	0	No Injury	1	41.79744	-71.41373	FALSE	FALSE	Broad Street and Pennsylvania Ave, Providence, RI, USA	FALSE	-71.4127049	41.7976553	route	geometric_center	pennsylvania ave, providence, ri 02905, usa	Broad Street & Pennsylvania Ave, Providence, RI, USA	EjRCcm9hZCBTdHJlZXQgJiBQZW5uc3lsdmFuaWEgQXZlLCBQcm92aWRlbmNlLCBSSSwgVVNBImYiZAoUChIJH-USE4lP5IkR2eJtH_oD4z4SFAoSCR_lEhOJT-SJEdnibR_6A-M-GhQKEgmD3n3VjE_kiREsosqTmEsIoxoUChIJS6ioe4lP5IkRAMg8vWOnWooiCg1YyekYFXUhb9U	41.7974616	-71.4137227	41.7974616	-71.4137227	Med	2.479646208	Raw	NA	NA	NA	NA	FALSE	41.79744	-71.41373	2014	September
2477	2014-09-06	250925	17:24:00	Pedestrian	1	NA	FALSE	FALSE	1	420 Charles St	LOMBARDI ST	2014-09-06	Two-Way , Not Divided	Dry	Daylight	Clear	Not a Collision Between Two Motor Vehicles in Transport	No	Pavement Markings	4	1	Pain Reported	2	41.84674	-71.41931	TRUE	FALSE	420 Charles Street, Providence, RI, USA	FALSE	-71.4188117	41.8443389	street_address	range_interpolated	420 charles st, providence, ri 02904, usa	NA	NA	NA	NA	41.8443389	-71.4188117	High	270.4645697	Geocoded	distance greater than 100m	NA	NA	NA	TRUE	41.8443389	-71.4188117	2014	September
2476	2014-09-07	250958	02:33:00	Pedestrian	1	NA	FALSE	FALSE	1	WEYBOSSET ST	EDDY ST	2014-09-07	Two-Way , Not Divided	Wet	Dark - Lighted	Rain	Not a Collision Between Two Motor Vehicles in Transport	Yes	Pavement Markings	2	1	Pain Reported	NA	41.8227	-71.41138	FALSE	FALSE	Weybosset Street and Eddy Street, Providence, RI, USA	FALSE	-71.4114379	41.8226389	intersection	geometric_center	weybosset st & eddy st, providence, ri 02903, usa	NA	NA	NA	NA	41.8226389	-71.4114379	Med High	8.326624679	Raw	NA	NA	NA	NA	FALSE	41.8227	-71.41138	2014	September
2473	2014-09-10	251325	12:28:00	Pedestrian	1	NA	FALSE	FALSE	1	SARATOGA ST	BROAD ST	2014-09-10	Two-Way , Not Divided	Dry	Daylight	Clear	Not a Collision Between Two Motor Vehicles in Transport	Yes	Stop Signs	2	1	Pain Reported	NA	41.80411	-71.41926	FALSE	FALSE	Saratoga Street and Broad Street, Providence, RI, USA	FALSE	-71.4192614	41.8041237	intersection	geometric_center	saratoga st & broad st, providence, ri 02905, usa	NA	NA	NA	NA	41.8041237	-71.4192614	Med High	1.529495368	Raw	NA	NA	NA	NA	FALSE	41.80411	-71.41926	2014	September
2474	2014-09-10	251377	16:48:00	Bicycle	NA	1	FALSE	FALSE	1	Broadway	VINTON ST	2014-09-10	Two-Way , Not Divided	Dry	Daylight	Clear	Not a Collision Between Two Motor Vehicles in Transport	No	No Controls	2	1	Pain Reported	2	41.82007	-71.42819	FALSE	FALSE	Broadway and Vinton Street, Providence, RI, USA	FALSE	-71.4285663	41.8207514	route	geometric_center	vinton st, providence, ri, usa	Broadway & Vinton Street, Providence, RI, USA	Ei1Ccm9hZHdheSAmIFZpbnRvbiBTdHJlZXQsIFByb3ZpZGVuY2UsIFJJLCBVU0EiZiJkChQKEglF5rYLdUXkiRHipmasZ-JhnRIUChIJRea2C3VF5IkR4qZmrGfiYZ0aFAoSCaW15YZ1ReSJERrCM7HXpG-zGhQKEgnN2QdAdUXkiRHzHzv0hMO0lyIKDVg97RgVUexs1Q	41.820092	-71.4281903	41.820092	-71.4281903	Med	2.449155255	Raw	NA	NA	NA	NA	FALSE	41.82007	-71.42819	2014	September
2475	2014-09-10	251511	16:06:00	Bicycle	NA	1	FALSE	FALSE	1	Hope St	12TH ST	2014-09-10	Two-Way , Not Divided	Dry	Daylight	Clear	Not a Collision Between Two Motor Vehicles in Transport	No	No Controls	2	1	Pain Reported	2	41.85546	-71.39184	FALSE	FALSE	Hope Street and 12th Street, Providence, RI, USA	FALSE	-71.3918131	41.8555636	intersection	geometric_center	hope st & 12th st, providence, ri 02906, usa	NA	NA	NA	NA	41.8555636	-71.3918131	Med High	11.7463946	Raw	NA	NA	NA	NA	FALSE	41.85546	-71.39184	2014	September
2471	2014-09-14	251864	02:11:00	Bicycle	NA	1	FALSE	FALSE	1	Washington St	EDDY ST	2014-09-14	Two-Way , Not Divided	Dry	Dark - Lighted	Cloudy	Angle (Front - to - Side) Right Angle (Includes Broadside)	No	No Controls	5	0	No Injury	2	41.82401	-71.4134	FALSE	FALSE	Washington Street and Eddy Street, Providence, RI, USA	FALSE	-71.4072274	41.8059506	route	geometric_center	eddy st, providence, ri, usa	Washington Street & Eddy Street, Providence, RI, USA	EjRXYXNoaW5ndG9uIFN0cmVldCAmIEVkZHkgU3RyZWV0LCBQcm92aWRlbmNlLCBSSSwgVVNBImYiZAoUChIJYTKH6BNF5IkR5kp7LeyaeroSFAoSCWEyh-gTReSJEeZKey3smnq6GhQKEgmp2s2cEkXkiREaB9CWoxI09hoUChIJO0x4GWdF5IkRbcddUVrUSsgiCg1e1-0YFXYtb9U	41.824035	-71.4134154	41.824035	-71.4134154	Med	3.062194969	Raw	NA	NA	NA	NA	FALSE	41.82401	-71.4134	2014	September
2472	2014-09-14	252068	20:48:00	Bicycle	NA	1	FALSE	FALSE	1	EDDY ST	THURBERS AVE	2014-09-16	Two-Way , Not Divided	Dry	Dark - Lighted	Clear	Angle (Front - to - Side) Same Direction	Yes	No Controls	1	0	No Injury	NA	41.79992	-71.40583	FALSE	FALSE	Eddy Street and Thurbers Ave, Providence, RI, USA	FALSE	-71.4058025	41.7999164	intersection	geometric_center	thurbers ave & eddy st, providence, ri 02905, usa	NA	NA	NA	NA	41.7999164	-71.4058025	Med High	2.317037755	Raw	NA	NA	NA	NA	FALSE	41.79992	-71.40583	2014	September
2469	2014-09-16	252120	15:05:00	Bicycle	NA	1	FALSE	FALSE	1	SERVICE ROAD 3	WESTMINSTER ST	2014-09-16	Two-Way , Not Divided	Dry	Daylight	Clear	Angle (Front - to - Side) Same Direction	No	No Controls	4	1	Non-Incapacitating	2	41.81632	-71.44059	FALSE	FALSE	Service Road 3 and Westminster Street, Providence, RI, USA	FALSE	-71.4089265	41.8252921	street_address	range_interpolated	3 westminster st, providence, ri 02903, usa	NA	NA	NA	NA	41.8252921	-71.4089265	Med High	2810.246105	Raw	distance greater than 100m	NA	NA	NA	TRUE	41.81632	-71.44059	2014	September
2470	2014-09-16	252226	22:08:00	Pedestrian	1	NA	FALSE	FALSE	1	Admiral St	TAPPAN ST	2014-09-17	Two-Way , Not Divided	Dry	Dark - Lighted	Cloudy	Other	Yes	No Controls	3	1	Pain Reported	2	41.84559	-71.42695	FALSE	FALSE	Admiral Street and Tappan Street, Providence, RI, USA	FALSE	-71.427588	41.8457499	intersection	geometric_center	admiral st & tappan st, providence, ri 02908, usa	NA	NA	NA	NA	41.8457499	-71.427588	Med High	55.82136175	Raw	NA	NA	NA	NA	FALSE	41.84559	-71.42695	2014	September
2467	2014-09-17	252247	10:46:00	Pedestrian	1	NA	FALSE	FALSE	1	DORRANCE ST	CLIFFORD ST	2014-09-17	Two-Way , Not Divided	Dry	Daylight	Clear	Not a Collision Between Two Motor Vehicles in Transport	No	No Controls	3	1	Pain Reported	NA	41.82158	-71.40886	FALSE	FALSE	Dorrance Street and Clifford Street, Providence, RI, USA	FALSE	-71.4088055	41.8216128	intersection	geometric_center	clifford st & dorrance st, providence, ri 02903, usa	NA	NA	NA	NA	41.8216128	-71.4088055	Med High	5.811472007	Raw	NA	NA	NA	NA	FALSE	41.82158	-71.40886	2014	September