row_number	crash_date	crash_report_id	crash_time	collision_type	count_pedestrian	count_bicycle	scooter	wheel_chair	number_of_vehicles	street_or_highway	nearest_intersection	report_date	type_of_roadway	road_surface_condition	light_condition	weather_condition	manner_of_impact	hit_and_run	traffic_control	person_count	injury_count	most_serious_injury	number_of_lanes	lat_raw	lon_raw	has_st_number	is_intersection_null	address_sent_to_geocoder	is_address_blank	lon_api_first_try	lat_api_first_try	type	loctype	address_returned_by_geocoder	address_returned_by_autocomplete	place_ids_autocompleted	lat_api_second_try	lon_api_second_try	lat_api_best	lon_api_best	api_coord_conf	distance_btwn_coords_meters	best_coordinate_set	reason_for_qa	correct_coordinates	corrected_lat	corrected_lon	manually_qaed_record	final_lat	final_lon	year	month
2389	2014-12-10	264746	15:47:00	Pedestrian	2	NA	FALSE	FALSE	1	Hayward St	PEARL ST	2014-12-10	Two-Way , Not Divided	Wet	Dusk	Rain	Not a Collision Between Two Motor Vehicles in Transport	Yes	Stop Signs	2	2	Pain Reported	2	41.8142	-71.41992	FALSE	FALSE	Hayward Street and Pearl Street, Providence, RI, USA	FALSE	-71.4199237	41.8142232	intersection	geometric_center	pearl st & hayward st, providence, ri 02907, usa	NA	NA	NA	NA	41.8142232	-71.4199237	Med High	2.600792669	Raw	NA	NA	NA	NA	FALSE	41.8142	-71.41992	2014	December
2390	2014-12-10	264780	21:21:00	Pedestrian	1	NA	FALSE	FALSE	1	WATERMAN ST	HOPE ST	2014-12-10	Two-Way , Not Divided	Wet	Dark - Lighted	Rain	Not a Collision Between Two Motor Vehicles in Transport	No	Traffic Control Signal	2	1	Pain Reported	2	41.82758	-71.39723	FALSE	FALSE	Waterman Street and Hope Street, Providence, RI, USA	FALSE	-71.3972305	41.8276014	intersection	geometric_center	hope st & waterman st, providence, ri 02906, usa	NA	NA	NA	NA	41.8276014	-71.3972305	Med High	2.382598122	Raw	NA	NA	NA	NA	FALSE	41.82758	-71.39723	2014	December
2386	2014-12-12	265143	18:48:00	Pedestrian	1	NA	FALSE	FALSE	1	MEMORIAL BOULEVARD	COLLEGE ST	2014-12-12	Two-Way , Not Divided	Dry	Dark - Lighted	Clear	Not a Collision Between Two Motor Vehicles in Transport	No	Traffic Control Signal	4	1	Pain Reported	NA	41.82529	-71.40895	FALSE	FALSE	Memorial Boulevard and College Street, Providence, RI, USA	FALSE	-71.4088081	41.8253077	intersection	geometric_center	memorial blvd & college st, providence, ri 02903, usa	NA	NA	NA	NA	41.8253077	-71.4088081	Med High	11.93483387	Raw	NA	NA	NA	NA	FALSE	41.82529	-71.40895	2014	December
2385	2014-12-13	265254	15:17:00	Bicycle	NA	1	FALSE	FALSE	1	BROADWAY	KNIGHT ST	2014-12-13	Two-Way , Not Divided	Dry	Daylight	Clear	Not a Collision Between Two Motor Vehicles in Transport	No	Traffic Control Signal	3	0	No Injury	2	41.8198	-71.42936	FALSE	FALSE	Broadway and Knight Street, Providence, RI, USA	FALSE	-71.4298401	41.8202496	route	geometric_center	knight st, providence, ri, usa	Broadway & Knight Street, Providence, RI, USA	Ei1Ccm9hZHdheSAmIEtuaWdodCBTdHJlZXQsIFByb3ZpZGVuY2UsIFJJLCBVU0EiZiJkChQKEgmvZYGEdUXkiRHAVmwJ-u4XKRIUChIJr2WBhHVF5IkRwFZsCfruFykaFAoSCaW15YZ1ReSJERrCM7HXpG-zGhQKEgkPqvF6dUXkiRGsZxyELkktfCIKDcQy7RgVV79s1Q	41.8198212	-71.4293417	41.8198212	-71.4293417	Med	2.806123126	Raw	NA	NA	NA	NA	FALSE	41.8198	-71.42936	2014	December
2384	2014-12-14	265317	01:33:00	Pedestrian	1	NA	FALSE	FALSE	1	ELMWOOD AVE	RESERVOIR AVE	2014-12-14	Two-Way, Divided, Positive Median Barrier	Dry	Dark - Lighted	Clear	Head-On (Front - to - Front)	Yes	Traffic Control Signal	3	1	Fatal	NA	41.79785	-71.42611	FALSE	FALSE	Elmwood Ave and Reservoir Ave, Providence, RI, USA	FALSE	-71.4258248	41.7971616	intersection	geometric_center	reservoir ave & elmwood ave, providence, ri 02907, usa	NA	NA	NA	NA	41.7971616	-71.4258248	Med High	80.20420498	Raw	NA	NA	NA	NA	FALSE	41.79785	-71.42611	2014	December
2383	2014-12-15	265481	19:48:00	Pedestrian	1	NA	FALSE	FALSE	1	POINT ST	RICHMOND ST	2014-12-15	Two-Way, Divided, Unprotected (painted>4feet) Medium	Dry	Dark - Lighted	Clear	Not a Collision Between Two Motor Vehicles in Transport	No	Traffic Control Signal	2	1	Pain Reported	NA	41.81655	-71.40729	FALSE	FALSE	Point Street and Richmond Street, Providence, RI, USA	FALSE	-71.407245	41.8165589	intersection	geometric_center	point st & richmond st, providence, ri 02903, usa	NA	NA	NA	NA	41.8165589	-71.407245	Med High	3.86262727	Raw	NA	NA	NA	NA	FALSE	41.81655	-71.40729	2014	December
2381	2014-12-16	265560	08:25:00	Pedestrian	1	NA	FALSE	FALSE	1	DOUGLAS AVE	DOUGLAS AVE	2014-12-16	Two-Way , Not Divided	Dry	Daylight	Clear	Not a Collision Between Two Motor Vehicles in Transport	No	No Controls	2	1	Pain Reported	NA	41.84762	-71.43084	FALSE	FALSE	Douglas Ave and Douglas Ave, Providence, RI, USA	FALSE	-71.4649957	41.8715442	intersection	geometric_center	douglas turnpike & douglas ave, north providence, ri 02904, usa	NA	NA	NA	NA	41.8715442	-71.4649957	Med High	3887.406634	Raw	distance greater than 100m	NA	NA	NA	TRUE	41.84762	-71.43084	2014	December
2382	2014-12-16	265641	20:04:00	Pedestrian	1	NA	FALSE	FALSE	1	Francis St	AMERICAN EXPRESS PLZ	2014-12-16	Two-Way , Not Divided	Dry	Dark - Lighted	Clear	Not a Collision Between Two Motor Vehicles in Transport	No	Traffic Control Signal	7	1	Incapacitating	NA	41.82753	-71.41539	FALSE	FALSE	Francis Street and American Express Plz, Providence, RI, USA	FALSE	-71.4128343	41.8239891	locality	approximate	providence, ri, usa	NA	NA	NA	NA	41.8239891	-71.4128343	Med	447.5665304	Raw	distance greater than 100m	NA	NA	NA	TRUE	41.82753	-71.41539	2014	December
2380	2014-12-17	265755	16:47:00	Pedestrian	1	NA	FALSE	FALSE	1	ATWELLS AVE	ACADEMY AVE	2014-12-17	Two-Way , Not Divided	Dry	Dark - Lighted	Clear	Not a Collision Between Two Motor Vehicles in Transport	No	Traffic Control Signal	2	1	Pain Reported	NA	41.82478	-71.4434	FALSE	FALSE	Atwells Ave and Academy Ave, Providence, RI, USA	FALSE	-71.4435191	41.8247997	intersection	geometric_center	atwells ave & academy ave, providence, ri 02909, usa	NA	NA	NA	NA	41.8247997	-71.4435191	Med High	10.12026944	Raw	NA	NA	NA	NA	FALSE	41.82478	-71.4434	2014	December
2377	2014-12-20	266142	12:40:00	Pedestrian	1	NA	FALSE	FALSE	1	100 FRANCIS STREET	NA	2014-12-20	Two-Way , Not Divided	Dry	Daylight	Clear	Other	No	No Controls	5	1	Non-Incapacitating	4	41.82955	-71.41802	TRUE	TRUE	100 Francis Street, Providence, RI, USA	FALSE	-71.415882	41.8260966	street_address	rooftop	100 francis st, providence, ri 02903, usa	NA	NA	NA	NA	41.8260966	-71.415882	High	423.3662187	Geocoded	distance greater than 100m	NA	NA	NA	TRUE	41.8260966	-71.415882	2014	December
2378	2014-12-20	266150	16:28:00	Bicycle	NA	1	FALSE	FALSE	1	Valley St	DELAINE ST	2014-12-20	Two-Way , Not Divided	Wet	Daylight	Clear	Angle (Front - to - Side) Right Angle (Includes Broadside)	No	Flashing Traffic Control Signal	3	0	No Injury	NA	41.81951	-71.4405	FALSE	FALSE	Valley Street and Delaine Street, Providence, RI, USA	FALSE	-71.4405034	41.8195248	intersection	geometric_center	delaine st & valley st, providence, ri 02909, usa	NA	NA	NA	NA	41.8195248	-71.4405034	Med High	1.671499787	Raw	NA	NA	NA	NA	FALSE	41.81951	-71.4405	2014	December
2379	2014-12-20	266280	17:35:00	Pedestrian	1	NA	FALSE	FALSE	1	CRANSTON ST	HOLLIS ST	2014-12-21	Two-Way , Not Divided	Snow	Dark - Lighted	Snow	Not a Collision Between Two Motor Vehicles in Transport	No	No Controls	2	1	Pain Reported	2	41.81099	-71.43206	FALSE	FALSE	Cranston Street and Hollis Street, Providence, RI, USA	FALSE	-71.4320632	41.8110018	intersection	geometric_center	cranston st & hollis st, providence, ri 02907, usa	NA	NA	NA	NA	41.8110018	-71.4320632	Med High	1.340134881	Raw	NA	NA	NA	NA	FALSE	41.81099	-71.43206	2014	December
2375	2014-12-23	266641	15:45:00	Pedestrian	1	NA	FALSE	FALSE	1	Francis Street	MEMORIAL BLVD	2014-12-23	Two-Way , Not Divided	Dry	Daylight	Clear	Not a Collision Between Two Motor Vehicles in Transport	Yes	No Controls	1	1	Pain Reported	NA	41.82657	-71.41551	FALSE	FALSE	Francis Street and Memorial Blvd, Providence, RI, USA	FALSE	-71.4134258	41.8263996	route	geometric_center	memorial blvd, providence, ri 02903, usa	Francis Street & Memorial Blvd, Providence, RI, USA	EjNGcmFuY2lzIFN0cmVldCAmIE1lbW9yaWFsIEJsdmQsIFByb3ZpZGVuY2UsIFJJLCBVU0EiZiJkChQKEgkDtc6dEUXkiRFK7mftfMbegBIUChIJA7XOnRFF5IkRSu5n7XzG3oAaFAoSCeMKJVkQReSJEQnXa5JsDkKbGhQKEgn3LDO1FkXkiRGsznR5eOTavSIKDRwg7hgVW-Bu1Q	41.8258972	-71.4153893	41.8258972	-71.4153893	Med	75.56202898	Raw	NA	NA	NA	NA	FALSE	41.82657	-71.41551	2014	December
2376	2014-12-23	266645	17:43:00	Pedestrian	1	NA	FALSE	FALSE	1	HOPE ST	LAURISTON ST	2014-12-23	Two-Way , Not Divided	Wet	Dark - Lighted	Rain	Head-On (Front - to - Front)	No	Stop Signs	5	1	Non-Incapacitating	NA	41.84865	-71.39519	FALSE	FALSE	Hope Street and Lauriston Street, Providence, RI, USA	FALSE	-71.3952009	41.8486643	intersection	geometric_center	hope st & lauriston st, providence, ri 02906, usa	NA	NA	NA	NA	41.8486643	-71.3952009	Med High	1.830576288	Raw	NA	NA	NA	NA	FALSE	41.84865	-71.39519	2014	December
2374	2014-12-25	266950	14:21:00	Pedestrian	1	NA	FALSE	FALSE	1	ROCHAMBEAU AVENUE	HOPE STREET	2014-12-26	Two-Way , Not Divided	Dry	Daylight	Clear	Unknown	Yes	Traffic Control Signal	2	0	No Injury	2	41.83349	-71.41682	FALSE	FALSE	Rochambeau Avenue and Hope Street, Providence, RI, USA	FALSE	-71.3960532	41.8469319	intersection	geometric_center	hope st & rochambeau ave, providence, ri 02906, usa	NA	NA	NA	NA	41.8469319	-71.3960532	Med High	2281.506217	Geocoded	distance greater than 100m	NA	NA	NA	TRUE	41.8469319	-71.3960532	2014	December
2373	2014-12-26	267074	16:24:00	Bicycle	NA	1	FALSE	FALSE	1	Sprague St	HARRISON ST	2014-12-27	Two-Way , Not Divided	Dry	Daylight	Clear	Not a Collision Between Two Motor Vehicles in Transport	Yes	No Controls	1	1	Pain Reported	NA	41.80968	-71.42746	FALSE	FALSE	Sprague Street and Harrison Street, Providence, RI, USA	FALSE	-71.427292	41.809669	intersection	geometric_center	harrison st & sprague st, providence, ri 02907, usa	NA	NA	NA	NA	41.809669	-71.427292	Med High	13.99322463	Raw	NA	NA	NA	NA	FALSE	41.80968	-71.42746	2014	December
2370	2014-12-29	267234	08:06:00	Pedestrian	1	NA	FALSE	FALSE	1	HOMER ST	BROAD ST	2014-12-29	Two-Way, Divided, Unprotected (painted>4feet) Medium	Dry	Daylight	Clear	Not a Collision Between Two Motor Vehicles in Transport	Yes	No Controls	1	1	Pain Reported	NA	41.78884	-71.40402	FALSE	FALSE	Homer Street and Broad Street, Providence, RI, USA	FALSE	-71.4040418	41.7888596	intersection	geometric_center	homer st & broad st, providence, ri 02905, usa	NA	NA	NA	NA	41.7888596	-71.4040418	Med High	2.834516795	Raw	NA	NA	NA	NA	FALSE	41.78884	-71.40402	2014	December
2371	2014-12-29	267258	09:59:00	Pedestrian	1	NA	FALSE	FALSE	1	206 Elmwood Avenue	PLENTY STREET	2014-12-29	Two-Way , Not Divided	Dry	Daylight	Clear	Not a Collision Between Two Motor Vehicles in Transport	No	Traffic Control Signal	4	1	Pain Reported	NA	41.80723	-71.42485	TRUE	FALSE	206 Elmwood Avenue, Providence, RI, USA	FALSE	-71.4237245	41.8076933	premise	rooftop	206 elmwood ave, providence, ri 02907, usa	NA	NA	NA	NA	41.8076933	-71.4237245	High	106.6844858	Raw	distance greater than 100m	NA	NA	NA	TRUE	41.80723	-71.42485	2014	December
2372	2014-12-29	267275	12:27:00	Bicycle	NA	1	FALSE	FALSE	1	CHALKSTONE AVE	LISBON ST	2014-12-29	Two-Way , Not Divided	Dry	Daylight	Cloudy	Other	No	Pavement Markings	3	0	No Injury	2	41.83366	-71.43561	FALSE	FALSE	Chalkstone Ave and Lisbon Street, Providence, RI, USA	FALSE	-71.4365256	41.833337	intersection	geometric_center	chalkstone ave & lisbon st, providence, ri 02908, usa	NA	NA	NA	NA	41.833337	-71.4365256	Med High	84.02424914	Raw	NA	NA	NA	NA	FALSE	41.83366	-71.43561	2014	December
2369	2015-01-05	268346	11:30:00	Pedestrian	1	NA	FALSE	FALSE	1	BROADWAY	ALMY ST	2015-01-05	Two-Way , Not Divided	Dry	Daylight	Clear	Other	Yes	Traffic Control Signal	2	1	Pain Reported	NA	41.81896	-71.43294	FALSE	FALSE	Broadway and Almy Street, Providence, RI, USA	FALSE	-71.4332086	41.8196567	route	geometric_center	almy st, providence, ri 02909, usa	Broadway & Almy Street, Providence, RI, USA	EitCcm9hZHdheSAmIEFsbXkgU3RyZWV0LCBQcm92aWRlbmNlLCBSSSwgVVNBImYiZAoUChIJf2wiiJ5F5IkRjn4qkn9k29gSFAoSCX9sIoieReSJEY5-KpJ_ZNvYGhQKEgmlteWGdUXkiREawjOx16RvsxoUChIJ51EWjJ5F5IkRlA-oyGoufZoiCg2qEe0YFbcybNU	41.8189738	-71.4329417	41.8189738	-71.4329417	Med	1.542669349	Raw	NA	NA	NA	NA	FALSE	41.81896	-71.43294	2015	January
2368	2015-01-13	269440	15:17:00	Pedestrian	1	NA	FALSE	FALSE	1	VALLEY ST	RILL ST	2015-01-13	Two-Way, Divided, Unprotected (painted>4feet) Medium	Dry	Daylight	Clear	Not a Collision Between Two Motor Vehicles in Transport	No	No Controls	3	1	Pain Reported	NA	41.82661	-71.43815	FALSE	FALSE	Valley Street and Rill Street, Providence, RI, USA	FALSE	-71.4381265	41.8266456	intersection	geometric_center	valley st & rill st, providence, ri 02908, usa	NA	NA	NA	NA	41.8266456	-71.4381265	Med High	4.416465648	Raw	NA	NA	NA	NA	FALSE	41.82661	-71.43815	2015	January
2367	2015-01-15	269721	17:45:00	Pedestrian	1	NA	FALSE	FALSE	1	North Main street	N MAIN ST	2015-01-15	Two-Way, Divided, Positive Median Barrier	Wet	Dark - Lighted	Clear	Not a Collision Between Two Motor Vehicles in Transport	No	Traffic Control Signal	4	1	Pain Reported	NA	41.84199	-71.40798	FALSE	FALSE	North Main Street and N Main Street, Providence, RI, USA	FALSE	-71.700964	41.9595187	intersection	geometric_center	n main st & pascoag main st, burrillville, ri 02859, usa	NA	NA	NA	NA	41.9595187	-71.700964	Med High	27576.44497	Raw	distance greater than 100m	NA	NA	NA	TRUE	41.84199	-71.40798	2015	January
2365	2015-01-21	270710	16:04:00	Pedestrian	2	NA	FALSE	FALSE	1	Atwells Avenue	MONGENAIS ST	2015-01-21	Two-Way , Not Divided	Dry	Daylight	Clear	Not a Collision Between Two Motor Vehicles in Transport	No	Other	3	2	Pain Reported	2	41.82502	-71.44786	FALSE	FALSE	Atwells Avenue and Mongenais Street, Providence, RI, USA	FALSE	-71.4478498	41.8250356	intersection	geometric_center	atwells ave & mongenais st, providence, ri 02909, usa	NA	NA	NA	NA	41.8250356	-71.4478498	Med High	1.931749061	Raw	NA	NA	NA	NA	FALSE	41.82502	-71.44786	2015	January
2366	2015-01-21	270730	23:45:00	Pedestrian	1	NA	FALSE	FALSE	1	MASHAPAUG ST	HUNTINGTON AVE	2015-01-22	Two-Way , Not Divided	Dry	Dark - Lighted	Clear	Other	Yes	No Controls	2	1	Non-Incapacitating	NA	41.80044	-71.42927	FALSE	FALSE	Mashapaug Street and Huntington Ave, Providence, RI, USA	FALSE	-71.4293744	41.7999436	intersection	geometric_center	mashapaug st & huntington ave, providence, ri 02907, usa	NA	NA	NA	NA	41.7999436	-71.4293744	Med High	55.93403689	Raw	NA	NA	NA	NA	FALSE	41.80044	-71.42927	2015	January
2364	2015-01-23	270880	09:35:00	Pedestrian	1	NA	FALSE	FALSE	1	WATERMAN AVENUE	IVES STREET	2015-01-23	Two-Way , Not Divided	Dry	Daylight	Clear	Other	No	Stop Signs	4	1	Non-Incapacitating	2	41.83285	-71.41687	FALSE	FALSE	Waterman Avenue and Ives Street, Providence, RI, USA	FALSE	-71.3929088	41.8277996	intersection	geometric_center	ives st & waterman st, providence, ri 02906, usa	NA	NA	NA	NA	41.8277996	-71.3929088	Med High	2065.489368	Geocoded	distance greater than 100m	NA	NA	NA	TRUE	41.8277996	-71.3929088	2015	January
2361	2015-01-24	271002	02:14:00	Pedestrian	1	NA	FALSE	FALSE	1	Memorial Blvd	FRANCIS ST	2015-01-24	Two-Way, Divided, Positive Median Barrier	Dry	Dark - Lighted	Cloudy	Other	Yes	Traffic Control Signal	2	1	Incapacitating	6	41.82595	-71.41517	FALSE	FALSE	Memorial Blvd and Francis Street, Providence, RI, USA	FALSE	-71.4153098	41.8257791	intersection	geometric_center	memorial blvd & francis st, providence, ri 02903, usa	NA	NA	NA	NA	41.8257791	-71.4153098	Med High	22.28040589	Raw	NA	NA	NA	NA	FALSE	41.82595	-71.41517	2015	January
2362	2015-01-24	271010	00:07:00	Pedestrian	1	NA	FALSE	FALSE	1	UNION ST	WASHINGTON ST	2015-01-24	One-Way Trafficway	Dry	Dark - Lighted	Clear	Not a Collision Between Two Motor Vehicles in Transport	Yes	No Controls	2	1	Pain Reported	NA	41.82373	-71.41417	FALSE	FALSE	Union Street and Washington Street, Providence, RI, USA	FALSE	-71.4128343	41.8239891	locality	approximate	providence, ri, usa	Union Street & Washington Street, Providence, RI, USA	EjVVbmlvbiBTdHJlZXQgJiBXYXNoaW5ndG9uIFN0cmVldCwgUHJvdmlkZW5jZSwgUkksIFVTQSJmImQKFAoSCXvJS8cTReSJEcVp0B49EFpXEhQKEgl7yUvHE0XkiRHFadAePRBaVxoUChIJc0CzlRNF5IkRkkTXyjBrnRAaFAoSCanazZwSReSJERoH0JajEjT2IgoN_cbtGBWuFm_V	41.8236157	-71.4139986	41.8236157	-71.4139986	Med	19.08042438	Raw	NA	NA	NA	NA	FALSE	41.82373	-71.41417	2015	January
2363	2015-01-24	271231	23:36:00	Pedestrian	1	NA	FALSE	FALSE	1	CHALKSTONE AVE	ROSEBANK AVE	2015-01-25	Two-Way , Not Divided	Slush	Dark - Lighted	Cloudy	Not a Collision Between Two Motor Vehicles in Transport	No	No Controls	3	1	Incapacitating	NA	41.83397	-71.43384	FALSE	FALSE	Chalkstone Ave and Rosebank Ave, Providence, RI, USA	FALSE	-71.4333511	41.8339277	intersection	geometric_center	chalkstone ave & rosebank ave, providence, ri 02908, usa	NA	NA	NA	NA	41.8339277	-71.4333511	Med High	40.8228431	Raw	NA	NA	NA	NA	FALSE	41.83397	-71.43384	2015	January
2360	2015-01-28	271575	10:26:00	Pedestrian	1	NA	FALSE	FALSE	1	70 HAROLD ST	ALLSTON ST	2015-01-28	Two-Way , Not Divided	Snow	Daylight	Clear	Other	No	No Controls	3	0	No Injury	NA	41.8289	-71.43851	TRUE	FALSE	70 Harold Street, Providence, RI, USA	FALSE	-71.4387332	41.8287858	street_address	rooftop	70 harold st, providence, ri 02908, usa	NA	NA	NA	NA	41.8287858	-71.4387332	High	22.45853255	Raw	NA	NA	NA	NA	FALSE	41.8289	-71.43851	2015	January
2358	2015-01-30	272202	02:51:00	Pedestrian	1	NA	FALSE	FALSE	1	71 bridgham street	KENDALL ST	2015-01-30	Unknown	Wet	Dark - Lighted	Snow	Not a Collision Between Two Motor Vehicles in Transport	Yes	No Controls	1	0	No Injury	NA	41.81297	-71.42611	TRUE	FALSE	71 Bridgham Street, Providence, RI, USA	FALSE	-71.425414	41.8131262	premise	rooftop	71 bridgham st, providence, ri 02907, usa	NA	NA	NA	NA	41.8131262	-71.425414	High	60.30758196	Raw	NA	NA	NA	NA	FALSE	41.81297	-71.42611	2015	January
2359	2015-01-30	272461	17:36:00	Pedestrian	1	NA	FALSE	FALSE	1	HAWKINS ST	YORKSHIRE ST	2015-01-30	Two-Way , Not Divided	Snow	Daylight	Snow	Not a Collision Between Two Motor Vehicles in Transport	Yes	No Controls	1	1	Pain Reported	NA	41.8489	-71.42552	FALSE	FALSE	Hawkins Street and Yorkshire Street, Providence, RI, USA	FALSE	-71.4255153	41.848903	intersection	geometric_center	yorkshire st & hawkins st, providence, ri 02908, usa	NA	NA	NA	NA	41.848903	-71.4255153	Med High	0.513247279	Raw	NA	NA	NA	NA	FALSE	41.8489	-71.42552	2015	January
2357	2015-02-02	272866	01:10:00	Pedestrian	1	NA	FALSE	FALSE	1	EUTAW ST	ATWELLS AVE	2015-02-02	One-Way Trafficway	Dry	Dark - Lighted	Cloudy	Other	Yes	No Controls	3	1	Pain Reported	1	41.82379	-71.42545	FALSE	FALSE	Eutaw Street and Atwells Ave, Providence, RI, USA	FALSE	-71.4263084	41.8235618	intersection	geometric_center	eutaw st & atwells ave, providence, ri 02903, usa	NA	NA	NA	NA	41.8235618	-71.4263084	Med High	75.60436718	Raw	NA	NA	NA	NA	FALSE	41.82379	-71.42545	2015	February
2355	2015-02-04	273294	13:03:00	Pedestrian	1	NA	FALSE	FALSE	1	PENNSYLVANIA AVE	broad st	2015-02-04	Two-Way , Not Divided	Snow	Daylight	Clear	Not a Collision Between Two Motor Vehicles in Transport	Yes	No Controls	2	1	Pain Reported	NA	41.79747	-71.41358	FALSE	FALSE	Pennsylvania Ave and Broad Street, Providence, RI, USA	FALSE	-71.4101636	41.7945838	route	geometric_center	broad st, providence, ri, usa	Pennsylvania Ave & Broad Street, Providence, RI, USA	EjRQZW5uc3lsdmFuaWEgQXZlICYgQnJvYWQgU3RyZWV0LCBQcm92aWRlbmNlLCBSSSwgVVNBImYiZAoUChIJH-USE4lP5IkR2eJtH_oD4z4SFAoSCR_lEhOJT-SJEdnibR_6A-M-GhQKEglLqKh7iU_kiREAyDy9Y6daihoUChIJg9591YxP5IkRLKLKk5hLCKMiCg1YyekYFXUhb9U	41.7974616	-71.4137227	41.7974616	-71.4137227	Med	11.87943126	Raw	NA	NA	NA	NA	FALSE	41.79747	-71.41358	2015	February
2356	2015-02-04	273321	12:53:00	Pedestrian	1	NA	FALSE	FALSE	1	N MAIN ST	N MAIN ST	2015-02-04	Two-Way, Divided, Positive Median Barrier	Snow	Daylight	Clear	Other	No	No Controls	2	1	Pain Reported	NA	41.85566	-71.39994	FALSE	FALSE	N Main Street and N Main Street, Providence, RI, USA	FALSE	-71.2873641	41.7371398	route	geometric_center	n main st, rhode island, usa	North Main Street & South Main Street, Providence, RI, USA	EjpOb3J0aCBNYWluIFN0cmVldCAmIFNvdXRoIE1haW4gU3RyZWV0LCBQcm92aWRlbmNlLCBSSSwgVVNBImYiZAoUChIJD1urSRZF5IkRzGbOghZosXsSFAoSCQ9bq0kWReSJEcxmzoIWaLF7GhQKEgn5-kE93kTkiRFf162-DVwjPxoUChIJxfz7Uz5F5IkRx3FZv-YChPQiCg2TF-4YFdUHcNU	41.8256787	-71.4078251	41.8256787	-71.4078251	Med	3400.964696	Raw	distance greater than 100m	NA	NA	NA	TRUE	41.85566	-71.39994	2015	February
2354	2015-02-06	273698	14:20:00	Pedestrian	2	NA	FALSE	FALSE	1	35 Camp St.	TERNAY GARDEN	2015-02-07	One-Way Trafficway	Dry	Daylight	Clear	Not a Collision Between Two Motor Vehicles in Transport	No	No Controls	4	0	No Injury	NA	41.83737	-71.40436	TRUE	FALSE	35 Camp St., Providence, RI, USA	FALSE	-71.4034252	41.8374411	premise	rooftop	35 camp st, providence, ri 02906, usa	NA	NA	NA	NA	41.8374411	-71.4034252	High	77.93297567	Raw	NA	NA	NA	NA	FALSE	41.83737	-71.40436	2015	February
2353	2015-02-09	274220	16:45:00	Pedestrian	1	NA	FALSE	FALSE	1	CROWNINSHIELD ST	IDA ST	2015-02-09	Two-Way , Not Divided	Snow	Dusk	Snow	Not a Collision Between Two Motor Vehicles in Transport	No	No Controls	3	1	Non-Incapacitating	2	41.81774	-71.45765	FALSE	FALSE	Crowninshield Street and Ida Street, Providence, RI, USA	FALSE	-71.457573	41.81773	intersection	geometric_center	crowninshield st & ida st, providence, ri 02909, usa	NA	NA	NA	NA	41.81773	-71.457573	Med High	6.484420818	Raw	NA	NA	NA	NA	FALSE	41.81774	-71.45765	2015	February
2352	2015-02-17	276090	07:15:00	Pedestrian	1	NA	FALSE	FALSE	1	hope street	OVERHILL RD	2015-02-17	Two-Way , Not Divided	Slush	Daylight	Clear	Not a Collision Between Two Motor Vehicles in Transport	Yes	No Controls	4	1	Pain Reported	2	41.8512	-71.39396	FALSE	FALSE	Hope Street and Overhill Rd, Providence, RI, USA	FALSE	-71.3939451	41.8512056	intersection	geometric_center	hope st & overhill rd, providence, ri 02906, usa	NA	NA	NA	NA	41.8512056	-71.3939451	Med High	1.383864814	Raw	NA	NA	NA	NA	FALSE	41.8512	-71.39396	2015	February
2351	2015-02-19	276724	15:22:00	Pedestrian	1	NA	FALSE	FALSE	1	CHARLES ST	CHARLES ST	2015-02-19	Two-Way , Not Divided	Slush	Daylight	Clear	Not a Collision Between Two Motor Vehicles in Transport	No	No Controls	2	1	Pain Reported	NA	41.85359	-71.42049	FALSE	FALSE	Charles Street and Charles Street, Providence, RI, USA	FALSE	-71.419539	41.8474982	route	geometric_center	charles st, providence, ri, usa	NA	NA	NA	NA	41.8474982	-71.419539	Med	682.7056664	Raw	distance greater than 100m	NA	NA	NA	TRUE	41.85359	-71.42049	2015	February
2349	2015-02-24	277949	12:56:00	Pedestrian	1	NA	FALSE	FALSE	1	RESERVOIR AVE	RESERVOIR AVE EXIT	2015-02-24	Two-Way , Not Divided	Wet	Daylight	Clear	Not a Collision Between Two Motor Vehicles in Transport	No	No Controls	4	1	Pain Reported	NA	41.78642	-71.43404	FALSE	FALSE	Reservoir Ave and Reservoir Ave Exit, Providence, RI, USA	FALSE	-71.4908711	41.943128	intersection	geometric_center	reservoir rd & w reservoir rd, smithfield, ri 02917, usa	NA	NA	NA	NA	41.943128	-71.4908711	Med High	18069.68104	Raw	distance greater than 100m	NA	NA	NA	TRUE	41.78642	-71.43404	2015	February
2350	2015-02-24	278168	22:16:00	Pedestrian	1	NA	FALSE	FALSE	1	Union Ave	POCASSET AVE	2015-02-25	Two-Way , Not Divided	Dry	Dark - Lighted	Cloudy	Other	No	Traffic Control Signal	3	1	Pain Reported	2	41.80639	-71.45716	FALSE	FALSE	Union Ave and Pocasset Ave, Providence, RI, USA	FALSE	-71.457112	41.8064114	intersection	geometric_center	pocasset ave & union ave, providence, ri 02909, usa	NA	NA	NA	NA	41.8064114	-71.457112	Med High	4.640990106	Raw	NA	NA	NA	NA	FALSE	41.80639	-71.45716	2015	February
2345	2015-02-27	279215	08:18:00	Pedestrian	1	NA	FALSE	FALSE	1	CUSTOM HOUSE ST	DYER ST	2015-02-28	Two-Way, Divided, Positive Median Barrier	Ice/Frost	Daylight	Clear	Not a Collision Between Two Motor Vehicles in Transport	No	Traffic Control Signal	3	1	Pain Reported	NA	41.8242	-71.40843	FALSE	FALSE	Custom House Street and Dyer Street, Providence, RI, USA	FALSE	-71.4084187	41.8242128	intersection	geometric_center	dyer st & custom house st, providence, ri 02903, usa	NA	NA	NA	NA	41.8242128	-71.4084187	Med High	1.705580702	Raw	NA	NA	NA	NA	FALSE	41.8242	-71.40843	2015	February