row_number	crash_date	crash_report_id	crash_time	collision_type	count_pedestrian	count_bicycle	scooter	wheel_chair	number_of_vehicles	street_or_highway	nearest_intersection	report_date	type_of_roadway	road_surface_condition	light_condition	weather_condition	manner_of_impact	hit_and_run	traffic_control	person_count	injury_count	most_serious_injury	number_of_lanes	lat_raw	lon_raw	has_st_number	is_intersection_null	address_sent_to_geocoder	is_address_blank	lon_api_first_try	lat_api_first_try	type	loctype	address_returned_by_geocoder	address_returned_by_autocomplete	place_ids_autocompleted	lat_api_second_try	lon_api_second_try	lat_api_best	lon_api_best	api_coord_conf	distance_btwn_coords_meters	best_coordinate_set	reason_for_qa	correct_coordinates	corrected_lat	corrected_lon	manually_qaed_record	final_lat	final_lon	year	month
2346	2015-02-27	279552	22:46:00	Pedestrian	1	NA	FALSE	FALSE	1	Pine St	CHESTNUT ST	2015-03-02	One-Way Trafficway	Dry	Dark - Lighted	Clear	Other	No	Flashing Traffic Control Signal	2	1	Non-Incapacitating	1	41.81944	-71.41294	FALSE	FALSE	Pine Street and Chestnut Street, Providence, RI, USA	FALSE	-71.4108086	41.818517	route	geometric_center	chestnut st, providence, ri, usa	NA	NA	NA	NA	41.818517	-71.4108086	Med	204.5088035	Raw	distance greater than 100m	NA	NA	NA	TRUE	41.81944	-71.41294	2015	February
2347	2015-02-27	279021	09:43:00	Pedestrian	1	NA	FALSE	FALSE	1	HOPE ST	BURLINGTON ST	2015-02-27	Two-Way , Not Divided	Dry	Daylight	Clear	Other	No	No Controls	2	1	Pain Reported	NA	41.84798	-71.39552	FALSE	FALSE	Hope Street and Burlington Street, Providence, RI, USA	FALSE	-71.3955059	41.8480428	intersection	geometric_center	hope st & burlington st, providence, ri 02906, usa	NA	NA	NA	NA	41.8480428	-71.3955059	Med High	7.087966448	Raw	NA	NA	NA	NA	FALSE	41.84798	-71.39552	2015	February
2348	2015-02-27	279029	12:30:00	Bicycle	NA	1	FALSE	FALSE	1	SMITH ST	SMITH ST	2015-02-27	Two-Way , Not Divided	Dry	Daylight	Clear	Not a Collision Between Two Motor Vehicles in Transport	No	No Controls	3	0	No Injury	NA	41.83266	-71.4192	FALSE	FALSE	Smith Street and Smith Street, Providence, RI, USA	FALSE	-71.4433053	41.8418141	route	geometric_center	smith st, providence, ri, usa	NA	NA	NA	NA	41.8418141	-71.4433053	Med	2243.965549	Raw	distance greater than 100m	NA	NA	NA	TRUE	41.83266	-71.4192	2015	February
2343	2015-02-28	279145	17:08:00	Pedestrian	2	NA	FALSE	FALSE	1	Point Street Bridge	POINT ST	2015-02-28	Two-Way , Not Divided	Ice/Frost	Dusk	Clear	Not a Collision Between Two Motor Vehicles in Transport	No	No Controls	3	2	Pain Reported	2	41.81869	-71.40198	FALSE	FALSE	Point Street Bridge and Point Street, Providence, RI, USA	FALSE	-71.4029293	41.818289300000004	intersection	geometric_center	point st & point st bridge, providence, ri 02903, usa	NA	NA	NA	NA	41.818289300000004	-71.4029293	Med High	90.51054904	Raw	NA	NA	NA	NA	FALSE	41.81869	-71.40198	2015	February
2344	2015-02-28	280569	21:35:00	Pedestrian	1	NA	FALSE	FALSE	1	Chalkstone Ave	Geneva St	2015-03-06	Two-Way , Not Divided	Dry	Dark - Lighted	Clear	Not a Collision Between Two Motor Vehicles in Transport	Yes	No Controls	1	1	Pain Reported	NA	41.83226	-71.44118	FALSE	FALSE	Chalkstone Ave and Geneva Street, Providence, RI, USA	FALSE	-71.4409323	41.832278	intersection	geometric_center	chalkstone ave & geneva st, providence, ri 02908, usa	NA	NA	NA	NA	41.832278	-71.4409323	Med High	20.64276029	Raw	NA	NA	NA	NA	FALSE	41.83226	-71.44118	2015	February
2342	2015-03-02	279448	12:14:00	Pedestrian	1	NA	FALSE	FALSE	1	DEAN STREET	WASHINGTON STREET	2015-03-02	Two-Way , Not Divided	Wet	Daylight	Clear	Other	No	Stop Signs	2	1	Pain Reported	2	41.83438	-71.41621	FALSE	FALSE	Dean Street and Washington Street, Providence, RI, USA	FALSE	-71.417553	41.821048	route	geometric_center	washington st, providence, ri, usa	Dean Street & Washington Street, Providence, RI, USA	EjREZWFuIFN0cmVldCAmIFdhc2hpbmd0b24gU3RyZWV0LCBQcm92aWRlbmNlLCBSSSwgVVNBImYiZAoUChIJxd5n_HJF5IkR0-x289HvkKESFAoSCcXeZ_xyReSJEdPsdvPR75ChGhQKEglbBmx-DEXkiRHItJ_foOdA5BoUChIJqdrNnBJF5IkRGgfQlqMSNPYiCg0wFu0YFTgPbtU	41.8190896	-71.4207432	41.8190896	-71.4207432	Med	1743.161896	Geocoded	distance greater than 100m	NA	NA	NA	TRUE	41.8190896	-71.4207432	2015	March
2341	2015-03-08	281069	19:12:00	Pedestrian	1	NA	FALSE	FALSE	1	POINT ST	PLAIN ST	2015-03-08	One-Way Trafficway	Wet	Dark - Lighted	Clear	Not a Collision Between Two Motor Vehicles in Transport	Yes	Stop Signs	1	1	Pain Reported	3	41.81489	-71.41371	FALSE	FALSE	Point Street and Plain Street, Providence, RI, USA	FALSE	-71.411061900000007	41.8098238	route	geometric_center	plain st, providence, ri, usa	NA	NA	NA	NA	41.8098238	-71.411061900000007	Med	605.2539145	Raw	distance greater than 100m	NA	NA	NA	TRUE	41.81489	-71.41371	2015	March
2340	2015-03-11	281554	15:11:00	Pedestrian	1	NA	FALSE	FALSE	1	Bellevue Ave	CRANSTON ST	2015-03-11	Two-Way , Not Divided	Wet	Daylight	Clear	Not a Collision Between Two Motor Vehicles in Transport	No	No Controls	2	1	Pain Reported	2	41.80888	-71.43403	FALSE	FALSE	Bellevue Ave and Cranston Street, Providence, RI, USA	FALSE	-71.434059	41.8089239	intersection	geometric_center	cranston st & bellevue ave, providence, ri 02907, usa	NA	NA	NA	NA	41.8089239	-71.434059	Med High	5.447212959	Raw	NA	NA	NA	NA	FALSE	41.80888	-71.43403	2015	March
2339	2015-03-15	282357	12:38:00	Pedestrian	1	NA	FALSE	FALSE	1	WESTMINSTER ST	STOKES ST	2015-03-15	Two-Way , Not Divided	Dry	Daylight	Clear	Not a Collision Between Two Motor Vehicles in Transport	No	No Controls	4	1	Pain Reported	NA	41.81669	-71.44252	FALSE	FALSE	Westminster Street and Stokes Street, Providence, RI, USA	FALSE	-71.4428116	41.8167431	intersection	geometric_center	westminster st & stokes st, providence, ri 02909, usa	NA	NA	NA	NA	41.8167431	-71.4428116	Med High	24.90408048	Raw	NA	NA	NA	NA	FALSE	41.81669	-71.44252	2015	March
2338	2015-03-16	282514	15:45:00	Bicycle	NA	1	FALSE	FALSE	1	30 Hartford Ave	OLNEYVILLE SQ	2015-03-16	One-Way Trafficway	Dry	Daylight	Clear	Not a Collision Between Two Motor Vehicles in Transport	No	No Controls	2	1	Pain Reported	1	41.81673	-71.44431	TRUE	FALSE	30 Hartford Ave, Providence, RI, USA	FALSE	-71.4438611	41.8169508	street_address	rooftop	30 hartford ave, providence, ri 02909, usa	NA	NA	NA	NA	41.8169508	-71.4438611	High	44.62238749	Raw	NA	NA	NA	NA	FALSE	41.81673	-71.44431	2015	March
2337	2015-03-18	282868	13:24:00	Bicycle	NA	1	FALSE	FALSE	1	ANGELL ST	BROOK ST	2015-03-18	One-Way Trafficway	Dry	Daylight	Clear	Sideswipe, Same Direction	Yes	No Controls	2	1	Pain Reported	NA	41.82823	-71.39929	FALSE	FALSE	Angell Street and Brook Street, Providence, RI, USA	FALSE	-71.3994627	41.8282166	intersection	geometric_center	brook st & angell st, providence, ri 02906, usa	NA	NA	NA	NA	41.8282166	-71.3994627	Med High	14.40282389	Raw	NA	NA	NA	NA	FALSE	41.82823	-71.39929	2015	March
2336	2015-03-19	282968	06:59:00	Pedestrian	1	NA	FALSE	FALSE	1	BENEFIT STREET	POWER STREET	2015-03-19	Two-Way , Not Divided	Dry	Daylight	Clear	Other	No	Stop Signs	4	1	Non-Incapacitating	2	41.83651	-71.4149	FALSE	FALSE	Benefit Street and Power Street, Providence, RI, USA	FALSE	-71.4039218	41.8228439	intersection	geometric_center	benefit st & power st, providence, ri 02906, usa	NA	NA	NA	NA	41.8228439	-71.4039218	Med High	1773.015317	Geocoded	distance greater than 100m	NA	NA	NA	TRUE	41.8228439	-71.4039218	2015	March
2335	2015-03-23	283751	15:20:00	Pedestrian	1	NA	FALSE	FALSE	1	Jillson St	EDDY ST	2015-03-23	Two-Way, Divided, Unprotected (painted>4feet) Medium	Dry	Daylight	Clear	Not a Collision Between Two Motor Vehicles in Transport	Yes	Stop Signs	6	1	Pain Reported	NA	41.79133	-71.40391	FALSE	FALSE	Jillson Street and Eddy Street, Providence, RI, USA	FALSE	-71.4034455	41.7914259	intersection	geometric_center	eddy st & jillson st, providence, ri 02905, usa	NA	NA	NA	NA	41.7914259	-71.4034455	Med High	40.00297812	Raw	NA	NA	NA	NA	FALSE	41.79133	-71.40391	2015	March
2334	2015-03-24	283806	10:07:00	Bicycle	NA	1	FALSE	FALSE	1	575 WICKENDEN STREET	NA	2015-03-24	Two-Way , Not Divided	Dry	Daylight	Clear	Other	Yes	No Controls	1	0	No Injury	2	41.83618	-71.41545	TRUE	TRUE	575 Wickenden Street, Providence, RI, USA	FALSE	-71.3915472	41.8199003	street_address	rooftop	575 wickenden st, providence, ri 02903, usa	NA	NA	NA	NA	41.8199003	-71.3915472	High	2686.16078	Geocoded	distance greater than 100m	NA	NA	NA	TRUE	41.8199003	-71.3915472	2015	March
2332	2015-03-26	284120	08:41:00	Pedestrian	1	NA	FALSE	FALSE	1	201 SMITH STREET	FRAN CONWAY PLACE	2015-03-26	Two-Way , Not Divided	Dry	Daylight	Cloudy	Other	No	No Controls	6	2	Fatal	NA	41.83476	-71.41637	TRUE	FALSE	201 Smith Street, Providence, RI, USA	FALSE	-71.4182709	41.8325036	premise	rooftop	201 smith st, providence, ri 02908, usa	NA	NA	NA	NA	41.8325036	-71.4182709	High	296.5643059	Geocoded	distance greater than 100m	NA	NA	NA	TRUE	41.8325036	-71.4182709	2015	March
2333	2015-03-26	284250	18:14:00	Pedestrian	1	NA	FALSE	FALSE	1	51 Silver Spring St	CHATHAM ST	2015-03-26	Two-Way , Not Divided	Wet	Dark - Lighted	Rain	Not a Collision Between Two Motor Vehicles in Transport	Yes	No Controls	1	1	Pain Reported	2	41.84618	-71.41688	TRUE	FALSE	51 Silver Spring Street, Providence, RI, USA	FALSE	-71.4166633	41.8454522	premise	rooftop	51 silver spring st, providence, ri 02904, usa	NA	NA	NA	NA	41.8454522	-71.4166633	High	82.9873323	Raw	NA	NA	NA	NA	FALSE	41.84618	-71.41688	2015	March
2331	2015-03-28	288241	20:07:00	Pedestrian	1	NA	FALSE	FALSE	1	BOWDOIN ST	ATWELLS AVE	2015-04-21	Two-Way , Not Divided	Dry	Dark - Lighted	Clear	Not a Collision Between Two Motor Vehicles in Transport	Yes	No Controls	3	1	Pain Reported	NA	41.82476	-71.44292	FALSE	FALSE	Bowdoin Street and Atwells Ave, Providence, RI, USA	FALSE	-71.4429258	41.8247702	intersection	geometric_center	bowdoin st & atwells ave, providence, ri 02909, usa	NA	NA	NA	NA	41.8247702	-71.4429258	Med High	1.233189145	Raw	NA	NA	NA	NA	FALSE	41.82476	-71.44292	2015	March
2330	2015-03-29	284565	01:29:00	Pedestrian	1	NA	FALSE	FALSE	1	OAKLAND AVE	DICKENS ST	2015-03-29	Two-Way , Not Divided	Wet	Dark - Lighted	Snow	Not a Collision Between Two Motor Vehicles in Transport	No	No Controls	2	1	Pain Reported	NA	41.83775	-71.42984	FALSE	FALSE	Oakland Ave and Dickens Street, Providence, RI, USA	FALSE	-71.4298897	41.8376537	intersection	geometric_center	oakland ave & dickens st, providence, ri 02908, usa	NA	NA	NA	NA	41.8376537	-71.4298897	Med High	11.48523102	Raw	NA	NA	NA	NA	FALSE	41.83775	-71.42984	2015	March
2329	2015-04-01	285119	12:10:00	Pedestrian	1	1	FALSE	FALSE	2	1901 WESTMINSTER ST	BOUGH ST	2015-04-01	Two-Way, Divided, Unprotected (painted>4feet) Medium	Dry	Daylight	Clear	Angle (Front - to - Side) Right Angle (Includes Broadside)	No	Pavement Markings	6	1	Pain Reported	3	41.8166	-71.44189	TRUE	FALSE	1901 Westminster Street, Providence, RI, USA	FALSE	-71.4418333	41.8168429	premise	rooftop	1901 westminster st, providence, ri 02909, usa	NA	NA	NA	NA	41.8168429	-71.4418333	High	27.44563991	Raw	NA	NA	NA	NA	FALSE	41.8166	-71.44189	2015	April
2327	2015-04-02	285327	19:11:00	Bicycle	NA	1	TRUE	FALSE	1	DAVE GAVIT WAY	BASSETT ST	2015-04-02	One-Way Trafficway	Dry	Dark - Lighted	Clear	Not a Collision Between Two Motor Vehicles in Transport	No	Stop Signs	2	1	Pain Reported	3	41.81603	-71.41286	FALSE	FALSE	Dave Gavit Way and Bassett Street, Providence, RI, USA	FALSE	-71.4115736	41.817488	route	geometric_center	bassett st, providence, ri 02903, usa	NA	NA	NA	NA	41.817488	-71.4115736	Med	194.249361	Raw	distance greater than 100m	NA	NA	NA	TRUE	41.81603	-71.41286	2015	April
2328	2015-04-02	285661	17:42:00	Pedestrian	1	NA	FALSE	FALSE	1	LENOX AVE	EMERSON ST	2015-04-05	Two-Way , Not Divided	Dry	Daylight	Clear	Other	Yes	Stop Signs	1	1	Non-Incapacitating	NA	41.7979	-71.41604	FALSE	FALSE	Lenox Ave and Emerson Street, Providence, RI, USA	FALSE	-71.4160635	41.7979139	intersection	geometric_center	lenox ave & emerson st, providence, ri 02907, usa	NA	NA	NA	NA	41.7979139	-71.4160635	Med High	2.489514027	Raw	NA	NA	NA	NA	FALSE	41.7979	-71.41604	2015	April
2326	2015-04-03	285445	18:18:00	Bicycle	NA	1	FALSE	FALSE	1	PITMAN ST	IVES ST	2015-04-03	Two-Way , Not Divided	Wet	Daylight	Rain	Angle (Front - to - Side) Right Angle (Includes Broadside)	No	Stop Signs	2	1	Pain Reported	2	41.82635	-71.39276	FALSE	FALSE	Pitman Street and Ives Street, Providence, RI, USA	FALSE	-71.3926934	41.8263596	intersection	geometric_center	ives st & pitman st, providence, ri 02906, usa	NA	NA	NA	NA	41.8263596	-71.3926934	Med High	5.627005826	Raw	NA	NA	NA	NA	FALSE	41.82635	-71.39276	2015	April
2322	2015-04-06	285754	11:01:00	Bicycle	NA	1	FALSE	FALSE	1	404 VALLEY STR	EAGLE ST	2015-04-06	Two-Way , Not Divided	Dry	Daylight	Clear	Not a Collision Between Two Motor Vehicles in Transport	No	No Controls	2	1	Pain Reported	NA	41.82761	-71.43594	TRUE	FALSE	404 Valley Str, Providence, RI, USA	FALSE	-71.4366915	41.8278727	premise	rooftop	404 valley st, providence, ri 02908, usa	NA	NA	NA	NA	41.8278727	-71.4366915	High	68.8555666	Raw	NA	NA	NA	NA	FALSE	41.82761	-71.43594	2015	April
2323	2015-04-06	285760	07:15:00	Pedestrian	1	NA	FALSE	FALSE	1	EXCHANGE ST	Fulton ST	2015-04-06	Two-Way , Not Divided	Dry	Daylight	Clear	Not a Collision Between Two Motor Vehicles in Transport	No	Traffic Control Signal	3	0	No Injury	NA	41.82503	-71.4101	FALSE	FALSE	Exchange Street and Fulton Street, Providence, RI, USA	FALSE	-71.4106081	41.8253794	intersection	geometric_center	exchange st & fulton st, providence, ri 02903, usa	NA	NA	NA	NA	41.8253794	-71.4106081	Med High	57.35266391	Raw	NA	NA	NA	NA	FALSE	41.82503	-71.4101	2015	April
2324	2015-04-06	285780	17:30:00	Pedestrian	1	NA	FALSE	FALSE	1	Westminster Street	MANTON AVE	2015-04-06	Two-Way , Not Divided	Dry	Daylight	Clear	Not a Collision Between Two Motor Vehicles in Transport	No	No Controls	3	1	Pain Reported	NA	41.81676	-71.44314	FALSE	FALSE	Westminster Street and Manton Ave, Providence, RI, USA	FALSE	-71.4570108	41.8257711	route	geometric_center	manton ave, providence, ri 02909, usa	NA	NA	NA	NA	41.8257711	-71.4570108	Med	1526.546065	Raw	distance greater than 100m	NA	NA	NA	TRUE	41.81676	-71.44314	2015	April
2325	2015-04-06	285817	20:44:00	Pedestrian	1	NA	FALSE	FALSE	1	BROAD ST	EDDY ST	2015-04-06	Two-Way , Not Divided	Dry	Dark - Lighted	Clear	Not a Collision Between Two Motor Vehicles in Transport	No	No Controls	3	1	Pain Reported	NA	41.78674	-71.40225	FALSE	FALSE	Broad Street and Eddy Street, Providence, RI, USA	FALSE	-71.4072274	41.8059506	route	geometric_center	eddy st, providence, ri, usa	NA	NA	NA	NA	41.8059506	-71.4072274	Med	2178.044203	Raw	distance greater than 100m	NA	NA	NA	TRUE	41.78674	-71.40225	2015	April
2320	2015-04-07	285992	16:03:00	Bicycle	NA	1	FALSE	FALSE	1	S MAIN ST	COLLEGE ST	2015-04-07	One-Way Trafficway	Wet	Daylight	Rain	Other	No	Pavement Markings	2	1	Pain Reported	2	41.82624	-71.4083	FALSE	FALSE	S Main Street and College Street, Providence, RI, USA	FALSE	-71.4078251	41.8256787	intersection	geometric_center	s main st & college st, providence, ri 02903, usa	NA	NA	NA	NA	41.8256787	-71.4078251	Med High	73.86540529	Raw	NA	NA	NA	NA	FALSE	41.82624	-71.4083	2015	April
2321	2015-04-07	286115	12:28:00	Bicycle	NA	NA	FALSE	FALSE	2	BROAD ST	CAHIR ST	2015-04-08	Two-Way , Not Divided	Wet	Daylight	Rain	Not a Collision Between Two Motor Vehicles in Transport	Yes	Traffic Control Signal	1	0	No Injury	2	41.81692	-71.41795	FALSE	FALSE	Broad Street and Cahir Street, Providence, RI, USA	FALSE	-71.4189877	41.8178471	route	geometric_center	cahir st, providence, ri 02903, usa	Broad Street & Cahir Street, Providence, RI, USA	EjBCcm9hZCBTdHJlZXQgJiBDYWhpciBTdHJlZXQsIFByb3ZpZGVuY2UsIFJJLCBVU0EiZiJkChQKEglxchb1bUXkiRHx6X_pfAz-ChIUChIJcXIW9W1F5IkR8el_6XwM_goaFAoSCYPefdWMT-SJESyiypOYSwijGhQKEgmx_OtuckXkiRFRWF6nVg1mziIKDXPC7BgVlX5u1Q	41.8169459	-71.4178923	41.8169459	-71.4178923	Med	5.588231095	Raw	NA	NA	NA	NA	FALSE	41.81692	-71.41795	2015	April
2319	2015-04-08	286083	07:56:00	Pedestrian	1	NA	FALSE	FALSE	1	WASHINGTON STREET	MATHEWSON STREET	2015-04-08	Two-Way , Not Divided	Dry	Daylight	Cloudy	Unknown	Yes	No Controls	2	0	No Injury	2	41.83713	-71.41435	FALSE	FALSE	Washington Street and Mathewson Street, Providence, RI, USA	FALSE	-71.4147864	41.8230454	intersection	geometric_center	mathewson st & washington st, providence, ri 02903, usa	NA	NA	NA	NA	41.8230454	-71.4147864	Med High	1568.308299	Geocoded	distance greater than 100m	NA	NA	NA	TRUE	41.8230454	-71.4147864	2015	April
2318	2015-04-11	286428	13:08:00	Pedestrian	1	NA	FALSE	FALSE	1	15 CAROLINA AVENUE	NA	2015-04-11	Two-Way , Not Divided	Dry	Daylight	Clear	Unknown	Yes	No Controls	1	1	Non-Incapacitating	2	41.83203	-71.41752	TRUE	TRUE	15 Carolina Avenue, Providence, RI, USA	FALSE	-71.3936625	41.7921903	street_address	range_interpolated	15 carolina ave, providence, ri 02905, usa	NA	NA	NA	NA	41.7921903	-71.3936625	High	4856.63759	Geocoded	distance greater than 100m	NA	NA	NA	TRUE	41.7921903	-71.3936625	2015	April
2316	2015-04-15	287457	07:23:00	Pedestrian	1	NA	FALSE	FALSE	1	BROAD ST	THURBERS AVE	2015-04-15	Two-Way, Divided, Unprotected (painted>4feet) Medium	Dry	Daylight	Clear	Not a Collision Between Two Motor Vehicles in Transport	No	Traffic Control Signal	5	1	Pain Reported	NA	41.7982	-71.41467	FALSE	FALSE	Broad Street and Thurbers Ave, Providence, RI, USA	FALSE	-71.4072534	41.7996465	route	geometric_center	thurbers ave, providence, ri 02905, usa	Broad Street & Thurbers Ave, Providence, RI, USA	EjBCcm9hZCBTdHJlZXQgJiBUaHVyYmVycyBBdmUsIFByb3ZpZGVuY2UsIFJJLCBVU0EiZiJkChQKEgnVbsoGiU_kiRFIi3UXtPpeWRIUChIJ1W7KBolP5IkRSIt1F7T6XlkaFAoSCYPefdWMT-SJESyiypOYSwijGhQKEgkroyggYEXkiRGzStN47BclxSIKDUjm6RgVr_xu1Q	41.7982024	-71.4146641	41.7982024	-71.4146641	Med	0.557778445	Raw	NA	NA	NA	NA	FALSE	41.7982	-71.41467	2015	April
2317	2015-04-15	287502	12:35:00	Bicycle	NA	1	FALSE	FALSE	1	ASHBURTON ST	CHARLES ST	2015-04-15	One-Way Trafficway	Dry	Daylight	Clear	Not a Collision Between Two Motor Vehicles in Transport	No	No Controls	2	1	Pain Reported	NA	41.83897	-71.41564	FALSE	FALSE	Ashburton Street and Charles Street, Providence, RI, USA	FALSE	-71.4161424	41.8393902	intersection	geometric_center	ashburton st & charles st, providence, ri 02904, usa	NA	NA	NA	NA	41.8393902	-71.4161424	Med High	62.64301778	Raw	NA	NA	NA	NA	FALSE	41.83897	-71.41564	2015	April
2315	2015-04-18	287878	23:37:00	Pedestrian	1	NA	FALSE	FALSE	1	MEETING ST	THAYER ST	2015-04-19	One-Way Trafficway	Dry	Dark - Lighted	Clear	Other	Yes	No Controls	1	1	Pain Reported	NA	41.82916	-71.40084	FALSE	FALSE	Meeting Street and Thayer Street, Providence, RI, USA	FALSE	-71.4007664	41.8291611	intersection	geometric_center	thayer st & meeting st, providence, ri 02906, usa	NA	NA	NA	NA	41.8291611	-71.4007664	Med High	6.106218015	Raw	NA	NA	NA	NA	FALSE	41.82916	-71.40084	2015	April
2314	2015-04-26	288816	15:17:00	Pedestrian	1	NA	FALSE	FALSE	1	555 CHALKSTONE AVE	NA	2015-04-26	Unknown	Dry	Daylight	Clear	Not a Collision Between Two Motor Vehicles in Transport	Yes	No Controls	3	1	Pain Reported	NA	41.83553	-71.42446	TRUE	TRUE	555 Chalkstone Ave, Providence, RI, USA	FALSE	-71.4256122	41.8354615	premise	rooftop	555 chalkstone ave, providence, ri 02908, usa	NA	NA	NA	NA	41.8354615	-71.4256122	High	95.86724459	Raw	NA	NA	NA	NA	FALSE	41.83553	-71.42446	2015	April
2313	2015-04-27	288925	14:42:00	Pedestrian	1	NA	FALSE	FALSE	1	ASHBURTON ST	NA	2015-04-27	One-Way Trafficway	Dry	Daylight	Clear	Not a Collision Between Two Motor Vehicles in Transport	No	No Controls	5	1	Pain Reported	NA	41.83657	-71.41397	FALSE	TRUE	Ashburton Street, Providence, RI, USA	FALSE	-71.4157779	41.8380845	route	geometric_center	ashburton st, providence, ri 02904, usa	NA	NA	NA	NA	41.8380845	-71.4157779	Inaccurate	225.6249581	Raw	distance greater than 100m	NA	NA	NA	TRUE	41.83657	-71.41397	2015	April
2311	2015-04-28	289008	08:44:00	Pedestrian	1	NA	FALSE	FALSE	1	BROADWAY	KNIGHT ST	2015-04-28	Two-Way , Not Divided	Dry	Daylight	Cloudy	Not a Collision Between Two Motor Vehicles in Transport	No	Traffic Control Signal	6	1	Pain Reported	NA	41.81982	-71.42926	FALSE	FALSE	Broadway and Knight Street, Providence, RI, USA	FALSE	-71.4298401	41.8202496	route	geometric_center	knight st, providence, ri, usa	Broadway & Knight Street, Providence, RI, USA	Ei1Ccm9hZHdheSAmIEtuaWdodCBTdHJlZXQsIFByb3ZpZGVuY2UsIFJJLCBVU0EiZiJkChQKEgmvZYGEdUXkiRHAVmwJ-u4XKRIUChIJr2WBhHVF5IkRwFZsCfruFykaFAoSCaW15YZ1ReSJERrCM7HXpG-zGhQKEgkPqvF6dUXkiRGsZxyELkktfCIKDcQy7RgVV79s1Q	41.8198212	-71.4293417	41.8198212	-71.4293417	Med	6.779175709	Raw	NA	NA	NA	NA	FALSE	41.81982	-71.42926	2015	April
2312	2015-04-28	289077	19:50:00	Pedestrian	1	NA	FALSE	FALSE	1	BODELL AVE	ETNA ST	2015-04-28	Two-Way , Not Divided	Dry	Dusk	Clear	Not a Collision Between Two Motor Vehicles in Transport	No	No Controls	3	1	Non-Incapacitating	NA	41.81656	-71.45162	FALSE	FALSE	Bodell Ave and Etna Street, Providence, RI, USA	FALSE	-71.450912	41.816513	intersection	geometric_center	bodell ave & etna st, providence, ri 02909, usa	NA	NA	NA	NA	41.816513	-71.450912	Med High	58.97148374	Raw	NA	NA	NA	NA	FALSE	41.81656	-71.45162	2015	April
2309	2015-04-29	289153	11:30:00	Pedestrian	1	NA	FALSE	FALSE	1	BROAD ST	Somerset St	2015-04-29	Two-Way, Divided, Positive Median Barrier	Dry	Daylight	Clear	Not a Collision Between Two Motor Vehicles in Transport	No	No Controls	3	1	Pain Reported	NA	41.81347	-71.42158	FALSE	FALSE	Broad Street and Somerset Street, Providence, RI, USA	FALSE	-71.4189293	41.8120584	route	geometric_center	somerset st, providence, ri, usa	Broad Street & Somerset Street, Providence, RI, USA	EjNCcm9hZCBTdHJlZXQgJiBTb21lcnNldCBTdHJlZXQsIFByb3ZpZGVuY2UsIFJJLCBVU0EiZiJkChQKEgkL8cb6cEXkiRFbmigrIHJHkRIUChIJC_HG-nBF5IkRW5ooKyByR5EaFAoSCYPefdWMT-SJESyiypOYSwijGhQKEgnrwx8ZcEXkiRHDryh8sOglTSIKDT067BgVsO5t1Q	41.8134589	-71.421576	41.8134589	-71.421576	Med	1.279438327	Raw	NA	NA	NA	NA	FALSE	41.81347	-71.42158	2015	April
2310	2015-04-29	289163	14:04:00	Bicycle	NA	1	FALSE	FALSE	1	DOUGLAS AVE	GODDARD ST	2015-04-29	Two-Way, Divided, Unprotected (painted>4feet) Medium	Dry	Daylight	Clear	Other	No	No Controls	5	1	Pain Reported	NA	41.83522	-71.41759	FALSE	FALSE	Douglas Ave and Goddard Street, Providence, RI, USA	FALSE	-71.4175335	41.8352116	intersection	geometric_center	goddard st & douglas ave, providence, ri 02908, usa	NA	NA	NA	NA	41.8352116	-71.4175335	Med High	4.778515905	Raw	NA	NA	NA	NA	FALSE	41.83522	-71.41759	2015	April
2308	2015-04-30	289384	21:37:00	Pedestrian	1	NA	FALSE	FALSE	1	86 CORINTH ST	NA	2015-04-30	Unknown	Dry	Dark - Lighted	Clear	Not a Collision Between Two Motor Vehicles in Transport	No	No Controls	3	1	Pain Reported	NA	41.7934	-71.4134	TRUE	TRUE	86 Corinth Street, Providence, RI, USA	FALSE	-71.4133542	41.7932754	premise	rooftop	86 corinth st, providence, ri 02907, usa	NA	NA	NA	NA	41.7932754	-71.4133542	High	14.38182908	Raw	NA	NA	NA	NA	FALSE	41.7934	-71.4134	2015	April
2306	2015-05-01	289467	12:44:00	Bicycle	NA	1	FALSE	FALSE	1	BROADWAY	GREENMAN LN	2015-05-01	Two-Way , Not Divided	Dry	Daylight	Clear	Not a Collision Between Two Motor Vehicles in Transport	No	Traffic Control Signal	5	1	Pain Reported	NA	41.82232	-71.41867	FALSE	FALSE	Broadway and Greenman Ln, Providence, RI, USA	FALSE	-71.4119953	41.8109879	doctor	rooftop	101 dudley st, providence, ri 02905, usa	NA	NA	NA	NA	41.8109879	-71.4119953	Med	1377.677046	Raw	distance greater than 100m	NA	NA	NA	TRUE	41.82232	-71.41867	2015	May
2307	2015-05-01	289488	16:47:00	Bicycle	NA	1	FALSE	FALSE	1	OAKLAND AVE	EATON ST	2015-05-01	Two-Way , Not Divided	Dry	Daylight	Clear	Not a Collision Between Two Motor Vehicles in Transport	Yes	No Controls	3	1	Pain Reported	2	41.84101	-71.42851	FALSE	FALSE	Oakland Ave and Eaton Street, Providence, RI, USA	FALSE	-71.4285018	41.8410229	intersection	geometric_center	eaton st & oakland ave, providence, ri 02908, usa	NA	NA	NA	NA	41.8410229	-71.4285018	Med High	1.588906836	Raw	NA	NA	NA	NA	FALSE	41.84101	-71.42851	2015	May