row_number	crash_date	crash_report_id	crash_time	collision_type	count_pedestrian	count_bicycle	scooter	wheel_chair	number_of_vehicles	street_or_highway	nearest_intersection	report_date	type_of_roadway	road_surface_condition	light_condition	weather_condition	manner_of_impact	hit_and_run	traffic_control	person_count	injury_count	most_serious_injury	number_of_lanes	lat_raw	lon_raw	has_st_number	is_intersection_null	address_sent_to_geocoder	is_address_blank	lon_api_first_try	lat_api_first_try	type	loctype	address_returned_by_geocoder	address_returned_by_autocomplete	place_ids_autocompleted	lat_api_second_try	lon_api_second_try	lat_api_best	lon_api_best	api_coord_conf	distance_btwn_coords_meters	best_coordinate_set	reason_for_qa	correct_coordinates	corrected_lat	corrected_lon	manually_qaed_record	final_lat	final_lon	year	month
2220	2015-07-30	303976	16:47:00	Bicycle	NA	1	FALSE	FALSE	1	BLACKSTONE BLVD	LLOYD AVE	2015-07-30	One-Way Trafficway	Dry	Daylight	Cloudy	Not a Collision Between Two Motor Vehicles in Transport	No	Stop Signs	4	1	Pain Reported	2	41.83534	-71.38462	FALSE	FALSE	Blackstone Blvd and Lloyd Ave, Providence, RI, USA	FALSE	-71.3846285	41.8353537	intersection	geometric_center	lloyd ave & blackstone blvd, providence, ri 02906, usa	NA	NA	NA	NA	41.8353537	-71.3846285	Med High	1.680140902	Raw	NA	NA	NA	NA	FALSE	41.83534	-71.38462	2015	July
2221	2015-07-30	304042	20:07:00	Pedestrian	3	NA	FALSE	FALSE	1	SMITH ST	DANFORTH ST	2015-07-30	Two-Way , Not Divided	Wet	Dark - Lighted	Rain	Other	No	No Controls	7	2	Incapacitating	2	41.83564	-71.4267	FALSE	FALSE	Smith Street and Danforth Street, Providence, RI, USA	FALSE	-71.4265132	41.8355761	intersection	geometric_center	danforth st & smith st, providence, ri 02908, usa	NA	NA	NA	NA	41.8355761	-71.4265132	Med High	17.04809555	Raw	NA	NA	NA	NA	FALSE	41.83564	-71.4267	2015	July
2216	2015-07-31	304260	18:50:00	Bicycle	NA	1	FALSE	FALSE	1	21 FELIX ST	CHALKSTONE AVE	2015-07-31	Two-Way , Not Divided	Dry	Daylight	Clear	Not a Collision Between Two Motor Vehicles in Transport	Yes	No Controls	1	0	No Injury	NA	41.83276	-71.4279	TRUE	FALSE	21 Felix Street, Providence, RI, USA	FALSE	-71.4277183	41.8328076	premise	rooftop	21 felix st, providence, ri 02908, usa	NA	NA	NA	NA	41.8328076	-71.4277183	High	15.97521891	Raw	NA	NA	NA	NA	FALSE	41.83276	-71.4279	2015	July
2217	2015-07-31	304271	23:17:00	Pedestrian	1	NA	FALSE	FALSE	1	MEMORIAL BLVD	FRANCIS ST	2015-08-01	Two-Way, Divided, Positive Median Barrier	Dry	Dark - Lighted	Clear	Not a Collision Between Two Motor Vehicles in Transport	No	Traffic Control Signal	5	1	Non-Incapacitating	NA	41.8259	-71.41535	FALSE	FALSE	Memorial Blvd and Francis Street, Providence, RI, USA	FALSE	-71.4153098	41.8257791	intersection	geometric_center	memorial blvd & francis st, providence, ri 02903, usa	NA	NA	NA	NA	41.8257791	-71.4153098	Med High	13.86550052	Raw	NA	NA	NA	NA	FALSE	41.8259	-71.41535	2015	July
2218	2015-07-31	304549	13:28:00	Pedestrian	1	NA	FALSE	FALSE	1	RESERVOIR AVE	ELMWOOD AVE	2015-08-02	Unknown	Dry	Daylight	Clear	Other	No	No Controls	2	1	Pain Reported	NA	41.79782	-71.42611	FALSE	FALSE	Reservoir Ave and Elmwood Ave, Providence, RI, USA	FALSE	-71.4258248	41.7971616	intersection	geometric_center	reservoir ave & elmwood ave, providence, ri 02907, usa	NA	NA	NA	NA	41.7971616	-71.4258248	Med High	77.01965475	Raw	NA	NA	NA	NA	FALSE	41.79782	-71.42611	2015	July
2215	2015-08-01	304397	19:07:00	Pedestrian	1	NA	FALSE	FALSE	1	Smith St	HOLDEN ST	2015-08-01	Two-Way , Not Divided	Dry	Dusk	Clear	Not a Collision Between Two Motor Vehicles in Transport	No	No Controls	4	1	Pain Reported	2	41.83219	-71.41798	FALSE	FALSE	Smith Street and Holden Street, Providence, RI, USA	FALSE	-71.4180055	41.8322069	intersection	geometric_center	holden st & smith st, providence, ri 02908, usa	NA	NA	NA	NA	41.8322069	-71.4180055	Med High	2.83069765	Raw	NA	NA	NA	NA	FALSE	41.83219	-71.41798	2015	August
2214	2015-08-02	304577	16:40:00	Bicycle	1	NA	FALSE	FALSE	1	Kenwood St	MESSER ST	2015-08-02	Two-Way , Not Divided	Dry	Daylight	Clear	Not a Collision Between Two Motor Vehicles in Transport	Yes	No Controls	1	0	No Injury	2	41.80992	-71.43438	FALSE	FALSE	Kenwood Street and Messer Street, Providence, RI, USA	FALSE	-71.4343567	41.8099484	intersection	geometric_center	kenwood st & messer st, providence, ri 02909, usa	NA	NA	NA	NA	41.8099484	-71.4343567	Med High	3.705733958	Raw	NA	NA	NA	NA	FALSE	41.80992	-71.43438	2015	August
2212	2015-08-03	304799	18:33:00	Pedestrian	1	NA	FALSE	FALSE	1	16 BARRY ROAD	BARRY RD	2015-08-03	Two-Way , Not Divided	Dry	Daylight	Clear	Not a Collision Between Two Motor Vehicles in Transport	No	No Controls	3	1	Non-Incapacitating	NA	41.81821	-71.4504	TRUE	FALSE	16 Barry Road, Providence, RI, USA	FALSE	-71.4503018	41.8177507	street_address	rooftop	16 barry rd, providence, ri 02909, usa	NA	NA	NA	NA	41.8177507	-71.4503018	High	51.77404335	Raw	NA	NA	NA	NA	FALSE	41.81821	-71.4504	2015	August
2213	2015-08-03	306183	12:56:00	Bicycle	NA	1	FALSE	FALSE	1	ELMWOOD AVE	ELMWOOD AVE	2015-08-11	Two-Way, Divided, Unprotected (painted>4feet) Medium	Dry	Daylight	Clear	Angle (Front - to - Side) Same Direction	No	No Controls	2	1	Pain Reported	NA	41.80736	-71.42484	FALSE	FALSE	Elmwood Ave and Elmwood Ave, Providence, RI, USA	FALSE	-71.4229658	41.7920613	route	geometric_center	elmwood ave, providence, ri, usa	NA	NA	NA	NA	41.7920613	-71.4229658	Med	1710.130896	Unknown	distance greater than 100m	NA	NA	NA	TRUE	NA	NA	2015	August
2210	2015-08-05	305204	16:03:00	Bicycle	NA	1	FALSE	FALSE	1	North Main St	FROST ST	2015-08-05	Two-Way, Divided, Positive Median Barrier	Dry	Daylight	Clear	Not a Collision Between Two Motor Vehicles in Transport	No	No Controls	2	1	Pain Reported	4	41.85138	-71.40235	FALSE	FALSE	North Main Street and Frost Street, Providence, RI, USA	FALSE	-71.4034541	41.8516888	route	geometric_center	frost st, providence, ri 02904, usa	North Main Street & Frost Street, Providence, RI, USA	EjVOb3J0aCBNYWluIFN0cmVldCAmIEZyb3N0IFN0cmVldCwgUHJvdmlkZW5jZSwgUkksIFVTQSJmImQKFAoSCX19LNrDROSJEaL1DS0QAB8hEhQKEgl9fSzaw0TkiRGi9Q0tEAAfIRoUChIJ-fpBPd5E5IkRX9etvg1cIz8aFAoSCX1-qSvCROSJEY8EJfDcpgnIIgoNkgHyGBXO3HDV	41.8513298	-71.402373	41.8513298	-71.402373	Med	5.90471182	Raw	NA	NA	NA	NA	FALSE	41.85138	-71.40235	2015	August
2211	2015-08-05	305294	15:30:00	Bicycle	NA	1	FALSE	FALSE	1	MOORE ST	UPDIKE ST	2015-08-05	Unknown	Dry	Daylight	Clear	Not a Collision Between Two Motor Vehicles in Transport	No	No Controls	3	1	Pain Reported	NA	41.80482	-71.422	FALSE	FALSE	Moore Street and Updike Street, Providence, RI, USA	FALSE	-71.4224386	41.8048126	intersection	geometric_center	updike st & moore st, providence, ri 02907, usa	NA	NA	NA	NA	41.8048126	-71.4224386	Med High	36.40424905	Raw	NA	NA	NA	NA	FALSE	41.80482	-71.422	2015	August
2209	2015-08-06	305473	20:19:00	Bicycle	NA	1	FALSE	FALSE	1	Grand St	POTTERS AVE	2015-08-06	Two-Way , Not Divided	Dry	Unknown	Clear	Not a Collision Between Two Motor Vehicles in Transport	Yes	No Controls	1	1	Pain Reported	2	41.80245	-71.4322	FALSE	FALSE	Grand Street and Potters Ave, Providence, RI, USA	FALSE	-71.4319158	41.8029682	intersection	geometric_center	potters ave & grand st, providence, ri 02907, usa	NA	NA	NA	NA	41.8029682	-71.4319158	Med High	62.32041692	Raw	NA	NA	NA	NA	FALSE	41.80245	-71.4322	2015	August
2208	2015-08-08	305839	21:31:00	Bicycle	NA	1	FALSE	FALSE	1	MANTON AVE	RUSHMORE AVE	2015-08-08	Two-Way , Not Divided	Dry	Dark - Lighted	Clear	Not a Collision Between Two Motor Vehicles in Transport	No	No Controls	2	1	Incapacitating	2	41.82576	-71.45701	FALSE	FALSE	Manton Ave and Rushmore Ave, Providence, RI, USA	FALSE	-71.4570108	41.8257711	intersection	geometric_center	manton ave & rushmore ave, providence, ri 02909, usa	NA	NA	NA	NA	41.8257711	-71.4570108	Med High	1.237427099	Raw	NA	NA	NA	NA	FALSE	41.82576	-71.45701	2015	August
2205	2015-08-10	306079	13:18:00	Pedestrian	1	NA	FALSE	FALSE	1	THAYER ST	POWER ST	2015-08-10	Two-Way, Divided, Unprotected (painted>4feet) Medium	Dry	Daylight	Clear	Not a Collision Between Two Motor Vehicles in Transport	No	No Controls	3	1	Non-Incapacitating	NA	41.82324	-71.40007	FALSE	FALSE	Thayer Street and Power Street, Providence, RI, USA	FALSE	-71.4000173	41.8229706	intersection	geometric_center	thayer st & power st, providence, ri 02912, usa	NA	NA	NA	NA	41.8229706	-71.4000173	Med High	30.30644928	Raw	NA	NA	NA	NA	FALSE	41.82324	-71.40007	2015	August
2206	2015-08-10	306111	17:00:00	Pedestrian	1	NA	FALSE	FALSE	1	Nye St	ALVERSON AVE	2015-08-10	Two-Way , Not Divided	Dry	Daylight	Clear	Not a Collision Between Two Motor Vehicles in Transport	Yes	No Controls	2	1	Non-Incapacitating	NA	41.81697	-71.45941	FALSE	FALSE	Nye Street and Alverson Ave, Providence, RI, USA	FALSE	-71.4594499	41.8169709	intersection	geometric_center	nye st & alverson ave, providence, ri 02909, usa	NA	NA	NA	NA	41.8169709	-71.4594499	Med High	3.311780506	Raw	NA	NA	NA	NA	FALSE	41.81697	-71.45941	2015	August
2207	2015-08-10	306128	19:36:00	Bicycle	NA	1	FALSE	FALSE	1	500 Cranston St	NA	2015-08-10	Two-Way , Not Divided	Dry	Dusk	Clear	Not a Collision Between Two Motor Vehicles in Transport	No	No Controls	2	0	No Injury	NA	41.80947	-71.43356	TRUE	TRUE	500 Cranston Street, Providence, RI, USA	FALSE	-71.433289	41.8095191	premise	rooftop	500 cranston st, providence, ri 02907, usa	NA	NA	NA	NA	41.8095191	-71.433289	High	23.14064489	Raw	NA	NA	NA	NA	FALSE	41.80947	-71.43356	2015	August
2204	2015-08-11	306246	16:48:00	Pedestrian	1	NA	FALSE	FALSE	1	ELM ST	HOSPITAL ST	2015-08-11	Two-Way , Not Divided	Wet	Daylight	Rain	Not a Collision Between Two Motor Vehicles in Transport	No	Stop Signs	3	1	Pain Reported	NA	41.81705	-71.4105	FALSE	FALSE	Elm Street and Hospital Street, Providence, RI, USA	FALSE	-71.4098763	41.8161991	route	geometric_center	hospital st, providence, ri 02903, usa	Elm Street & Hospital Street, Providence, RI, USA	EjFFbG0gU3RyZWV0ICYgSG9zcGl0YWwgU3RyZWV0LCBQcm92aWRlbmNlLCBSSSwgVVNBImYiZAoUChIJq0PzCmtF5IkRb2MHyAnILcASFAoSCatD8wprReSJEW9jB8gJyC3AGhQKEgk3rZQca0XkiRHRY1B-6xTUnRoUChIJu78rsmtF5IkRcLDBhXqd3_QiCg0nxuwYFdWfb9U	41.8170407	-71.4104875	41.8170407	-71.4104875	Med	1.465352351	Raw	NA	NA	NA	NA	FALSE	41.81705	-71.4105	2015	August
2202	2015-08-12	306407	12:55:00	Pedestrian	1	NA	FALSE	FALSE	1	DORRANCE STREET	WESTMINISTER STREET	2015-08-12	Two-Way , Not Divided	Dry	Daylight	Clear	Other	No	Traffic Control Signal	3	0	No Injury	2	41.82953	-71.41802	FALSE	FALSE	Dorrance Street and Westminister Street, Providence, RI, USA	FALSE	-71.4116693	41.8236083	intersection	geometric_center	westminster st & dorrance st, providence, ri 02903, usa	NA	NA	NA	NA	41.8236083	-71.4116693	Med High	843.8390984	Geocoded	distance greater than 100m	NA	NA	NA	TRUE	41.8236083	-71.4116693	2015	August
2203	2015-08-12	306427	18:01:00	Pedestrian	1	NA	FALSE	TRUE	1	W EXCHANGE ST	EXCHANGE TER	2015-08-12	One-Way Trafficway	Dry	Daylight	Clear	Angle (Front - to - Side) Same Direction	No	No Controls	2	0	No Injury	NA	41.82484	-71.41534	FALSE	FALSE	W Exchange Street and Exchange Ter, Providence, RI, USA	FALSE	-71.4148047	41.8250247	intersection	geometric_center	exchange terrace & w exchange st, providence, ri 02903, usa	NA	NA	NA	NA	41.8250247	-71.4148047	Med High	48.93421834	Raw	NA	NA	NA	NA	FALSE	41.82484	-71.41534	2015	August
2199	2015-08-13	306552	16:49:00	Bicycle	NA	1	FALSE	FALSE	1	WENDELL ST	SUPERIOR ST	2015-08-13	One-Way Trafficway	Dry	Daylight	Clear	Not a Collision Between Two Motor Vehicles in Transport	Yes	No Controls	1	1	Pain Reported	NA	41.811	-71.43428	FALSE	FALSE	Wendell Street and Superior Street, Providence, RI, USA	FALSE	-71.4343524	41.8110124	intersection	geometric_center	wendell st & superior st, providence, ri 02907, usa	NA	NA	NA	NA	41.8110124	-71.4343524	Med High	6.163709074	Raw	NA	NA	NA	NA	FALSE	41.811	-71.43428	2015	August
2200	2015-08-13	306569	17:06:00	Bicycle	NA	1	FALSE	FALSE	1	CLIFFORD ST	DORRANCE ST	2015-08-13	One-Way Trafficway	Dry	Daylight	Clear	Not a Collision Between Two Motor Vehicles in Transport	No	Traffic Control Signal	4	1	Non-Incapacitating	NA	41.82153	-71.40884	FALSE	FALSE	Clifford Street and Dorrance Street, Providence, RI, USA	FALSE	-71.4088055	41.8216128	intersection	geometric_center	clifford st & dorrance st, providence, ri 02903, usa	NA	NA	NA	NA	41.8216128	-71.4088055	Med High	9.651379053	Raw	NA	NA	NA	NA	FALSE	41.82153	-71.40884	2015	August
2201	2015-08-13	306647	22:30:00	Bicycle	NA	1	FALSE	FALSE	2	1314 BROAD STREET	BROAD ST	2015-08-13	Two-Way, Divided, Unprotected (painted>4feet) Medium	Dry	Dark - Lighted	Clear	Not a Collision Between Two Motor Vehicles in Transport	No	No Controls	3	1	Pain Reported	NA	41.791	-71.40586	TRUE	FALSE	1314 Broad Street, Providence, RI, USA	FALSE	-71.4055424	41.7910074	street_address	range_interpolated	1314 broad st, providence, ri 02905, usa	NA	NA	NA	NA	41.7910074	-71.4055424	High	26.37292451	Raw	NA	NA	NA	NA	FALSE	41.791	-71.40586	2015	August
2198	2015-08-14	306806	09:28:00	Pedestrian	1	NA	FALSE	FALSE	1	MANTON AVE	PELHAM ST	2015-08-14	Two-Way, Divided, Unprotected (painted>4feet) Medium	Dry	Daylight	Clear	Not a Collision Between Two Motor Vehicles in Transport	No	No Controls	5	1	Pain Reported	NA	41.82092	-71.44779	FALSE	FALSE	Manton Ave and Pelham Street, Providence, RI, USA	FALSE	-71.4477932	41.8209354	intersection	geometric_center	pelham st & manton ave, providence, ri 02909, usa	NA	NA	NA	NA	41.8209354	-71.4477932	Med High	1.734752756	Raw	NA	NA	NA	NA	FALSE	41.82092	-71.44779	2015	August
2196	2015-08-16	306887	17:21:00	Bicycle	NA	1	FALSE	FALSE	1	CRANSTON ST	DEXTER ST	2015-08-16	Two-Way , Not Divided	Dry	Daylight	Clear	Not a Collision Between Two Motor Vehicles in Transport	No	Traffic Control Signal	2	1	Pain Reported	NA	41.8126	-71.42959	FALSE	FALSE	Cranston Street and Dexter Street, Providence, RI, USA	FALSE	-71.429588	41.8126029	intersection	geometric_center	cranston st & dexter st, providence, ri 02907, usa	NA	NA	NA	NA	41.8126029	-71.429588	Med High	0.36297774	Raw	NA	NA	NA	NA	FALSE	41.8126	-71.42959	2015	August
2197	2015-08-16	306962	11:48:00	Pedestrian	1	NA	FALSE	FALSE	1	BROAD ST	FRANCIS GREEN MEMORIAL BLVD	2015-08-17	Two-Way , Not Divided	Dry	Daylight	Clear	Other	No	No Controls	3	2	Pain Reported	NA	41.79341	-71.40871	FALSE	FALSE	Broad Street and Francis Green Memorial Blvd, Providence, RI, USA	FALSE	-71.414551	41.787292	route	geometric_center	green memorial blvd, providence, ri, usa	NA	NA	NA	NA	41.787292	-71.414551	Med	835.9773768	Raw	distance greater than 100m	NA	NA	NA	TRUE	41.79341	-71.40871	2015	August
2195	2015-08-20	307519	17:14:00	Bicycle	NA	1	FALSE	FALSE	1	CHARLES ST	ORMS ST	2015-08-20	Two-Way , Not Divided	Dry	Daylight	Clear	Not a Collision Between Two Motor Vehicles in Transport	No	No Controls	2	1	Pain Reported	NA	41.83515	-71.41153	FALSE	FALSE	Charles Street and Orms Street, Providence, RI, USA	FALSE	-71.4191013	41.8342191	route	geometric_center	orms st, providence, ri, usa	Charles Street & Orms Street, Providence, RI, USA	EjFDaGFybGVzIFN0cmVldCAmIE9ybXMgU3RyZWV0LCBQcm92aWRlbmNlLCBSSSwgVVNBImYiZAoUChIJR0heox5F5IkRzWV7LgBG0RESFAoSCUdIXqMeReSJEc1ley4ARtERGhQKEgl1C85s8UTkiRHLZMsuNVX9MhoUChIJJ2knvwRF5IkRzK6GSUqZqcEiCg1Dfu8YFb58b9U	41.8348611	-71.4113858	41.8348611	-71.4113858	Med	34.31211386	Raw	NA	NA	NA	NA	FALSE	41.83515	-71.41153	2015	August
2194	2015-08-21	307645	15:26:00	Pedestrian	1	NA	FALSE	FALSE	1	UNION AVE	MESSER ST	2015-08-21	Two-Way , Not Divided	Dry	Daylight	Clear	Not a Collision Between Two Motor Vehicles in Transport	Yes	No Controls	1	1	Pain Reported	NA	41.81013	-71.43513	FALSE	FALSE	Union Ave and Messer Street, Providence, RI, USA	FALSE	-71.4351315	41.8101444	intersection	geometric_center	messer st & union ave, providence, ri 02909, usa	NA	NA	NA	NA	41.8101444	-71.4351315	Med High	1.60782501	Raw	NA	NA	NA	NA	FALSE	41.81013	-71.43513	2015	August
2193	2015-08-23	307882	18:45:00	Pedestrian	1	NA	FALSE	FALSE	1	CROWNINSHIELD ST	MERINO ST	2015-08-23	Two-Way, Divided, Unprotected (painted>4feet) Medium	Dry	Daylight	Clear	Not a Collision Between Two Motor Vehicles in Transport	No	No Controls	5	1	Pain Reported	NA	41.81741	-71.45831	FALSE	FALSE	Crowninshield Street and Merino Street, Providence, RI, USA	FALSE	-71.458626	41.8172	intersection	geometric_center	merino st & crowninshield st, providence, ri 02909, usa	NA	NA	NA	NA	41.8172	-71.458626	Med High	35.1253917	Raw	NA	NA	NA	NA	FALSE	41.81741	-71.45831	2015	August
2192	2015-08-27	308601	18:03:00	Pedestrian	1	NA	FALSE	FALSE	1	Broad Street	ALDRICH ST	2015-08-27	Two-Way , Not Divided	Dry	Daylight	Clear	Angle (Front - to - Side) Same Direction	Yes	No Controls	1	1	Pain Reported	NA	41.7936	-71.40895	FALSE	FALSE	Broad Street and Aldrich Street, Providence, RI, USA	FALSE	-71.4071857	41.7945459	route	geometric_center	aldrich st, providence, ri 02905, usa	Broad Street & Aldrich Street, Providence, RI, USA	EjJCcm9hZCBTdHJlZXQgJiBBbGRyaWNoIFN0cmVldCwgUHJvdmlkZW5jZSwgUkksIFVTQSJmImQKFAoSCelQzPWMT-SJEfEyNbUOAjRxEhQKEgnpUMz1jE_kiRHxMjW1DgI0cRoUChIJg9591YxP5IkRLKLKk5hLCKMaFAoSCTuV4FeLT-SJEfCTNf2eOQHCIgoNmDPpGBXz2m_V	41.793628	-71.4089741	41.793628	-71.4089741	Med	3.703511737	Raw	NA	NA	NA	NA	FALSE	41.7936	-71.40895	2015	August
2190	2015-08-29	308903	12:18:00	Pedestrian	1	NA	FALSE	FALSE	1	1215 N. MAIN STREET	7TH ST	2015-08-29	Two-Way, Divided, Positive Median Barrier	Dry	Daylight	Clear	Not a Collision Between Two Motor Vehicles in Transport	No	Traffic Control Signal	5	1	Pain Reported	2	41.85336	-71.40101	TRUE	FALSE	1215 N. Main Street, Providence, RI, USA	FALSE	-71.4007141	41.8532263	premise	geometric_center	1215 n main st, providence, ri 02904, usa	NA	NA	NA	NA	41.8532263	-71.4007141	High	28.69649057	Raw	NA	NA	NA	NA	FALSE	41.85336	-71.40101	2015	August
2191	2015-08-29	308978	20:39:00	Bicycle	NA	1	FALSE	FALSE	1	Cranston St	DODGE ST	2015-08-29	Two-Way , Not Divided	Unknown	Dark - Lighted	Clear	Unknown	Yes	Unknown	1	1	Pain Reported	NA	41.81439	-71.42613	FALSE	FALSE	Cranston Street and Dodge Street, Providence, RI, USA	FALSE	-71.4259042	41.8145699	intersection	geometric_center	cranston st & dodge st, providence, ri 02907, usa	NA	NA	NA	NA	41.8145699	-71.4259042	Med High	27.42295999	Raw	NA	NA	NA	NA	FALSE	41.81439	-71.42613	2015	August
2188	2015-09-02	309691	14:41:00	Pedestrian	1	NA	FALSE	FALSE	1	VALLEY ST	EAGLE ST	2015-09-02	Two-Way, Divided, Unprotected (painted>4feet) Medium	Dry	Daylight	Clear	Not a Collision Between Two Motor Vehicles in Transport	No	Traffic Control Signal	4	2	Pain Reported	NA	41.82741	-71.4364	FALSE	FALSE	Valley Street and Eagle Street, Providence, RI, USA	FALSE	-71.4364099	41.8274251	intersection	geometric_center	valley st & eagle st, providence, ri 02908, usa	NA	NA	NA	NA	41.8274251	-71.4364099	Med High	1.870799886	Raw	NA	NA	NA	NA	FALSE	41.82741	-71.4364	2015	September
2189	2015-09-02	309725	20:22:00	Pedestrian	2	NA	FALSE	FALSE	1	Francis St	Memorial Blvd	2015-09-03	Two-Way , Not Divided	Dry	Dark - Lighted	Clear	Not a Collision Between Two Motor Vehicles in Transport	No	Traffic Control Signal	4	2	Pain Reported	NA	41.82616	-71.41545	FALSE	FALSE	Francis Street and Memorial Blvd, Providence, RI, USA	FALSE	-71.4134258	41.8263996	route	geometric_center	memorial blvd, providence, ri 02903, usa	Francis Street & Memorial Blvd, Providence, RI, USA	EjNGcmFuY2lzIFN0cmVldCAmIE1lbW9yaWFsIEJsdmQsIFByb3ZpZGVuY2UsIFJJLCBVU0EiZiJkChQKEgkDtc6dEUXkiRFK7mftfMbegBIUChIJA7XOnRFF5IkRSu5n7XzG3oAaFAoSCeMKJVkQReSJEQnXa5JsDkKbGhQKEgn3LDO1FkXkiRGsznR5eOTavSIKDRwg7hgVW-Bu1Q	41.8258972	-71.4153893	41.8258972	-71.4153893	Med	29.68491859	Raw	NA	NA	NA	NA	FALSE	41.82616	-71.41545	2015	September
2184	2015-09-04	310057	13:40:00	Pedestrian	1	NA	FALSE	FALSE	1	462 MANTON AVE	SISSON ST	2015-09-04	Two-Way , Not Divided	Dry	Daylight	Clear	Not a Collision Between Two Motor Vehicles in Transport	No	No Controls	2	1	Pain Reported	2	41.82552	-71.45564	TRUE	FALSE	462 Manton Ave, Providence, RI, USA	FALSE	-71.4555831	41.8253476	premise	rooftop	462 manton ave, providence, ri 02909, usa	NA	NA	NA	NA	41.8253476	-71.4555831	High	19.76339013	Raw	NA	NA	NA	NA	FALSE	41.82552	-71.45564	2015	September
2185	2015-09-04	310144	17:20:00	Pedestrian	1	NA	FALSE	FALSE	1	100 Broad St	FENNER ST	2015-09-04	Two-Way , Not Divided	Dry	Daylight	Clear	Not a Collision Between Two Motor Vehicles in Transport	No	No Controls	4	1	Pain Reported	2	41.81826	-71.41598	TRUE	FALSE	100 Broad Street, Providence, RI, USA	FALSE	-71.4150911	41.818123	street_address	rooftop	100 broad st, providence, ri 02903, usa	NA	NA	NA	NA	41.818123	-71.4150911	High	75.30576354	Raw	NA	NA	NA	NA	FALSE	41.81826	-71.41598	2015	September
2186	2015-09-04	310158	19:01:00	Bicycle	NA	1	FALSE	FALSE	1	WESTMINSTER ST	ABORN ST	2015-09-04	One-Way Trafficway	Dry	Daylight	Clear	Not a Collision Between Two Motor Vehicles in Transport	No	No Controls	3	1	Pain Reported	NA	41.82127	-71.41489	FALSE	FALSE	Westminster Street and Aborn Street, Providence, RI, USA	FALSE	-71.4147851	41.821374	intersection	geometric_center	aborn st & westminster st, providence, ri 02903, usa	NA	NA	NA	NA	41.821374	-71.4147851	Med High	14.48319109	Raw	NA	NA	NA	NA	FALSE	41.82127	-71.41489	2015	September
2187	2015-09-04	314312	12:18:00	Bicycle	NA	1	FALSE	FALSE	1	CHARLES ST	ORMS ST	2015-09-21	Two-Way, Divided, Positive Median Barrier	Dry	Daylight	Clear	Not a Collision Between Two Motor Vehicles in Transport	No	Traffic Control Signal	2	1	Pain Reported	NA	41.83492	-71.41147	FALSE	FALSE	Charles Street and Orms Street, Providence, RI, USA	FALSE	-71.4191013	41.8342191	route	geometric_center	orms st, providence, ri, usa	Charles Street & Orms Street, Providence, RI, USA	EjFDaGFybGVzIFN0cmVldCAmIE9ybXMgU3RyZWV0LCBQcm92aWRlbmNlLCBSSSwgVVNBImYiZAoUChIJR0heox5F5IkRzWV7LgBG0RESFAoSCUdIXqMeReSJEc1ley4ARtERGhQKEgl1C85s8UTkiRHLZMsuNVX9MhoUChIJJ2knvwRF5IkRzK6GSUqZqcEiCg1Dfu8YFb58b9U	41.8348611	-71.4113858	41.8348611	-71.4113858	Med	9.579219505	Raw	NA	NA	NA	NA	FALSE	41.83492	-71.41147	2015	September
2183	2015-09-06	310918	12:15:00	Pedestrian	1	NA	FALSE	FALSE	1	BORDEN ST	Eddy St	2015-09-08	One-Way Trafficway	Dry	Daylight	Clear	Other	No	No Controls	2	1	Pain Reported	2	41.81342	-71.4084	FALSE	FALSE	Borden Street and Eddy Street, Providence, RI, USA	FALSE	-71.4070223	41.8121992	intersection	geometric_center	eddy st & borden st, providence, ri 02903, usa	NA	NA	NA	NA	41.8121992	-71.4070223	Med High	177.5797736	Geocoded	distance greater than 100m	NA	NA	NA	TRUE	41.8121992	-71.4070223	2015	September
2182	2015-09-07	310769	16:23:00	Pedestrian	1	NA	FALSE	FALSE	1	100 Francis Street	GASPEE ST	2015-09-07	Two-Way , Not Divided	Dry	Daylight	Clear	Head-On (Front - to - Front)	Yes	No Controls	3	1	Pain Reported	NA	41.82875	-71.41534	TRUE	FALSE	100 Francis Street, Providence, RI, USA	FALSE	-71.415882	41.8260966	street_address	rooftop	100 francis st, providence, ri 02903, usa	NA	NA	NA	NA	41.8260966	-71.415882	High	298.7771709	Raw	distance greater than 100m	NA	NA	NA	TRUE	41.82875	-71.41534	2015	September
2180	2015-09-08	310982	16:30:00	Pedestrian	1	NA	FALSE	FALSE	1	386 Broad Street	BROAD ST	2015-09-08	Two-Way, Divided, Positive Median Barrier	Dry	Daylight	Clear	Not a Collision Between Two Motor Vehicles in Transport	No	No Controls	2	1	Pain Reported	NA	41.81339	-71.42161	TRUE	FALSE	386 Broad Street, Providence, RI, USA	FALSE	-71.421353	41.8129527	premise	rooftop	386 broad st, providence, ri 02907, usa	NA	NA	NA	NA	41.8129527	-71.421353	High	53.14522444	Raw	NA	NA	NA	NA	FALSE	41.81339	-71.42161	2015	September
2181	2015-09-08	311076	20:46:00	Pedestrian	1	NA	FALSE	FALSE	1	ELMWOOD AVE	RUTLAND ST	2015-09-09	Two-Way, Divided, Unprotected (painted>4feet) Medium	Dry	Dark - Lighted	Clear	Other	No	No Controls	2	1	Pain Reported	2	41.799	-71.4264	FALSE	FALSE	Elmwood Ave and Rutland Street, Providence, RI, USA	FALSE	-71.4263303	41.7987589	intersection	geometric_center	elmwood ave & rutland st, providence, ri 02907, usa	NA	NA	NA	NA	41.7987589	-71.4263303	Med High	27.45534789	Raw	NA	NA	NA	NA	FALSE	41.799	-71.4264	2015	September