row_number	crash_date	crash_report_id	crash_time	collision_type	count_pedestrian	count_bicycle	scooter	wheel_chair	number_of_vehicles	street_or_highway	nearest_intersection	report_date	type_of_roadway	road_surface_condition	light_condition	weather_condition	manner_of_impact	hit_and_run	traffic_control	person_count	injury_count	most_serious_injury	number_of_lanes	lat_raw	lon_raw	has_st_number	is_intersection_null	address_sent_to_geocoder	is_address_blank	lon_api_first_try	lat_api_first_try	type	loctype	address_returned_by_geocoder	address_returned_by_autocomplete	place_ids_autocompleted	lat_api_second_try	lon_api_second_try	lat_api_best	lon_api_best	api_coord_conf	distance_btwn_coords_meters	best_coordinate_set	reason_for_qa	correct_coordinates	corrected_lat	corrected_lon	manually_qaed_record	final_lat	final_lon	year	month
2097	2015-11-23	333629	14:55:00	Bicycle	NA	1	FALSE	FALSE	1	MESSER ST	CRANSTON ST	2015-11-23	Two-Way, Divided, Unprotected (painted>4feet) Medium	Dry	Daylight	Clear	Not a Collision Between Two Motor Vehicles in Transport	Yes	Stop Signs	1	0	No Injury	NA	41.80963	-71.43345	FALSE	FALSE	Messer Street and Cranston Street, Providence, RI, USA	FALSE	-71.4334345	41.809637	intersection	geometric_center	cranston st & messer st, providence, ri 02907, usa	NA	NA	NA	NA	41.809637	-71.4334345	Med High	1.503740757	Raw	NA	NA	NA	NA	FALSE	41.80963	-71.43345	2015	November
2098	2015-11-23	333710	14:17:00	Pedestrian	1	NA	FALSE	FALSE	1	117 BYFIELD ST	OCEAN ST	2015-11-23	Two-Way , Not Divided	Dry	Daylight	Clear	Not a Collision Between Two Motor Vehicles in Transport	Yes	No Controls	1	1	Pain Reported	NA	41.79565	-71.4075	TRUE	FALSE	117 Byfield Street, Providence, RI, USA	FALSE	-71.4072998	41.7960086	premise	rooftop	117 byfield st, providence, ri 02905, usa	NA	NA	NA	NA	41.7960086	-71.4072998	High	43.23880582	Raw	NA	NA	NA	NA	FALSE	41.79565	-71.4075	2015	November
2099	2015-11-23	334042	16:52:00	Pedestrian	1	NA	FALSE	FALSE	1	1196 ELMWOOD AVE	SAWYER ST	2015-11-24	Two-Way , Not Divided	Dry	Dusk	Clear	Not a Collision Between Two Motor Vehicles in Transport	No	No Controls	3	1	Pain Reported	NA	41.77906	-71.4205	TRUE	FALSE	1196 Elmwood Ave, Providence, RI, USA	FALSE	-71.4203238	41.7790279	street_address	rooftop	1196 elmwood ave, providence, ri 02907, usa	NA	NA	NA	NA	41.7790279	-71.4203238	High	15.05707565	Raw	NA	NA	NA	NA	FALSE	41.77906	-71.4205	2015	November
2094	2015-11-24	333996	11:33:00	Pedestrian	1	NA	FALSE	FALSE	1	BROAD ST	HASKINS ST	2015-11-24	Two-Way , Not Divided	Dry	Daylight	Clear	Not a Collision Between Two Motor Vehicles in Transport	No	Stop Signs	2	1	Pain Reported	NA	41.81617	-71.41963	FALSE	FALSE	Broad Street and Haskins Street, Providence, RI, USA	FALSE	-71.4191847	41.8150834	route	geometric_center	haskins st, providence, ri 02903, usa	Broad Street & Haskins Street, Providence, RI, USA	EjJCcm9hZCBTdHJlZXQgJiBIYXNraW5zIFN0cmVldCwgUHJvdmlkZW5jZSwgUkksIFVTQSJmImQKFAoSCVcUQCByReSJEXZEHsGeHzxdEhQKEglXFEAgckXkiRF2RB7Bnh88XRoUChIJg9591YxP5IkRLKLKk5hLCKMaFAoSCQGkve1xReSJEY6zVllEetUhIgoNTKTsGBUSOm7V	41.816174	-71.4196462	41.816174	-71.4196462	Med	1.415874252	Raw	NA	NA	NA	NA	FALSE	41.81617	-71.41963	2015	November
2095	2015-11-24	333998	12:06:00	Pedestrian	1	NA	FALSE	FALSE	1	MATHEWSON ST	WASHINGTON ST	2015-11-24	One-Way Trafficway	Dry	Daylight	Clear	Not a Collision Between Two Motor Vehicles in Transport	No	No Controls	3	1	Pain Reported	NA	41.82317	-71.41495	FALSE	FALSE	Mathewson Street and Washington Street, Providence, RI, USA	FALSE	-71.4147864	41.8230454	intersection	geometric_center	mathewson st & washington st, providence, ri 02903, usa	NA	NA	NA	NA	41.8230454	-71.4147864	Med High	19.40559062	Raw	NA	NA	NA	NA	FALSE	41.82317	-71.41495	2015	November
2092	2015-11-25	334335	13:48:00	Pedestrian	1	NA	FALSE	FALSE	1	SILVER SPRING ST	TOURO ST	2015-11-25	Two-Way , Not Divided	Dry	Daylight	Clear	Not a Collision Between Two Motor Vehicles in Transport	No	No Controls	3	1	Pain Reported	NA	41.84509	-71.41832	FALSE	FALSE	Silver Spring Street and Touro Street, Providence, RI, USA	FALSE	-71.4181207	41.8452565	intersection	geometric_center	silver spring st & touro st, providence, ri 02904, usa	NA	NA	NA	NA	41.8452565	-71.4181207	Med High	24.83327297	Raw	NA	NA	NA	NA	FALSE	41.84509	-71.41832	2015	November
2093	2015-11-25	334471	15:55:00	Pedestrian	1	NA	FALSE	FALSE	1	262 CHARLES ST	CHARLES ST EXIT 23	2015-11-26	One-Way Trafficway	Dry	Daylight	Clear	Not a Collision Between Two Motor Vehicles in Transport	No	Stop Signs	3	1	Pain Reported	NA	41.83785	-71.41427	TRUE	FALSE	262 Charles Street, Providence, RI, USA	FALSE	-71.4146004	41.8378943	premise	rooftop	262 charles st, providence, ri 02904, usa	NA	NA	NA	NA	41.8378943	-71.4146004	High	27.84257441	Raw	NA	NA	NA	NA	FALSE	41.83785	-71.41427	2015	November
2090	2015-11-27	334622	20:42:00	Pedestrian	1	NA	FALSE	FALSE	1	BRANCH AVE	SILVER SPRING ST	2015-11-27	Two-Way, Not Divided With a Continuous Left Turn Lane	Dry	Dark - Lighted	Clear	Not a Collision Between Two Motor Vehicles in Transport	No	Traffic Control Signal	5	1	Pain Reported	3	41.84783	-71.41469	FALSE	FALSE	Branch Ave and Silver Spring Street, Providence, RI, USA	FALSE	-71.4147046	41.8478499	intersection	geometric_center	silver spring st & branch ave, providence, ri 02904, usa	NA	NA	NA	NA	41.8478499	-71.4147046	Med High	2.524507797	Raw	NA	NA	NA	NA	FALSE	41.84783	-71.41469	2015	November
2091	2015-11-27	334836	22:07:00	Pedestrian	1	NA	FALSE	FALSE	1	FOUNTAIN ST	EMPIRE ST	2015-11-29	Two-Way, Divided, Unprotected (painted>4feet) Medium	Dry	Dark - Lighted	Clear	Other	No	Traffic Control Signal	4	1	Non-Incapacitating	NA	41.82234	-71.41712	FALSE	FALSE	Fountain Street and Empire Street, Providence, RI, USA	FALSE	-71.4171267	41.8223687	intersection	geometric_center	fountain st & empire st, providence, ri 02903, usa	NA	NA	NA	NA	41.8223687	-71.4171267	Med High	3.242856404	Raw	NA	NA	NA	NA	FALSE	41.82234	-71.41712	2015	November
2088	2015-11-29	334960	17:05:00	Pedestrian	2	NA	FALSE	FALSE	1	BROADWAY	MARSHALL ST	2015-11-29	Two-Way , Not Divided	Dry	Dark - Lighted	Clear	Not a Collision Between Two Motor Vehicles in Transport	Yes	No Controls	6	2	Fatal	NA	41.81912	-71.43223	FALSE	FALSE	Broadway and Marshall Street, Providence, RI, USA	FALSE	-71.4319873	41.8178675	route	geometric_center	marshall st, providence, ri 02909, usa	Broadway & Marshall Street, Providence, RI, USA	Ei9Ccm9hZHdheSAmIE1hcnNoYWxsIFN0cmVldCwgUHJvdmlkZW5jZSwgUkksIFVTQSJmImQKFAoSCR_bFmaeReSJEXeoTFxx3QIREhQKEgkf2xZmnkXkiRF3qExccd0CERoUChIJpbXlhnVF5IkRGsIzsdekb7MaFAoSCXdzf9mdReSJEal-nPEQ0Qe9IgoN5hftGBXRTWzV	41.8191334	-71.4322479	41.8191334	-71.4322479	Med	2.104841054	Raw	NA	NA	NA	NA	FALSE	41.81912	-71.43223	2015	November
2089	2015-11-29	334971	20:03:00	Pedestrian	1	NA	FALSE	FALSE	1	RIVER AVE	ADMIRAL ST	2015-11-29	Two-Way, Divided, Unprotected (painted>4feet) Medium	Dry	Dark - Lighted	Clear	Not a Collision Between Two Motor Vehicles in Transport	No	Pavement Markings	2	1	Pain Reported	NA	41.8492	-71.43894	FALSE	FALSE	River Ave and Admiral Street, Providence, RI, USA	FALSE	-71.4460552	41.853176	intersection	geometric_center	admiral st & river ave, providence, ri 02904, usa	NA	NA	NA	NA	41.853176	-71.4460552	Med High	737.5559085	Raw	distance greater than 100m	NA	NA	NA	TRUE	41.8492	-71.43894	2015	November
2087	2015-11-30	335175	12:04:00	Pedestrian	1	NA	FALSE	FALSE	1	SMITHFIELD AVE	COLLYER ST	2015-11-30	Two-Way , Not Divided	Dry	Daylight	Clear	Not a Collision Between Two Motor Vehicles in Transport	No	No Controls	2	1	Pain Reported	NA	41.85428	-71.40363	FALSE	FALSE	Smithfield Ave and Collyer Street, Providence, RI, USA	FALSE	-71.4035691	41.8542722	intersection	geometric_center	collyer st & smithfield ave, providence, ri 02904, usa	NA	NA	NA	NA	41.8542722	-71.4035691	Med High	5.12367439	Raw	NA	NA	NA	NA	FALSE	41.85428	-71.40363	2015	November
2086	2015-12-01	335641	19:41:00	Pedestrian	1	NA	FALSE	FALSE	1	ELMGROVE AVE	HUMBOLDT AVE	2015-12-02	Two-Way , Not Divided	Wet	Dark - Lighted	Rain	Other	Yes	No Controls	3	1	Pain Reported	2	41.83144	-71.38987	FALSE	FALSE	Elmgrove Ave and Humboldt Ave, Providence, RI, USA	FALSE	-71.3898663	41.8314669	intersection	geometric_center	humboldt ave & elmgrove ave, providence, ri 02906, usa	NA	NA	NA	NA	41.8314669	-71.3898663	Med High	3.01017976	Raw	NA	NA	NA	NA	FALSE	41.83144	-71.38987	2015	December
2084	2015-12-03	336074	06:22:00	Bicycle	NA	1	FALSE	FALSE	1	BRANCH AVE	MOY ST	2015-12-03	Two-Way , Not Divided	Wet	Dawn	Clear	Not a Collision Between Two Motor Vehicles in Transport	Yes	No Controls	2	1	Non-Incapacitating	2	41.85488	-71.43627	FALSE	FALSE	Branch Ave and Moy Street, Providence, RI, USA	FALSE	-71.4362622	41.8548966	intersection	geometric_center	branch ave & moy st, providence, ri 02904, usa	NA	NA	NA	NA	41.8548966	-71.4362622	Med High	1.957808764	Raw	NA	NA	NA	NA	FALSE	41.85488	-71.43627	2015	December
2085	2015-12-03	336139	10:12:00	Pedestrian	1	NA	FALSE	FALSE	1	RHODE ISLAND COLL	RHODE ISLAND COLL	2015-12-03	Two-Way , Not Divided	Dry	Daylight	Clear	Other	No	No Controls	3	1	Non-Incapacitating	NA	41.84085	-71.46635	FALSE	FALSE	Rhode Island Coll and Rhode Island Coll, Providence, RI, USA	FALSE	-71.4627575	41.8417288	establishment	rooftop	600 mt pleasant ave, providence, ri 02908, usa	NA	NA	NA	NA	41.8417288	-71.4627575	Med	313.5849777	Raw	distance greater than 100m	NA	NA	NA	TRUE	41.84085	-71.46635	2015	December
2082	2015-12-04	336415	10:08:00	Pedestrian	1	NA	FALSE	FALSE	1	EATON STREET	HUXLEY AVENUE	2015-12-04	Two-Way , Not Divided	Dry	Daylight	Clear	Other	No	Traffic Control Signal	3	1	Pain Reported	2	41.83141	-71.41769	FALSE	FALSE	Eaton Street and Huxley Avenue, Providence, RI, USA	FALSE	-71.433591	41.8415128	intersection	geometric_center	eaton st & huxley ave, providence, ri 02908, usa	NA	NA	NA	NA	41.8415128	-71.433591	Med High	1733.22538	Geocoded	distance greater than 100m	NA	NA	NA	TRUE	41.8415128	-71.433591	2015	December
2083	2015-12-04	336607	20:34:00	Pedestrian	1	NA	FALSE	FALSE	1	KENNEDY PLZ	NA	2015-12-04	One-Way Trafficway	Dry	Dark - Lighted	Clear	Not a Collision Between Two Motor Vehicles in Transport	No	No Controls	5	1	Non-Incapacitating	NA	41.82436	-71.41206	FALSE	TRUE	Kennedy Plz, Providence, RI, USA	FALSE	-71.4110861	41.8250306	route	geometric_center	kennedy plaza, providence, ri 02903, usa	NA	NA	NA	NA	41.8250306	-71.4110861	Inaccurate	109.9981781	Raw	distance greater than 100m	NA	NA	NA	TRUE	41.82436	-71.41206	2015	December
2081	2015-12-05	336719	08:14:00	Pedestrian	1	NA	FALSE	FALSE	1	ELMWOOD AVE	LENOX AVE	2015-12-05	Two-Way, Divided, Positive Median Barrier	Dry	Daylight	Clear	Other	No	No Controls	3	1	Non-Incapacitating	NA	41.79524	-71.42464	FALSE	FALSE	Elmwood Ave and Lenox Ave, Providence, RI, USA	FALSE	-71.424723	41.7952146	intersection	geometric_center	lenox ave & elmwood ave, providence, ri 02907, usa	NA	NA	NA	NA	41.7952146	-71.424723	Med High	7.446088266	Raw	NA	NA	NA	NA	FALSE	41.79524	-71.42464	2015	December
2079	2015-12-09	337774	13:30:00	Bicycle	NA	1	FALSE	FALSE	1	SILVER SPRING ST	LEDGE ST	2015-12-09	Two-Way , Not Divided	Dry	Daylight	Clear	Other	No	No Controls	3	0	No Injury	NA	41.85319	-71.41263	FALSE	FALSE	Silver Spring Street and Ledge Street, Providence, RI, USA	FALSE	-71.412629	41.8531992	intersection	geometric_center	silver spring st & ledge st, providence, ri 02904, usa	NA	NA	NA	NA	41.8531992	-71.412629	Med High	1.027490428	Raw	NA	NA	NA	NA	FALSE	41.85319	-71.41263	2015	December
2080	2015-12-09	337902	17:08:00	Pedestrian	1	NA	FALSE	FALSE	1	MOUNT PLEASANT AVE	CATHEDRAL AVE	2015-12-09	Two-Way , Not Divided	Dry	Dark - Lighted	Cloudy	Not a Collision Between Two Motor Vehicles in Transport	No	School Zone Signs	5	1	Incapacitating	2	41.83978	-71.45202	FALSE	FALSE	Mount Pleasant Ave and Cathedral Ave, Providence, RI, USA	FALSE	-71.4524689	41.841049	intersection	geometric_center	mt pleasant ave & cathedral ave, providence, ri 02909, usa	NA	NA	NA	NA	41.841049	-71.4524689	Med High	146.087756	Raw	distance greater than 100m	NA	NA	NA	TRUE	41.83978	-71.45202	2015	December
2076	2015-12-11	338546	14:12:00	Bicycle	NA	1	FALSE	FALSE	1	WAVERLY ST	DEXTER ST	2015-12-11	Two-Way , Not Divided	Dry	Daylight	Clear	Not a Collision Between Two Motor Vehicles in Transport	No	Stop Signs	3	1	Pain Reported	NA	41.80681	-71.42896	FALSE	FALSE	Waverly Street and Dexter Street, Providence, RI, USA	FALSE	-71.428955	41.8068079	intersection	geometric_center	dexter st & waverly st, providence, ri 02907, usa	NA	NA	NA	NA	41.8068079	-71.428955	Med High	0.4762134	Raw	NA	NA	NA	NA	FALSE	41.80681	-71.42896	2015	December
2077	2015-12-11	338595	17:05:00	Bicycle	NA	NA	FALSE	FALSE	2	IRVING AVE	BLACKSTONE BLVD	2015-12-11	Two-Way, Divided, Positive Median Barrier	Dry	Dark - Lighted	Clear	Sideswipe, Same Direction	No	No Controls	7	0	No Injury	NA	41.83413	-71.38419	FALSE	FALSE	Irving Ave and Blackstone Blvd, Providence, RI, USA	FALSE	-71.3837393	41.8342209	intersection	geometric_center	irving ave & blackstone blvd, providence, ri 02906, usa	NA	NA	NA	NA	41.8342209	-71.3837393	Med High	38.72718681	Raw	NA	NA	NA	NA	FALSE	41.83413	-71.38419	2015	December
2078	2015-12-11	338663	23:05:00	Pedestrian	1	NA	FALSE	FALSE	1	SMITH ST	Richter Street	2015-12-12	Two-Way , Not Divided	Dry	Dark - Lighted	Clear	Head-On (Front - to - Front)	Yes	No Controls	1	1	Pain Reported	NA	41.83608	-71.42961	FALSE	FALSE	Smith Street and Richter Street, Providence, RI, USA	FALSE	-71.4297038	41.8360854	intersection	geometric_center	richter st & smith st, providence, ri 02908, usa	NA	NA	NA	NA	41.8360854	-71.4297038	Med High	7.802892502	Raw	NA	NA	NA	NA	FALSE	41.83608	-71.42961	2015	December
2075	2015-12-12	338957	19:14:00	Pedestrian	1	NA	FALSE	FALSE	1	WEYBOSSET ST	MATHEWSON ST	2015-12-12	One-Way Trafficway	Dry	Dark - Lighted	Clear	Not a Collision Between Two Motor Vehicles in Transport	No	No Controls	3	1	Pain Reported	NA	41.82133	-71.4127	FALSE	FALSE	Weybosset Street and Mathewson Street, Providence, RI, USA	FALSE	-71.4126265	41.82141	intersection	geometric_center	weybosset st & mathewson st, providence, ri 02903, usa	NA	NA	NA	NA	41.82141	-71.4126265	Med High	10.79294796	Raw	NA	NA	NA	NA	FALSE	41.82133	-71.4127	2015	December
2074	2015-12-14	339269	14:57:00	Pedestrian	1	NA	FALSE	FALSE	1	Carpenter St	KNIGHT ST	2015-12-14	Two-Way , Not Divided	Dry	Daylight	Clear	Not a Collision Between Two Motor Vehicles in Transport	No	Stop Signs	2	1	Pain Reported	NA	41.81825	-71.42749	FALSE	FALSE	Carpenter Street and Knight Street, Providence, RI, USA	FALSE	-71.4274842	41.8182728	intersection	geometric_center	knight st & carpenter st, providence, ri 02909, usa	NA	NA	NA	NA	41.8182728	-71.4274842	Med High	2.583294053	Raw	NA	NA	NA	NA	FALSE	41.81825	-71.42749	2015	December
2073	2015-12-15	339450	08:26:00	Bicycle	NA	1	FALSE	FALSE	1	MANTON AVE	RIDGEWAY AVE	2015-12-15	Two-Way , Not Divided	Dry	Daylight	Clear	Not a Collision Between Two Motor Vehicles in Transport	No	No Controls	4	1	Non-Incapacitating	2	41.82742	-71.46112	FALSE	FALSE	Manton Ave and Ridgeway Ave, Providence, RI, USA	FALSE	-71.4611076	41.8274206	intersection	geometric_center	manton ave & ridgeway ave, providence, ri 02909, usa	NA	NA	NA	NA	41.8274206	-71.4611076	Med High	1.030752368	Raw	NA	NA	NA	NA	FALSE	41.82742	-71.46112	2015	December
2072	2015-12-16	339896	10:55:00	Pedestrian	1	NA	FALSE	FALSE	1	FRIENDSHIP	PLAIN ST	2015-12-16	One-Way Trafficway	Dry	Daylight	Clear	Not a Collision Between Two Motor Vehicles in Transport	No	Traffic Control Signal	3	1	Pain Reported	2	41.81586	-71.41531	FALSE	FALSE	Friendship and Plain Street, Providence, RI, USA	FALSE	-71.411061900000007	41.8098238	route	geometric_center	plain st, providence, ri, usa	NA	NA	NA	NA	41.8098238	-71.411061900000007	Med	758.7766397	Raw	distance greater than 100m	NA	NA	NA	TRUE	41.81586	-71.41531	2015	December
2071	2015-12-17	340273	20:28:00	Pedestrian	1	NA	FALSE	FALSE	1	ELMWOOD AVE	CARTER ST	2015-12-17	Two-Way, Divided, Unprotected (painted>4feet) Medium	Wet	Dark - Lighted	Rain	Not a Collision Between Two Motor Vehicles in Transport	Yes	No Controls	3	1	Pain Reported	NA	41.79946	-71.42651	FALSE	FALSE	Elmwood Ave and Carter Street, Providence, RI, USA	FALSE	-71.426574	41.800197	intersection	geometric_center	carter st & elmwood ave, providence, ri 02907, usa	NA	NA	NA	NA	41.800197	-71.426574	Med High	82.21419585	Raw	NA	NA	NA	NA	FALSE	41.79946	-71.42651	2015	December
2070	2015-12-18	340687	18:00:00	Bicycle	NA	1	FALSE	FALSE	1	PRATT ST	JENCKES ST	2015-12-18	Two-Way , Not Divided	Wet	Dawn	Cloudy	Not a Collision Between Two Motor Vehicles in Transport	No	Stop Signs	3	0	No Injury	NA	41.83268	-71.40828	FALSE	FALSE	Pratt Street and Jenckes Street, Providence, RI, USA	FALSE	-71.4082776	41.8326979	intersection	geometric_center	jenckes st & pratt st, providence, ri 02906, usa	NA	NA	NA	NA	41.8326979	-71.4082776	Med High	2.002537593	Raw	NA	NA	NA	NA	FALSE	41.83268	-71.40828	2015	December
2069	2015-12-19	340770	14:53:00	Pedestrian	1	NA	FALSE	FALSE	1	Atwells Ave	DE PASQUALE AVE	2015-12-19	Two-Way , Not Divided	Dry	Daylight	Clear	Not a Collision Between Two Motor Vehicles in Transport	No	Traffic Control Signal	2	1	Pain Reported	NA	41.82359	-71.42694	FALSE	FALSE	Atwells Ave and De Pasquale Ave, Providence, RI, USA	FALSE	-71.4270169	41.8235993	intersection	geometric_center	de pasquale ave & atwells ave, providence, ri 02903, usa	NA	NA	NA	NA	41.8235993	-71.4270169	Med High	6.46273327	Raw	NA	NA	NA	NA	FALSE	41.82359	-71.42694	2015	December
2068	2015-12-20	340941	02:25:00	Pedestrian	1	NA	FALSE	FALSE	1	EDDY ST	ELM ST	2015-12-20	Two-Way, Divided, Unprotected (painted>4feet) Medium	Dry	Dark - Lighted	Clear	Not a Collision Between Two Motor Vehicles in Transport	No	No Controls	4	0	No Injury	NA	41.81844	-71.40761	FALSE	FALSE	Eddy Street and Elm Street, Providence, RI, USA	FALSE	-71.4074549	41.8182644	intersection	geometric_center	eddy st & elm st, providence, ri 02903, usa	NA	NA	NA	NA	41.8182644	-71.4074549	Med High	23.40264451	Raw	NA	NA	NA	NA	FALSE	41.81844	-71.40761	2015	December
2067	2015-12-22	341489	13:30:00	Pedestrian	1	NA	FALSE	FALSE	1	ORMS ST	DOUGLAS AVE	2015-12-22	Two-Way, Divided, Unprotected (painted>4feet) Medium	Wet	Daylight	Rain	Angle (Front - to - Side) Right Angle (Includes Broadside)	No	No Controls	4	1	Pain Reported	NA	41.83469	-71.41611	FALSE	FALSE	Orms Street and Douglas Ave, Providence, RI, USA	FALSE	-71.4165663	41.8346226	intersection	geometric_center	orms st & douglas ave, providence, ri 02908, usa	NA	NA	NA	NA	41.8346226	-71.4165663	Med High	38.58258688	Raw	NA	NA	NA	NA	FALSE	41.83469	-71.41611	2015	December
2064	2015-12-23	341673	13:00:00	Pedestrian	1	NA	FALSE	FALSE	1	40 Point Street	EDDY ST	2015-12-23	Two-Way, Divided, Positive Median Barrier	Dry	Daylight	Cloudy	Not a Collision Between Two Motor Vehicles in Transport	No	No Controls	3	1	Pain Reported	NA	41.81713	-71.40589	TRUE	FALSE	40 Point Street, Providence, RI, USA	FALSE	-71.4056078	41.8168749	premise	rooftop	40 point st, providence, ri 02903, usa	NA	NA	NA	NA	41.8168749	-71.4056078	High	36.80442929	Raw	NA	NA	NA	NA	FALSE	41.81713	-71.40589	2015	December
2065	2015-12-23	341718	17:15:00	Pedestrian	1	NA	FALSE	FALSE	1	ELMWOOD AVE	SPRAGUE ST	2015-12-23	Two-Way , Not Divided	Wet	Dark - Lighted	Rain	Not a Collision Between Two Motor Vehicles in Transport	No	No Controls	2	0	No Injury	NA	41.80948	-71.42433	FALSE	FALSE	Elmwood Ave and Sprague Street, Providence, RI, USA	FALSE	-71.4243969	41.8094159	intersection	geometric_center	sprague st & elmwood ave, providence, ri 02907, usa	NA	NA	NA	NA	41.8094159	-71.4243969	Med High	9.040436239	Raw	NA	NA	NA	NA	FALSE	41.80948	-71.42433	2015	December
2066	2015-12-23	341967	19:30:00	Pedestrian	1	NA	FALSE	FALSE	1	CHALKSTONE AVE	ACADEMY AVE	2015-12-24	Two-Way, Divided, Unprotected (painted>4feet) Medium	Wet	Dark - Lighted	Rain	Not a Collision Between Two Motor Vehicles in Transport	No	Traffic Control Signal	3	1	Pain Reported	NA	41.83245	-71.44453	FALSE	FALSE	Chalkstone Ave and Academy Ave, Providence, RI, USA	FALSE	-71.4445249	41.8324538	intersection	geometric_center	academy ave & chalkstone ave, providence, ri 02908, usa	NA	NA	NA	NA	41.8324538	-71.4445249	Med High	0.598232359	Raw	NA	NA	NA	NA	FALSE	41.83245	-71.44453	2015	December
2061	2015-12-24	341841	00:03:00	Pedestrian	1	NA	FALSE	FALSE	1	WASHINGTON ST	SERVICE ROAD 7	2015-12-24	Two-Way , Not Divided	Wet	Dark - Lighted	Rain	Not a Collision Between Two Motor Vehicles in Transport	No	Traffic Control Signal	2	1	Pain Reported	NA	41.81964	-71.41979	FALSE	FALSE	Washington Street and Service Road 7, Providence, RI, USA	FALSE	-71.4200451	41.8199608	route	geometric_center	service rd 1, providence, ri, usa	Washington Street & Service Road 7th, Providence, RI, USA	EjlXYXNoaW5ndG9uIFN0cmVldCAmIFNlcnZpY2UgUm9hZCA3dGgsIFByb3ZpZGVuY2UsIFJJLCBVU0EiZiJkChQKEgkze0LqckXkiRHxieB7sk4wfhIUChIJM3tC6nJF5IkR8Ynge7JOMH4aFAoSCanazZwSReSJERoH0JajEjT2GhQKEgkHeHRCdkXkiRHLEV0GTCEFTCIKDcMr7RgVfDRu1Q	41.8196419	-71.4197892	41.8196419	-71.4197892	Med	0.221675431	Raw	NA	NA	NA	NA	FALSE	41.81964	-71.41979	2015	December
2062	2015-12-24	341940	17:09:00	Pedestrian	1	NA	FALSE	FALSE	1	387 Charles St	SILVER SPRING ST	2015-12-24	Unknown	Wet	Dark - Lighted	Rain	Not a Collision Between Two Motor Vehicles in Transport	No	No Controls	2	1	Pain Reported	NA	41.84402	-71.41846	TRUE	FALSE	387 Charles Street, Providence, RI, USA	FALSE	-71.417562	41.843616	street_address	rooftop	387 charles st, providence, ri 02904, usa	NA	NA	NA	NA	41.843616	-71.417562	High	86.99670377	Raw	NA	NA	NA	NA	FALSE	41.84402	-71.41846	2015	December
2063	2015-12-24	341951	18:46:00	Bicycle	NA	1	FALSE	FALSE	1	PROMENADE ST	PARK ST	2015-12-24	Two-Way , Not Divided	Wet	Dark - Lighted	Clear	Not a Collision Between Two Motor Vehicles in Transport	Yes	Traffic Control Signal	2	1	Pain Reported	NA	41.82761	-71.41674	FALSE	FALSE	Promenade Street and Park Street, Providence, RI, USA	FALSE	-71.4176635	41.827854	intersection	geometric_center	promenade st & park st, providence, ri 02908, usa	NA	NA	NA	NA	41.827854	-71.4176635	Med High	81.27734382	Raw	NA	NA	NA	NA	FALSE	41.82761	-71.41674	2015	December
2060	2015-12-26	342379	22:14:00	Pedestrian	1	NA	FALSE	FALSE	1	WASHINGTON ST	SNOW ST	2015-12-26	Two-Way, Divided, Unprotected (painted>4feet) Medium	Dry	Dark - Lighted	Clear	Not a Collision Between Two Motor Vehicles in Transport	No	No Controls	2	1	Pain Reported	NA	41.82254	-71.41547	FALSE	FALSE	Washington Street and Snow Street, Providence, RI, USA	FALSE	-71.4154294	41.8225898	intersection	geometric_center	snow st & washington st, providence, ri 02903, usa	NA	NA	NA	NA	41.8225898	-71.4154294	Med High	6.486636787	Raw	NA	NA	NA	NA	FALSE	41.82254	-71.41547	2015	December
2059	2015-12-28	342727	17:17:00	Pedestrian	1	NA	FALSE	FALSE	1	Manton Ave	Sheridan Street	2015-12-28	Two-Way, Divided, Unprotected (painted>4feet) Medium	Dry	Dark - Lighted	Cloudy	Other	No	No Controls	2	1	Pain Reported	NA	41.82364	-71.4515	FALSE	FALSE	Manton Ave and Sheridan Street, Providence, RI, USA	FALSE	-71.4514967	41.8236497	intersection	geometric_center	sheridan st & manton ave, providence, ri 02909, usa	NA	NA	NA	NA	41.8236497	-71.4514967	Med High	1.113959867	Raw	NA	NA	NA	NA	FALSE	41.82364	-71.4515	2015	December
2058	2015-12-30	343199	16:20:00	Pedestrian	1	NA	FALSE	FALSE	1	Waterman St	Butler Ave	2015-12-30	One-Way Trafficway	Dry	Dusk	Cloudy	Not a Collision Between Two Motor Vehicles in Transport	No	Traffic Control Signal	8	1	Incapacitating	2	41.82807	-71.38545	FALSE	FALSE	Waterman Street and Butler Ave, Providence, RI, USA	FALSE	-71.3855111	41.8280967	intersection	geometric_center	butler ave & waterman st, providence, ri 02906, usa	NA	NA	NA	NA	41.8280967	-71.3855111	Med High	5.875460176	Raw	NA	NA	NA	NA	FALSE	41.82807	-71.38545	2015	December
2057	2016-01-01	343476	04:15:00	Pedestrian	1	NA	FALSE	FALSE	1	104 Knight Street	PENN ST	2016-01-01	One-Way Trafficway	Dry	Dark - Lighted	Clear	Not a Collision Between Two Motor Vehicles in Transport	Yes	Stop Signs	2	1	Pain Reported	NA	41.82166	-71.43101	TRUE	FALSE	104 Knight Street, Providence, RI, USA	FALSE	-71.4308258	41.8217144	premise	rooftop	104 knight st, providence, ri 02909, usa	NA	NA	NA	NA	41.8217144	-71.4308258	High	16.43705584	Raw	NA	NA	NA	NA	FALSE	41.82166	-71.43101	2016	January