row_number	crash_date	crash_report_id	crash_time	collision_type	count_pedestrian	count_bicycle	scooter	wheel_chair	number_of_vehicles	street_or_highway	nearest_intersection	report_date	type_of_roadway	road_surface_condition	light_condition	weather_condition	manner_of_impact	hit_and_run	traffic_control	person_count	injury_count	most_serious_injury	number_of_lanes	lat_raw	lon_raw	has_st_number	is_intersection_null	address_sent_to_geocoder	is_address_blank	lon_api_first_try	lat_api_first_try	type	loctype	address_returned_by_geocoder	address_returned_by_autocomplete	place_ids_autocompleted	lat_api_second_try	lon_api_second_try	lat_api_best	lon_api_best	api_coord_conf	distance_btwn_coords_meters	best_coordinate_set	reason_for_qa	correct_coordinates	corrected_lat	corrected_lon	manually_qaed_record	final_lat	final_lon	year	month
2017	2016-02-23	358949	13:00:00	Pedestrian	1	NA	FALSE	TRUE	1	Douglas Ave	WHIPPLE ST	2016-02-23	Two-Way , Not Divided	Dry	Daylight	Clear	Not a Collision Between Two Motor Vehicles in Transport	No	Stop Signs	3	0	No Injury	2	41.8368	-71.42142	FALSE	FALSE	Douglas Ave and Whipple Street, Providence, RI, USA	FALSE	-71.4215517	41.8368745	intersection	geometric_center	whipple st & douglas ave, providence, ri 02908, usa	NA	NA	NA	NA	41.8368745	-71.4215517	Med High	13.71459755	Raw	NA	NA	NA	NA	FALSE	41.8368	-71.42142	2016	February
2015	2016-02-25	359505	08:06:00	Pedestrian	1	NA	FALSE	FALSE	1	MOUNT PLEASANT AVE	CHALKSTONE AVE	2016-02-25	Two-Way , Not Divided	Wet	Daylight	Cloudy	Not a Collision Between Two Motor Vehicles in Transport	Yes	No Controls	1	1	Pain Reported	NA	41.83267	-71.44974	FALSE	FALSE	Mount Pleasant Ave and Chalkstone Ave, Providence, RI, USA	FALSE	-71.4497544	41.83271	intersection	geometric_center	mt pleasant ave & chalkstone ave, providence, ri 02908, usa	NA	NA	NA	NA	41.83271	-71.4497544	Med High	4.610185557	Raw	NA	NA	NA	NA	FALSE	41.83267	-71.44974	2016	February
2016	2016-02-25	359617	18:11:00	Pedestrian	1	NA	FALSE	FALSE	1	MOUNT PLEASANT AVE	CHALKSTONE AVE	2016-02-25	Two-Way , Not Divided	Dry	Dark - Lighted	Clear	Not a Collision Between Two Motor Vehicles in Transport	Yes	No Controls	1	1	Pain Reported	2	41.8327	-71.44975	FALSE	FALSE	Mount Pleasant Ave and Chalkstone Ave, Providence, RI, USA	FALSE	-71.4497544	41.83271	intersection	geometric_center	mt pleasant ave & chalkstone ave, providence, ri 02908, usa	NA	NA	NA	NA	41.83271	-71.4497544	Med High	1.171491734	Raw	NA	NA	NA	NA	FALSE	41.8327	-71.44975	2016	February
2013	2016-02-27	360271	08:59:00	Pedestrian	1	NA	FALSE	TRUE	1	N MAIN ST	PLEASANT ST	2016-02-27	Two-Way, Divided, Positive Median Barrier	Dry	Daylight	Clear	Not a Collision Between Two Motor Vehicles in Transport	No	Other	3	1	Pain Reported	NA	41.83919	-71.40905	FALSE	FALSE	N Main Street and Pleasant Street, Providence, RI, USA	FALSE	-71.3952794	41.9108235	route	geometric_center	pleasant st, rhode island, usa	North Main Street & Pleasant Street, Providence, RI, USA	EjhOb3J0aCBNYWluIFN0cmVldCAmIFBsZWFzYW50IFN0cmVldCwgUHJvdmlkZW5jZSwgUkksIFVTQSJmImQKFAoSCad9ZDPgROSJEXutEa3my4giEhQKEgmnfWQz4ETkiRF7rRGt5suIIhoUChIJ-fpBPd5E5IkRX9etvg1cIz8aFAoSCQ_s1LbfROSJEY1P9A0wxgYOIgoN-CfwGBXz12_V	41.8392056	-71.4090509	41.8392056	-71.4090509	Med	1.738187437	Raw	NA	NA	NA	NA	FALSE	41.83919	-71.40905	2016	February
2014	2016-02-27	360386	15:39:00	Bicycle	NA	1	FALSE	FALSE	1	HARRISON ST	WESTMINSTER ST	2016-02-27	Two-Way , Not Divided	Dry	Daylight	Clear	Not a Collision Between Two Motor Vehicles in Transport	No	No Controls	4	1	Pain Reported	2	41.81671	-71.43031	FALSE	FALSE	Harrison Street and Westminster Street, Providence, RI, USA	FALSE	-71.4302948	41.8167283	intersection	geometric_center	harrison st & westminster st, providence, ri 02909, usa	NA	NA	NA	NA	41.8167283	-71.4302948	Med High	2.395878614	Raw	NA	NA	NA	NA	FALSE	41.81671	-71.43031	2016	February
2011	2016-02-29	360823	07:39:00	Pedestrian	1	NA	FALSE	FALSE	1	MOUNT PLEASANT AVE	CHALKSTONE AVE	2016-02-29	Two-Way, Divided, Unprotected (painted>4feet) Medium	Dry	Daylight	Clear	Not a Collision Between Two Motor Vehicles in Transport	No	Traffic Control Signal	2	2	Pain Reported	NA	41.8327	-71.44975	FALSE	FALSE	Mount Pleasant Ave and Chalkstone Ave, Providence, RI, USA	FALSE	-71.4497544	41.83271	intersection	geometric_center	mt pleasant ave & chalkstone ave, providence, ri 02908, usa	NA	NA	NA	NA	41.83271	-71.4497544	Med High	1.171491734	Raw	NA	NA	NA	NA	FALSE	41.8327	-71.44975	2016	February
2012	2016-02-29	361123	10:15:00	Pedestrian	1	NA	FALSE	FALSE	1	MANTON AVE	HERSCHEL ST	2016-02-29	Unknown	Dry	Dark - Lighted	Clear	Other	Yes	No Controls	1	0	No Injury	NA	41.83359	-71.469	FALSE	FALSE	Manton Ave and Herschel Street, Providence, RI, USA	FALSE	-71.4693755	41.833449	intersection	geometric_center	herschel st & manton ave, providence, ri 02909, usa	NA	NA	NA	NA	41.833449	-71.4693755	Med High	34.87654367	Raw	NA	NA	NA	NA	FALSE	41.83359	-71.469	2016	February
2009	2016-03-02	361569	23:58:00	Pedestrian	1	NA	FALSE	FALSE	1	Broadway	EXIT 21  (RT 1)	2016-03-02	One-Way Trafficway	Dry	Daylight	Cloudy	Not a Collision Between Two Motor Vehicles in Transport	Yes	Traffic Control Signal	1	1	Pain Reported	NA	41.82205	-71.41971	FALSE	FALSE	Broadway and Exit 21  (Rt 1), Providence, RI, USA	FALSE	-71.3539872	41.9300818	street_address	rooftop	21 us-1, north attleborough, ma 02760, usa	NA	NA	NA	NA	41.9300818	-71.3539872	Med High	13202.34852	Raw	distance greater than 100m	NA	NA	NA	TRUE	41.82205	-71.41971	2016	March
2010	2016-03-02	361799	19:00:00	Pedestrian	1	NA	FALSE	FALSE	1	Broad Street	MASSACHUSETTS AVE	2016-03-02	Two-Way , Not Divided	Dry	Dark - Lighted	Cloudy	Not a Collision Between Two Motor Vehicles in Transport	No	No Controls	3	1	Non-Incapacitating	NA	41.78635	-71.40193	FALSE	FALSE	Broad Street and Massachusetts Ave, Providence, RI, USA	FALSE	-71.398086	41.7870857	route	geometric_center	massachusetts ave, providence, ri 02905, usa	Broad Street & Massachusetts Ave, Providence, RI, USA	EjVCcm9hZCBTdHJlZXQgJiBNYXNzYWNodXNldHRzIEF2ZSwgUHJvdmlkZW5jZSwgUkksIFVTQSJmImQKFAoSCSsPeUnsT-SJEa4hPoTYt3L2EhQKEgkrD3lJ7E_kiRGuIT6E2Ldy9hoUChIJg9591YxP5IkRLKLKk5hLCKMaFAoSCaWbFTXuT-SJEd17f4AxeQSKIgoN8BfoGBXn7XDV	41.7863664	-71.4019353	41.7863664	-71.4019353	Med	1.877894902	Raw	NA	NA	NA	NA	FALSE	41.78635	-71.40193	2016	March
2008	2016-03-03	362450	16:30:00	Bicycle	NA	1	FALSE	FALSE	1	ONEIL ST	VEAZIE ST	2016-03-03	Two-Way , Not Divided	Dry	Daylight	Clear	Not a Collision Between Two Motor Vehicles in Transport	No	No Controls	2	1	Non-Incapacitating	NA	41.85297	-71.43521	FALSE	FALSE	Oneil Street and Veazie Street, Providence, RI, USA	FALSE	-71.4351901	41.8529736	intersection	geometric_center	o neil st & veazie st, providence, ri 02904, usa	NA	NA	NA	NA	41.8529736	-71.4351901	Med High	1.698023763	Raw	NA	NA	NA	NA	FALSE	41.85297	-71.43521	2016	March
2007	2016-03-06	363031	03:30:00	Pedestrian	1	NA	FALSE	FALSE	1	POTTERS AVE	BROAD ST	2016-03-06	Two-Way , Not Divided	Dry	Dark - Lighted	Clear	Not a Collision Between Two Motor Vehicles in Transport	Yes	Traffic Control Signal	1	1	Pain Reported	NA	41.80297	-71.41891	FALSE	FALSE	Potters Ave and Broad Street, Providence, RI, USA	FALSE	-71.4189101	41.802993	intersection	geometric_center	potters ave & broad st, providence, ri 02905, usa	NA	NA	NA	NA	41.802993	-71.4189101	Med High	2.560361737	Raw	NA	NA	NA	NA	FALSE	41.80297	-71.41891	2016	March
2006	2016-03-08	363955	13:37:00	Bicycle	NA	1	FALSE	FALSE	1	BROADWAY	COURTLAND STREET	2016-03-09	Two-Way , Not Divided	Dry	Daylight	Clear	Other	No	Stop Signs	3	1	Non-Incapacitating	2	41.83454	-71.41645	FALSE	FALSE	Broadway and Courtland Street, Providence, RI, USA	FALSE	-71.4312276	41.8193752	route	geometric_center	courtland st, providence, ri 02909, usa	Broadway & Courtland Street, Providence, RI, USA	EjBCcm9hZHdheSAmIENvdXJ0bGFuZCBTdHJlZXQsIFByb3ZpZGVuY2UsIFJJLCBVU0EiZiJkChQKEgkfTP4-nkXkiRHaRpD1HdCAZxIUChIJH0z-Pp5F5IkR2kaQ9R3QgGcaFAoSCaW15YZ1ReSJERrCM7HXpG-zGhQKEgmBJD9HnkXkiREEPU6rEi8kayIKDVgh7RgVrHVs1Q	41.8193752	-71.4312276	41.8193752	-71.4312276	Med	2086.249999	Geocoded	distance greater than 100m	NA	NA	NA	TRUE	41.8193752	-71.4312276	2016	March
2004	2016-03-11	364804	07:38:00	Pedestrian	1	NA	FALSE	FALSE	1	765 ATWELLS AVENUE	ACADEMY AVENUE	2016-03-11	Two-Way , Not Divided	Wet	Daylight	Cloudy	Other	No	No Controls	2	1	Non-Incapacitating	2	41.83618	-71.41545	TRUE	FALSE	765 Atwells Avenue, Providence, RI, USA	FALSE	-71.4422971	41.8249165	premise	rooftop	765 atwells ave, providence, ri 02909, usa	NA	NA	NA	NA	41.8249165	-71.4422971	High	2555.59937	Geocoded	distance greater than 100m	NA	NA	NA	TRUE	41.8249165	-71.4422971	2016	March
2005	2016-03-11	365537	15:44:00	Bicycle	NA	1	FALSE	FALSE	1	Killingly St	Duxbury St	2016-03-14	Two-Way , Not Divided	Dry	Daylight	Clear	Not a Collision Between Two Motor Vehicles in Transport	No	Pavement Markings	3	1	Pain Reported	NA	41.8138	-71.46091	FALSE	FALSE	Killingly Street and Duxbury Street, Providence, RI, USA	FALSE	-71.4608763	41.8138145	intersection	geometric_center	killingly st & duxbury st, providence, ri 02909, usa	NA	NA	NA	NA	41.8138145	-71.4608763	Med High	3.228495721	Raw	NA	NA	NA	NA	FALSE	41.8138	-71.46091	2016	March
2001	2016-03-16	367654	09:11:00	Pedestrian	1	NA	FALSE	FALSE	1	EMPIRE ST	WESTMINSTER ST	2016-03-16	Two-Way, Divided, Unprotected (painted>4feet) Medium	Dry	Daylight	Clear	Not a Collision Between Two Motor Vehicles in Transport	No	No Controls	4	1	Pain Reported	NA	41.82111	-71.4155	FALSE	FALSE	Empire Street and Westminster Street, Providence, RI, USA	FALSE	-71.4153246	41.8209888	intersection	geometric_center	empire st & westminster st, providence, ri 02903, usa	NA	NA	NA	NA	41.8209888	-71.4153246	Med High	19.8434501	Raw	NA	NA	NA	NA	FALSE	41.82111	-71.4155	2016	March
2002	2016-03-16	367750	16:25:00	Pedestrian	1	NA	FALSE	FALSE	1	CHALKSTONE AVE	PEKIN ST	2016-03-16	Two-Way , Not Divided	Dry	Daylight	Clear	Not a Collision Between Two Motor Vehicles in Transport	No	Other	4	0	No Injury	NA	41.83562	-71.42416	FALSE	FALSE	Chalkstone Ave and Pekin Street, Providence, RI, USA	FALSE	-71.4241584	41.8356376	intersection	geometric_center	pekin st & chalkstone ave, providence, ri 02908, usa	NA	NA	NA	NA	41.8356376	-71.4241584	Med High	1.963712097	Raw	NA	NA	NA	NA	FALSE	41.83562	-71.42416	2016	March
2003	2016-03-16	367811	21:16:00	Pedestrian	1	NA	FALSE	FALSE	1	134 Atwells Ave	NEWTON ST	2016-03-16	Two-Way, Divided, Unprotected (painted>4feet) Medium	Wet	Dark - Lighted	Rain	Not a Collision Between Two Motor Vehicles in Transport	No	No Controls	3	1	Pain Reported	NA	41.82327	-71.42229	TRUE	FALSE	134 Atwells Ave, Providence, RI, USA	FALSE	-71.4223991	41.8231341	premise	rooftop	134 atwells ave, providence, ri 02903, usa	NA	NA	NA	NA	41.8231341	-71.4223991	High	17.6288821	Raw	NA	NA	NA	NA	FALSE	41.82327	-71.42229	2016	March
2000	2016-03-17	368202	13:38:00	Pedestrian	1	NA	FALSE	FALSE	1	HUNTINGTON AVE	DEXTER ST	2016-03-17	Two-Way, Divided, Positive Median Barrier	Dry	Daylight	Clear	Not a Collision Between Two Motor Vehicles in Transport	No	No Controls	2	2	Fatal	NA	41.80102	-71.43181	FALSE	FALSE	Huntington Ave and Dexter Street, Providence, RI, USA	FALSE	-71.4315343	41.8009424	intersection	geometric_center	dexter st & huntington ave, providence, ri 02907, usa	NA	NA	NA	NA	41.8009424	-71.4315343	Med High	24.45537847	Raw	NA	NA	NA	NA	FALSE	41.80102	-71.43181	2016	March
1999	2016-03-18	368259	07:24:00	Pedestrian	1	NA	FALSE	FALSE	1	163 PROGRESS AVE	WEBSTER AVE	2016-03-18	Unknown	Dry	Daylight	Clear	Other	Yes	No Controls	1	1	Pain Reported	NA	41.80853	-71.44916	TRUE	FALSE	163 Progress Ave, Providence, RI, USA	FALSE	-71.4491709	41.8086833	premise	rooftop	163 progress ave, providence, ri 02909, usa	NA	NA	NA	NA	41.8086833	-71.4491709	High	17.08922753	Raw	NA	NA	NA	NA	FALSE	41.80853	-71.44916	2016	March
1998	2016-03-19	368595	02:43:00	Pedestrian	1	NA	FALSE	FALSE	1	ELMWOOD AVE	ARCH ST	2016-03-19	Two-Way , Not Divided	Dry	Dark - Lighted	Clear	Not a Collision Between Two Motor Vehicles in Transport	Yes	No Controls	2	1	Incapacitating	2	41.81202	-71.42261	FALSE	FALSE	Elmwood Ave and Arch Street, Providence, RI, USA	FALSE	-71.4225885	41.8120767	intersection	geometric_center	arch st & elmwood ave, providence, ri 02907, usa	NA	NA	NA	NA	41.8120767	-71.4225885	Med High	6.559053277	Raw	NA	NA	NA	NA	FALSE	41.81202	-71.42261	2016	March
1996	2016-03-21	369868	14:56:00	Pedestrian	1	NA	FALSE	FALSE	1	JOSLIN ST	ATWELLS AVE	2016-03-22	Two-Way , Not Divided	Dry	Daylight	Clear	Not a Collision Between Two Motor Vehicles in Transport	No	No Controls	3	1	Pain Reported	NA	41.82496	-71.44666	FALSE	FALSE	Joslin Street and Atwells Ave, Providence, RI, USA	FALSE	-71.4466564	41.8249741	intersection	geometric_center	joslin st & atwells ave, providence, ri 02909, usa	NA	NA	NA	NA	41.8249741	-71.4466564	Med High	1.597761272	Raw	NA	NA	NA	NA	FALSE	41.82496	-71.44666	2016	March
1997	2016-03-21	370786	19:38:00	Pedestrian	1	NA	FALSE	FALSE	1	12 POCASSET AVE	NA	2016-03-24	Two-Way , Not Divided	Dry	Dark - Lighted	Clear	Not a Collision Between Two Motor Vehicles in Transport	No	No Controls	5	1	Pain Reported	NA	41.81165	-71.45095	TRUE	TRUE	12 Pocasset Ave, Providence, RI, USA	FALSE	-71.4479665	41.8134363	street_address	rooftop	12 pocasset ave, providence, ri 02909, usa	NA	NA	NA	NA	41.8134363	-71.4479665	High	317.5177469	Geocoded	distance greater than 100m	NA	NA	NA	TRUE	41.8134363	-71.4479665	2016	March
1995	2016-03-23	370521	15:20:00	Pedestrian	1	NA	FALSE	FALSE	1	Bancroft Street	KELLEY ST	2016-03-23	Two-Way , Not Divided	Dry	Daylight	Clear	Not a Collision Between Two Motor Vehicles in Transport	No	No Controls	3	1	Pain Reported	NA	41.81309	-71.4481	FALSE	FALSE	Bancroft Street and Kelley Street, Providence, RI, USA	FALSE	-71.4480739	41.8130759	intersection	geometric_center	bancroft st & kelly st, providence, ri 02909, usa	NA	NA	NA	NA	41.8130759	-71.4480739	Med High	2.674512549	Raw	NA	NA	NA	NA	FALSE	41.81309	-71.4481	2016	March
1994	2016-03-24	370700	11:24:00	Pedestrian	1	NA	FALSE	FALSE	1	DOYLE AVE	ELMGROVE AVE	2016-03-24	Two-Way , Not Divided	Dry	Daylight	Clear	Not a Collision Between Two Motor Vehicles in Transport	No	Stop Signs	4	1	Incapacitating	NA	41.839	-71.39234	FALSE	FALSE	Doyle Ave and Elmgrove Ave, Providence, RI, USA	FALSE	-71.392329	41.8390276	intersection	geometric_center	elmgrove ave & doyle ave, providence, ri 02906, usa	NA	NA	NA	NA	41.8390276	-71.392329	Med High	3.20500005	Raw	NA	NA	NA	NA	FALSE	41.839	-71.39234	2016	March
1992	2016-03-29	372804	11:13:00	Pedestrian	1	NA	FALSE	FALSE	1	55 BROADWAY	NA	2016-03-29	Two-Way , Not Divided	Dry	Daylight	Clear	Not a Collision Between Two Motor Vehicles in Transport	No	No Controls	4	1	Fatal	NA	41.82234	-71.4186	TRUE	TRUE	55 Broadway, Providence, RI, USA	FALSE	-71.4183694	41.8228339	street_address	rooftop	55 broadway, providence, ri 02903, usa	NA	NA	NA	NA	41.8228339	-71.4183694	High	58.21363475	Raw	NA	NA	NA	NA	FALSE	41.82234	-71.4186	2016	March
1993	2016-03-29	372939	15:50:00	Bicycle	NA	2	FALSE	FALSE	1	ROANOKE ST	CARLETON ST	2016-03-29	Two-Way , Not Divided	Dry	Daylight	Clear	Not a Collision Between Two Motor Vehicles in Transport	Yes	Stop Signs	3	2	Non-Incapacitating	2	41.83139	-71.44787	FALSE	FALSE	Roanoke Street and Carleton Street, Providence, RI, USA	FALSE	-71.4478722	41.8314008	intersection	geometric_center	carleton st & roanoke st, providence, ri 02908, usa	NA	NA	NA	NA	41.8314008	-71.4478722	Med High	1.216020199	Raw	NA	NA	NA	NA	FALSE	41.83139	-71.44787	2016	March
1990	2016-03-31	373728	07:46:00	Pedestrian	1	NA	FALSE	FALSE	1	VANDEWATER ST	BRANCH AVE	2016-03-31	Two-Way , Not Divided	Dry	Daylight	Clear	Other	No	Stop Signs	3	1	Pain Reported	NA	41.85367	-71.42883	FALSE	FALSE	Vandewater Street and Branch Ave, Providence, RI, USA	FALSE	-71.428823	41.8536926	intersection	geometric_center	vandewater st & branch ave, providence, ri 02904, usa	NA	NA	NA	NA	41.8536926	-71.428823	Med High	2.581905215	Raw	NA	NA	NA	NA	FALSE	41.85367	-71.42883	2016	March
1991	2016-03-31	373764	15:06:00	Pedestrian	1	NA	FALSE	FALSE	1	CRANSTON ST	HANOVER ST	2016-03-31	Two-Way , Not Divided	Dry	Daylight	Clear	Not a Collision Between Two Motor Vehicles in Transport	Yes	No Controls	2	1	Pain Reported	2	41.80945	-71.43357	FALSE	FALSE	Cranston Street and Hanover Street, Providence, RI, USA	FALSE	-71.4335598	41.809491	intersection	geometric_center	cranston st & hanover st, providence, ri 02907, usa	NA	NA	NA	NA	41.809491	-71.4335598	Med High	4.641904671	Raw	NA	NA	NA	NA	FALSE	41.80945	-71.43357	2016	March
1989	2016-04-04	375957	15:10:00	Pedestrian	1	NA	FALSE	FALSE	1	Bucklin St	WHITMARSH ST	2016-04-04	Two-Way , Not Divided	Slush	Daylight	Snow	Not a Collision Between Two Motor Vehicles in Transport	No	No Controls	2	1	Pain Reported	NA	41.8059	-71.42781	FALSE	FALSE	Bucklin Street and Whitmarsh Street, Providence, RI, USA	FALSE	-71.4278013	41.8059079	intersection	geometric_center	bucklin st & whitmarsh st, providence, ri 02907, usa	NA	NA	NA	NA	41.8059079	-71.4278013	Med High	1.137779905	Raw	NA	NA	NA	NA	FALSE	41.8059	-71.42781	2016	April
1988	2016-04-08	378087	07:22:00	Pedestrian	1	NA	FALSE	FALSE	1	ANGELL ST	HOPE ST	2016-04-08	One-Way Trafficway	Dry	Daylight	Clear	Not a Collision Between Two Motor Vehicles in Transport	No	Traffic Control Signal	4	1	Pain Reported	NA	41.8284	-71.39754	FALSE	FALSE	Angell Street and Hope Street, Providence, RI, USA	FALSE	-71.3974982	41.8284083	intersection	geometric_center	hope st & angell st, providence, ri 02906, usa	NA	NA	NA	NA	41.8284083	-71.3974982	Med High	3.588272287	Raw	NA	NA	NA	NA	FALSE	41.8284	-71.39754	2016	April
1987	2016-04-10	379232	20:50:00	Pedestrian	1	NA	FALSE	FALSE	1	Orms St	Bath St	2016-04-10	Two-Way , Not Divided	Dry	Dark - Lighted	Clear	Not a Collision Between Two Motor Vehicles in Transport	No	No Controls	2	0	No Injury	NA	41.83325	-71.42531	FALSE	FALSE	Orms Street and Bath Street, Providence, RI, USA	FALSE	-71.4254527	41.8332163	intersection	geometric_center	bath st & orms st, providence, ri 02908, usa	NA	NA	NA	NA	41.8332163	-71.4254527	Med High	12.41625766	Raw	NA	NA	NA	NA	FALSE	41.83325	-71.42531	2016	April
1986	2016-04-11	379614	13:00:00	Pedestrian	1	NA	FALSE	FALSE	1	HOLDEN ST	SMITH ST	2016-04-11	Two-Way , Not Divided	Dry	Daylight	Clear	Not a Collision Between Two Motor Vehicles in Transport	No	No Controls	2	1	Pain Reported	NA	41.83221	-71.41802	FALSE	FALSE	Holden Street and Smith Street, Providence, RI, USA	FALSE	-71.4180055	41.8322069	intersection	geometric_center	holden st & smith st, providence, ri 02908, usa	NA	NA	NA	NA	41.8322069	-71.4180055	Med High	1.251221718	Raw	NA	NA	NA	NA	FALSE	41.83221	-71.41802	2016	April
1984	2016-04-12	380897	21:44:00	Pedestrian	1	NA	FALSE	FALSE	1	244 UNION AVE	PRISCILLA AVE	2016-04-12	Two-Way, Divided, Unprotected (painted>4feet) Medium	Dry	Dark - Lighted	Clear	Not a Collision Between Two Motor Vehicles in Transport	No	No Controls	2	1	Pain Reported	NA	41.80753	-71.44486	TRUE	FALSE	244 Union Ave, Providence, RI, USA	FALSE	-71.4448017	41.8073879	premise	rooftop	244 union ave, providence, ri 02909, usa	NA	NA	NA	NA	41.8073879	-71.4448017	High	16.54166079	Raw	NA	NA	NA	NA	FALSE	41.80753	-71.44486	2016	April
1985	2016-04-12	380921	22:06:00	Pedestrian	1	NA	FALSE	FALSE	1	BENEVOLENT ST	BENEFIT ST	2016-04-12	Two-Way , Not Divided	Dry	Dark - Lighted	Cloudy	Other	No	No Controls	2	1	Non-Incapacitating	2	41.82453	-71.40549	FALSE	FALSE	Benevolent Street and Benefit Street, Providence, RI, USA	FALSE	-71.4055481	41.8244535	intersection	geometric_center	benevolent st & benefit st, providence, ri 02906, usa	NA	NA	NA	NA	41.8244535	-71.4055481	Med High	9.785204105	Raw	NA	NA	NA	NA	FALSE	41.82453	-71.40549	2016	April
1983	2016-04-15	382676	07:21:00	Pedestrian	1	NA	FALSE	FALSE	1	HARTFORD AVENUE	BOWLETT STREET	2016-04-15	Two-Way , Not Divided	Dry	Daylight	Clear	Angle - Direction Not Specified	Yes	Flashing Traffic Control Signal	3	1	Pain Reported	2	41.81907	-71.46225	FALSE	FALSE	Hartford Avenue and Bowlett Street, Providence, RI, USA	FALSE	-71.4622443	41.8191049	intersection	geometric_center	bowlett st & hartford ave, providence, ri 02909, usa	NA	NA	NA	NA	41.8191049	-71.4622443	Med High	3.913723308	Raw	NA	NA	NA	NA	FALSE	41.81907	-71.46225	2016	April
1982	2016-04-16	384175	22:23:00	Pedestrian	1	NA	FALSE	FALSE	1	176 Manton Ave	NA	2016-04-18	Two-Way , Not Divided	Dry	Dark - Lighted	Clear	Not a Collision Between Two Motor Vehicles in Transport	Yes	No Controls	1	1	Pain Reported	NA	41.82017	-71.44693	TRUE	TRUE	176 Manton Ave, Providence, RI, USA	FALSE	-71.4470046	41.8200389	street_address	rooftop	176 manton ave, providence, ri 02909, usa	NA	NA	NA	NA	41.8200389	-71.4470046	High	15.85199733	Raw	NA	NA	NA	NA	FALSE	41.82017	-71.44693	2016	April
1980	2016-04-17	384040	14:30:00	Pedestrian	1	NA	FALSE	FALSE	1	OAKLAND AVE	CHALKSTONE AVE	2016-04-17	Two-Way, Divided, Unprotected (painted>4feet) Medium	Dry	Daylight	Clear	Rear End(Front-to-Rear)	No	Traffic Control Signal	4	1	Pain Reported	NA	41.83421	-71.43024	FALSE	FALSE	Oakland Ave and Chalkstone Ave, Providence, RI, USA	FALSE	-71.4302486	41.834203	intersection	geometric_center	oakland ave & chalkstone ave, providence, ri 02908, usa	NA	NA	NA	NA	41.834203	-71.4302486	Med High	1.056411046	Raw	NA	NA	NA	NA	FALSE	41.83421	-71.43024	2016	April
1981	2016-04-17	384722	19:40:00	Pedestrian	1	NA	FALSE	FALSE	1	WESTMINSTER ST	MESSER ST	2016-04-18	Two-Way, Divided, Unprotected (painted>4feet) Medium	Dry	Dark - Lighted	Clear	Not a Collision Between Two Motor Vehicles in Transport	Yes	No Controls	1	1	Pain Reported	NA	41.81586	-71.43704	FALSE	FALSE	Westminster Street and Messer Street, Providence, RI, USA	FALSE	-71.437044	41.8158698	intersection	geometric_center	messer st & westminster st, providence, ri 02909, usa	NA	NA	NA	NA	41.8158698	-71.437044	Med High	1.140290643	Raw	NA	NA	NA	NA	FALSE	41.81586	-71.43704	2016	April
1978	2016-04-18	384387	10:00:00	Pedestrian	1	NA	FALSE	FALSE	1	EMPIRE ST	WASHINGTON ST	2016-04-18	Two-Way , Not Divided	Dry	Daylight	Clear	Not a Collision Between Two Motor Vehicles in Transport	No	Traffic Control Signal	3	1	Pain Reported	NA	41.82184	-71.41647	FALSE	FALSE	Empire Street and Washington Street, Providence, RI, USA	FALSE	-71.4164189	41.8218601	intersection	geometric_center	empire st & washington st, providence, ri 02903, usa	NA	NA	NA	NA	41.8218601	-71.4164189	Med High	4.79341231	Raw	NA	NA	NA	NA	FALSE	41.82184	-71.41647	2016	April
1979	2016-04-18	384714	16:39:00	Bicycle	NA	1	FALSE	FALSE	1	ELMWOOD AVE	DABOLL ST	2016-04-18	Two-Way, Divided, Unprotected (painted>4feet) Medium	Dry	Daylight	Clear	Not a Collision Between Two Motor Vehicles in Transport	No	No Controls	2	1	Pain Reported	NA	41.80414	-71.42557	FALSE	FALSE	Elmwood Ave and Daboll Street, Providence, RI, USA	FALSE	-71.4255688	41.8041436	intersection	geometric_center	daboll st & elmwood ave, providence, ri 02907, usa	NA	NA	NA	NA	41.8041436	-71.4255688	Med High	0.41293611	Raw	NA	NA	NA	NA	FALSE	41.80414	-71.42557	2016	April
1977	2016-04-19	385069	08:11:00	Bicycle	NA	1	FALSE	FALSE	1	Cypress St	KNOWLES ST	2016-04-19	Two-Way, Divided, Unprotected (painted>4feet) Medium	Dry	Daylight	Clear	Angle (Front - to - Side) Right Angle (Includes Broadside)	No	No Controls	2	1	Non-Incapacitating	NA	41.8422	-71.40482	FALSE	FALSE	Cypress Street and Knowles Street, Providence, RI, USA	FALSE	-71.404787	41.8422139	intersection	geometric_center	knowles st & cypress st, providence, ri 02906, usa	NA	NA	NA	NA	41.8422139	-71.404787	Med High	3.14387913	Raw	NA	NA	NA	NA	FALSE	41.8422	-71.40482	2016	April
1976	2016-04-20	385226	08:08:00	Pedestrian	1	NA	FALSE	FALSE	1	Dudley st	PLAIN ST	2016-04-20	Two-Way , Not Divided	Dry	Daylight	Clear	Not a Collision Between Two Motor Vehicles in Transport	No	No Controls	3	1	Pain Reported	NA	41.81028	-71.41081	FALSE	FALSE	Dudley Street and Plain Street, Providence, RI, USA	FALSE	-71.4112111	41.8102339	intersection	geometric_center	plain st & dudley st, providence, ri 02903, usa	NA	NA	NA	NA	41.8102339	-71.4112111	Med High	33.67369916	Raw	NA	NA	NA	NA	FALSE	41.81028	-71.41081	2016	April