row_number	crash_date	crash_report_id	crash_time	collision_type	count_pedestrian	count_bicycle	scooter	wheel_chair	number_of_vehicles	street_or_highway	nearest_intersection	report_date	type_of_roadway	road_surface_condition	light_condition	weather_condition	manner_of_impact	hit_and_run	traffic_control	person_count	injury_count	most_serious_injury	number_of_lanes	lat_raw	lon_raw	has_st_number	is_intersection_null	address_sent_to_geocoder	is_address_blank	lon_api_first_try	lat_api_first_try	type	loctype	address_returned_by_geocoder	address_returned_by_autocomplete	place_ids_autocompleted	lat_api_second_try	lon_api_second_try	lat_api_best	lon_api_best	api_coord_conf	distance_btwn_coords_meters	best_coordinate_set	reason_for_qa	correct_coordinates	corrected_lat	corrected_lon	manually_qaed_record	final_lat	final_lon	year	month
1975	2016-04-22	386732	12:33:00	Bicycle	NA	1	FALSE	FALSE	1	CALLA ST	F C GREENE PARKWAY	2016-04-23	Two-Way , Not Divided	Dry	Daylight	Clear	Not a Collision Between Two Motor Vehicles in Transport	No	No Controls	2	1	Pain Reported	NA	41.78722	-71.41179	FALSE	FALSE	Calla Street and F C Greene Parkway, Providence, RI, USA	FALSE	-71.4078389	41.7886829	route	geometric_center	calla st, providence, ri 02905, usa	NA	NA	NA	NA	41.7886829	-71.4078389	Med	366.1550994	Raw	distance greater than 100m	NA	NA	NA	TRUE	41.78722	-71.41179	2016	April
1974	2016-04-23	387460	20:08:00	Pedestrian	1	NA	FALSE	FALSE	1	Adelaide Ave	Broad St	2016-04-24	Two-Way , Not Divided	Dry	Dark - Lighted	Clear	Not a Collision Between Two Motor Vehicles in Transport	No	Pavement Markings	3	1	Pain Reported	NA	41.79885	-71.41548	FALSE	FALSE	Adelaide Ave and Broad Street, Providence, RI, USA	FALSE	-71.4154791	41.7988681	intersection	geometric_center	adelaide ave & broad st, providence, ri 02905, usa	NA	NA	NA	NA	41.7988681	-71.4154791	Med High	2.016266609	Raw	NA	NA	NA	NA	FALSE	41.79885	-71.41548	2016	April
1973	2016-04-24	387209	09:40:00	Bicycle	NA	1	FALSE	FALSE	1	Broadway	Dean Street	2016-04-24	Two-Way , Not Divided	Dry	Daylight	Clear	Other	No	Traffic Control Signal	3	1	Incapacitating	2	41.82139	-71.42257	FALSE	FALSE	Broadway and Dean Street, Providence, RI, USA	FALSE	-71.4242155	41.8234078	route	geometric_center	dean st, providence, ri, usa	Broadway & Dean Street, Providence, RI, USA	EitCcm9hZHdheSAmIERlYW4gU3RyZWV0LCBQcm92aWRlbmNlLCBSSSwgVVNBImYiZAoUChIJCcRZtQxF5IkRWJynngBsfzMSFAoSCQnEWbUMReSJEVicp54AbH8zGhQKEgmlteWGdUXkiREawjOx16RvsxoUChIJWwZsfgxF5IkRyLSf36DnQOQiCg38cO0YFWLJbdU	41.821414	-71.422531	41.821414	-71.422531	Med	4.195884709	Raw	NA	NA	NA	NA	FALSE	41.82139	-71.42257	2016	April
1972	2016-04-26	388357	15:10:00	Pedestrian	1	NA	FALSE	FALSE	1	OXFORD ST	PRAIRIE AVE	2016-04-26	Two-Way , Not Divided	Wet	Daylight	Cloudy	Not a Collision Between Two Motor Vehicles in Transport	No	Stop Signs	3	1	Pain Reported	2	41.80158	-71.41313	FALSE	FALSE	Oxford Street and Prairie Ave, Providence, RI, USA	FALSE	-71.413116	41.8015958	intersection	geometric_center	oxford st & prairie ave, providence, ri 02905, usa	NA	NA	NA	NA	41.8015958	-71.413116	Med High	2.107906081	Raw	NA	NA	NA	NA	FALSE	41.80158	-71.41313	2016	April
1971	2016-04-27	388812	13:05:00	Bicycle	NA	1	FALSE	FALSE	1	Elmwood Avenue	Westfield Street	2016-04-27	Two-Way , Not Divided	Dry	Daylight	Clear	Not a Collision Between Two Motor Vehicles in Transport	No	Traffic Control Signal	2	1	Pain Reported	NA	41.81001	-71.42398	FALSE	FALSE	Elmwood Avenue and Westfield Street, Providence, RI, USA	FALSE	-71.4239792	41.8100222	intersection	geometric_center	elmwood ave & westfield st, providence, ri 02907, usa	NA	NA	NA	NA	41.8100222	-71.4239792	Med High	1.359718978	Raw	NA	NA	NA	NA	FALSE	41.81001	-71.42398	2016	April
1970	2016-04-29	390145	17:05:00	Bicycle	NA	1	FALSE	FALSE	1	Olney St	HOPE ST	2016-04-29	Two-Way , Not Divided	Dry	Daylight	Cloudy	Not a Collision Between Two Motor Vehicles in Transport	No	No Controls	2	1	Pain Reported	2	41.83569	-71.40214	FALSE	FALSE	Olney Street and Hope Street, Providence, RI, USA	FALSE	-71.4015677	41.8357179	intersection	geometric_center	hope st & olney st, providence, ri 02906, usa	NA	NA	NA	NA	41.8357179	-71.4015677	Med High	47.56792331	Raw	NA	NA	NA	NA	FALSE	41.83569	-71.40214	2016	April
1968	2016-05-02	391673	17:30:00	Bicycle	NA	1	FALSE	FALSE	1	SMITH ST	CHALKSTONE AVE	2016-05-02	Two-Way , Not Divided	Dry	Daylight	Cloudy	Not a Collision Between Two Motor Vehicles in Transport	No	No Controls	2	1	Pain Reported	2	41.83556	-71.42649	FALSE	FALSE	Smith Street and Chalkstone Ave, Providence, RI, USA	FALSE	-71.4256425	41.8352214	intersection	geometric_center	chalkstone ave & smith st, providence, ri 02908, usa	NA	NA	NA	NA	41.8352214	-71.4256425	Med High	79.76014657	Raw	NA	NA	NA	NA	FALSE	41.83556	-71.42649	2016	May
1969	2016-05-02	391894	14:21:00	Bicycle	NA	1	FALSE	FALSE	1	610 MANTON AVE	RIDGEWAY AVE	2016-05-03	Two-Way , Not Divided	Wet	Daylight	Cloudy	Not a Collision Between Two Motor Vehicles in Transport	No	No Controls	3	1	Pain Reported	2	41.82722	-71.46094	TRUE	FALSE	610 Manton Ave, Providence, RI, USA	FALSE	-71.46158	41.826471	premise	rooftop	610 manton ave, providence, ri 02909, usa	NA	NA	NA	NA	41.826471	-71.46158	High	98.84513301	Raw	NA	NA	NA	NA	FALSE	41.82722	-71.46094	2016	May
1967	2016-05-03	392336	13:00:00	Pedestrian	1	NA	FALSE	FALSE	1	CANAL ST	MILL ST	2016-05-03	Two-Way, Divided, Positive Median Barrier	Wet	Daylight	Rain	Not a Collision Between Two Motor Vehicles in Transport	No	Stop Signs	5	1	Pain Reported	NA	41.8323	-71.41095	FALSE	FALSE	Canal Street and Mill Street, Providence, RI, USA	FALSE	-71.5342119	42.0140642	intersection	geometric_center	mill st & canal st, north smithfield, ri 02896, usa	NA	NA	NA	NA	42.0140642	-71.5342119	Med High	22663.64202	Raw	distance greater than 100m	NA	NA	NA	TRUE	41.8323	-71.41095	2016	May
1966	2016-05-04	393180	16:36:00	Pedestrian	1	NA	FALSE	FALSE	1	GLENBRIDGE AVE	HARTFORD AVE	2016-05-04	Two-Way , Not Divided	Wet	Daylight	Rain	Not a Collision Between Two Motor Vehicles in Transport	Yes	No Controls	1	1	Pain Reported	NA	41.81928	-71.4614	FALSE	FALSE	Glenbridge Ave and Hartford Ave, Providence, RI, USA	FALSE	-71.4615818	41.8190078	intersection	geometric_center	glenbridge ave & hartford ave, providence, ri 02909, usa	NA	NA	NA	NA	41.8190078	-71.4615818	Med High	33.84727256	Raw	NA	NA	NA	NA	FALSE	41.81928	-71.4614	2016	May
1965	2016-05-07	394356	09:00:00	Pedestrian	1	NA	FALSE	FALSE	1	WESTMINSTER ST	MESSER ST	2016-05-07	Two-Way , Not Divided	Wet	Daylight	Cloudy	Other	Yes	Pavement Markings	2	1	Pain Reported	3	41.81586	-71.43704	FALSE	FALSE	Westminster Street and Messer Street, Providence, RI, USA	FALSE	-71.437044	41.8158698	intersection	geometric_center	messer st & westminster st, providence, ri 02909, usa	NA	NA	NA	NA	41.8158698	-71.437044	Med High	1.140290643	Raw	NA	NA	NA	NA	FALSE	41.81586	-71.43704	2016	May
1964	2016-05-09	395848	17:57:00	Pedestrian	2	NA	FALSE	FALSE	1	WATERMAN ST	N MAIN ST	2016-05-09	Two-Way, Divided, Positive Median Barrier	Dry	Daylight	Clear	Not a Collision Between Two Motor Vehicles in Transport	No	No Controls	22	16	Pain Reported	NA	41.82694	-71.4087	FALSE	FALSE	Waterman Street and N Main Street, Providence, RI, USA	FALSE	-71.3702575	41.8264716	establishment	rooftop	105 wilmarth ave, east providence, ri 02914, usa	Waterman Street & North Main Street, Providence, RI, USA	EjhXYXRlcm1hbiBTdHJlZXQgJiBOb3J0aCBNYWluIFN0cmVldCwgUHJvdmlkZW5jZSwgUkksIFVTQSJmImQKFAoSCQt9wqUXReSJEQkJ8DGRoJD4EhQKEgkLfcKlF0XkiREJCfAxkaCQ-BoUChIJ-ff-ZiVF5IkRYg4Ghho0ll0aFAoSCfn6QT3eROSJEV_Xrb4NXCM_IgoNMknuGBWr5G_V	41.826949	-71.4087253	41.826949	-71.4087253	Med	2.325540948	Raw	NA	NA	NA	NA	FALSE	41.82694	-71.4087	2016	May
1963	2016-05-10	396202	13:20:00	Pedestrian	1	NA	FALSE	FALSE	1	1270 BROAD ST	BROAD ST	2016-05-10	Two-Way, Divided, Unprotected (painted>4feet) Medium	Dry	Daylight	Clear	Not a Collision Between Two Motor Vehicles in Transport	Yes	No Controls	2	1	Incapacitating	NA	41.792	-71.40696	TRUE	FALSE	1270 Broad Street, Providence, RI, USA	FALSE	-71.4062745	41.7921309	street_address	range_interpolated	1270 broad st, providence, ri 02905, usa	NA	NA	NA	NA	41.7921309	-71.4062745	High	58.73037414	Raw	NA	NA	NA	NA	FALSE	41.792	-71.40696	2016	May
1961	2016-05-11	396766	16:00:00	Bicycle	NA	1	FALSE	FALSE	1	CALLA ST	BROAD ST	2016-05-11	Two-Way , Not Divided	Dry	Daylight	Clear	Angle (Front - to - Side) Right Angle (Includes Broadside)	No	No Controls	2	1	Non-Incapacitating	NA	41.78984	-71.40486	FALSE	FALSE	Calla Street and Broad Street, Providence, RI, USA	FALSE	-71.4048545	41.7898178	intersection	geometric_center	calla st & broad st, providence, ri 02905, usa	NA	NA	NA	NA	41.7898178	-71.4048545	Med High	2.513100817	Raw	NA	NA	NA	NA	FALSE	41.78984	-71.40486	2016	May
1962	2016-05-11	396852	14:54:00	Pedestrian	1	NA	FALSE	FALSE	1	LESTER ST	HARRISON ST	2016-05-11	Two-Way , Not Divided	Dry	Daylight	Clear	Not a Collision Between Two Motor Vehicles in Transport	Yes	No Controls	1	1	Pain Reported	NA	41.81253	-71.4284	FALSE	FALSE	Lester Street and Harrison Street, Providence, RI, USA	FALSE	-71.428398	41.8125269	intersection	geometric_center	lester st & harrison st, providence, ri 02907, usa	NA	NA	NA	NA	41.8125269	-71.428398	Med High	0.382914271	Raw	NA	NA	NA	NA	FALSE	41.81253	-71.4284	2016	May
1958	2016-05-12	397364	07:32:00	Bicycle	NA	1	FALSE	FALSE	1	WASHINGTON ST	WINTER ST	2016-05-12	Two-Way , Not Divided	Dry	Daylight	Clear	Angle (Front - to - Side) Right Angle (Includes Broadside)	No	Stop Signs	3	1	Pain Reported	NA	41.81809	-71.4225	FALSE	FALSE	Washington Street and Winter Street, Providence, RI, USA	FALSE	-71.4128343	41.8239891	locality	approximate	providence, ri, usa	Washington Street & Winter Street, Providence, RI, USA	EjZXYXNoaW5ndG9uIFN0cmVldCAmIFdpbnRlciBTdHJlZXQsIFByb3ZpZGVuY2UsIFJJLCBVU0EiZiJkChQKEgkB0v69c0XkiRF5jnKXAv-L1xIUChIJAdL-vXNF5IkReY5ylwL_i9caFAoSCanazZwSReSJERoH0JajEjT2GhQKEgmdUqK-c0XkiRGpZYLJlCtMySIKDX7u7BgVP8lt1Q	41.8180734	-71.4225345	41.8180734	-71.4225345	Med	3.406903236	Raw	NA	NA	NA	NA	FALSE	41.81809	-71.4225	2016	May
1959	2016-05-12	397661	16:18:00	Other	NA	NA	TRUE	FALSE	2	WESTMINSTER ST	BOUGH ST	2016-05-12	Two-Way , Not Divided	Dry	Daylight	Clear	Rear End(Front-to-Rear)	Yes	No Controls	5	0	No Injury	3	41.8166	-71.44189	FALSE	FALSE	Westminster Street and Bough Street, Providence, RI, USA	FALSE	-71.4418328	41.816627	intersection	geometric_center	bough st & westminster st, providence, ri 02909, usa	NA	NA	NA	NA	41.816627	-71.4418328	Med High	5.617313686	Raw	NA	NA	NA	NA	FALSE	41.8166	-71.44189	2016	May
1960	2016-05-12	397707	15:45:00	Pedestrian	2	NA	FALSE	FALSE	1	WEST EXCHANGE STREET	W EXCHANGE ST EXIT 22A	2016-05-12	Two-Way , Not Divided	Dry	Daylight	Clear	Other	No	No Controls	4	2	Pain Reported	2	41.82484	-71.41645	FALSE	FALSE	West Exchange Street and W Exchange Street Exit 22a, Providence, RI, USA	FALSE	-71.4202531	41.825222	route	geometric_center	w exchange st, providence, ri 02903, usa	NA	NA	NA	NA	41.825222	-71.4202531	Med	318.3338152	Raw	distance greater than 100m	NA	NA	NA	TRUE	41.82484	-71.41645	2016	May
1957	2016-05-14	399180	22:11:00	Pedestrian	1	NA	FALSE	FALSE	1	BROAD ST	Summer ST	2016-05-15	Two-Way, Divided, Unprotected (painted>4feet) Medium	Dry	Dark - Lighted	Clear	Not a Collision Between Two Motor Vehicles in Transport	No	Traffic Control Signal	3	1	Pain Reported	NA	41.81638	-71.41914	FALSE	FALSE	Broad Street and Summer Street, Providence, RI, USA	FALSE	-71.3863288	41.8796634	intersection	geometric_center	broad st & summer st, pawtucket, ri 02860, usa	NA	NA	NA	NA	41.8796634	-71.3863288	Med High	7551.845231	Raw	distance greater than 100m	NA	NA	NA	TRUE	41.81638	-71.41914	2016	May
1956	2016-05-17	401711	10:10:00	Bicycle	NA	1	FALSE	FALSE	1	WASHINGTON ST	UNION ST	2016-05-18	Two-Way, Divided, Unprotected (painted>4feet) Medium	Dry	Daylight	Clear	Sideswipe, Same Direction	No	No Controls	6	1	Pain Reported	NA	41.8236	-71.414	FALSE	FALSE	Washington Street and Union Street, Providence, RI, USA	FALSE	-71.4128343	41.8239891	locality	approximate	providence, ri, usa	Washington Street & Union Street, Providence, RI, USA	EjVXYXNoaW5ndG9uIFN0cmVldCAmIFVuaW9uIFN0cmVldCwgUHJvdmlkZW5jZSwgUkksIFVTQSJmImQKFAoSCXvJS8cTReSJEcVp0B49EFpXEhQKEgl7yUvHE0XkiRHFadAePRBaVxoUChIJqdrNnBJF5IkRGgfQlqMSNPYaFAoSCXNAs5UTReSJEZJE18owa50QIgoN_cbtGBWuFm_V	41.8236157	-71.4139986	41.8236157	-71.4139986	Med	1.751570489	Raw	NA	NA	NA	NA	FALSE	41.8236	-71.414	2016	May
1955	2016-05-18	401720	07:47:00	Bicycle	NA	1	FALSE	FALSE	1	UNION AVE	ALTHEA ST	2016-05-18	Two-Way, Divided, Unprotected (painted>4feet) Medium	Dry	Daylight	Clear	Sideswipe, Same Direction	Yes	No Controls	1	0	No Injury	NA	41.8093	-71.43837	FALSE	FALSE	Union Ave and Althea Street, Providence, RI, USA	FALSE	-71.4350772	41.807752	route	geometric_center	althea st, providence, ri, usa	Union Ave & Althea Street, Providence, RI, USA	Ei5VbmlvbiBBdmUgJiBBbHRoZWEgU3RyZWV0LCBQcm92aWRlbmNlLCBSSSwgVVNBImYiZAoUChIJG0Z3g4ZF5IkRRkh_ckDFXY0SFAoSCRtGd4OGReSJEUZIf3JAxV2NGhQKEgkjges4ikXkiRGe1Z8wsMWILxoUChIJp4GeQIFF5IkR1Ebe3VPYn2YiCg1lmOsYFaFja9U	41.8093157	-71.4382431	41.8093157	-71.4382431	Med	10.6734561	Raw	NA	NA	NA	NA	FALSE	41.8093	-71.43837	2016	May
1954	2016-05-22	404304	11:04:00	Bicycle	NA	1	FALSE	FALSE	1	BRANCH AVE	HAWKINS ST	2016-05-25	Two-Way, Divided, Unprotected (painted>4feet) Medium	Dry	Daylight	Clear	Other	No	Traffic Control Signal	3	1	Pain Reported	NA	41.85103	-71.42174	FALSE	FALSE	Branch Ave and Hawkins Street, Providence, RI, USA	FALSE	-71.4214171	41.8509231	intersection	geometric_center	hawkins st & branch ave, providence, ri 02904, usa	NA	NA	NA	NA	41.8509231	-71.4214171	Med High	29.30024164	Raw	NA	NA	NA	NA	FALSE	41.85103	-71.42174	2016	May
1953	2016-05-23	403612	15:16:00	Bicycle	1	NA	FALSE	FALSE	1	OAKLAND AVE	SMITH ST	2016-05-23	Two-Way, Divided, Unprotected (painted>4feet) Medium	Dry	Daylight	Clear	Not a Collision Between Two Motor Vehicles in Transport	Yes	Traffic Control Signal	1	0	No Injury	NA	41.83623	-71.43046	FALSE	FALSE	Oakland Ave and Smith Street, Providence, RI, USA	FALSE	-71.430455	41.8362474	intersection	geometric_center	oakland ave & smith st, providence, ri 02908, usa	NA	NA	NA	NA	41.8362474	-71.430455	Med High	1.980854086	Raw	NA	NA	NA	NA	FALSE	41.83623	-71.43046	2016	May
1951	2016-05-25	404343	14:25:00	Pedestrian	1	NA	FALSE	FALSE	1	139 Elmdale Ave	TERRACE AVE	2016-05-25	Unknown	Dry	Daylight	Clear	Other	No	No Controls	6	1	Non-Incapacitating	NA	41.80702	-71.44949	TRUE	FALSE	139 Elmdale Ave, Providence, RI, USA	FALSE	-71.4494528	41.807226	premise	rooftop	139 elmdale ave, providence, ri 02909, usa	NA	NA	NA	NA	41.807226	-71.4494528	High	23.13862756	Raw	NA	NA	NA	NA	FALSE	41.80702	-71.44949	2016	May
1952	2016-05-25	404596	20:12:00	Bicycle	NA	NA	FALSE	FALSE	2	HARTFORD AVE	GLENBRIDGE AVE	2016-05-25	Two-Way, Divided, Unprotected (painted>4feet) Medium	Dry	Dusk	Clear	Angle (Front - to - Side) Right Angle (Includes Broadside)	Yes	Traffic Control Signal	2	0	No Injury	NA	41.81898	-71.46158	FALSE	FALSE	Hartford Ave and Glenbridge Ave, Providence, RI, USA	FALSE	-71.4615818	41.8190078	intersection	geometric_center	glenbridge ave & hartford ave, providence, ri 02909, usa	NA	NA	NA	NA	41.8190078	-71.4615818	Med High	3.09828264	Raw	NA	NA	NA	NA	FALSE	41.81898	-71.46158	2016	May
1949	2016-05-26	404945	17:49:00	Pedestrian	1	NA	FALSE	FALSE	1	VALLEY ST	HEMLOCK ST	2016-05-26	Two-Way, Not Divided With a Continuous Left Turn Lane	Dry	Daylight	Clear	Angle (Front - to - Side) Right Angle (Includes Broadside)	No	Stop Signs	3	1	Pain Reported	NA	41.83044	-71.43051	FALSE	FALSE	Valley Street and Hemlock Street, Providence, RI, USA	FALSE	-71.4304933	41.8304583	intersection	geometric_center	valley st & hemlock st, providence, ri 02908, usa	NA	NA	NA	NA	41.8304583	-71.4304933	Med High	2.463486718	Raw	NA	NA	NA	NA	FALSE	41.83044	-71.43051	2016	May
1950	2016-05-26	406081	12:05:00	Bicycle	NA	1	FALSE	FALSE	1	PLAINFIELD ST	DUXBURY ST	2016-05-27	Two-Way , Not Divided	Dry	Daylight	Clear	Not a Collision Between Two Motor Vehicles in Transport	No	No Controls	2	1	Pain Reported	NA	41.81211	-71.46161	FALSE	FALSE	Plainfield Street and Duxbury Street, Providence, RI, USA	FALSE	-71.461586	41.8121529	intersection	geometric_center	duxbury st & plainfield st, providence, ri 02909, usa	NA	NA	NA	NA	41.8121529	-71.461586	Med High	5.17413167	Raw	NA	NA	NA	NA	FALSE	41.81211	-71.46161	2016	May
1948	2016-05-27	406167	15:45:00	Pedestrian	1	NA	FALSE	FALSE	1	PROMENADE ST	RATHBONE ST	2016-05-27	One-Way Trafficway	Dry	Daylight	Clear	Not a Collision Between Two Motor Vehicles in Transport	No	No Controls	3	1	Pain Reported	NA	41.82896	-71.42812	FALSE	FALSE	Promenade Street and Rathbone Street, Providence, RI, USA	FALSE	-71.4281209	41.8289763	intersection	geometric_center	promenade st & rathbone st, providence, ri 02908, usa	NA	NA	NA	NA	41.8289763	-71.4281209	Med High	1.816042774	Raw	NA	NA	NA	NA	FALSE	41.82896	-71.42812	2016	May
1946	2016-05-28	406299	10:01:00	Bicycle	NA	1	FALSE	FALSE	1	356 WICKENDEN STREET	ANN ST	2016-05-28	Two-Way , Not Divided	Dry	Daylight	Clear	Sideswipe, Same Direction	No	No Controls	3	1	Non-Incapacitating	2	41.81959	-71.39618	TRUE	FALSE	356 Wickenden Street, Providence, RI, USA	FALSE	-71.3961372	41.8197408	street_address	rooftop	356 wickenden st, providence, ri 02903, usa	NA	NA	NA	NA	41.8197408	-71.3961372	High	17.15838628	Raw	NA	NA	NA	NA	FALSE	41.81959	-71.39618	2016	May
1947	2016-05-28	406420	22:20:00	Bicycle	NA	1	FALSE	FALSE	1	Douglas Ave	Branch Ave	2016-05-28	Two-Way , Not Divided	Dry	Dark - Lighted	Clear	Not a Collision Between Two Motor Vehicles in Transport	No	Stop Signs	2	1	Pain Reported	NA	41.85536	-71.4411	FALSE	FALSE	Douglas Ave and Branch Ave, Providence, RI, USA	FALSE	-71.441121	41.8553806	intersection	geometric_center	branch ave & douglas ave, providence, ri 02904, usa	NA	NA	NA	NA	41.8553806	-71.441121	Med High	2.879315438	Raw	NA	NA	NA	NA	FALSE	41.85536	-71.4411	2016	May
1945	2016-05-29	406455	01:53:00	Pedestrian	1	NA	FALSE	FALSE	1	FRIENDSHIP ST	RICHMOND ST	2016-05-29	One-Way Trafficway	Dry	Dark - Lighted	Clear	Not a Collision Between Two Motor Vehicles in Transport	No	No Controls	2	1	Pain Reported	2	41.81998	-71.41139	FALSE	FALSE	Friendship Street and Richmond Street, Providence, RI, USA	FALSE	-71.4111462	41.8202499	intersection	geometric_center	richmond st & friendship st, providence, ri 02903, usa	NA	NA	NA	NA	41.8202499	-71.4111462	Med High	36.21858999	Raw	NA	NA	NA	NA	FALSE	41.81998	-71.41139	2016	May
1941	2016-06-01	407894	13:02:00	Bicycle	NA	1	FALSE	FALSE	1	OAKLAND AVE	CHALKSTONE AVE	2016-06-01	Two-Way , Not Divided	Dry	Daylight	Clear	Not a Collision Between Two Motor Vehicles in Transport	No	No Controls	3	1	Non-Incapacitating	2	41.83419	-71.43024	FALSE	FALSE	Oakland Ave and Chalkstone Ave, Providence, RI, USA	FALSE	-71.4302486	41.834203	intersection	geometric_center	oakland ave & chalkstone ave, providence, ri 02908, usa	NA	NA	NA	NA	41.834203	-71.4302486	Med High	1.6133964	Raw	NA	NA	NA	NA	FALSE	41.83419	-71.43024	2016	June
1942	2016-06-01	407952	16:50:00	Bicycle	NA	1	FALSE	FALSE	1	EXCHANGE TERR	FRANCIS ST	2016-06-01	One-Way Trafficway	Dry	Daylight	Clear	Not a Collision Between Two Motor Vehicles in Transport	No	No Controls	3	1	Pain Reported	NA	41.82504	-71.41476	FALSE	FALSE	Exchange Terr and Francis Street, Providence, RI, USA	FALSE	-71.4233339	41.8348041	route	geometric_center	francis smith way, providence, ri 02904, usa	Exchange Terrace & Francis Street, Providence, RI, USA	EjZFeGNoYW5nZSBUZXJyYWNlICYgRnJhbmNpcyBTdHJlZXQsIFByb3ZpZGVuY2UsIFJJLCBVU0EiZiJkChQKEgmNNNh9EUXkiRGrtkZKOTmjMRIUChIJjTTYfRFF5IkRq7ZGSjk5ozEaFAoSCYUnITQRReSJEVIspU_BAw0PGhQKEgnjCiVZEEXkiREJ12uSbA5CmyIKDQf-7RgVMfdu1Q	41.8250247	-71.4148047	41.8250247	-71.4148047	Med	4.080478029	Raw	NA	NA	NA	NA	FALSE	41.82504	-71.41476	2016	June
1943	2016-06-01	408009	19:17:00	Bicycle	NA	1	FALSE	FALSE	1	CHATHAM ST	BRANCH AVE	2016-06-01	Two-Way , Not Divided	Dry	Daylight	Clear	Angle (Front - to - Side) Right Angle (Includes Broadside)	No	No Controls	3	1	Pain Reported	NA	41.84872	-71.41661	FALSE	FALSE	Chatham Street and Branch Ave, Providence, RI, USA	FALSE	-71.4165807	41.84872	intersection	geometric_center	chatham st & branch ave, providence, ri 02904, usa	NA	NA	NA	NA	41.84872	-71.4165807	Med High	2.429640568	Raw	NA	NA	NA	NA	FALSE	41.84872	-71.41661	2016	June
1944	2016-06-01	408181	12:43:00	Pedestrian	1	NA	FALSE	FALSE	1	ZONE ST	ORMS ST	2016-06-02	One-Way Trafficway	Dry	Daylight	Clear	Other	No	No Controls	3	0	No Injury	1	41.83294	-71.42702	FALSE	FALSE	Zone Street and Orms Street, Providence, RI, USA	FALSE	-71.4270066	41.8329365	intersection	geometric_center	orms st & zone st, providence, ri 02908, usa	NA	NA	NA	NA	41.8329365	-71.4270066	Med High	1.17775333	Raw	NA	NA	NA	NA	FALSE	41.83294	-71.42702	2016	June
1940	2016-06-02	408292	14:23:00	Bicycle	NA	1	FALSE	FALSE	1	UNION AVE	WEBSTER AVE	2016-06-02	Two-Way, Divided, Unprotected (painted>4feet) Medium	Dry	Daylight	Clear	Not a Collision Between Two Motor Vehicles in Transport	No	Traffic Control Signal	4	1	Pain Reported	NA	41.80683	-71.44755	FALSE	FALSE	Union Ave and Webster Ave, Providence, RI, USA	FALSE	-71.4484433	41.8087282	route	geometric_center	webster ave, providence, ri, usa	Union Ave & Webster Ave, Providence, RI, USA	EixVbmlvbiBBdmUgJiBXZWJzdGVyIEF2ZSwgUHJvdmlkZW5jZSwgUkksIFVTQSJmImQKFAoSCYGwTPiJReSJEdURK9jB___mEhQKEgmBsEz4iUXkiRHVESvYwf__5hoUChIJI4HrOIpF5IkRntWfMLDFiC8aFAoSCUtPViuKReSJEQVPEPvUiEI-IgoNUDfrGBUa-GnV	41.8068304	-71.4475494	41.8068304	-71.4475494	Med	0.066793713	Raw	NA	NA	NA	NA	FALSE	41.80683	-71.44755	2016	June
1939	2016-06-05	410923	07:58:00	Other	1	NA	FALSE	TRUE	1	BROAD ST	SERVICE ROAD 7	2016-06-08	One-Way Trafficway	Dry	Daylight	Clear	Other	No	Traffic Control Signal	3	1	Pain Reported	NA	41.81736	-71.41696	FALSE	FALSE	Broad Street and Service Road 7, Providence, RI, USA	FALSE	-71.4200451	41.8199608	route	geometric_center	service rd 1, providence, ri, usa	Broad Street & Service Road 7th, Providence, RI, USA	EjRCcm9hZCBTdHJlZXQgJiBTZXJ2aWNlIFJvYWQgN3RoLCBQcm92aWRlbmNlLCBSSSwgVVNBImYiZAoUChIJbbRukG1F5IkRg0XEjUgVvRgSFAoSCW20bpBtReSJEYNFxI1IFb0YGhQKEgmD3n3VjE_kiREsosqTmEsIoxoUChIJB3h0QnZF5IkRyxFdBkwhBUwiCg0k0-wYFUejbtU	41.8173732	-71.4169529	41.8173732	-71.4169529	Med	1.583084453	Raw	NA	NA	NA	NA	FALSE	41.81736	-71.41696	2016	June
1936	2016-06-06	409396	07:45:00	Bicycle	NA	1	FALSE	FALSE	1	Wickenden St	BROOK ST	2016-06-06	Two-Way , Not Divided	Dry	Daylight	Clear	Angle (Front - to - Side) Opposite Direction	No	Traffic Control Signal	5	1	Incapacitating	NA	41.81948	-71.39826	FALSE	FALSE	Wickenden Street and Brook Street, Providence, RI, USA	FALSE	-71.3982534	41.8194797	intersection	geometric_center	wickenden st & brook st, providence, ri 02903, usa	NA	NA	NA	NA	41.8194797	-71.3982534	Med High	0.548558631	Raw	NA	NA	NA	NA	FALSE	41.81948	-71.39826	2016	June
1937	2016-06-06	409656	15:09:00	Bicycle	NA	1	FALSE	FALSE	1	116 ORANGE ST	NA	2016-06-06	Two-Way , Not Divided	Dry	Daylight	Clear	Not a Collision Between Two Motor Vehicles in Transport	No	No Controls	4	1	Pain Reported	NA	41.82238	-71.40897	TRUE	TRUE	116 Orange Street, Providence, RI, USA	FALSE	-71.4092852	41.8227421	street_address	rooftop	116 orange st, providence, ri 02903, usa	NA	NA	NA	NA	41.8227421	-71.4092852	High	48.04700986	Raw	NA	NA	NA	NA	FALSE	41.82238	-71.40897	2016	June
1938	2016-06-06	409972	17:32:00	Bicycle	NA	1	FALSE	FALSE	1	CARPENTER ST	BATTEY ST	2016-06-06	Two-Way , Not Divided	Dry	Daylight	Clear	Not a Collision Between Two Motor Vehicles in Transport	No	Stop Signs	2	0	No Injury	NA	41.81935	-71.42491	FALSE	FALSE	Carpenter Street and Battey Street, Providence, RI, USA	FALSE	-71.4249046	41.8193541	intersection	geometric_center	carpenter st & battey st, providence, ri 02903, usa	NA	NA	NA	NA	41.8193541	-71.4249046	Med High	0.63953439	Raw	NA	NA	NA	NA	FALSE	41.81935	-71.42491	2016	June