row_number	crash_date	crash_report_id	crash_time	collision_type	count_pedestrian	count_bicycle	scooter	wheel_chair	number_of_vehicles	street_or_highway	nearest_intersection	report_date	type_of_roadway	road_surface_condition	light_condition	weather_condition	manner_of_impact	hit_and_run	traffic_control	person_count	injury_count	most_serious_injury	number_of_lanes	lat_raw	lon_raw	has_st_number	is_intersection_null	address_sent_to_geocoder	is_address_blank	lon_api_first_try	lat_api_first_try	type	loctype	address_returned_by_geocoder	address_returned_by_autocomplete	place_ids_autocompleted	lat_api_second_try	lon_api_second_try	lat_api_best	lon_api_best	api_coord_conf	distance_btwn_coords_meters	best_coordinate_set	reason_for_qa	correct_coordinates	corrected_lat	corrected_lon	manually_qaed_record	final_lat	final_lon	year	month
1935	2016-06-08	410896	16:48:00	Pedestrian	1	NA	FALSE	FALSE	1	PARK ROW	N MAIN ST	2016-06-08	One-Way Trafficway	Dry	Daylight	Cloudy	Not a Collision Between Two Motor Vehicles in Transport	Yes	Stop Signs	2	1	Pain Reported	NA	41.82865	-71.40964	FALSE	FALSE	Park Row and N Main Street, Providence, RI, USA	FALSE	-71.3702575	41.8264716	establishment	rooftop	105 wilmarth ave, east providence, ri 02914, usa	Park Row & North Main Street, Providence, RI, USA	EjFQYXJrIFJvdyAmIE5vcnRoIE1haW4gU3RyZWV0LCBQcm92aWRlbmNlLCBSSSwgVVNBImYiZAoUChIJSWpJfBdF5IkRl9kTnyr3fZYSFAoSCUlqSXwXReSJEZfZE58q932WGhQKEgmFY2xkF0XkiRHO8Qd1dwrowBoUChIJ-fpBPd5E5IkRX9etvg1cIz8iCg3Wi-4YFQ7Bb9U	41.828655	-71.409637	41.828655	-71.409637	Med	0.60969287	Raw	NA	NA	NA	NA	FALSE	41.82865	-71.40964	2016	June
1932	2016-06-10	411801	17:53:00	Pedestrian	1	NA	FALSE	FALSE	1	993 MANTON AVE	NA	2016-06-10	Two-Way , Not Divided	Dry	Daylight	Clear	Not a Collision Between Two Motor Vehicles in Transport	No	No Controls	3	1	Pain Reported	2	41.8332	-71.46984	TRUE	TRUE	993 Manton Ave, Providence, RI, USA	FALSE	-71.4710291	41.8337412	premise	rooftop	993 manton ave, providence, ri 02909, usa	NA	NA	NA	NA	41.8337412	-71.4710291	High	115.5720531	Raw	distance greater than 100m	NA	NA	NA	TRUE	41.8332	-71.46984	2016	June
1933	2016-06-10	411873	19:47:00	Bicycle	NA	1	FALSE	FALSE	1	Prairie Ave	Public St	2016-06-10	Two-Way , Not Divided	Dry	Daylight	Clear	Not a Collision Between Two Motor Vehicles in Transport	Yes	No Controls	1	1	Pain Reported	NA	41.8056	-71.41483	FALSE	FALSE	Prairie Ave and Public Street, Providence, RI, USA	FALSE	-71.414812	41.8055601	intersection	geometric_center	public st & prairie ave, providence, ri 02907, usa	NA	NA	NA	NA	41.8055601	-71.414812	Med High	4.686056882	Raw	NA	NA	NA	NA	FALSE	41.8056	-71.41483	2016	June
1934	2016-06-10	412338	22:14:00	Bicycle	NA	1	FALSE	FALSE	1	BRANCH AVE	MOY ST	2016-06-11	Two-Way , Not Divided	Dry	Dark - Not Lighted	Clear	Not a Collision Between Two Motor Vehicles in Transport	Yes	No Controls	1	1	Pain Reported	NA	41.85486	-71.43605	FALSE	FALSE	Branch Ave and Moy Street, Providence, RI, USA	FALSE	-71.4362622	41.8548966	intersection	geometric_center	branch ave & moy st, providence, ri 02904, usa	NA	NA	NA	NA	41.8548966	-71.4362622	Med High	18.06011603	Raw	NA	NA	NA	NA	FALSE	41.85486	-71.43605	2016	June
1931	2016-06-11	412116	14:55:00	Bicycle	NA	1	FALSE	FALSE	1	Blackstone Blvd	Freeman Pkwy	2016-06-11	One-Way Trafficway	Wet	Daylight	Rain	Angle (Front - to - Side) Right Angle (Includes Broadside)	No	No Controls	2	1	Pain Reported	NA	41.83895	-71.38512	FALSE	FALSE	Blackstone Blvd and Freeman Pkwy, Providence, RI, USA	FALSE	-71.3856039	41.8388925	intersection	geometric_center	freeman pkwy & blackstone blvd, providence, ri 02906, usa	NA	NA	NA	NA	41.8388925	-71.3856039	Med High	40.63977282	Raw	NA	NA	NA	NA	FALSE	41.83895	-71.38512	2016	June
1930	2016-06-14	413464	09:06:00	Pedestrian	1	NA	FALSE	FALSE	1	PARK ROW E	CANAL ST	2016-06-14	Two-Way , Not Divided	Dry	Daylight	Clear	Other	No	Stop Signs	3	1	Pain Reported	NA	41.82846	-71.41075	FALSE	FALSE	Park Row E and Canal Street, Providence, RI, USA	FALSE	-71.4106907	41.8284695	intersection	geometric_center	park row w & canal st, providence, ri 02903, usa	NA	NA	NA	NA	41.8284695	-71.4106907	Med High	5.031281989	Raw	NA	NA	NA	NA	FALSE	41.82846	-71.41075	2016	June
1927	2016-06-21	417407	06:54:00	Pedestrian	1	NA	FALSE	FALSE	1	DEAN ST	SPRUCE ST	2016-06-21	Two-Way, Divided, Unprotected (painted>4feet) Medium	Wet	Daylight	Rain	Other	No	No Controls	3	1	Pain Reported	NA	41.82365	-71.42446	FALSE	FALSE	Dean Street and Spruce Street, Providence, RI, USA	FALSE	-71.4250669	41.8241849	intersection	geometric_center	dean st & spruce st, providence, ri 02903, usa	NA	NA	NA	NA	41.8241849	-71.4250669	Med High	77.97591078	Raw	NA	NA	NA	NA	FALSE	41.82365	-71.42446	2016	June
1928	2016-06-21	417498	12:15:00	Pedestrian	1	NA	FALSE	FALSE	1	Thurbers Ave	I 95 S	2016-06-21	One-Way Trafficway	Dry	Daylight	Clear	Other	No	No Controls	2	1	Pain Reported	NA	41.80057	-71.40309	FALSE	FALSE	Thurbers Ave and I 95 S, Providence, RI, USA	FALSE	-71.4049215	41.8000923	street_address	range_interpolated	95 thurbers ave, providence, ri 02905, usa	NA	NA	NA	NA	41.8000923	-71.4049215	Med High	161.0223798	Raw	distance greater than 100m	NA	NA	NA	TRUE	41.80057	-71.40309	2016	June
1929	2016-06-21	417636	18:50:00	Pedestrian	1	NA	FALSE	FALSE	1	ADMIRAL ST	WINONA ST	2016-06-21	Two-Way , Not Divided	Dry	Daylight	Clear	Not a Collision Between Two Motor Vehicles in Transport	No	No Controls	2	1	Pain Reported	NA	41.85253	-71.44562	FALSE	FALSE	Admiral Street and Winona Street, Providence, RI, USA	FALSE	-71.4454027	41.8522875	intersection	geometric_center	admiral st & winona st, providence, ri 02904, usa	NA	NA	NA	NA	41.8522875	-71.4454027	Med High	32.45582896	Raw	NA	NA	NA	NA	FALSE	41.85253	-71.44562	2016	June
1923	2016-06-23	418360	08:21:00	Pedestrian	1	NA	FALSE	FALSE	1	SOUTH ST	RICHMOND ST	2016-06-23	Two-Way , Not Divided	Dry	Daylight	Clear	Other	No	Stop Signs	2	1	Pain Reported	2	41.81737	-71.40785	FALSE	FALSE	South Street and Richmond Street, Providence, RI, USA	FALSE	-71.4078372	41.817371	intersection	geometric_center	richmond st & south st, providence, ri 02903, usa	NA	NA	NA	NA	41.817371	-71.4078372	Med High	1.0677516440000001	Raw	NA	NA	NA	NA	FALSE	41.81737	-71.40785	2016	June
1924	2016-06-23	418398	09:47:00	Pedestrian	1	NA	FALSE	FALSE	1	ATWELLS AVE	HANNAH ST	2016-06-23	Unknown	Dry	Daylight	Clear	Not a Collision Between Two Motor Vehicles in Transport	No	No Controls	2	1	Pain Reported	NA	41.82508	-71.44898	FALSE	FALSE	Atwells Ave and Hannah Street, Providence, RI, USA	FALSE	-71.4486537	41.8250697	intersection	geometric_center	hannah st & atwells ave, providence, ri 02909, usa	NA	NA	NA	NA	41.8250697	-71.4486537	Med High	27.09201039	Raw	NA	NA	NA	NA	FALSE	41.82508	-71.44898	2016	June
1925	2016-06-23	418488	15:31:00	Bicycle	NA	1	FALSE	FALSE	1	WESTMINSTER ST EXIT	WESTMINSTER ST	2016-06-23	Two-Way, Divided, Unprotected (painted>4feet) Medium	Dry	Daylight	Clear	Angle (Front - to - Side) Right Angle (Includes Broadside)	No	Traffic Control Signal	2	0	No Injury	NA	41.81577	-71.43886	FALSE	FALSE	Westminster Street Exit and Westminster Street, Providence, RI, USA	FALSE	-71.4257801	41.8171825	route	geometric_center	westminster st, providence, ri, usa	NA	NA	NA	NA	41.8171825	-71.4257801	Med	1096.502176	Raw	distance greater than 100m	NA	NA	NA	TRUE	41.81577	-71.43886	2016	June
1926	2016-06-23	418532	17:48:00	Bicycle	NA	1	FALSE	FALSE	1	HARWICH RD	BLACKSTONE BLVD	2016-06-23	Two-Way, Divided, Positive Median Barrier	Dry	Daylight	Clear	Not a Collision Between Two Motor Vehicles in Transport	Yes	Pavement Markings	1	1	Incapacitating	NA	41.85012	-71.38739	FALSE	FALSE	Harwich Rd and Blackstone Blvd, Providence, RI, USA	FALSE	-71.3873772	41.8501261	intersection	geometric_center	harwich rd & blackstone blvd, providence, ri 02906, usa	NA	NA	NA	NA	41.8501261	-71.3873772	Med High	1.260021992	Raw	NA	NA	NA	NA	FALSE	41.85012	-71.38739	2016	June
1920	2016-06-24	418990	10:34:00	Pedestrian	1	NA	FALSE	FALSE	1	280 WASHINGTON STREET	SERVICE ROAD 8	2016-06-24	Two-Way , Not Divided	Dry	Daylight	Clear	Not a Collision Between Two Motor Vehicles in Transport	No	No Controls	5	1	Non-Incapacitating	NA	41.82067	-71.4181	TRUE	FALSE	280 Washington Street, Providence, RI, USA	FALSE	-71.417929	41.820343	street_address	rooftop	280 washington st, providence, ri 02903, usa	NA	NA	NA	NA	41.820343	-71.417929	High	39.06803971	Raw	NA	NA	NA	NA	FALSE	41.82067	-71.4181	2016	June
1921	2016-06-24	419052	15:25:00	Pedestrian	1	NA	FALSE	FALSE	1	5 Elmwood Ave	NA	2016-06-24	Two-Way , Not Divided	Dry	Daylight	Clear	Not a Collision Between Two Motor Vehicles in Transport	No	No Controls	4	1	Incapacitating	NA	41.81268	-71.42208	TRUE	TRUE	5 Elmwood Ave, Providence, RI, USA	FALSE	-71.4228341	41.8125918	premise	rooftop	5 elmwood ave, providence, ri 02907, usa	NA	NA	NA	NA	41.8125918	-71.4228341	High	63.33309641	Raw	NA	NA	NA	NA	FALSE	41.81268	-71.42208	2016	June
1922	2016-06-24	419086	15:03:00	Pedestrian	1	NA	FALSE	FALSE	1	10 BODELL AVENUE	NA	2016-06-24	Two-Way , Not Divided	Dry	Daylight	Clear	Not a Collision Between Two Motor Vehicles in Transport	No	No Controls	3	1	Incapacitating	NA	41.81664	-71.4525	TRUE	TRUE	10 Bodell Avenue, Providence, RI, USA	FALSE	-71.4527791	41.8164156	premise	rooftop	10 bodell ave, providence, ri 02909, usa	NA	NA	NA	NA	41.8164156	-71.4527791	High	34.06139419	Raw	NA	NA	NA	NA	FALSE	41.81664	-71.4525	2016	June
1919	2016-06-26	419624	17:18:00	Bicycle	NA	1	FALSE	FALSE	1	BROADWAY	SERVICE ROAD 8	2016-06-26	One-Way Trafficway	Dry	Daylight	Clear	Not a Collision Between Two Motor Vehicles in Transport	No	Pavement Markings	3	1	Pain Reported	NA	41.82212	-71.41976	FALSE	FALSE	Broadway and Service Road 8, Providence, RI, USA	FALSE	-71.391257	41.7939064	street_address	range_interpolated	8 service rd, providence, ri 02905, usa	NA	NA	NA	NA	41.7939064	-71.391257	Med High	3931.618819	Raw	distance greater than 100m	NA	NA	NA	TRUE	41.82212	-71.41976	2016	June
1918	2016-06-29	420681	11:49:00	Pedestrian	1	NA	FALSE	FALSE	1	649 N MAIN ST	NA	2016-06-29	Unknown	Dry	Daylight	Clear	Unknown	Yes	Pavement Markings	3	1	Pain Reported	NA	41.83823	-71.40925	TRUE	TRUE	649 N Main Street, Providence, RI, USA	FALSE	-71.4088231	41.8381141	premise	rooftop	649 n main st, providence, ri 02904, usa	NA	NA	NA	NA	41.8381141	-71.4088231	High	37.6831188	Raw	NA	NA	NA	NA	FALSE	41.83823	-71.40925	2016	June
1916	2016-07-01	421443	06:46:00	Pedestrian	1	NA	FALSE	FALSE	1	EDDY ST	EDDY ST EXIT	2016-07-01	Two-Way , Not Divided	Dry	Daylight	Clear	Other	No	No Controls	2	0	No Injury	NA	41.81158	-71.40709	FALSE	FALSE	Eddy Street and Eddy St Exit, Providence, RI, USA	FALSE	-71.4072274	41.8059506	route	geometric_center	eddy st, providence, ri, usa	NA	NA	NA	NA	41.8059506	-71.4072274	Med	626.7656382	Raw	distance greater than 100m	NA	NA	NA	TRUE	41.81158	-71.40709	2016	July
1917	2016-07-01	421468	09:04:00	Pedestrian	1	NA	FALSE	FALSE	1	30 Hagan Street	30 Hagan Street	2016-07-01	Two-Way , Not Divided	Dry	Daylight	Clear	Other	No	Person	4	1	Incapacitating	NA	41.83623	-71.43046	TRUE	FALSE	30 Hagan Street, Providence, RI, USA	FALSE	-71.4220916	41.8561688	premise	rooftop	30 hagan st, providence, ri 02904, usa	NA	NA	NA	NA	41.8561688	-71.4220916	High	2325.532568	Geocoded	distance greater than 100m	NA	NA	NA	TRUE	41.8561688	-71.4220916	2016	July
1915	2016-07-04	422625	19:39:00	Pedestrian	1	NA	FALSE	FALSE	1	ROWAN STREET	CHALKSTONE AVE	2016-07-04	Two-Way , Not Divided	Dry	Daylight	Clear	Sideswipe, Same Direction	Yes	No Controls	1	1	Pain Reported	NA	41.83337	-71.44742	FALSE	FALSE	Rowan Street and Chalkstone Ave, Providence, RI, USA	FALSE	-71.4473699	41.8328439	intersection	geometric_center	rowan st & chalkstone ave, providence, ri 02908, usa	NA	NA	NA	NA	41.8328439	-71.4473699	Med High	58.71242251	Raw	NA	NA	NA	NA	FALSE	41.83337	-71.44742	2016	July
1913	2016-07-05	423024	16:19:00	Pedestrian	1	NA	FALSE	FALSE	1	WASHINGTON STREET	EMPIRE ST	2016-07-05	Two-Way , Not Divided	Dry	Daylight	Clear	Angle - Direction Not Specified	No	Traffic Control Signal	2	1	Pain Reported	NA	41.82182	-71.41645	FALSE	FALSE	Washington Street and Empire Street, Providence, RI, USA	FALSE	-71.4157797	41.821349	route	geometric_center	empire st, providence, ri 02903, usa	Washington Street & Empire Street, Providence, RI, USA	EjZXYXNoaW5ndG9uIFN0cmVldCAmIEVtcGlyZSBTdHJlZXQsIFByb3ZpZGVuY2UsIFJJLCBVU0EiZiJkChQKEgmNpp3sEkXkiRHnvAEsqcaDvRIUChIJjaad7BJF5IkR57wBLKnGg70aFAoSCanazZwSReSJERoH0JajEjT2GhQKEgnHPO_pEkXkiRGhxI4iuiomFSIKDWmC7RgVI7hu1Q	41.8218601	-71.4164189	41.8218601	-71.4164189	Med	5.155853918	Raw	NA	NA	NA	NA	FALSE	41.82182	-71.41645	2016	July
1914	2016-07-05	423119	21:27:00	Pedestrian	1	NA	FALSE	FALSE	1	GODDARD ST	CANDACE ST	2016-07-05	Two-Way , Not Divided	Dry	Dark - Lighted	Clear	Not a Collision Between Two Motor Vehicles in Transport	No	No Controls	3	1	Pain Reported	NA	41.83447	-71.42156	FALSE	FALSE	Goddard Street and Candace Street, Providence, RI, USA	FALSE	-71.4220655	41.8343772	intersection	geometric_center	candace st & goddard st, providence, ri 02908, usa	NA	NA	NA	NA	41.8343772	-71.4220655	Med High	43.18080461	Raw	NA	NA	NA	NA	FALSE	41.83447	-71.42156	2016	July
1911	2016-07-06	423317	12:03:00	Bicycle	NA	1	FALSE	FALSE	1	Broadway	ATWELLS AVE	2016-07-06	Two-Way , Not Divided	Dry	Daylight	Clear	Not a Collision Between Two Motor Vehicles in Transport	No	Traffic Control Signal	3	1	Pain Reported	NA	41.82311	-71.42008	FALSE	FALSE	Broadway and Atwells Ave, Providence, RI, USA	FALSE	-71.4363598	41.8244829	route	geometric_center	atwells ave, providence, ri, usa	Broadway & Atwells Ave, Providence, RI, USA	EitCcm9hZHdheSAmIEF0d2VsbHMgQXZlLCBQcm92aWRlbmNlLCBSSSwgVVNBImYiZAoUChIJTTRHew1F5IkRZCoShZCvLQ0SFAoSCU00R3sNReSJEWQqEoWQry0NGhQKEgmlteWGdUXkiREawjOx16RvsxoUChIJ7W1EBqJF5IkRRornUFgoCTQiCg3OmO0YFQVnbtU	41.8224334	-71.4184955	41.8224334	-71.4184955	Med	151.4945483	Geocoded	distance greater than 100m	NA	NA	NA	TRUE	41.8224334	-71.4184955	2016	July
1912	2016-07-06	423866	14:04:00	Pedestrian	1	NA	FALSE	FALSE	1	WESTMINSTER ST	BRIDGHAM ST	2016-07-07	Two-Way, Divided, Unprotected (painted>4feet) Medium	Dry	Daylight	Clear	Not a Collision Between Two Motor Vehicles in Transport	No	Traffic Control Signal	2	1	Non-Incapacitating	NA	41.8169	-71.42848	FALSE	FALSE	Westminster Street and Bridgham Street, Providence, RI, USA	FALSE	-71.4284038	41.8169384	intersection	geometric_center	bridgham st & westminster st, providence, ri 02909, usa	NA	NA	NA	NA	41.8169384	-71.4284038	Med High	7.631432038	Raw	NA	NA	NA	NA	FALSE	41.8169	-71.42848	2016	July
1910	2016-07-09	424339	12:27:00	Bicycle	NA	2	FALSE	FALSE	1	WEYBOSSET ST	ABBOTT PARK PL	2016-07-09	Two-Way , Not Divided	Dry	Daylight	Cloudy	Not a Collision Between Two Motor Vehicles in Transport	No	No Controls	3	1	Pain Reported	NA	41.8205	-71.41363	FALSE	FALSE	Weybosset Street and Abbott Park Pl, Providence, RI, USA	FALSE	-71.4136706	41.8204998	intersection	geometric_center	weybosset st & abbott park pl, providence, ri 02903, usa	NA	NA	NA	NA	41.8204998	-71.4136706	Med High	3.368227497	Raw	NA	NA	NA	NA	FALSE	41.8205	-71.41363	2016	July
1908	2016-07-11	425191	18:49:00	Bicycle	NA	1	FALSE	FALSE	1	ROANOKE ST	ACADEMY AVE	2016-07-11	Two-Way , Not Divided	Dry	Daylight	Clear	Not a Collision Between Two Motor Vehicles in Transport	No	No Controls	2	1	Pain Reported	NA	41.83168	-71.44442	FALSE	FALSE	Roanoke Street and Academy Ave, Providence, RI, USA	FALSE	-71.4444199	41.83168	intersection	geometric_center	academy ave & roanoke st, providence, ri 02908, usa	NA	NA	NA	NA	41.83168	-71.4444199	Med High	0.008294497	Raw	NA	NA	NA	NA	FALSE	41.83168	-71.44442	2016	July
1909	2016-07-11	425583	16:20:00	Bicycle	NA	1	FALSE	FALSE	1	BROAD ST	BROAD ST	2016-07-11	Two-Way , Not Divided	Dry	Daylight	Clear	Angle (Front - to - Side) Same Direction	No	No Controls	2	1	Pain Reported	NA	41.8057	-71.41977	FALSE	FALSE	Broad Street and Broad Street, Providence, RI, USA	FALSE	-71.4101636	41.7945838	route	geometric_center	broad st, providence, ri, usa	NA	NA	NA	NA	41.7945838	-71.4101636	Med	1472.006021	Raw	distance greater than 100m	NA	NA	NA	TRUE	41.8057	-71.41977	2016	July
1906	2016-07-13	425862	09:51:00	Bicycle	NA	1	FALSE	FALSE	1	BROAD ST	CHESTNUT ST	2016-07-13	Two-Way , Not Divided	Dry	Daylight	Clear	Not a Collision Between Two Motor Vehicles in Transport	No	No Controls	2	1	Pain Reported	3	41.82003	-71.41432	FALSE	FALSE	Broad Street and Chestnut Street, Providence, RI, USA	FALSE	-71.3876733	41.8928375	intersection	geometric_center	chestnut st & broad st, central falls, ri 02863, usa	NA	NA	NA	NA	41.8928375	-71.3876733	Med High	8400.627974	Raw	distance greater than 100m	NA	NA	NA	TRUE	41.82003	-71.41432	2016	July
1907	2016-07-13	425930	17:40:00	Bicycle	NA	1	FALSE	FALSE	1	LINWOOD AVE	UNION AVE	2016-07-13	Two-Way , Not Divided	Dry	Daylight	Clear	Not a Collision Between Two Motor Vehicles in Transport	No	No Controls	3	1	Pain Reported	2	41.80885	-71.43939	FALSE	FALSE	Linwood Ave and Union Ave, Providence, RI, USA	FALSE	-71.4395063	41.8089742	intersection	geometric_center	linwood ave & union ave, providence, ri 02909, usa	NA	NA	NA	NA	41.8089742	-71.4395063	Med High	16.8604904	Raw	NA	NA	NA	NA	FALSE	41.80885	-71.43939	2016	July
1904	2016-07-14	426160	12:11:00	Pedestrian	1	NA	FALSE	FALSE	1	ELMWOOD AVE	ELMWOOD AVE	2016-07-14	Two-Way , Not Divided	Dry	Daylight	Cloudy	Not a Collision Between Two Motor Vehicles in Transport	No	No Controls	4	1	Pain Reported	NA	41.8037	-71.42567	FALSE	FALSE	Elmwood Ave and Elmwood Ave, Providence, RI, USA	FALSE	-71.4229658	41.7920613	route	geometric_center	elmwood ave, providence, ri, usa	NA	NA	NA	NA	41.7920613	-71.4229658	Med	1314.906676	Raw	distance greater than 100m	NA	NA	NA	TRUE	41.8037	-71.42567	2016	July
1905	2016-07-14	426361	20:58:00	Pedestrian	1	NA	FALSE	FALSE	1	241 Jewett St	NA	2016-07-14	Two-Way , Not Divided	Dry	Dark - Lighted	Clear	Not a Collision Between Two Motor Vehicles in Transport	No	No Controls	3	1	Pain Reported	NA	41.83239	-71.42645	TRUE	TRUE	241 Jewett Street, Providence, RI, USA	FALSE	-71.4259574	41.8325977	street_address	rooftop	241 jewett st, providence, ri 02908, usa	NA	NA	NA	NA	41.8325977	-71.4259574	High	46.94649751	Raw	NA	NA	NA	NA	FALSE	41.83239	-71.42645	2016	July
1903	2016-07-15	426690	20:48:00	Pedestrian	1	NA	FALSE	FALSE	1	ATWELLS AVE	DE PASQUALE AVE	2016-07-15	Two-Way , Not Divided	Dry	Dark - Lighted	Clear	Not a Collision Between Two Motor Vehicles in Transport	No	No Controls	2	1	Pain Reported	NA	41.82359	-71.42694	FALSE	FALSE	Atwells Ave and De Pasquale Ave, Providence, RI, USA	FALSE	-71.4270169	41.8235993	intersection	geometric_center	de pasquale ave & atwells ave, providence, ri 02903, usa	NA	NA	NA	NA	41.8235993	-71.4270169	Med High	6.46273327	Raw	NA	NA	NA	NA	FALSE	41.82359	-71.42694	2016	July
1901	2016-07-16	426774	02:20:00	Pedestrian	1	NA	FALSE	FALSE	1	HARTFORD AVE	MERINO ST	2016-07-16	Two-Way , Not Divided	Dry	Dark - Lighted	Clear	Not a Collision Between Two Motor Vehicles in Transport	No	No Controls	3	1	Pain Reported	NA	41.81891	-71.46106	FALSE	FALSE	Hartford Ave and Merino Street, Providence, RI, USA	FALSE	-71.4591219	41.8186529	intersection	geometric_center	merino st & hartford ave, providence, ri 02909, usa	NA	NA	NA	NA	41.8186529	-71.4591219	Med High	163.3153723	Geocoded	distance greater than 100m	NA	NA	NA	TRUE	41.8186529	-71.4591219	2016	July
1902	2016-07-16	426866	16:27:00	Bicycle	NA	1	FALSE	FALSE	1	UPDIKE ST	MAWNEY ST	2016-07-16	Two-Way , Not Divided	Dry	Daylight	Clear	Not a Collision Between Two Motor Vehicles in Transport	No	No Controls	4	1	Pain Reported	2	41.80364	-71.42239	FALSE	FALSE	Updike Street and Mawney Street, Providence, RI, USA	FALSE	-71.4223935	41.803663	intersection	geometric_center	updike st & mawney st, providence, ri 02907, usa	NA	NA	NA	NA	41.803663	-71.4223935	Med High	2.576768431	Raw	NA	NA	NA	NA	FALSE	41.80364	-71.42239	2016	July
1900	2016-07-17	426919	02:03:00	Bicycle	NA	1	FALSE	FALSE	1	INDIA ST	BRIDGE ST	2016-07-17	One-Way Trafficway	Dry	Dark - Lighted	Clear	Sideswipe, Same Direction	No	No Controls	4	0	No Injury	NA	41.81828	-71.40226	FALSE	FALSE	India Street and Bridge Street, Providence, RI, USA	FALSE	-71.4002189	41.8157955	intersection	geometric_center	india st & bridge st, providence, ri 02903, usa	NA	NA	NA	NA	41.8157955	-71.4002189	Med High	324.2962119	Geocoded	distance greater than 100m	NA	NA	NA	TRUE	41.8157955	-71.4002189	2016	July
1898	2016-07-18	427535	12:52:00	Pedestrian	3	NA	FALSE	FALSE	1	ROCHAMBEAU AVE	HOPE ST	2016-07-18	Two-Way , Not Divided	Dry	Daylight	Clear	Not a Collision Between Two Motor Vehicles in Transport	Yes	Pavement Markings	8	3	Non-Incapacitating	NA	41.84691	-71.39615	FALSE	FALSE	Rochambeau Ave and Hope Street, Providence, RI, USA	FALSE	-71.3960532	41.8469319	intersection	geometric_center	hope st & rochambeau ave, providence, ri 02906, usa	NA	NA	NA	NA	41.8469319	-71.3960532	Med High	8.389198815	Raw	NA	NA	NA	NA	FALSE	41.84691	-71.39615	2016	July
1899	2016-07-18	427575	13:41:00	Bicycle	NA	1	FALSE	FALSE	1	111 POINT ST	CHESTNUT ST	2016-07-18	Two-Way , Not Divided	Dry	Daylight	Clear	Angle (Front - to - Side) Right Angle (Includes Broadside)	No	Stop Signs	3	0	No Injury	NA	41.81626	-71.408	TRUE	FALSE	111 Point Street, Providence, RI, USA	FALSE	-71.4079039	41.8166393	premise	rooftop	111 point st, providence, ri 02903, usa	NA	NA	NA	NA	41.8166393	-71.4079039	High	42.96963772	Raw	NA	NA	NA	NA	FALSE	41.81626	-71.408	2016	July
1897	2016-07-20	428996	16:55:00	Pedestrian	1	NA	FALSE	FALSE	1	LINDEN AVE	ELMWOOD AVE	2016-07-20	Two-Way , Not Divided	Dry	Daylight	Clear	Not a Collision Between Two Motor Vehicles in Transport	No	No Controls	2	1	Pain Reported	NA	41.78612	-71.41951	FALSE	FALSE	Linden Ave and Elmwood Ave, Providence, RI, USA	FALSE	-71.419558	41.786122	intersection	geometric_center	elmwood ave & linden ave, providence, ri 02907, usa	NA	NA	NA	NA	41.786122	-71.419558	Med High	3.990406769	Raw	NA	NA	NA	NA	FALSE	41.78612	-71.41951	2016	July
1893	2016-07-21	429399	12:30:00	Pedestrian	1	NA	FALSE	FALSE	1	HAWKINS ST	BRANCH AVE	2016-07-21	Two-Way, Divided, Unprotected (painted>4feet) Medium	Dry	Daylight	Clear	Not a Collision Between Two Motor Vehicles in Transport	No	Traffic Control Signal	4	1	Pain Reported	NA	41.8509	-71.42142	FALSE	FALSE	Hawkins Street and Branch Ave, Providence, RI, USA	FALSE	-71.4214171	41.8509231	intersection	geometric_center	hawkins st & branch ave, providence, ri 02904, usa	NA	NA	NA	NA	41.8509231	-71.4214171	Med High	2.582699273	Raw	NA	NA	NA	NA	FALSE	41.8509	-71.42142	2016	July
1894	2016-07-21	429438	13:40:00	Pedestrian	1	NA	FALSE	FALSE	1	DUDLEY ST	CULVER ST	2016-07-21	Two-Way, Divided, Unprotected (painted>4feet) Medium	Dry	Daylight	Clear	Not a Collision Between Two Motor Vehicles in Transport	No	No Controls	3	0	No Injury	NA	41.81069	-71.40797	FALSE	FALSE	Dudley Street and Culver Street, Providence, RI, USA	FALSE	-71.4086492	41.8106124	intersection	geometric_center	dudley st & culver st, providence, ri 02903, usa	NA	NA	NA	NA	41.8106124	-71.4086492	Med High	57.01295607	Raw	NA	NA	NA	NA	FALSE	41.81069	-71.40797	2016	July
1895	2016-07-21	429439	14:02:00	Pedestrian	1	NA	FALSE	FALSE	1	MEETING ST	THAYER ST	2016-07-21	One-Way Trafficway	Dry	Daylight	Clear	Not a Collision Between Two Motor Vehicles in Transport	Yes	No Controls	1	1	Pain Reported	NA	41.82916	-71.40079	FALSE	FALSE	Meeting Street and Thayer Street, Providence, RI, USA	FALSE	-71.4007664	41.8291611	intersection	geometric_center	thayer st & meeting st, providence, ri 02906, usa	NA	NA	NA	NA	41.8291611	-71.4007664	Med High	1.961404431	Raw	NA	NA	NA	NA	FALSE	41.82916	-71.40079	2016	July
1896	2016-07-21	429720	21:26:00	Bicycle	NA	1	FALSE	FALSE	1	WASHINGTON ST	SNOW ST	2016-07-21	Two-Way , Not Divided	Dry	Dark - Lighted	Clear	Not a Collision Between Two Motor Vehicles in Transport	No	No Controls	3	1	Pain Reported	2	41.82252	-71.4155	FALSE	FALSE	Washington Street and Snow Street, Providence, RI, USA	FALSE	-71.4154294	41.8225898	intersection	geometric_center	snow st & washington st, providence, ri 02903, usa	NA	NA	NA	NA	41.8225898	-71.4154294	Med High	9.730158137	Raw	NA	NA	NA	NA	FALSE	41.82252	-71.4155	2016	July