row_number	crash_date	crash_report_id	crash_time	collision_type	count_pedestrian	count_bicycle	scooter	wheel_chair	number_of_vehicles	street_or_highway	nearest_intersection	report_date	type_of_roadway	road_surface_condition	light_condition	weather_condition	manner_of_impact	hit_and_run	traffic_control	person_count	injury_count	most_serious_injury	number_of_lanes	lat_raw	lon_raw	has_st_number	is_intersection_null	address_sent_to_geocoder	is_address_blank	lon_api_first_try	lat_api_first_try	type	loctype	address_returned_by_geocoder	address_returned_by_autocomplete	place_ids_autocompleted	lat_api_second_try	lon_api_second_try	lat_api_best	lon_api_best	api_coord_conf	distance_btwn_coords_meters	best_coordinate_set	reason_for_qa	correct_coordinates	corrected_lat	corrected_lon	manually_qaed_record	final_lat	final_lon	year	month
1891	2016-07-28	433523	09:50:00	Bicycle	NA	1	FALSE	FALSE	1	WESTMINSTER ST EXIT	WESTMINSTER ST	2016-07-28	One-Way Trafficway	Dry	Daylight	Clear	Not a Collision Between Two Motor Vehicles in Transport	No	Traffic Control Signal	2	1	Pain Reported	NA	41.81576	-71.43865	FALSE	FALSE	Westminster Street Exit and Westminster Street, Providence, RI, USA	FALSE	-71.4257801	41.8171825	route	geometric_center	westminster st, providence, ri, usa	NA	NA	NA	NA	41.8171825	-71.4257801	Med	1079.425381	Raw	distance greater than 100m	NA	NA	NA	TRUE	41.81576	-71.43865	2016	July
1892	2016-07-28	434140	22:30:00	Pedestrian	1	NA	FALSE	FALSE	1	WHIPPLE ST	GEOFFREYS CT	2016-07-29	Two-Way , Not Divided	Dry	Dark - Lighted	Clear	Unknown	Yes	No Controls	1	1	Incapacitating	NA	41.83708	-71.42139	FALSE	FALSE	Whipple Street and Geoffreys Ct, Providence, RI, USA	FALSE	-71.4213076	41.8372352	intersection	geometric_center	whipple st & geoffreys ct, providence, ri 02908, usa	NA	NA	NA	NA	41.8372352	-71.4213076	Med High	18.57934222	Raw	NA	NA	NA	NA	FALSE	41.83708	-71.42139	2016	July
1890	2016-07-29	434240	21:32:00	Bicycle	NA	1	FALSE	FALSE	1	River Ave	Pleasant Valley Prkwy	2016-07-30	Two-Way , Not Divided	Dry	Dark - Lighted	Clear	Not a Collision Between Two Motor Vehicles in Transport	No	Stop Signs	3	1	Pain Reported	NA	41.83528	-71.43912	FALSE	FALSE	River Ave and Pleasant Valley Prkwy, Providence, RI, USA	FALSE	-71.4391751	41.8355318	intersection	geometric_center	river ave & pleasant valley pkwy, providence, ri 02908, usa	NA	NA	NA	NA	41.8355318	-71.4391751	Med High	28.40034696	Raw	NA	NA	NA	NA	FALSE	41.83528	-71.43912	2016	July
1889	2016-07-30	434313	11:26:00	Bicycle	NA	1	FALSE	FALSE	1	CRANSTON ST	ALTHEA ST	2016-07-30	Two-Way , Not Divided	Dry	Daylight	Clear	Sidwswipe, Opposite Direction	No	Traffic Control Signal	4	1	Pain Reported	NA	41.80773	-71.43508	FALSE	FALSE	Cranston Street and Althea Street, Providence, RI, USA	FALSE	-71.4350772	41.807752	intersection	geometric_center	althea st & cranston st, providence, ri 02907, usa	NA	NA	NA	NA	41.807752	-71.4350772	Med High	2.460024504	Raw	NA	NA	NA	NA	FALSE	41.80773	-71.43508	2016	July
1888	2016-08-01	435237	08:23:00	Pedestrian	3	NA	FALSE	FALSE	1	CHALKSTONE AVE	FALLON AVE	2016-08-01	Two-Way , Not Divided	Dry	Daylight	Clear	Not a Collision Between Two Motor Vehicles in Transport	No	No Controls	7	1	Non-Incapacitating	NA	41.83235	-71.44388	FALSE	FALSE	Chalkstone Ave and Fallon Ave, Providence, RI, USA	FALSE	-71.443344	41.832336	intersection	geometric_center	fallon ave & chalkstone ave, providence, ri 02908, usa	NA	NA	NA	NA	41.832336	-71.443344	Med High	44.48535132	Raw	NA	NA	NA	NA	FALSE	41.83235	-71.44388	2016	August
1886	2016-08-03	436672	14:23:00	Bicycle	NA	1	FALSE	FALSE	1	BROAD ST	EARLY ST	2016-08-03	Two-Way, Divided, Unprotected (painted>4feet) Medium	Dry	Daylight	Clear	Other	Yes	No Controls	1	1	Pain Reported	NA	41.79526	-71.41102	FALSE	FALSE	Broad Street and Early Street, Providence, RI, USA	FALSE	-71.4132727	41.7947406	route	geometric_center	early st, providence, ri, usa	Broad Street & Early Street, Providence, RI, USA	EjBCcm9hZCBTdHJlZXQgJiBFYXJseSBTdHJlZXQsIFByb3ZpZGVuY2UsIFJJLCBVU0EiZiJkChQKEgmXU933i0_kiREGVbKb8h8HNxIUChIJl1Pd94tP5IkRBlWym_IfBzcaFAoSCYPefdWMT-SJESyiypOYSwijGhQKEgnvKWa8jk_kiRGRtjQvItEbESIKDWN86RgVooBv1Q	41.7954915	-71.4112862	41.7954915	-71.4112862	Med	33.94398222	Raw	NA	NA	NA	NA	FALSE	41.79526	-71.41102	2016	August
1887	2016-08-03	442363	14:09:00	Pedestrian	2	NA	FALSE	FALSE	1	N MAIN ST	DOYLE AVE	2016-08-09	Two-Way, Divided, Positive Median Barrier	Dry	Daylight	Clear	Not a Collision Between Two Motor Vehicles in Transport	Yes	Pavement Markings	2	0	No Injury	NA	41.83833	-71.40923	FALSE	FALSE	N Main Street and Doyle Ave, Providence, RI, USA	FALSE	-71.4000972	41.8387695	route	geometric_center	doyle ave, providence, ri 02906, usa	North Main Street & Doyle Ave, Providence, RI, USA	EjJOb3J0aCBNYWluIFN0cmVldCAmIERveWxlIEF2ZSwgUHJvdmlkZW5jZSwgUkksIFVTQSJmImQKFAoSCXf5vyseReSJETFnB8CyBmhQEhQKEgl3-b8rHkXkiRExZwfAsgZoUBoUChIJ-fpBPd5E5IkRX9etvg1cIz8aFAoSCTmA9zjfROSJEUS_S7ng1zRJIgoNQwfwGBUn0W_V	41.8383683	-71.4092249	41.8383683	-71.4092249	Med	4.28446631	Raw	NA	NA	NA	NA	FALSE	41.83833	-71.40923	2016	August
1885	2016-08-05	437609	17:08:00	Bicycle	NA	1	FALSE	FALSE	1	WHITMARSH ST	BUCKLIN ST	2016-08-05	Two-Way , Not Divided	Dry	Daylight	Clear	Other	No	No Controls	5	1	Pain Reported	NA	41.80593	-71.42659	FALSE	FALSE	Whitmarsh Street and Bucklin Street, Providence, RI, USA	FALSE	-71.4278013	41.8059079	intersection	geometric_center	bucklin st & whitmarsh st, providence, ri 02907, usa	NA	NA	NA	NA	41.8059079	-71.4278013	Med High	100.5417705	Raw	distance greater than 100m	NA	NA	NA	TRUE	41.80593	-71.42659	2016	August
1884	2016-08-06	437950	17:14:00	Bicycle	NA	1	FALSE	FALSE	1	POCASSET AVE	BANCROFT ST	2016-08-06	Two-Way , Not Divided	Dry	Daylight	Clear	Sidwswipe, Opposite Direction	No	Unknown	2	0	No Injury	NA	41.81334	-71.44837	FALSE	FALSE	Pocasset Ave and Bancroft Street, Providence, RI, USA	FALSE	-71.4483431	41.8133787	intersection	geometric_center	pocasset ave & bancroft st, providence, ri 02909, usa	NA	NA	NA	NA	41.8133787	-71.4483431	Med High	4.851866544	Raw	NA	NA	NA	NA	FALSE	41.81334	-71.44837	2016	August
1883	2016-08-08	438786	12:19:00	Bicycle	NA	1	FALSE	FALSE	1	CRANSTON ST	ALTHEA ST	2016-08-08	Two-Way , Not Divided	Dry	Daylight	Clear	Not a Collision Between Two Motor Vehicles in Transport	No	No Controls	2	1	Pain Reported	NA	41.80766	-71.43514	FALSE	FALSE	Cranston Street and Althea Street, Providence, RI, USA	FALSE	-71.4350772	41.807752	intersection	geometric_center	althea st & cranston st, providence, ri 02907, usa	NA	NA	NA	NA	41.807752	-71.4350772	Med High	11.49084663	Raw	NA	NA	NA	NA	FALSE	41.80766	-71.43514	2016	August
1882	2016-08-11	441292	18:09:00	Pedestrian	1	NA	FALSE	FALSE	1	BROAD ST	VERNDALE AVE	2016-08-11	Two-Way , Not Divided	Dry	Daylight	Clear	Not a Collision Between Two Motor Vehicles in Transport	No	Pavement Markings	4	1	Pain Reported	2	41.79177	-71.40668	FALSE	FALSE	Broad Street and Verndale Ave, Providence, RI, USA	FALSE	-71.4094732	41.7897944	route	geometric_center	verndale ave, providence, ri 02905, usa	Broad Street & Verndale Ave, Providence, RI, USA	EjBCcm9hZCBTdHJlZXQgJiBWZXJuZGFsZSBBdmUsIFByb3ZpZGVuY2UsIFJJLCBVU0EiZiJkChQKEgnV00MujU_kiREBe9ZiVX1MqRIUChIJ1dNDLo1P5IkRAXvWYlV9TKkaFAoSCYPefdWMT-SJESyiypOYSwijGhQKEglHfWgak0_kiRFBCAvcx_6DwSIKDWnr6BgV3TRw1Q	41.7917801	-71.4066723	41.7917801	-71.4066723	Med	1.293262081	Raw	NA	NA	NA	NA	FALSE	41.79177	-71.40668	2016	August
1881	2016-08-12	442044	02:18:00	Pedestrian	2	NA	FALSE	FALSE	1	115 Harris Ave	HARRIS AVE EXIT 22C	2016-08-13	Two-Way, Divided, Unprotected (painted>4feet) Medium	Dry	Dark - Lighted	Clear	Not a Collision Between Two Motor Vehicles in Transport	Yes	No Controls	2	2	Pain Reported	NA	41.82692	-71.4245	TRUE	FALSE	115 Harris Ave, Providence, RI, USA	FALSE	-71.4237416	41.8274083	premise	rooftop	115 harris ave, providence, ri 02903, usa	NA	NA	NA	NA	41.8274083	-71.4237416	High	83.1406807	Raw	NA	NA	NA	NA	FALSE	41.82692	-71.4245	2016	August
1879	2016-08-13	442208	17:21:00	Pedestrian	1	NA	FALSE	FALSE	1	850 MANTON AVE	CHALKSTONE AVE	2016-08-13	Two-Way , Not Divided	Dry	Daylight	Clear	Not a Collision Between Two Motor Vehicles in Transport	No	No Controls	6	1	Incapacitating	NA	41.83391	-71.46721	TRUE	FALSE	850 Manton Ave, Providence, RI, USA	FALSE	-71.4659043	41.8329814	premise	rooftop	850 manton ave, providence, ri 02909, usa	NA	NA	NA	NA	41.8329814	-71.4659043	High	149.7135082	Raw	distance greater than 100m	NA	NA	NA	TRUE	41.83391	-71.46721	2016	August
1880	2016-08-13	442221	16:54:00	Bicycle	NA	1	FALSE	FALSE	1	North Main St.	Olney St.	2016-08-13	One-Way Trafficway	Dry	Daylight	Clear	Not a Collision Between Two Motor Vehicles in Transport	No	No Controls	3	1	Pain Reported	NA	41.83522	-71.4098	FALSE	FALSE	North Main St. and Olney St., Providence, RI, USA	FALSE	-71.4030852	41.8356978	route	geometric_center	olney st, providence, ri, usa	N Main St & Olney St, Providence, RI, USA	EilOIE1haW4gU3QgJiBPbG5leSBTdCwgUHJvdmlkZW5jZSwgUkksIFVTQSJmImQKFAoSCecyguceReSJEZoaCA_vhqGHEhQKEgnnMoLnHkXkiRGaGggP74ahhxoUChIJ-fpBPd5E5IkRX9etvg1cIz8aFAoSCQX4NfkgReSJEcWuz-GfMl1QIgoNEYfvGBVWum_V	41.8350865	-71.409809	41.8350865	-71.409809	Med	14.87988737	Raw	NA	NA	NA	NA	FALSE	41.83522	-71.4098	2016	August
1877	2016-08-14	442516	23:54:00	Bicycle	NA	1	FALSE	FALSE	1	218 Dexter St	NA	2016-08-15	Two-Way , Not Divided	Dry	Dark - Lighted	Clear	Not a Collision Between Two Motor Vehicles in Transport	No	Pavement Markings	2	1	Pain Reported	NA	41.81049	-71.42865	TRUE	TRUE	218 Dexter Street, Providence, RI, USA	FALSE	-71.4279403	41.8105877	street_address	rooftop	218 dexter st, providence, ri 02907, usa	NA	NA	NA	NA	41.8105877	-71.4279403	High	59.88143017	Raw	NA	NA	NA	NA	FALSE	41.81049	-71.42865	2016	August
1878	2016-08-14	442589	19:33:00	Pedestrian	1	NA	FALSE	FALSE	1	732 Plainfield St	NA	2016-08-15	Two-Way , Not Divided	Dry	Daylight	Clear	Not a Collision Between Two Motor Vehicles in Transport	No	No Controls	3	1	Pain Reported	NA	41.81063	-71.46222	TRUE	TRUE	732 Plainfield Street, Providence, RI, USA	FALSE	-71.4620669	41.8107416	street_address	rooftop	732 plainfield st, providence, ri 02909, usa	NA	NA	NA	NA	41.8107416	-71.4620669	High	17.7680745	Raw	NA	NA	NA	NA	FALSE	41.81063	-71.46222	2016	August
1876	2016-08-15	442992	19:18:00	Pedestrian	1	NA	FALSE	FALSE	1	BROADWAY	GREENMAN LN	2016-08-16	Two-Way , Not Divided	Dry	Daylight	Clear	Other	Yes	Traffic Control Signal	3	1	Non-Incapacitating	4	41.82232	-71.41867	FALSE	FALSE	Broadway and Greenman Ln, Providence, RI, USA	FALSE	-71.4119953	41.8109879	doctor	rooftop	101 dudley st, providence, ri 02905, usa	NA	NA	NA	NA	41.8109879	-71.4119953	Med	1377.677046	Raw	distance greater than 100m	NA	NA	NA	TRUE	41.82232	-71.41867	2016	August
1875	2016-08-16	443208	14:27:00	Pedestrian	1	NA	FALSE	FALSE	1	WASHINGTON ST	EMPIRE ST	2016-08-16	Two-Way, Divided, Unprotected (painted>4feet) Medium	Wet	Daylight	Sleet, Hail (Freezing Rain or Drizzle)	Not a Collision Between Two Motor Vehicles in Transport	No	Traffic Control Signal	2	1	Pain Reported	NA	41.82182	-71.41645	FALSE	FALSE	Washington Street and Empire Street, Providence, RI, USA	FALSE	-71.4157797	41.821349	route	geometric_center	empire st, providence, ri 02903, usa	Washington Street & Empire Street, Providence, RI, USA	EjZXYXNoaW5ndG9uIFN0cmVldCAmIEVtcGlyZSBTdHJlZXQsIFByb3ZpZGVuY2UsIFJJLCBVU0EiZiJkChQKEgmNpp3sEkXkiRHnvAEsqcaDvRIUChIJjaad7BJF5IkR57wBLKnGg70aFAoSCanazZwSReSJERoH0JajEjT2GhQKEgnHPO_pEkXkiRGhxI4iuiomFSIKDWmC7RgVI7hu1Q	41.8218601	-71.4164189	41.8218601	-71.4164189	Med	5.155853918	Raw	NA	NA	NA	NA	FALSE	41.82182	-71.41645	2016	August
1874	2016-08-17	443932	13:55:00	Pedestrian	1	NA	FALSE	FALSE	1	elmwood ave	ELMWOOD AVE	2016-08-17	Two-Way , Not Divided	Dry	Daylight	Clear	Not a Collision Between Two Motor Vehicles in Transport	No	No Controls	3	0	No Injury	NA	41.80861	-71.42467	FALSE	FALSE	Elmwood Ave and Elmwood Ave, Providence, RI, USA	FALSE	-71.4229658	41.7920613	route	geometric_center	elmwood ave, providence, ri, usa	NA	NA	NA	NA	41.7920613	-71.4229658	Med	1847.6134	Raw	distance greater than 100m	NA	NA	NA	TRUE	41.80861	-71.42467	2016	August
1873	2016-08-18	444408	13:04:00	Pedestrian	1	NA	FALSE	FALSE	1	EXCHANGE ST	EXCHANGE TER	2016-08-18	Two-Way , Not Divided	Dry	Daylight	Clear	Not a Collision Between Two Motor Vehicles in Transport	No	Stop Signs	4	1	Pain Reported	NA	41.82621	-71.41169	FALSE	FALSE	Exchange Street and Exchange Ter, Providence, RI, USA	FALSE	-71.4116132	41.8261317	intersection	geometric_center	exchange terrace & exchange st, providence, ri 02903, usa	NA	NA	NA	NA	41.8261317	-71.4116132	Med High	10.79630794	Raw	NA	NA	NA	NA	FALSE	41.82621	-71.41169	2016	August
1872	2016-08-22	446247	17:44:00	Pedestrian	1	NA	FALSE	FALSE	1	WEYBOSSET ST	DORRANCE ST	2016-08-22	Two-Way , Not Divided	Dry	Daylight	Clear	Not a Collision Between Two Motor Vehicles in Transport	No	Traffic Control Signal	3	1	Pain Reported	NA	41.82307	-71.41098	FALSE	FALSE	Weybosset Street and Dorrance Street, Providence, RI, USA	FALSE	-71.4109933	41.8230796	intersection	geometric_center	weybosset st & dorrance st, providence, ri 02903, usa	NA	NA	NA	NA	41.8230796	-71.4109933	Med High	1.536019683	Raw	NA	NA	NA	NA	FALSE	41.82307	-71.41098	2016	August
1871	2016-08-23	446764	12:36:00	Pedestrian	1	NA	FALSE	FALSE	1	Chalkstone Ave	ACADEMY AVE	2016-08-23	Two-Way , Not Divided	Dry	Daylight	Clear	Not a Collision Between Two Motor Vehicles in Transport	No	No Controls	5	1	Pain Reported	2	41.83242	-71.44438	FALSE	FALSE	Chalkstone Ave and Academy Ave, Providence, RI, USA	FALSE	-71.4445249	41.8324538	intersection	geometric_center	academy ave & chalkstone ave, providence, ri 02908, usa	NA	NA	NA	NA	41.8324538	-71.4445249	Med High	12.59378868	Raw	NA	NA	NA	NA	FALSE	41.83242	-71.44438	2016	August
1869	2016-08-24	447187	13:28:00	Pedestrian	1	NA	FALSE	FALSE	1	BOWDOIN ST	KOSSUTH ST	2016-08-24	Two-Way , Not Divided	Dry	Daylight	Clear	Not a Collision Between Two Motor Vehicles in Transport	No	No Controls	3	1	Pain Reported	NA	41.82252	-71.44316	FALSE	FALSE	Bowdoin Street and Kossuth Street, Providence, RI, USA	FALSE	-71.443237	41.8219489	intersection	geometric_center	bowdoin st & kossuth st, providence, ri 02909, usa	NA	NA	NA	NA	41.8219489	-71.443237	Med High	63.89466024	Raw	NA	NA	NA	NA	FALSE	41.82252	-71.44316	2016	August
1870	2016-08-24	447369	08:14:00	Pedestrian	1	NA	FALSE	FALSE	1	WASHINGTON ST	EAST APPROACH	2016-08-24	One-Way Trafficway	Dry	Daylight	Clear	Not a Collision Between Two Motor Vehicles in Transport	No	No Controls	5	1	Fatal	NA	41.82465	-71.41247	FALSE	FALSE	Washington Street and East Approach, Providence, RI, USA	FALSE	-71.4125301	41.8252123	route	geometric_center	e approach, providence, ri 02903, usa	NA	NA	NA	NA	41.8252123	-71.4125301	Med	62.79317731	Raw	NA	NA	NA	NA	FALSE	41.82465	-71.41247	2016	August
1868	2016-08-26	447978	12:57:00	Bicycle	NA	1	FALSE	FALSE	1	CANAL ST	SMITH ST	2016-08-26	One-Way Trafficway	Dry	Daylight	Clear	Angle (Front - to - Side) Right Angle (Includes Broadside)	No	Traffic Control Signal	2	0	No Injury	NA	41.83142	-71.41134	FALSE	FALSE	Canal Street and Smith Street, Providence, RI, USA	FALSE	-71.4433053	41.8418141	route	geometric_center	smith st, providence, ri, usa	Canal Street & Smith Street, Providence, RI, USA	EjBDYW5hbCBTdHJlZXQgJiBTbWl0aCBTdHJlZXQsIFByb3ZpZGVuY2UsIFJJLCBVU0EiZiJkChQKEgmNIDqdGUXkiRF9HyMoQizAgRIUChIJjSA6nRlF5IkRfR8jKEIswIEaFAoSCcvUmNAZReSJEftrQiUQSQCyGhQKEgm1rnBMS0TkiREhtaMwuIyrhCIKDcn37hgV7n5v1Q	41.8314185	-71.4113298	41.8314185	-71.4113298	Med	0.86236267	Raw	NA	NA	NA	NA	FALSE	41.83142	-71.41134	2016	August
1867	2016-08-27	449133	16:33:00	Bicycle	NA	1	FALSE	FALSE	1	OXFORD ST	LOUISA ST	2016-08-27	Two-Way , Not Divided	Dry	Daylight	Clear	Head-On (Front - to - Front)	No	No Controls	3	0	No Injury	2	41.80243	-71.40951	FALSE	FALSE	Oxford Street and Louisa Street, Providence, RI, USA	FALSE	-71.4095059	41.8024514	intersection	geometric_center	oxford st & louisa st, providence, ri 02905, usa	NA	NA	NA	NA	41.8024514	-71.4095059	Med High	2.406410157	Raw	NA	NA	NA	NA	FALSE	41.80243	-71.40951	2016	August
1866	2016-08-28	449368	18:04:00	Pedestrian	1	NA	FALSE	FALSE	1	Public St	GORDON AVE	2016-08-28	Two-Way , Not Divided	Dry	Daylight	Clear	Not a Collision Between Two Motor Vehicles in Transport	Yes	No Controls	2	1	Incapacitating	NA	41.80517	-71.41646	FALSE	FALSE	Public Street and Gordon Ave, Providence, RI, USA	FALSE	-71.416363	41.8051973	intersection	geometric_center	gordon ave & public st, providence, ri 02907, usa	NA	NA	NA	NA	41.8051973	-71.416363	Med High	8.603599372	Raw	NA	NA	NA	NA	FALSE	41.80517	-71.41646	2016	August
1863	2016-08-30	449765	08:45:00	Pedestrian	1	NA	FALSE	FALSE	1	STEEPLE ST	CANAL ST	2016-08-30	One-Way Trafficway	Dry	Daylight	Clear	Not a Collision Between Two Motor Vehicles in Transport	No	Traffic Control Signal	2	1	Pain Reported	3	41.82719	-71.40988	FALSE	FALSE	Steeple Street and Canal Street, Providence, RI, USA	FALSE	-71.409902	41.8271852	intersection	geometric_center	steeple st & canal st, providence, ri 02903, usa	NA	NA	NA	NA	41.8271852	-71.409902	Med High	1.901535144	Raw	NA	NA	NA	NA	FALSE	41.82719	-71.40988	2016	August
1864	2016-08-30	449809	15:27:00	Bicycle	NA	1	FALSE	FALSE	1	WAITE ST	GENERAL ST	2016-08-30	Two-Way , Not Divided	Dry	Daylight	Clear	Not a Collision Between Two Motor Vehicles in Transport	No	Stop Signs	3	0	No Injury	NA	41.85356	-71.4408	FALSE	FALSE	Waite Street and General Street, Providence, RI, USA	FALSE	-71.440781	41.853615	intersection	geometric_center	waite st & general st, providence, ri 02904, usa	NA	NA	NA	NA	41.853615	-71.440781	Med High	6.322010763	Raw	NA	NA	NA	NA	FALSE	41.85356	-71.4408	2016	August
1865	2016-08-30	450145	23:09:00	Pedestrian	1	NA	FALSE	FALSE	1	SOUTH WATER ST	WILLIAMS ST	2016-08-31	Two-Way , Not Divided	Dry	Dark - Lighted	Clear	Other	Yes	No Controls	5	1	Incapacitating	2	41.82152	-71.40517	FALSE	FALSE	South Water Street and Williams Street, Providence, RI, USA	FALSE	-71.3972807	41.8225518	route	geometric_center	williams st, providence, ri, usa	NA	NA	NA	NA	41.8225518	-71.3972807	Med	664.4787195	Raw	distance greater than 100m	NA	NA	NA	TRUE	41.82152	-71.40517	2016	August
1858	2016-08-31	450264	10:43:00	Pedestrian	1	NA	FALSE	FALSE	1	WASHINGTON ST	EMPIRE ST	2016-08-31	Two-Way, Divided, Unprotected (painted>4feet) Medium	Dry	Daylight	Clear	Not a Collision Between Two Motor Vehicles in Transport	No	No Controls	3	1	Pain Reported	NA	41.82182	-71.41645	FALSE	FALSE	Washington Street and Empire Street, Providence, RI, USA	FALSE	-71.4157797	41.821349	route	geometric_center	empire st, providence, ri 02903, usa	Washington Street & Empire Street, Providence, RI, USA	EjZXYXNoaW5ndG9uIFN0cmVldCAmIEVtcGlyZSBTdHJlZXQsIFByb3ZpZGVuY2UsIFJJLCBVU0EiZiJkChQKEgmNpp3sEkXkiRHnvAEsqcaDvRIUChIJjaad7BJF5IkR57wBLKnGg70aFAoSCanazZwSReSJERoH0JajEjT2GhQKEgnHPO_pEkXkiRGhxI4iuiomFSIKDWmC7RgVI7hu1Q	41.8218601	-71.4164189	41.8218601	-71.4164189	Med	5.155853918	Raw	NA	NA	NA	NA	FALSE	41.82182	-71.41645	2016	August
1859	2016-08-31	450273	13:00:00	Bicycle	NA	1	FALSE	FALSE	1	ABRAM ST	BRANCH AVE	2016-08-31	Two-Way , Not Divided	Dry	Daylight	Clear	Not a Collision Between Two Motor Vehicles in Transport	No	Other	2	1	Pain Reported	NA	41.85412	-71.4307	FALSE	FALSE	Abram Street and Branch Ave, Providence, RI, USA	FALSE	-71.4306846	41.8541658	intersection	geometric_center	branch ave & abram st, providence, ri 02904, usa	NA	NA	NA	NA	41.8541658	-71.4306846	Med High	5.255901453	Raw	NA	NA	NA	NA	FALSE	41.85412	-71.4307	2016	August
1860	2016-08-31	450504	15:33:00	Bicycle	NA	1	FALSE	FALSE	1	broad st	FOSTER ST	2016-08-31	Two-Way , Not Divided	Dry	Daylight	Clear	Not a Collision Between Two Motor Vehicles in Transport	No	No Controls	3	1	Pain Reported	NA	41.81878	-71.41549	FALSE	FALSE	Broad Street and Foster Street, Providence, RI, USA	FALSE	-71.4148277	41.8185257	route	geometric_center	foster st, providence, ri 02903, usa	Broad Street & Foster Street, Providence, RI, USA	EjFCcm9hZCBTdHJlZXQgJiBGb3N0ZXIgU3RyZWV0LCBQcm92aWRlbmNlLCBSSSwgVVNBImYiZAoUChIJQ-UuH21F5IkRLc7Y-EsQ4bkSFAoSCUPlLh9tReSJES3O2PhLEOG5GhQKEgmD3n3VjE_kiREsosqTmEsIoxoUChIJN7Lu42xF5IkRev8oYABsF7QiCg3oDO0YFRXfbtU	41.818852	-71.4154219	41.818852	-71.4154219	Med	9.806082168	Raw	NA	NA	NA	NA	FALSE	41.81878	-71.41549	2016	August
1861	2016-08-31	450509	16:07:00	Bicycle	NA	1	FALSE	FALSE	1	157 WATERMAN STREET	NA	2016-08-31	One-Way Trafficway	Dry	Daylight	Clear	Not a Collision Between Two Motor Vehicles in Transport	No	No Controls	2	1	Pain Reported	NA	41.82762	-71.39503	TRUE	TRUE	157 Waterman Street, Providence, RI, USA	FALSE	-71.3951013	41.8274105	premise	rooftop	157 waterman st, providence, ri 02906, usa	NA	NA	NA	NA	41.8274105	-71.3951013	High	24.05969493	Raw	NA	NA	NA	NA	FALSE	41.82762	-71.39503	2016	August
1862	2016-08-31	450523	16:49:00	Bicycle	NA	1	FALSE	FALSE	1	S WATER ST	POWER STREET	2016-08-31	One-Way Trafficway	Dry	Daylight	Clear	Not a Collision Between Two Motor Vehicles in Transport	No	Other	5	1	Non-Incapacitating	NA	41.82239	-71.40603	FALSE	FALSE	S Water Street and Power Street, Providence, RI, USA	FALSE	-71.4059968	41.82238	intersection	geometric_center	s water st & power st, providence, ri 02903, usa	NA	NA	NA	NA	41.82238	-71.4059968	Med High	2.970634785	Raw	NA	NA	NA	NA	FALSE	41.82239	-71.40603	2016	August
1856	2016-09-01	450852	20:28:00	Bicycle	NA	1	FALSE	FALSE	1	CHALKSTONE AVE	CANTON ST	2016-09-01	Two-Way , Not Divided	Dry	Dark - Lighted	Clear	Not a Collision Between Two Motor Vehicles in Transport	No	Stop Signs	3	1	Pain Reported	NA	41.8323	-71.4425	FALSE	FALSE	Chalkstone Ave and Canton Street, Providence, RI, USA	FALSE	-71.4425118	41.8323096	intersection	geometric_center	canton st & chalkstone ave, providence, ri 02908, usa	NA	NA	NA	NA	41.8323096	-71.4425118	Med High	1.449131991	Raw	NA	NA	NA	NA	FALSE	41.8323	-71.4425	2016	September
1857	2016-09-01	450909	08:33:00	Bicycle	NA	1	FALSE	FALSE	1	ALEPPO ST	MANTON AVE	2016-09-02	Two-Way, Divided, Unprotected (painted>4feet) Medium	Wet	Daylight	Rain	Angle (Front - to - Side) Right Angle (Includes Broadside)	No	No Controls	3	1	Non-Incapacitating	NA	41.81968	-71.44739	FALSE	FALSE	Aleppo Street and Manton Ave, Providence, RI, USA	FALSE	-71.4462075	41.8193627	intersection	geometric_center	aleppo st & manton ave, providence, ri 02909, usa	NA	NA	NA	NA	41.8193627	-71.4462075	Med High	104.2661874	Raw	distance greater than 100m	NA	NA	NA	TRUE	41.81968	-71.44739	2016	September
1855	2016-09-03	451810	16:06:00	Pedestrian	1	NA	FALSE	FALSE	1	ELMWOOD AVE	EXIT 17	2016-09-03	One-Way Trafficway	Dry	Daylight	Clear	Not a Collision Between Two Motor Vehicles in Transport	Yes	Traffic Control Signal	2	1	Pain Reported	NA	41.78853	-71.42091	FALSE	FALSE	Elmwood Ave and Exit 17, Providence, RI, USA	FALSE	-71.4128343	41.8239891	locality	approximate	providence, ri, usa	NA	NA	NA	NA	41.8239891	-71.4128343	Med	4003.764514	Raw	distance greater than 100m	NA	NA	NA	TRUE	41.78853	-71.42091	2016	September
1853	2016-09-04	452267	16:02:00	Other	NA	NA	FALSE	TRUE	1	HARTFORD AV	IDA ST	2016-09-04	Two-Way , Not Divided	Dry	Daylight	Clear	Other	Yes	No Controls	3	1	Pain Reported	2	41.81835	-71.4574	FALSE	FALSE	Hartford Av and Ida Street, Providence, RI, USA	FALSE	-71.457397	41.8183776	intersection	geometric_center	ida st & hartford ave, providence, ri 02909, usa	NA	NA	NA	NA	41.8183776	-71.457397	Med High	3.082482215	Raw	NA	NA	NA	NA	FALSE	41.81835	-71.4574	2016	September
1854	2016-09-04	452357	22:23:00	Pedestrian	1	NA	FALSE	FALSE	1	MEMORIAL BLVD	FRANCIS ST	2016-09-05	Two-Way, Divided, Positive Median Barrier	Dry	Dark - Lighted	Clear	Other	Yes	Pavement Markings	5	1	Incapacitating	6	41.82582	-71.4151	FALSE	FALSE	Memorial Blvd and Francis Street, Providence, RI, USA	FALSE	-71.4153098	41.8257791	intersection	geometric_center	memorial blvd & francis st, providence, ri 02903, usa	NA	NA	NA	NA	41.8257791	-71.4153098	Med High	17.98915503	Raw	NA	NA	NA	NA	FALSE	41.82582	-71.4151	2016	September