row_number	crash_date	crash_report_id	crash_time	collision_type	count_pedestrian	count_bicycle	scooter	wheel_chair	number_of_vehicles	street_or_highway	nearest_intersection	report_date	type_of_roadway	road_surface_condition	light_condition	weather_condition	manner_of_impact	hit_and_run	traffic_control	person_count	injury_count	most_serious_injury	number_of_lanes	lat_raw	lon_raw	has_st_number	is_intersection_null	address_sent_to_geocoder	is_address_blank	lon_api_first_try	lat_api_first_try	type	loctype	address_returned_by_geocoder	address_returned_by_autocomplete	place_ids_autocompleted	lat_api_second_try	lon_api_second_try	lat_api_best	lon_api_best	api_coord_conf	distance_btwn_coords_meters	best_coordinate_set	reason_for_qa	correct_coordinates	corrected_lat	corrected_lon	manually_qaed_record	final_lat	final_lon	year	month
1527	2017-09-28	628264	15:15:00	Pedestrian	1	NA	FALSE	FALSE	1	Smith St	Chalkstone Ave	2017-09-28	Two-Way, Divided, Unprotected (painted>4feet) Medium	Dry	Daylight	Clear	Not a Collision Between Two Motor Vehicles in Transport	Yes	No Controls	1	1	Pain Reported	NA	41.83525	-71.42574	FALSE	FALSE	Smith Street and Chalkstone Ave, Providence, RI, USA	FALSE	-71.4256425	41.8352214	intersection	geometric_center	chalkstone ave & smith st, providence, ri 02908, usa	NA	NA	NA	NA	41.8352214	-71.4256425	Med High	8.690837954	Raw	NA	NA	NA	NA	FALSE	41.83525	-71.42574	2017	September
1528	2017-09-28	628267	17:57:00	Pedestrian	1	NA	FALSE	FALSE	1	WESTMINSTER ST	DORRANCE ST	2017-09-28	Two-Way, Divided, Unprotected (painted>4feet) Medium	Dry	Daylight	Clear	Not a Collision Between Two Motor Vehicles in Transport	No	No Controls	4	1	Pain Reported	NA	41.82361	-71.41167	FALSE	FALSE	Westminster Street and Dorrance Street, Providence, RI, USA	FALSE	-71.4116693	41.8236083	intersection	geometric_center	westminster st & dorrance st, providence, ri 02903, usa	NA	NA	NA	NA	41.8236083	-71.4116693	Med High	0.197951887	Raw	NA	NA	NA	NA	FALSE	41.82361	-71.41167	2017	September
1526	2017-09-30	629027	10:59:00	Bicycle	1	NA	FALSE	FALSE	1	BOND ST	ATWELLS AVE	2017-09-30	Two-Way , Not Divided	Dry	Daylight	Clear	Not a Collision Between Two Motor Vehicles in Transport	No	No Controls	3	0	No Injury	NA	41.82329	-71.42313	FALSE	FALSE	Bond Street and Atwells Ave, Providence, RI, USA	FALSE	-71.4363598	41.8244829	route	geometric_center	atwells ave, providence, ri, usa	Bond Street & Atwells Ave, Providence, RI, USA	Ei5Cb25kIFN0cmVldCAmIEF0d2VsbHMgQXZlLCBQcm92aWRlbmNlLCBSSSwgVVNBImYiZAoUChIJhz7GjwxF5IkRn6nLeZ_KtU0SFAoSCYc-xo8MReSJEZ-py3mfyrVNGhQKEglDJR-PDEXkiRGOixKkHhnewxoUChIJ7W1EBqJF5IkRRornUFgoCTQiCg3-u-0YFT2ybdU	41.8233342	-71.4231235	41.8233342	-71.4231235	Med	4.949779189	Raw	NA	NA	NA	NA	FALSE	41.82329	-71.42313	2017	September
1524	2017-10-02	629952	14:37:00	Pedestrian	1	NA	FALSE	FALSE	1	UNION AVE	RT 10 NORTH ON RAMP	2017-10-02	One-Way Trafficway	Dry	Daylight	Clear	Not a Collision Between Two Motor Vehicles in Transport	No	Traffic Control Signal	2	1	Pain Reported	NA	41.8088	-71.44022	FALSE	FALSE	Union Ave and Rt 10 North On Ramp, Providence, RI, USA	FALSE	-71.4869184	41.8332697	route	geometric_center	union ave, johnston, ri 02919, usa	NA	NA	NA	NA	41.8332697	-71.4869184	Med	4735.834111	Raw	distance greater than 100m	NA	NA	NA	TRUE	41.8088	-71.44022	2017	October
1525	2017-10-02	630136	15:10:00	Pedestrian	1	NA	FALSE	FALSE	1	Broad St	THURBERS AVE	2017-10-02	Two-Way , Not Divided	Dry	Daylight	Clear	Not a Collision Between Two Motor Vehicles in Transport	No	Traffic Control Signal	2	1	Pain Reported	NA	41.7982	-71.41467	FALSE	FALSE	Broad Street and Thurbers Ave, Providence, RI, USA	FALSE	-71.4072534	41.7996465	route	geometric_center	thurbers ave, providence, ri 02905, usa	Broad Street & Thurbers Ave, Providence, RI, USA	EjBCcm9hZCBTdHJlZXQgJiBUaHVyYmVycyBBdmUsIFByb3ZpZGVuY2UsIFJJLCBVU0EiZiJkChQKEgnVbsoGiU_kiRFIi3UXtPpeWRIUChIJ1W7KBolP5IkRSIt1F7T6XlkaFAoSCYPefdWMT-SJESyiypOYSwijGhQKEgkroyggYEXkiRGzStN47BclxSIKDUjm6RgVr_xu1Q	41.7982024	-71.4146641	41.7982024	-71.4146641	Med	0.557778445	Raw	NA	NA	NA	NA	FALSE	41.7982	-71.41467	2017	October
1523	2017-10-03	630508	15:04:00	Pedestrian	1	NA	FALSE	FALSE	1	BRIDGHAM ST	ELMWOOD AVE	2017-10-03	Two-Way , Not Divided	Dry	Daylight	Clear	Not a Collision Between Two Motor Vehicles in Transport	No	Traffic Control Signal	3	1	Pain Reported	NA	41.81277	-71.42218	FALSE	FALSE	Bridgham Street and Elmwood Ave, Providence, RI, USA	FALSE	-71.4221436	41.8127945	intersection	geometric_center	bridgham st & elmwood ave, providence, ri 02907, usa	NA	NA	NA	NA	41.8127945	-71.4221436	Med High	4.069305546	Raw	NA	NA	NA	NA	FALSE	41.81277	-71.42218	2017	October
1521	2017-10-05	631403	20:33:00	Pedestrian	2	NA	FALSE	FALSE	1	WESTMINSTER ST	SERVICE ROAD 8	2017-10-05	One-Way Trafficway	Dry	Dark - Lighted	Clear	Not a Collision Between Two Motor Vehicles in Transport	No	No Controls	4	2	Pain Reported	NA	41.81923	-71.41782	FALSE	FALSE	Westminster Street and Service Road 8, Providence, RI, USA	FALSE	-71.4406099	41.816332	intersection	geometric_center	service rd & westminster st, providence, ri 02909, usa	NA	NA	NA	NA	41.816332	-71.4406099	Med High	1918.042679	Raw	distance greater than 100m	NA	NA	NA	TRUE	41.81923	-71.41782	2017	October
1522	2017-10-05	631432	17:52:00	Pedestrian	1	NA	FALSE	FALSE	1	WESTMINSTER ST	KNIGHT ST	2017-10-05	Two-Way , Not Divided	Dry	Daylight	Clear	Not a Collision Between Two Motor Vehicles in Transport	No	No Controls	3	1	Pain Reported	NA	41.81713	-71.42626	FALSE	FALSE	Westminster Street and Knight Street, Providence, RI, USA	FALSE	-71.4261832	41.8171545	intersection	geometric_center	knight st & westminster st, providence, ri 02903, usa	NA	NA	NA	NA	41.8171545	-71.4261832	Med High	6.930790752	Raw	NA	NA	NA	NA	FALSE	41.81713	-71.42626	2017	October
1520	2017-10-06	631767	21:30:00	Pedestrian	1	NA	FALSE	FALSE	1	MERINO ST/ HARTFORD AVE	CROWNINSHIELD ST	2017-10-06	Two-Way , Not Divided	Dry	Dark - Lighted	Clear	Not a Collision Between Two Motor Vehicles in Transport	Yes	No Controls	1	0	Unknown	NA	41.81863	-71.45912	FALSE	FALSE	Merino St/ Hartford Ave and Crowninshield Street, Providence, RI, USA	FALSE	-71.4582059	41.8177449	route	geometric_center	crowninshield st, providence, ri 02909, usa	NA	NA	NA	NA	41.8177449	-71.4582059	Med	124.3343713	Raw	distance greater than 100m	NA	NA	NA	TRUE	41.81863	-71.45912	2017	October
1519	2017-10-07	631798	03:35:00	Pedestrian	1	NA	FALSE	FALSE	1	571 Union Ave	POCASSET AVE	2017-10-07	Two-Way , Not Divided	Dry	Dark - Lighted	Clear	Not a Collision Between Two Motor Vehicles in Transport	Yes	No Controls	1	1	Pain Reported	NA	41.80649	-71.4574	TRUE	FALSE	571 Union Ave, Providence, RI, USA	FALSE	-71.4574605	41.8067123	premise	rooftop	571 union ave, providence, ri 02909, usa	NA	NA	NA	NA	41.8067123	-71.4574605	High	25.2503913	Raw	NA	NA	NA	NA	FALSE	41.80649	-71.4574	2017	October
1518	2017-10-08	632425	20:42:00	Bicycle	NA	1	FALSE	FALSE	1	CRANSTON STREET	POTTERS AVE	2017-10-08	Two-Way , Not Divided	Dry	Dark - Lighted	Clear	Not a Collision Between Two Motor Vehicles in Transport	Yes	Stop Signs	1	1	Pain Reported	2	41.80505	-71.43778	FALSE	FALSE	Cranston Street and Potters Ave, Providence, RI, USA	FALSE	-71.4377905	41.8050672	intersection	geometric_center	potters ave & cranston st, providence, ri 02909, usa	NA	NA	NA	NA	41.8050672	-71.4377905	Med High	2.103614556	Raw	NA	NA	NA	NA	FALSE	41.80505	-71.43778	2017	October
1516	2017-10-09	632639	19:13:00	Pedestrian	1	NA	FALSE	FALSE	1	SUPERIOR ST	CRANSTON ST	2017-10-09	Two-Way , Not Divided	Wet	Dark - Lighted	Rain	Not a Collision Between Two Motor Vehicles in Transport	No	No Controls	2	1	Pain Reported	NA	41.81043	-71.43265	FALSE	FALSE	Superior Street and Cranston Street, Providence, RI, USA	FALSE	-71.4326468	41.8104443	intersection	geometric_center	cranston st & superior st, providence, ri 02907, usa	NA	NA	NA	NA	41.8104443	-71.4326468	Med High	1.613859543	Raw	NA	NA	NA	NA	FALSE	41.81043	-71.43265	2017	October
1517	2017-10-09	632641	19:15:00	Pedestrian	1	NA	FALSE	FALSE	1	SACKETT ST	BROAD ST	2017-10-09	Two-Way , Not Divided	Wet	Dark - Lighted	Rain	Not a Collision Between Two Motor Vehicles in Transport	Yes	No Controls	1	1	Pain Reported	NA	41.79616	-71.41212	FALSE	FALSE	Sackett Street and Broad Street, Providence, RI, USA	FALSE	-71.4121266	41.796176	intersection	geometric_center	sackett st & broad st, providence, ri 02905, usa	NA	NA	NA	NA	41.796176	-71.4121266	Med High	1.863432045	Raw	NA	NA	NA	NA	FALSE	41.79616	-71.41212	2017	October
1515	2017-10-10	633009	17:37:00	Pedestrian	1	NA	FALSE	FALSE	1	361 RESERVOIR AVE	PONTIAC AVE	2017-10-10	Unknown	Dry	Dawn	Clear	Not a Collision Between Two Motor Vehicles in Transport	No	No Controls	2	1	Pain Reported	NA	41.78767	-71.43147	TRUE	FALSE	361 Reservoir Ave, Providence, RI, USA	FALSE	-71.4330063	41.7885339	street_address	rooftop	361 reservoir ave, providence, ri 02910, usa	NA	NA	NA	NA	41.7885339	-71.4330063	High	159.7139721	Geocoded	distance greater than 100m	NA	NA	NA	TRUE	41.7885339	-71.4330063	2017	October
1512	2017-10-11	633322	06:24:00	Pedestrian	2	NA	FALSE	FALSE	1	731 Eddy St	EUDORA ST	2017-10-11	Two-Way, Divided, Unprotected (painted>4feet) Medium	Dry	Daylight	Clear	Not a Collision Between Two Motor Vehicles in Transport	No	No Controls	3	2	Pain Reported	NA	41.80791	-71.40724	TRUE	FALSE	731 Eddy Street, Providence, RI, USA	FALSE	-71.4075635	41.8078196	premise	rooftop	731 eddy st, providence, ri 02903, usa	NA	NA	NA	NA	41.8078196	-71.4075635	High	28.66703762	Raw	NA	NA	NA	NA	FALSE	41.80791	-71.40724	2017	October
1513	2017-10-11	633703	16:05:00	Bicycle	NA	1	FALSE	FALSE	1	COLLEGE RD	6TH AVE	2017-10-11	Two-Way , Not Divided	Dry	Daylight	Clear	Not a Collision Between Two Motor Vehicles in Transport	No	No Controls	3	1	Non-Incapacitating	NA	41.84066	-71.46723	FALSE	FALSE	College Rd and 6th Ave, Providence, RI, USA	FALSE	-71.3962252	41.8513264	route	geometric_center	6th st, providence, ri 02906, usa	College Road & 6th Street, North Providence, Providence, RI, USA	EkBDb2xsZWdlIFJvYWQgJiA2dGggU3RyZWV0LCBOb3J0aCBQcm92aWRlbmNlLCBQcm92aWRlbmNlLCBSSSwgVVNBImYiZAoUChIJGYxTNdBF5IkRibtj7OYDzY4SFAoSCRmMUzXQReSJEYm7Y-zmA82OGhQKEgkVnIcRykXkiRGpFXPkCovoUBoUChIJyWTMuNFF5IkRtiuubj6C5OgiCg3sZfAYFbT_ZtU	41.8407916	-71.4670156	41.8407916	-71.4670156	Med	23.03849144	Raw	raw coords fall outside of city boundary	NA	NA	NA	TRUE	41.84066	-71.46723	2017	October
1514	2017-10-11	633739	16:01:00	Pedestrian	1	NA	FALSE	FALSE	1	MATHEWSON ST	WESTMINSTER ST	2017-10-11	One-Way Trafficway	Dry	Daylight	Clear	Not a Collision Between Two Motor Vehicles in Transport	No	No Controls	3	1	Incapacitating	NA	41.82211	-71.41356	FALSE	FALSE	Mathewson Street and Westminster Street, Providence, RI, USA	FALSE	-71.4136447	41.8221831	intersection	geometric_center	mathewson st & westminster st, providence, ri 02903, usa	NA	NA	NA	NA	41.8221831	-71.4136447	Med High	10.75126341	Raw	NA	NA	NA	NA	FALSE	41.82211	-71.41356	2017	October
1509	2017-10-12	633885	08:53:00	Bicycle	NA	1	FALSE	FALSE	1	85 WATERMAN STREET	BROWN ST	2017-10-12	One-Way Trafficway	Dry	Daylight	Clear	Other	No	No Controls	2	1	Pain Reported	1	41.82699	-71.403809999999993	TRUE	FALSE	85 Waterman Street, Providence, RI, USA	FALSE	-71.4019165	41.8269146	premise	rooftop	hunter psychology lab, 85 waterman st, providence, ri 02912, usa	NA	NA	NA	NA	41.8269146	-71.4019165	High	157.2920091	Geocoded	distance greater than 100m	NA	NA	NA	TRUE	41.8269146	-71.4019165	2017	October
1510	2017-10-12	633890	09:16:00	Other	NA	NA	FALSE	TRUE	2	NAHANT ST	OPPER ST	2017-10-12	Two-Way , Not Divided	Dry	Daylight	Clear	Other	No	No Controls	5	0	No Injury	NA	41.85297	-71.42179	FALSE	FALSE	Nahant Street and Opper Street, Providence, RI, USA	FALSE	-71.4221468	41.8531396	intersection	geometric_center	opper st & nahant st, providence, ri 02904, usa	NA	NA	NA	NA	41.8531396	-71.4221468	Med High	35.09574738	Raw	NA	NA	NA	NA	FALSE	41.85297	-71.42179	2017	October
1511	2017-10-12	634017	14:29:00	Pedestrian	1	NA	FALSE	FALSE	1	Broad street	CLAVERICK ST	2017-10-12	Two-Way , Not Divided	Dry	Daylight	Clear	Other	No	No Controls	2	1	Pain Reported	NA	41.81939	-71.41492	FALSE	FALSE	Broad Street and Claverick Street, Providence, RI, USA	FALSE	-71.413061	41.8182487	route	geometric_center	claverick st, providence, ri 02903, usa	Broad Street & Claverick Street, Providence, RI, USA	EjRCcm9hZCBTdHJlZXQgJiBDbGF2ZXJpY2sgU3RyZWV0LCBQcm92aWRlbmNlLCBSSSwgVVNBImYiZAoUChIJN-H52GxF5IkR-aG6rjTYAMMSFAoSCTfh-dhsReSJEfmhuq402ADDGhQKEgmD3n3VjE_kiREsosqTmEsIoxoUChIJCd0jlGxF5IkRCow_XvXZa3YiCg2rIO0YFTrwbtU	41.8193579	-71.414983	41.8193579	-71.414983	Med	6.331316306	Raw	NA	NA	NA	NA	FALSE	41.81939	-71.41492	2017	October
1508	2017-10-13	634351	09:15:00	Bicycle	NA	1	FALSE	FALSE	1	BROADWAY	GREENMAN LN	2017-10-13	Two-Way , Not Divided	Dry	Daylight	Clear	Not a Collision Between Two Motor Vehicles in Transport	No	Traffic Control Signal	4	1	Pain Reported	NA	41.82232	-71.41867	FALSE	FALSE	Broadway and Greenman Ln, Providence, RI, USA	FALSE	-71.4119953	41.8109879	doctor	rooftop	101 dudley st, providence, ri 02905, usa	NA	NA	NA	NA	41.8109879	-71.4119953	Med	1377.677046	Raw	distance greater than 100m	NA	NA	NA	TRUE	41.82232	-71.41867	2017	October
1507	2017-10-14	635728	18:56:00	Pedestrian	1	NA	FALSE	FALSE	1	16 GROVER ST	LONGO ST	2017-10-14	Two-Way , Not Divided	Dry	Dark - Lighted	Clear	Not a Collision Between Two Motor Vehicles in Transport	Yes	No Controls	1	1	Pain Reported	NA	41.81631	-71.45716	TRUE	FALSE	16 Grover Street, Providence, RI, USA	FALSE	-71.4569032	41.8162369	premise	rooftop	16 grover st, providence, ri 02909, usa	NA	NA	NA	NA	41.8162369	-71.4569032	High	22.80653411	Raw	NA	NA	NA	NA	FALSE	41.81631	-71.45716	2017	October
1506	2017-10-19	637754	18:27:00	Pedestrian	1	NA	FALSE	FALSE	1	CANAL ST	PARK ROW	2017-10-19	One-Way Trafficway	Dry	Dark - Lighted	Clear	Not a Collision Between Two Motor Vehicles in Transport	No	No Controls	3	1	Pain Reported	NA	41.82862	-71.41074	FALSE	FALSE	Canal Street and Park Row, Providence, RI, USA	FALSE	-71.4101424	41.8285609	route	geometric_center	park row, providence, ri 02903, usa	Canal Street & Park Row, Providence, RI, USA	EixDYW5hbCBTdHJlZXQgJiBQYXJrIFJvdywgUHJvdmlkZW5jZSwgUkksIFVTQSJmImQKFAoSCfnYQl0XReSJEb76n4zNKeooEhQKEgn52EJdF0XkiRG--p-MzSnqKBoUChIJy9SY0BlF5IkR-2tCJRBJALIaFAoSCYVjbGQXReSJEc7xB3V3CujAIgoNl4TuGBXll2_V	41.8284695	-71.4106907	41.8284695	-71.4106907	Med	17.24545286	Raw	NA	NA	NA	NA	FALSE	41.82862	-71.41074	2017	October
1505	2017-10-20	638374	15:38:00	Pedestrian	1	NA	FALSE	FALSE	1	CHALKSTONE AVENUE	ACADEMY AVENUE	2017-10-20	Two-Way , Not Divided	Dry	Daylight	Clear	Not a Collision Between Two Motor Vehicles in Transport	Yes	Traffic Control Signal	2	1	Incapacitating	2	41.814	-71.44182	FALSE	FALSE	Chalkstone Avenue and Academy Avenue, Providence, RI, USA	FALSE	-71.4445249	41.8324538	intersection	geometric_center	academy ave & chalkstone ave, providence, ri 02908, usa	NA	NA	NA	NA	41.8324538	-71.4445249	Med High	2066.486194	Geocoded	distance greater than 100m	NA	NA	NA	TRUE	41.8324538	-71.4445249	2017	October
1503	2017-10-21	638752	10:50:00	Pedestrian	1	NA	FALSE	FALSE	1	MEMORIAL BLVD	EXCHANGE ST	2017-10-21	Two-Way, Divided, Unprotected (painted>4feet) Medium	Dry	Daylight	Clear	Sideswipe, Same Direction	Yes	No Controls	1	1	Non-Incapacitating	NA	41.8268	-71.41207	FALSE	FALSE	Memorial Blvd and Exchange Street, Providence, RI, USA	FALSE	-71.4121426	41.8269244	intersection	geometric_center	memorial blvd & exchange st, providence, ri 02903, usa	NA	NA	NA	NA	41.8269244	-71.4121426	Med High	15.10095039	Raw	NA	NA	NA	NA	FALSE	41.8268	-71.41207	2017	October
1504	2017-10-21	638806	14:11:00	Bicycle	NA	1	FALSE	FALSE	1	CHALKSTONE AVE	RIVER AVE	2017-10-21	Two-Way , Not Divided	Dry	Daylight	Clear	Not a Collision Between Two Motor Vehicles in Transport	No	Traffic Control Signal	5	1	Non-Incapacitating	NA	41.83258	-71.43854	FALSE	FALSE	Chalkstone Ave and River Ave, Providence, RI, USA	FALSE	-71.4385411	41.8325962	intersection	geometric_center	river ave & chalkstone ave, providence, ri 02908, usa	NA	NA	NA	NA	41.8325962	-71.4385411	Med High	1.805682282	Raw	NA	NA	NA	NA	FALSE	41.83258	-71.43854	2017	October
1502	2017-10-22	639068	13:00:00	Pedestrian	1	NA	FALSE	FALSE	1	Page St	WEYBOSSET ST	2017-10-22	One-Way Trafficway	Dry	Daylight	Clear	Not a Collision Between Two Motor Vehicles in Transport	No	No Controls	2	1	Incapacitating	NA	41.8215	-71.41218	FALSE	FALSE	Page Street and Weybosset Street, Providence, RI, USA	FALSE	-71.4117062	41.8223275	route	geometric_center	weybosset st, providence, ri, usa	Page Street & Weybosset Street, Providence, RI, USA	EjNQYWdlIFN0cmVldCAmIFdleWJvc3NldCBTdHJlZXQsIFByb3ZpZGVuY2UsIFJJLCBVU0EiZiJkChQKEglbuPF8E0XkiRH8wskKa-QdBBIUChIJW7jxfBNF5IkR_MLJCmvkHQQaFAoSCX8Tl5oUReSJEfzvXEGSUdN8GhQKEgm_tGB4FEXkiRFsGEnunrj2ACIKDRJ47RgVOFZv1Q	41.8215954	-71.412372	41.8215954	-71.412372	Med	19.1437088	Raw	NA	NA	NA	NA	FALSE	41.8215	-71.41218	2017	October
1500	2017-10-23	639390	11:23:00	Bicycle	NA	1	FALSE	FALSE	1	LIBRARY CT	WESTMINSTER ST	2017-10-23	Two-Way , Not Divided	Dry	Daylight	Clear	Not a Collision Between Two Motor Vehicles in Transport	No	Traffic Control Signal	3	0	No Injury	NA	41.81675	-71.44355	FALSE	FALSE	Library Ct and Westminster Street, Providence, RI, USA	FALSE	-71.4434849	41.8167835	intersection	geometric_center	library ct & westminster st, providence, ri 02909, usa	NA	NA	NA	NA	41.8167835	-71.4434849	Med High	6.563344428	Raw	NA	NA	NA	NA	FALSE	41.81675	-71.44355	2017	October
1501	2017-10-23	639744	23:30:00	Pedestrian	1	NA	FALSE	FALSE	1	343 broad st.	BROAD ST	2017-10-24	Unknown	Dry	Dark - Lighted	Cloudy	Not a Collision Between Two Motor Vehicles in Transport	No	No Controls	3	1	Pain Reported	NA	41.81345	-71.42175	TRUE	FALSE	343 Broad St., Providence, RI, USA	FALSE	-71.4221475	41.813852	premise	rooftop	343 broad st, providence, ri 02907, usa	NA	NA	NA	NA	41.813852	-71.4221475	High	55.59025054	Raw	NA	NA	NA	NA	FALSE	41.81345	-71.42175	2017	October
1497	2017-10-24	639765	00:50:00	Bicycle	NA	1	FALSE	FALSE	1	LAUREL HILL AVE	PLAINFIELD ST	2017-10-24	Two-Way, Divided, Unprotected (painted>4feet) Medium	Dry	Dark - Lighted	Clear	Not a Collision Between Two Motor Vehicles in Transport	No	Traffic Control Signal	3	1	Pain Reported	NA	41.81321	-71.45542	FALSE	FALSE	Laurel Hill Ave and Plainfield Street, Providence, RI, USA	FALSE	-71.4554097	41.8132285	intersection	geometric_center	laurel hill ave & plainfield st, providence, ri 02909, usa	NA	NA	NA	NA	41.8132285	-71.4554097	Med High	2.229681173	Raw	NA	NA	NA	NA	FALSE	41.81321	-71.45542	2017	October
1498	2017-10-24	639820	07:07:00	Pedestrian	1	NA	FALSE	FALSE	1	CRANSTON ST	POTTERS AVE	2017-10-24	Two-Way , Not Divided	Wet	Daylight	Rain	Not a Collision Between Two Motor Vehicles in Transport	No	Pavement Markings	2	1	Pain Reported	NA	41.80511	-71.43769	FALSE	FALSE	Cranston Street and Potters Ave, Providence, RI, USA	FALSE	-71.4377905	41.8050672	intersection	geometric_center	potters ave & cranston st, providence, ri 02909, usa	NA	NA	NA	NA	41.8050672	-71.4377905	Med High	9.604495476	Raw	NA	NA	NA	NA	FALSE	41.80511	-71.43769	2017	October
1499	2017-10-24	639942	07:09:00	Pedestrian	1	NA	FALSE	FALSE	1	200 HAWKINS ST	BRANCH AVE	2017-10-24	Two-Way , Not Divided	Wet	Daylight	Rain	Not a Collision Between Two Motor Vehicles in Transport	No	No Controls	4	1	Pain Reported	NA	41.85061	-71.4223	TRUE	FALSE	200 Hawkins Street, Providence, RI, USA	FALSE	-71.4227436	41.8507982	premise	rooftop	200 hawkins st, providence, ri 02904, usa	NA	NA	NA	NA	41.8507982	-71.4227436	High	42.33129517	Raw	NA	NA	NA	NA	FALSE	41.85061	-71.4223	2017	October
1496	2017-10-27	641593	15:24:00	Bicycle	NA	1	FALSE	FALSE	1	Blackstone Blvd	Irving Ave	2017-10-27	One-Way Trafficway	Dry	Daylight	Clear	Angle (Front - to - Side) Right Angle (Includes Broadside)	No	No Controls	2	0	No Injury	NA	41.83413	-71.38423	FALSE	FALSE	Blackstone Blvd and Irving Ave, Providence, RI, USA	FALSE	-71.3837393	41.8342209	intersection	geometric_center	irving ave & blackstone blvd, providence, ri 02906, usa	NA	NA	NA	NA	41.8342209	-71.3837393	Med High	41.93856354	Raw	NA	NA	NA	NA	FALSE	41.83413	-71.38423	2017	October
1495	2017-10-28	642293	21:06:00	Pedestrian	1	NA	FALSE	FALSE	1	WASHINGTON ST	EMPIRE ST	2017-10-28	Two-Way , Not Divided	Dry	Dark - Lighted	Clear	Not a Collision Between Two Motor Vehicles in Transport	No	No Controls	2	1	Pain Reported	NA	41.82182	-71.41645	FALSE	FALSE	Washington Street and Empire Street, Providence, RI, USA	FALSE	-71.4157797	41.821349	route	geometric_center	empire st, providence, ri 02903, usa	Washington Street & Empire Street, Providence, RI, USA	EjZXYXNoaW5ndG9uIFN0cmVldCAmIEVtcGlyZSBTdHJlZXQsIFByb3ZpZGVuY2UsIFJJLCBVU0EiZiJkChQKEgmNpp3sEkXkiRHnvAEsqcaDvRIUChIJjaad7BJF5IkR57wBLKnGg70aFAoSCanazZwSReSJERoH0JajEjT2GhQKEgnHPO_pEkXkiRGhxI4iuiomFSIKDWmC7RgVI7hu1Q	41.8218601	-71.4164189	41.8218601	-71.4164189	Med	5.155853918	Raw	NA	NA	NA	NA	FALSE	41.82182	-71.41645	2017	October
1492	2017-10-29	642622	03:25:00	Pedestrian	1	NA	FALSE	FALSE	1	FRIENDSHIP ST	RICHMOND ST	2017-10-29	Two-Way , Not Divided	Dry	Dark - Lighted	Clear	Not a Collision Between Two Motor Vehicles in Transport	Yes	No Controls	1	1	Non-Incapacitating	NA	41.82051	-71.41087	FALSE	FALSE	Friendship Street and Richmond Street, Providence, RI, USA	FALSE	-71.4111462	41.8202499	intersection	geometric_center	richmond st & friendship st, providence, ri 02903, usa	NA	NA	NA	NA	41.8202499	-71.4111462	Med High	36.92386245	Raw	NA	NA	NA	NA	FALSE	41.82051	-71.41087	2017	October
1493	2017-10-29	642799	18:46:00	Pedestrian	1	NA	FALSE	FALSE	1	BURNS ST	MANILA ST	2017-10-29	One-Way Trafficway	Wet	Dark - Lighted	Rain	Not a Collision Between Two Motor Vehicles in Transport	Yes	No Controls	2	1	Pain Reported	NA	41.85385	-71.44526	FALSE	FALSE	Burns Street and Manila Street, Providence, RI, USA	FALSE	-71.4454753	41.8538275	intersection	geometric_center	manila st & burns st, providence, ri 02904, usa	NA	NA	NA	NA	41.8538275	-71.4454753	Med High	18.02672141	Raw	NA	NA	NA	NA	FALSE	41.85385	-71.44526	2017	October
1494	2017-10-29	642847	18:54:00	Pedestrian	1	NA	FALSE	FALSE	1	WASHINGTON ST	CANAL ST	2017-10-29	One-Way Trafficway	Wet	Dark - Not Lighted	Rain	Not a Collision Between Two Motor Vehicles in Transport	No	Stop Signs	2	1	Pain Reported	NA	41.82673	-71.40939	FALSE	FALSE	Washington Street and Canal Street, Providence, RI, USA	FALSE	-71.4128343	41.8239891	locality	approximate	providence, ri, usa	NA	NA	NA	NA	41.8239891	-71.4128343	Med	418.0058742	Raw	distance greater than 100m	NA	NA	NA	TRUE	41.82673	-71.40939	2017	October
1490	2017-10-30	643195	14:40:00	Pedestrian	1	NA	FALSE	FALSE	1	MEMORIAL BLVD	STEEPLE ST	2017-10-30	Two-Way, Divided, Positive Median Barrier	Dry	Daylight	Cloudy	Not a Collision Between Two Motor Vehicles in Transport	No	Traffic Control Signal	4	1	Pain Reported	4	41.82677	-71.41063	FALSE	FALSE	Memorial Blvd and Steeple Street, Providence, RI, USA	FALSE	-71.409299	41.8273889	route	geometric_center	steeple st, providence, ri 02903, usa	NA	NA	NA	NA	41.8273889	-71.409299	Med	130.1401791	Raw	distance greater than 100m	NA	NA	NA	TRUE	41.82677	-71.41063	2017	October
1491	2017-10-30	643270	16:05:00	Pedestrian	1	NA	FALSE	FALSE	1	SOUTH MAIN ST	COLLEGE ST	2017-10-30	One-Way Trafficway	Dry	Daylight	Cloudy	Not a Collision Between Two Motor Vehicles in Transport	No	Traffic Control Signal	3	1	Pain Reported	2	41.82564	-71.40785	FALSE	FALSE	South Main Street and College Street, Providence, RI, USA	FALSE	-71.4078251	41.8256787	intersection	geometric_center	s main st & college st, providence, ri 02903, usa	NA	NA	NA	NA	41.8256787	-71.4078251	Med High	4.777636172	Raw	NA	NA	NA	NA	FALSE	41.82564	-71.40785	2017	October