row_number	crash_date	crash_report_id	crash_time	collision_type	count_pedestrian	count_bicycle	scooter	wheel_chair	number_of_vehicles	street_or_highway	nearest_intersection	report_date	type_of_roadway	road_surface_condition	light_condition	weather_condition	manner_of_impact	hit_and_run	traffic_control	person_count	injury_count	most_serious_injury	number_of_lanes	lat_raw	lon_raw	has_st_number	is_intersection_null	address_sent_to_geocoder	is_address_blank	lon_api_first_try	lat_api_first_try	type	loctype	address_returned_by_geocoder	address_returned_by_autocomplete	place_ids_autocompleted	lat_api_second_try	lon_api_second_try	lat_api_best	lon_api_best	api_coord_conf	distance_btwn_coords_meters	best_coordinate_set	reason_for_qa	correct_coordinates	corrected_lat	corrected_lon	manually_qaed_record	final_lat	final_lon	year	month
1454	2017-12-05	661394	18:35:00	Pedestrian	1	NA	FALSE	FALSE	1	GEORGE ST	THAYER ST	2017-12-05	Two-Way, Divided, Unprotected (painted>4feet) Medium	Wet	Dark - Lighted	Rain	Not a Collision Between Two Motor Vehicles in Transport	No	No Controls	3	1	Pain Reported	NA	41.82553	-71.40045	FALSE	FALSE	George Street and Thayer Street, Providence, RI, USA	FALSE	-71.4005135	41.8268796	route	geometric_center	thayer st, providence, ri, usa	George Street & Thayer Street, Providence, RI, USA	EjJHZW9yZ2UgU3RyZWV0ICYgVGhheWVyIFN0cmVldCwgUHJvdmlkZW5jZSwgUkksIFVTQSJmImQKFAoSCUdpPp08ReSJEcUiisIDcbH9EhQKEglHaT6dPEXkiRHFIorCA3Gx_RoUChIJx-okYztF5IkRsmeONi5JlGUaFAoSCVG076s8ReSJEZJMNfXilGkAIgoNUhLuGBV7K3HV	41.8255442	-71.4003589	41.8255442	-71.4003589	Med	7.720567194	Raw	NA	NA	NA	NA	FALSE	41.82553	-71.40045	2017	December
1449	2017-12-06	661527	07:00:00	Pedestrian	1	NA	FALSE	FALSE	1	Manton Ave	NA	2017-12-06	Two-Way , Not Divided	Wet	Dawn	Cloudy	Not a Collision Between Two Motor Vehicles in Transport	Yes	Traffic Control Signal	3	1	Pain Reported	3	41.82537	-71.45463	FALSE	TRUE	Manton Ave, Providence, RI, USA	FALSE	-71.4570108	41.8257711	route	geometric_center	manton ave, providence, ri 02909, usa	NA	NA	NA	NA	41.8257711	-71.4570108	Inaccurate	202.4786814	Raw	distance greater than 100m	NA	NA	NA	TRUE	41.82537	-71.45463	2017	December
1450	2017-12-06	661779	17:48:00	Pedestrian	1	NA	FALSE	FALSE	1	SMITH ST	COMMON ST	2017-12-06	Two-Way , Not Divided	Dry	Dark - Lighted	Cloudy	Not a Collision Between Two Motor Vehicles in Transport	No	Stop Signs	3	1	Pain Reported	NA	41.83266	-71.4192	FALSE	FALSE	Smith Street and Common Street, Providence, RI, USA	FALSE	-71.4191626	41.8326567	intersection	geometric_center	common st & smith st, providence, ri 02908, usa	NA	NA	NA	NA	41.8326567	-71.4191626	Med High	3.123770055	Raw	NA	NA	NA	NA	FALSE	41.83266	-71.4192	2017	December
1447	2017-12-10	664475	19:40:00	Pedestrian	1	NA	FALSE	FALSE	1	CHALKSTONE AVE	OAKWOOD AVE	2017-12-11	Two-Way , Not Divided	Dry	Dark - Lighted	Clear	Other	No	No Controls	3	1	Non-Incapacitating	2	41.83316	-71.45967	FALSE	FALSE	Chalkstone Ave and Oakwood Ave, Providence, RI, USA	FALSE	-71.4596342	41.8331662	intersection	geometric_center	oakwood ave & chalkstone ave, providence, ri 02909, usa	NA	NA	NA	NA	41.8331662	-71.4596342	Med High	3.04851688	Raw	NA	NA	NA	NA	FALSE	41.83316	-71.45967	2017	December
1448	2017-12-10	665445	21:51:00	Pedestrian	1	NA	FALSE	FALSE	1	Westminster St	WESTMINSTER ST EXIT	2017-12-10	Two-Way , Not Divided	Dry	Daylight	Clear	Not a Collision Between Two Motor Vehicles in Transport	Yes	No Controls	1	1	Pain Reported	NA	41.81578	-71.43823	FALSE	FALSE	Westminster Street and Westminster St Exit, Providence, RI, USA	FALSE	-71.4257801	41.8171825	route	geometric_center	westminster st, providence, ri, usa	NA	NA	NA	NA	41.8171825	-71.4257801	Med	1044.634488	Raw	distance greater than 100m	NA	NA	NA	TRUE	41.81578	-71.43823	2017	December
1443	2017-12-12	665496	17:28:00	Bicycle	NA	1	FALSE	FALSE	1	BATTEY ST	W FOUNTAIN ST	2017-12-12	Two-Way, Divided, Unprotected (painted>4feet) Medium	Wet	Dark - Lighted	Cloudy	Head-On (Front - to - Front)	Yes	Stop Signs	1	1	Non-Incapacitating	NA	41.81861	-71.4248	FALSE	FALSE	Battey Street and W Fountain Street, Providence, RI, USA	FALSE	-71.4247962	41.8186127	intersection	geometric_center	w fountain st & battey st, providence, ri 02903, usa	NA	NA	NA	NA	41.8186127	-71.4247962	Med High	0.435572901	Raw	NA	NA	NA	NA	FALSE	41.81861	-71.4248	2017	December
1444	2017-12-12	665756	21:01:00	Pedestrian	1	NA	FALSE	FALSE	1	GEORGE ST	BROWN ST	2017-12-12	Two-Way , Not Divided	Dry	Dark - Lighted	Clear	Not a Collision Between Two Motor Vehicles in Transport	No	No Controls	2	1	Pain Reported	NA	41.82535	-71.40283	FALSE	FALSE	George Street and Brown Street, Providence, RI, USA	FALSE	-71.4034266	41.82934	route	geometric_center	brown st, providence, ri, usa	George Street & Brown Street, Providence, RI, USA	EjFHZW9yZ2UgU3RyZWV0ICYgQnJvd24gU3RyZWV0LCBQcm92aWRlbmNlLCBSSSwgVVNBImYiZAoUChIJPSHA-DxF5IkRr_LorNZUunsSFAoSCT0hwPg8ReSJEa_y6KzWVLp7GhQKEgnH6iRjO0XkiRGyZ442LkmUZRoUChIJjdFj6CJF5IkRfjtAGSc-nD0iCg0BC-4YFajPcNU	41.8253569	-71.4027096	41.8253569	-71.4027096	Med	10.01705383	Raw	NA	NA	NA	NA	FALSE	41.82535	-71.40283	2017	December
1445	2017-12-12	665912	19:50:00	Pedestrian	1	NA	FALSE	FALSE	1	Atwells Ave	DEAN ST	2017-12-13	Two-Way , Not Divided	Dry	Dark - Lighted	Clear	Not a Collision Between Two Motor Vehicles in Transport	Yes	Traffic Control Signal	2	1	Pain Reported	NA	41.82339	-71.4242	FALSE	FALSE	Atwells Ave and Dean Street, Providence, RI, USA	FALSE	-71.4242155	41.8234078	intersection	geometric_center	atwells ave & dean st, providence, ri 02903, usa	NA	NA	NA	NA	41.8234078	-71.4242155	Med High	2.36211906	Raw	NA	NA	NA	NA	FALSE	41.82339	-71.4242	2017	December
1446	2017-12-12	666156	18:22:00	Pedestrian	1	NA	FALSE	FALSE	1	50 KENNEDY PLZ	DORRANCE ST	2017-12-13	Two-Way, Divided, Unprotected (painted>4feet) Medium	Dry	Dark - Not Lighted	Clear	Not a Collision Between Two Motor Vehicles in Transport	Yes	No Controls	1	0	No Injury	2	41.82425	-71.4122	TRUE	FALSE	50 Kennedy Plz, Providence, RI, USA	FALSE	-71.4105943	41.8248966	premise	rooftop	50 kennedy plaza, 50 kennedy plaza, providence, ri 02903, usa	NA	NA	NA	NA	41.8248966	-71.4105943	High	151.403818	Raw	distance greater than 100m	NA	NA	NA	TRUE	41.82425	-71.4122	2017	December
1442	2017-12-14	666520	11:07:00	Pedestrian	1	NA	FALSE	FALSE	1	10 PARK ROW	NA	2017-12-14	Two-Way , Not Divided	Snow	Daylight	Snow	Other	No	No Controls	3	1	Non-Incapacitating	NA	41.83618	-71.41545	TRUE	TRUE	10 Park Row, Providence, RI, USA	FALSE	-71.411454	41.828997	street_address	rooftop	10 park row, providence, ri 02903, usa	NA	NA	NA	NA	41.828997	-71.411454	High	865.5792989	Raw	distance greater than 100m	NA	NA	NA	TRUE	41.83618	-71.41545	2017	December
1440	2017-12-18	668981	11:55:00	Pedestrian	1	NA	FALSE	FALSE	1	Trask Street	EDDY ST	2017-12-18	Two-Way , Not Divided	Dry	Daylight	Clear	Not a Collision Between Two Motor Vehicles in Transport	No	Stop Signs	4	0	No Injury	NA	41.8052	-71.40714	FALSE	FALSE	Trask Street and Eddy Street, Providence, RI, USA	FALSE	-71.4071353	41.805202	intersection	geometric_center	trask st & eddy st, providence, ri 02905, usa	NA	NA	NA	NA	41.805202	-71.4071353	Med High	0.449076978	Raw	NA	NA	NA	NA	FALSE	41.8052	-71.40714	2017	December
1441	2017-12-18	669271	20:40:00	Pedestrian	1	NA	FALSE	FALSE	1	STAR ST	North Main Street	2017-12-18	One-Way Trafficway	Wet	Dark - Lighted	Clear	Not a Collision Between Two Motor Vehicles in Transport	No	Stop Signs	2	1	Pain Reported	NA	41.83195	-71.41052	FALSE	FALSE	Star Street and North Main Street, Providence, RI, USA	FALSE	-71.5479058	41.7335481	route	geometric_center	n main st, rhode island, usa	Star Street & North Main Street, Providence, RI, USA	EjRTdGFyIFN0cmVldCAmIE5vcnRoIE1haW4gU3RyZWV0LCBQcm92aWRlbmNlLCBSSSwgVVNBImYiZAoUChIJ0ysWbRlF5IkR2aJxrDBWyywSFAoSCdMrFm0ZReSJEdmicawwVsssGhQKEgkfgb4WGUXkiRHRU6iafALwehoUChIJ-fpBPd5E5IkRX9etvg1cIz8iCg2gDO8YFSCZb9U	41.831952	-71.4106592	41.831952	-71.4106592	Med	11.54803737	Raw	NA	NA	NA	NA	FALSE	41.83195	-71.41052	2017	December
1439	2017-12-19	669669	17:20:00	Pedestrian	1	NA	FALSE	FALSE	1	711 Broad Street	PUBLIC ST	2017-12-19	Two-Way , Not Divided	Dry	Dark - Lighted	Clear	Not a Collision Between Two Motor Vehicles in Transport	No	No Controls	2	1	Pain Reported	NA	41.80448	-71.41937	TRUE	FALSE	711 Broad Street, Providence, RI, USA	FALSE	-71.4198683	41.8046069	premise	rooftop	711 broad st, providence, ri 02907, usa	NA	NA	NA	NA	41.8046069	-71.4198683	High	43.69549041	Raw	NA	NA	NA	NA	FALSE	41.80448	-71.41937	2017	December
1438	2017-12-21	670891	16:57:00	Bicycle	NA	1	FALSE	FALSE	1	HARRIS AVE	ATWELLS AVE	2017-12-21	Two-Way, Divided, Positive Median Barrier	Dry	Dark - Lighted	Clear	Not a Collision Between Two Motor Vehicles in Transport	No	Traffic Control Signal	3	1	Non-Incapacitating	2	41.82451	-71.43532	FALSE	FALSE	Harris Ave and Atwells Ave, Providence, RI, USA	FALSE	-71.4354014	41.8244572	intersection	geometric_center	atwells ave & harris ave, providence, ri 02909, usa	NA	NA	NA	NA	41.8244572	-71.4354014	Med High	8.952260885	Raw	NA	NA	NA	NA	FALSE	41.82451	-71.43532	2017	December
1437	2017-12-27	673142	19:01:00	Pedestrian	1	NA	FALSE	FALSE	1	KENNEDY PLZ	ARCADE ST	2017-12-27	Two-Way, Divided, Unprotected (painted>4feet) Medium	Dry	Dark - Lighted	Clear	Not a Collision Between Two Motor Vehicles in Transport	Yes	Pavement Markings	1	1	Non-Incapacitating	2	41.82481	-71.41146	FALSE	FALSE	Kennedy Plz and Arcade Street, Providence, RI, USA	FALSE	-71.4116574	41.8246057	intersection	geometric_center	kennedy plaza & arcade st, providence, ri 02903, usa	NA	NA	NA	NA	41.8246057	-71.4116574	Med High	28.02443843	Raw	NA	NA	NA	NA	FALSE	41.82481	-71.41146	2017	December
1436	2018-01-02	675267	16:59:00	Pedestrian	2	NA	FALSE	FALSE	1	HARRIS AVE	PROVIDENCE PLACE	2018-01-02	One-Way Trafficway	Snow	Dark - Lighted	Clear	Not a Collision Between Two Motor Vehicles in Transport	No	No Controls	3	2	Pain Reported	1	41.82779	-71.41904	FALSE	FALSE	Harris Ave and Providence Place, Providence, RI, USA	FALSE	-71.4190148	41.827801	intersection	geometric_center	providence pl & harris ave, providence, ri 02903, usa	NA	NA	NA	NA	41.827801	-71.4190148	Med High	2.422593078	Raw	NA	NA	NA	NA	FALSE	41.82779	-71.41904	2018	January
1434	2018-01-03	675451	08:24:00	Pedestrian	1	NA	FALSE	FALSE	1	CROMWELL ST	BUCKLIN ST	2018-01-03	Two-Way, Divided, Unprotected (painted>4feet) Medium	Dry	Daylight	Clear	Other	No	Stop Signs	3	0	No Injury	NA	41.80878	-71.42463	FALSE	FALSE	Cromwell Street and Bucklin Street, Providence, RI, USA	FALSE	-71.4280139	41.8090645	intersection	geometric_center	bucklin st & cromwell st, providence, ri 02907, usa	NA	NA	NA	NA	41.8090645	-71.4280139	Med High	282.5577455	Geocoded	distance greater than 100m	NA	NA	NA	TRUE	41.8090645	-71.4280139	2018	January
1435	2018-01-03	675559	14:31:00	Pedestrian	1	NA	FALSE	FALSE	1	48 BRIDGHAM ST	NA	2018-01-03	Two-Way , Not Divided	Dry	Daylight	Clear	Not a Collision Between Two Motor Vehicles in Transport	Yes	No Controls	1	1	Pain Reported	NA	41.81274	-71.42542	TRUE	TRUE	48 Bridgham Street, Providence, RI, USA	FALSE	-71.4250468	41.8125709	premise	rooftop	48 bridgham st, providence, ri 02907, usa	NA	NA	NA	NA	41.8125709	-71.4250468	High	36.23717978	Raw	NA	NA	NA	NA	FALSE	41.81274	-71.42542	2018	January
1433	2018-01-05	676180	12:14:00	Pedestrian	1	NA	FALSE	FALSE	1	HARTFORD AVE	BOWLETT ST	2018-01-05	Two-Way , Not Divided	Dry	Daylight	Clear	Not a Collision Between Two Motor Vehicles in Transport	No	No Controls	3	1	Pain Reported	NA	41.81911	-71.46252	FALSE	FALSE	Hartford Ave and Bowlett Street, Providence, RI, USA	FALSE	-71.4622443	41.8191049	intersection	geometric_center	bowlett st & hartford ave, providence, ri 02909, usa	NA	NA	NA	NA	41.8191049	-71.4622443	Med High	22.87946424	Raw	NA	NA	NA	NA	FALSE	41.81911	-71.46252	2018	January
1431	2018-01-08	678070	11:45:00	Pedestrian	1	NA	FALSE	FALSE	1	EXCHANGE TER	EXCHANGE ST	2018-01-08	Two-Way , Not Divided	Wet	Daylight	Clear	Other	No	No Controls	3	1	Pain Reported	NA	41.82581	-71.41246	FALSE	FALSE	Exchange Ter and Exchange Street, Providence, RI, USA	FALSE	-71.4148047	41.8250247	intersection	geometric_center	exchange terrace & w exchange st, providence, ri 02903, usa	NA	NA	NA	NA	41.8250247	-71.4148047	Med High	213.2425946	Raw	distance greater than 100m	NA	NA	NA	TRUE	41.82581	-71.41246	2018	January
1432	2018-01-08	678239	17:13:00	Pedestrian	1	NA	FALSE	FALSE	1	Bridgham Street	WESTMINSTER ST	2018-01-08	Two-Way, Divided, Unprotected (painted>4feet) Medium	Wet	Daylight	Clear	Not a Collision Between Two Motor Vehicles in Transport	Yes	Stop Signs	1	1	Pain Reported	NA	41.81693	-71.42849	FALSE	FALSE	Bridgham Street and Westminster Street, Providence, RI, USA	FALSE	-71.4284038	41.8169384	intersection	geometric_center	bridgham st & westminster st, providence, ri 02909, usa	NA	NA	NA	NA	41.8169384	-71.4284038	Med High	7.21237692	Raw	NA	NA	NA	NA	FALSE	41.81693	-71.42849	2018	January
1429	2018-01-11	680330	17:23:00	Pedestrian	1	NA	FALSE	FALSE	1	WESTMINSTER ST	DEXTER ST	2018-01-11	Two-Way , Not Divided	Wet	Dark - Lighted	Clear	Not a Collision Between Two Motor Vehicles in Transport	Yes	No Controls	3	1	Incapacitating	NA	41.81659	-71.43134	FALSE	FALSE	Westminster Street and Dexter Street, Providence, RI, USA	FALSE	-71.4313462	41.8166033	intersection	geometric_center	dexter st & westminster st, providence, ri 02909, usa	NA	NA	NA	NA	41.8166033	-71.4313462	Med High	1.567358535	Raw	NA	NA	NA	NA	FALSE	41.81659	-71.43134	2018	January
1430	2018-01-11	680386	16:33:00	Pedestrian	1	NA	FALSE	FALSE	1	67 glenbridge ave	RICHLAND ST	2018-01-11	Two-Way , Not Divided	Wet	Dark - Lighted	Clear	Not a Collision Between Two Motor Vehicles in Transport	No	No Controls	4	1	Pain Reported	NA	41.824	-71.45978	TRUE	FALSE	67 Glenbridge Ave, Providence, RI, USA	FALSE	-71.460107	41.8240946	premise	rooftop	67 glenbridge ave, providence, ri 02909, usa	NA	NA	NA	NA	41.8240946	-71.460107	High	29.09864442	Raw	NA	NA	NA	NA	FALSE	41.824	-71.45978	2018	January
1427	2018-01-12	680963	18:34:00	Pedestrian	1	NA	FALSE	FALSE	1	POTTERS AVE	CRANSTON ST	2018-01-12	Two-Way , Not Divided	Wet	Dark - Lighted	Rain	Not a Collision Between Two Motor Vehicles in Transport	Yes	No Controls	1	1	Pain Reported	2	41.80496	-71.43755	FALSE	FALSE	Potters Ave and Cranston Street, Providence, RI, USA	FALSE	-71.4377905	41.8050672	intersection	geometric_center	potters ave & cranston st, providence, ri 02909, usa	NA	NA	NA	NA	41.8050672	-71.4377905	Med High	23.25235563	Raw	NA	NA	NA	NA	FALSE	41.80496	-71.43755	2018	January
1428	2018-01-12	681016	18:57:00	Pedestrian	1	NA	FALSE	FALSE	1	BROAD ST	BROAD ST	2018-01-12	Two-Way, Divided, Unprotected (painted>4feet) Medium	Wet	Dark - Lighted	Rain	Not a Collision Between Two Motor Vehicles in Transport	No	No Controls	2	1	Non-Incapacitating	NA	41.81348	-71.42158	FALSE	FALSE	Broad Street and Broad Street, Providence, RI, USA	FALSE	-71.4101636	41.7945838	route	geometric_center	broad st, providence, ri, usa	NA	NA	NA	NA	41.7945838	-71.4101636	Med	2306.996629	Raw	distance greater than 100m	NA	NA	NA	TRUE	41.81348	-71.42158	2018	January
1426	2018-01-13	681247	13:06:00	Pedestrian	1	NA	FALSE	FALSE	1	TERRACE AVE	WALLACE ST	2018-01-13	Two-Way , Not Divided	Dry	Daylight	Clear	Not a Collision Between Two Motor Vehicles in Transport	No	Stop Signs	3	1	Pain Reported	NA	41.80845	-71.45217	FALSE	FALSE	Terrace Ave and Wallace Street, Providence, RI, USA	FALSE	-71.4521467	41.8084634	intersection	geometric_center	wallace st & terrace ave, providence, ri 02909, usa	NA	NA	NA	NA	41.8084634	-71.4521467	Med High	2.441891554	Raw	NA	NA	NA	NA	FALSE	41.80845	-71.45217	2018	January
1425	2018-01-14	681838	11:44:00	Pedestrian	1	NA	FALSE	FALSE	1	WESTMINSTER ST	EMPIRE ST	2018-01-14	Two-Way , Not Divided	Dry	Daylight	Clear	Not a Collision Between Two Motor Vehicles in Transport	No	Traffic Control Signal	2	1	Pain Reported	NA	41.82097	-71.41532	FALSE	FALSE	Westminster Street and Empire Street, Providence, RI, USA	FALSE	-71.4153246	41.8209888	intersection	geometric_center	empire st & westminster st, providence, ri 02903, usa	NA	NA	NA	NA	41.8209888	-71.4153246	Med High	2.127314131	Raw	NA	NA	NA	NA	FALSE	41.82097	-71.41532	2018	January
1424	2018-01-18	683327	17:57:00	Pedestrian	1	NA	FALSE	FALSE	1	manton ave	pelham st	2018-01-18	Two-Way , Not Divided	Dry	Dark - Lighted	Cloudy	Not a Collision Between Two Motor Vehicles in Transport	No	No Controls	2	1	Incapacitating	NA	41.8209	-71.44776	FALSE	FALSE	Manton Ave and Pelham Street, Providence, RI, USA	FALSE	-71.4477932	41.8209354	intersection	geometric_center	pelham st & manton ave, providence, ri 02909, usa	NA	NA	NA	NA	41.8209354	-71.4477932	Med High	4.807807283	Raw	NA	NA	NA	NA	FALSE	41.8209	-71.44776	2018	January
1423	2018-01-21	684438	17:59:00	Pedestrian	1	NA	FALSE	FALSE	1	POCASSET AVE	MAGNOLIA ST	2018-01-21	Two-Way , Not Divided	Dry	Dark - Lighted	Clear	Not a Collision Between Two Motor Vehicles in Transport	No	No Controls	5	0	No Injury	NA	41.81191	-71.44996	FALSE	FALSE	Pocasset Ave and Magnolia Street, Providence, RI, USA	FALSE	-71.4499342	41.8119098	intersection	geometric_center	pocasset ave & magnolia st, providence, ri 02909, usa	NA	NA	NA	NA	41.8119098	-71.4499342	Med High	2.140756832	Raw	NA	NA	NA	NA	FALSE	41.81191	-71.44996	2018	January
1422	2018-01-23	685030	08:36:00	Pedestrian	1	NA	FALSE	FALSE	1	ROANOKE ST	MOUNT PLEASANT AVE	2018-01-23	Two-Way, Divided, Unprotected (painted>4feet) Medium	Wet	Daylight	Sleet, Hail (Freezing Rain or Drizzle)	Not a Collision Between Two Motor Vehicles in Transport	No	No Controls	2	1	Pain Reported	NA	41.83124	-71.44948	FALSE	FALSE	Roanoke Street and Mount Pleasant Ave, Providence, RI, USA	FALSE	-71.449534	41.8312604	intersection	geometric_center	mt pleasant ave & roanoke st, providence, ri 02908, usa	NA	NA	NA	NA	41.8312604	-71.449534	Med High	5.021855396	Raw	NA	NA	NA	NA	FALSE	41.83124	-71.44948	2018	January
1421	2018-01-25	686787	19:30:00	Bicycle	NA	1	FALSE	FALSE	1	MEETING ST	BROWN ST	2018-01-26	Two-Way , Not Divided	Dry	Dark - Lighted	Clear	Not a Collision Between Two Motor Vehicles in Transport	No	No Controls	2	0	No Injury	NA	41.82898	-71.40341	FALSE	FALSE	Meeting Street and Brown Street, Providence, RI, USA	FALSE	-71.4033642	41.8289833	intersection	geometric_center	brown st & meeting st, providence, ri 02906, usa	NA	NA	NA	NA	41.8289833	-71.4033642	Med High	3.816759417	Raw	NA	NA	NA	NA	FALSE	41.82898	-71.40341	2018	January
1420	2018-01-26	687173	17:22:00	Pedestrian	1	NA	FALSE	FALSE	1	S MAIN ST	TRANSIT ST	2018-01-26	Two-Way , Not Divided	Dry	Daylight	Clear	Not a Collision Between Two Motor Vehicles in Transport	No	Stop Signs	4	1	Pain Reported	NA	41.82011	-71.40298	FALSE	FALSE	S Main Street and Transit Street, Providence, RI, USA	FALSE	-71.4030142	41.8201474	intersection	geometric_center	transit st & s main st, providence, ri 02903, usa	NA	NA	NA	NA	41.8201474	-71.4030142	Med High	5.038188931	Raw	NA	NA	NA	NA	FALSE	41.82011	-71.40298	2018	January
1419	2018-01-28	687837	18:30:00	Pedestrian	1	NA	FALSE	FALSE	1	HARTFORD AVE	MANTON AVE	2018-01-28	One-Way Trafficway	Wet	Dark - Lighted	Clear	Not a Collision Between Two Motor Vehicles in Transport	Yes	Traffic Control Signal	3	1	Pain Reported	NA	41.81685	-71.44356	FALSE	FALSE	Hartford Ave and Manton Ave, Providence, RI, USA	FALSE	-71.4570108	41.8257711	route	geometric_center	manton ave, providence, ri 02909, usa	NA	NA	NA	NA	41.8257711	-71.4570108	Med	1493.776757	Raw	distance greater than 100m	NA	NA	NA	TRUE	41.81685	-71.44356	2018	January
1418	2018-01-29	688324	17:54:00	Pedestrian	1	NA	FALSE	FALSE	1	Brook St	Manning Walk	2018-01-29	Two-Way , Not Divided	Dry	Dark - Lighted	Cloudy	Not a Collision Between Two Motor Vehicles in Transport	No	Warning Signs	4	1	Incapacitating	2	41.82653	-71.39919	FALSE	FALSE	Brook Street and Manning Walk, Providence, RI, USA	FALSE	-71.3991749	41.8265615	intersection	geometric_center	brook st & manning walk, providence, ri 02906, usa	NA	NA	NA	NA	41.8265615	-71.3991749	Med High	3.723562968	Raw	NA	NA	NA	NA	FALSE	41.82653	-71.39919	2018	January
1417	2018-02-01	690041	20:45:00	Bicycle	NA	1	FALSE	FALSE	1	WASHINGTON ST	GREENE ST	2018-02-01	Two-Way, Divided, Unprotected (painted>4feet) Medium	Dry	Dark - Lighted	Clear	Not a Collision Between Two Motor Vehicles in Transport	Yes	Traffic Control Signal	1	1	Non-Incapacitating	2	41.82126	-71.4172	FALSE	FALSE	Washington Street and Greene Street, Providence, RI, USA	FALSE	-71.4168727	41.8210088	route	geometric_center	greene st, providence, ri 02903, usa	Washington Street & Greene Street, Providence, RI, USA	EjZXYXNoaW5ndG9uIFN0cmVldCAmIEdyZWVuZSBTdHJlZXQsIFByb3ZpZGVuY2UsIFJJLCBVU0EiZiJkChQKEgm34he7EkXkiRGsc_jDIc_nwRIUChIJt-IXuxJF5IkRrHP4wyHP58EaFAoSCanazZwSReSJERoH0JajEjT2GhQKEgn9APC2EkXkiRFL2JV2CXi6tSIKDatr7RgVkphu1Q	41.8212779	-71.417227	41.8212779	-71.417227	Med	2.997930172	Raw	NA	NA	NA	NA	FALSE	41.82126	-71.4172	2018	February
1416	2018-02-05	691126	09:51:00	Pedestrian	1	NA	FALSE	FALSE	1	DORRANCE ST	FULTON ST	2018-02-05	Two-Way , Not Divided	Wet	Daylight	Clear	Not a Collision Between Two Motor Vehicles in Transport	Yes	Traffic Control Signal	1	1	Pain Reported	2	41.82411	-71.41234	FALSE	FALSE	Dorrance Street and Fulton Street, Providence, RI, USA	FALSE	-71.4123699	41.8241644	intersection	geometric_center	fulton st & dorrance st, providence, ri 02903, usa	NA	NA	NA	NA	41.8241644	-71.4123699	Med High	6.544050386	Raw	NA	NA	NA	NA	FALSE	41.82411	-71.41234	2018	February
1415	2018-02-06	691958	17:33:00	Pedestrian	1	NA	FALSE	FALSE	1	HOPE ST	5TH ST	2018-02-06	Two-Way, Divided, Unprotected (painted>4feet) Medium	Dry	Dark - Lighted	Clear	Not a Collision Between Two Motor Vehicles in Transport	No	Pavement Markings	3	1	Non-Incapacitating	2	41.84993	-71.39458	FALSE	FALSE	Hope Street and 5th Street, Providence, RI, USA	FALSE	-71.3945685	41.8499382	intersection	geometric_center	hope st & 5th st, providence, ri 02906, usa	NA	NA	NA	NA	41.8499382	-71.3945685	Med High	1.320069557	Raw	NA	NA	NA	NA	FALSE	41.84993	-71.39458	2018	February
1414	2018-02-07	692247	20:53:00	Pedestrian	1	NA	FALSE	FALSE	1	Admiral Street	BERKSHIRE ST	2018-02-08	Two-Way, Divided, Unprotected (painted>4feet) Medium	Wet	Dark - Lighted	Rain	Not a Collision Between Two Motor Vehicles in Transport	No	Stop Signs	2	1	Pain Reported	NA	41.84417	-71.4237	FALSE	FALSE	Admiral Street and Berkshire Street, Providence, RI, USA	FALSE	-71.4236963	41.8441893	intersection	geometric_center	berkshire st & admiral st, providence, ri 02908, usa	NA	NA	NA	NA	41.8441893	-71.4236963	Med High	2.170266228	Raw	NA	NA	NA	NA	FALSE	41.84417	-71.4237	2018	February
1412	2018-02-09	692603	08:34:00	Pedestrian	1	NA	FALSE	FALSE	1	EXCHANGE ST	EXCHANGE TER	2018-02-09	Two-Way , Not Divided	Dry	Daylight	Clear	Not a Collision Between Two Motor Vehicles in Transport	No	Pavement Markings	2	1	Pain Reported	NA	41.82621	-71.41169	FALSE	FALSE	Exchange Street and Exchange Ter, Providence, RI, USA	FALSE	-71.4116132	41.8261317	intersection	geometric_center	exchange terrace & exchange st, providence, ri 02903, usa	NA	NA	NA	NA	41.8261317	-71.4116132	Med High	10.79630794	Raw	NA	NA	NA	NA	FALSE	41.82621	-71.41169	2018	February
1413	2018-02-09	692872	19:18:00	Pedestrian	1	NA	FALSE	FALSE	1	150 Eaton Street	HUXLEY AVE	2018-02-09	Two-Way, Divided, Unprotected (painted>4feet) Medium	Dry	Dark - Lighted	Clear	Not a Collision Between Two Motor Vehicles in Transport	Yes	No Controls	2	1	Pain Reported	NA	41.84143	-71.43306	TRUE	FALSE	150 Eaton Street, Providence, RI, USA	FALSE	-71.433104	41.8412821	premise	rooftop	150 eaton st, providence, ri 02908, usa	NA	NA	NA	NA	41.8412821	-71.433104	High	16.86368055	Raw	NA	NA	NA	NA	FALSE	41.84143	-71.43306	2018	February