row_number	crash_date	crash_report_id	crash_time	collision_type	count_pedestrian	count_bicycle	scooter	wheel_chair	number_of_vehicles	street_or_highway	nearest_intersection	report_date	type_of_roadway	road_surface_condition	light_condition	weather_condition	manner_of_impact	hit_and_run	traffic_control	person_count	injury_count	most_serious_injury	number_of_lanes	lat_raw	lon_raw	has_st_number	is_intersection_null	address_sent_to_geocoder	is_address_blank	lon_api_first_try	lat_api_first_try	type	loctype	address_returned_by_geocoder	address_returned_by_autocomplete	place_ids_autocompleted	lat_api_second_try	lon_api_second_try	lat_api_best	lon_api_best	api_coord_conf	distance_btwn_coords_meters	best_coordinate_set	reason_for_qa	correct_coordinates	corrected_lat	corrected_lon	manually_qaed_record	final_lat	final_lon	year	month
1411	2018-02-11	693419	02:06:00	Pedestrian	1	NA	FALSE	FALSE	1	Fountain Street	EMPIRE ST	2018-02-11	One-Way Trafficway	Wet	Dark - Lighted	Rain	Not a Collision Between Two Motor Vehicles in Transport	Yes	Traffic Control Signal	1	1	Pain Reported	NA	41.82237	-71.41709	FALSE	FALSE	Fountain Street and Empire Street, Providence, RI, USA	FALSE	-71.4171267	41.8223687	intersection	geometric_center	fountain st & empire st, providence, ri 02903, usa	NA	NA	NA	NA	41.8223687	-71.4171267	Med High	3.0479605849999998	Raw	NA	NA	NA	NA	FALSE	41.82237	-71.41709	2018	February
1410	2018-02-13	694544	15:50:00	Pedestrian	1	NA	FALSE	FALSE	1	BLACKSTONE BLVD	ROCHAMBEAU AVE	2018-02-13	Two-Way , Not Divided	Dry	Daylight	Clear	Not a Collision Between Two Motor Vehicles in Transport	No	No Controls	5	1	Pain Reported	NA	41.84554	-71.38722	FALSE	FALSE	Blackstone Blvd and Rochambeau Ave, Providence, RI, USA	FALSE	-71.3867339	41.8455643	intersection	geometric_center	blackstone blvd & rochambeau ave, providence, ri 02906, usa	NA	NA	NA	NA	41.8455643	-71.3867339	Med High	40.40147093	Raw	NA	NA	NA	NA	FALSE	41.84554	-71.38722	2018	February
1407	2018-02-16	695805	12:34:00	Bicycle	NA	1	FALSE	FALSE	1	ADMIRAL ST	DOUGLAS AVE	2018-02-16	Two-Way , Not Divided	Dry	Daylight	Cloudy	Not a Collision Between Two Motor Vehicles in Transport	No	No Controls	4	1	Pain Reported	NA	41.84607	-71.42907	FALSE	FALSE	Admiral Street and Douglas Ave, Providence, RI, USA	FALSE	-71.4289636	41.8460618	intersection	geometric_center	admiral st & douglas ave, providence, ri 02908, usa	NA	NA	NA	NA	41.8460618	-71.4289636	Med High	8.870453305	Raw	NA	NA	NA	NA	FALSE	41.84607	-71.42907	2018	February
1408	2018-02-16	695811	13:33:00	Pedestrian	1	NA	FALSE	FALSE	1	877 Chalkstone Ave	LISBON ST	2018-02-16	Two-Way , Not Divided	Dry	Daylight	Clear	Not a Collision Between Two Motor Vehicles in Transport	No	No Controls	4	1	Pain Reported	2	41.83331	-71.43655	TRUE	FALSE	877 Chalkstone Ave, Providence, RI, USA	FALSE	-71.4365922	41.8335361	premise	rooftop	877 chalkstone ave, providence, ri 02908, usa	NA	NA	NA	NA	41.8335361	-71.4365922	High	25.41154847	Raw	NA	NA	NA	NA	FALSE	41.83331	-71.43655	2018	February
1409	2018-02-16	696187	18:46:00	Bicycle	NA	1	FALSE	FALSE	1	EMPIRE ST	BROADWAY	2018-02-16	Two-Way , Not Divided	Dry	Dark - Lighted	Clear	Not a Collision Between Two Motor Vehicles in Transport	No	Traffic Control Signal	2	0	No Injury	NA	41.82272	-71.41751	FALSE	FALSE	Empire Street and Broadway, Providence, RI, USA	FALSE	-71.4177642	41.822755	intersection	geometric_center	empire st & broadway, providence, ri 02903, usa	NA	NA	NA	NA	41.822755	-71.4177642	Med High	21.44446986	Raw	NA	NA	NA	NA	FALSE	41.82272	-71.41751	2018	February
1405	2018-02-17	696306	15:38:00	Pedestrian	1	NA	FALSE	FALSE	1	Cranston Street	DEXTER ST	2018-02-17	Two-Way, Divided, Unprotected (painted>4feet) Medium	Dry	Daylight	Clear	Not a Collision Between Two Motor Vehicles in Transport	Yes	No Controls	1	1	Pain Reported	NA	41.8126	-71.42959	FALSE	FALSE	Cranston Street and Dexter Street, Providence, RI, USA	FALSE	-71.429588	41.8126029	intersection	geometric_center	cranston st & dexter st, providence, ri 02907, usa	NA	NA	NA	NA	41.8126029	-71.429588	Med High	0.36297774	Raw	NA	NA	NA	NA	FALSE	41.8126	-71.42959	2018	February
1406	2018-02-17	696381	19:14:00	Pedestrian	1	NA	FALSE	FALSE	1	BORDEN ST	PLAIN ST	2018-02-17	Two-Way , Not Divided	Snow	Dark - Lighted	Snow	Not a Collision Between Two Motor Vehicles in Transport	No	No Controls	2	1	Pain Reported	NA	41.81332	-71.41151	FALSE	FALSE	Borden Street and Plain Street, Providence, RI, USA	FALSE	-71.4122769	41.8132938	intersection	geometric_center	borden st & plain st, providence, ri 02903, usa	NA	NA	NA	NA	41.8132938	-71.4122769	Med High	63.69556158	Raw	NA	NA	NA	NA	FALSE	41.81332	-71.41151	2018	February
1404	2018-02-20	697438	18:08:00	Pedestrian	3	NA	FALSE	FALSE	1	VIRGINIA LN	FERNANDO ST	2018-02-20	Two-Way , Not Divided	Dry	Dark - Lighted	Clear	Not a Collision Between Two Motor Vehicles in Transport	Yes	No Controls	3	1	Pain Reported	NA	41.84767	-71.43076	FALSE	FALSE	Virginia Ln and Fernando Street, Providence, RI, USA	FALSE	-71.4302491	41.8480136	intersection	geometric_center	virginia ln & fernando st, providence, ri 02908, usa	NA	NA	NA	NA	41.8480136	-71.4302491	Med High	57.07786774	Raw	NA	NA	NA	NA	FALSE	41.84767	-71.43076	2018	February
1403	2018-02-21	697810	18:03:00	Pedestrian	1	NA	FALSE	FALSE	1	BROADWAY	HARRIS AVE	2018-02-21	Two-Way, Divided, Unprotected (painted>4feet) Medium	Dry	Dark - Lighted	Clear	Other	No	Stop Signs	4	1	Pain Reported	NA	41.81705	-71.44029	FALSE	FALSE	Broadway and Harris Ave, Providence, RI, USA	FALSE	-71.4312409	41.825502	route	geometric_center	harris ave, providence, ri, usa	Broadway & Harris Ave, Providence, RI, USA	EipCcm9hZHdheSAmIEhhcnJpcyBBdmUsIFByb3ZpZGVuY2UsIFJJLCBVU0EiZiJkChQKEgkLmF_1mkXkiRHm61hV9ZuL8RIUChIJC5hf9ZpF5IkR5utYVfWbi_EaFAoSCaW15YZ1ReSJERrCM7HXpG-zGhQKEglzHMMQmUXkiRHVQp50Ku4GJCIKDTbI7BgVHRZr1Q	41.8170934	-71.4402275	41.8170934	-71.4402275	Med	7.087163121	Raw	NA	NA	NA	NA	FALSE	41.81705	-71.44029	2018	February
1402	2018-02-22	698399	19:51:00	Pedestrian	1	NA	FALSE	FALSE	1	CHARLES ST	CHARLES ST	2018-02-22	Two-Way , Not Divided	Dry	Dark - Lighted	Clear	Not a Collision Between Two Motor Vehicles in Transport	No	No Controls	3	1	Pain Reported	NA	41.85245	-71.42032	FALSE	FALSE	Charles Street and Charles Street, Providence, RI, USA	FALSE	-71.419539	41.8474982	route	geometric_center	charles st, providence, ri, usa	NA	NA	NA	NA	41.8474982	-71.419539	Med	555.0230715	Raw	distance greater than 100m	NA	NA	NA	TRUE	41.85245	-71.42032	2018	February
1400	2018-02-23	698978	18:00:00	Pedestrian	1	NA	FALSE	FALSE	1	SMITHFIELD AVE	SMITHFIELD AVE	2018-02-23	Two-Way, Divided, Unprotected (painted>4feet) Medium	Wet	Dark - Lighted	Rain	Not a Collision Between Two Motor Vehicles in Transport	No	No Controls	6	1	Fatal	2	41.85868	-71.41096	FALSE	FALSE	Smithfield Ave and Smithfield Ave, Providence, RI, USA	FALSE	-71.4524031	41.8563993	intersection	geometric_center	smithfield rd & smithfield ave, north providence, ri 02904, usa	NA	NA	NA	NA	41.8563993	-71.4524031	Med High	3445.474386	Raw	distance greater than 100m	NA	NA	NA	TRUE	41.85868	-71.41096	2018	February
1401	2018-02-23	699129	11:00:00	Bicycle	NA	1	FALSE	FALSE	1	ACADEMY AVE	ATWELLS AVE	2018-02-24	Two-Way , Not Divided	Wet	Daylight	Rain	Angle (Front - to - Side) Right Angle (Includes Broadside)	No	Traffic Control Signal	2	0	No Injury	NA	41.82479	-71.4434	FALSE	FALSE	Academy Ave and Atwells Ave, Providence, RI, USA	FALSE	-71.4435191	41.8247997	intersection	geometric_center	atwells ave & academy ave, providence, ri 02909, usa	NA	NA	NA	NA	41.8247997	-71.4435191	Med High	9.938640841	Raw	NA	NA	NA	NA	FALSE	41.82479	-71.4434	2018	February
1396	2018-02-24	699498	17:31:00	Pedestrian	1	NA	FALSE	FALSE	1	1297 BROAD ST	NA	2018-02-24	Two-Way , Not Divided	Wet	Dark - Lighted	Rain	Not a Collision Between Two Motor Vehicles in Transport	No	No Controls	4	1	Pain Reported	NA	41.79108	-71.40593	TRUE	TRUE	1297 Broad Street, Providence, RI, USA	FALSE	-71.4063848	41.7913126	premise	rooftop	1297 broad st, providence, ri 02905, usa	NA	NA	NA	NA	41.7913126	-71.4063848	High	45.77439999	Raw	NA	NA	NA	NA	FALSE	41.79108	-71.40593	2018	February
1397	2018-02-24	699513	17:48:00	Pedestrian	1	NA	FALSE	FALSE	1	LINWOOD AVE	CRANSTON ST	2018-02-24	Two-Way , Not Divided	Wet	Dark - Lighted	Rain	Not a Collision Between Two Motor Vehicles in Transport	No	Traffic Control Signal	2	1	Pain Reported	NA	41.80708	-71.43585	FALSE	FALSE	Linwood Ave and Cranston Street, Providence, RI, USA	FALSE	-71.4356998	41.8070369	intersection	geometric_center	cranston st & linwood ave, providence, ri 02909, usa	NA	NA	NA	NA	41.8070369	-71.4356998	Med High	13.354739	Raw	NA	NA	NA	NA	FALSE	41.80708	-71.43585	2018	February
1398	2018-02-24	699654	15:38:00	Bicycle	NA	1	FALSE	FALSE	1	MANTON AVE	HYAT ST	2018-02-24	Two-Way, Divided, Unprotected (painted>4feet) Medium	Dry	Daylight	Rain	Not a Collision Between Two Motor Vehicles in Transport	Yes	Pavement Markings	1	0	No Injury	2	41.82139	-71.44843	FALSE	FALSE	Manton Ave and Hyat Street, Providence, RI, USA	FALSE	-71.4484028	41.8214046	intersection	geometric_center	hyat st & manton ave, providence, ri 02909, usa	NA	NA	NA	NA	41.8214046	-71.4484028	Med High	2.780849121	Raw	NA	NA	NA	NA	FALSE	41.82139	-71.44843	2018	February
1399	2018-02-24	704133	17:42:00	Pedestrian	1	NA	FALSE	FALSE	1	DOUGLAS AVENUE	EATON STREET	2018-03-07	Two-Way , Not Divided	Dry	Dark - Lighted	Clear	Other	Yes	Traffic Control Signal	1	0	Unknown	NA	41.83457	-71.41644	FALSE	FALSE	Douglas Avenue and Eaton Street, Providence, RI, USA	FALSE	-71.4273088	41.8410051	intersection	geometric_center	eaton st & douglas ave, providence, ri 02908, usa	NA	NA	NA	NA	41.8410051	-71.4273088	Med High	1151.403312	Geocoded	distance greater than 100m	NA	NA	NA	TRUE	41.8410051	-71.4273088	2018	February
1394	2018-02-25	699965	02:48:00	Pedestrian	1	NA	FALSE	FALSE	1	BROAD ST	BROAD ST	2018-02-25	Two-Way , Not Divided	Dry	Dark - Lighted	Clear	Head-On (Front - to - Front)	Yes	No Controls	4	1	Pain Reported	NA	41.79215	-71.40714	FALSE	FALSE	Broad Street and Broad Street, Providence, RI, USA	FALSE	-71.4101636	41.7945838	route	geometric_center	broad st, providence, ri, usa	NA	NA	NA	NA	41.7945838	-71.4101636	Med	369.2896541	Raw	distance greater than 100m	NA	NA	NA	TRUE	41.79215	-71.40714	2018	February
1395	2018-02-25	700132	16:14:00	Pedestrian	1	NA	FALSE	FALSE	1	CHALKSTONE AVE	BERLIN ST	2018-02-25	Two-Way , Not Divided	Wet	Daylight	Rain	Not a Collision Between Two Motor Vehicles in Transport	Yes	No Controls	1	1	Pain Reported	2	41.83227	-71.44158	FALSE	FALSE	Chalkstone Ave and Berlin Street, Providence, RI, USA	FALSE	-71.4417437	41.8322912	intersection	geometric_center	berlin st & chalkstone ave, providence, ri 02908, usa	NA	NA	NA	NA	41.8322912	-71.4417437	Med High	13.78153064	Raw	NA	NA	NA	NA	FALSE	41.83227	-71.44158	2018	February
1393	2018-02-27	700739	14:20:00	Pedestrian	1	NA	FALSE	FALSE	1	DORRANCE ST	WESTMINSTER ST	2018-02-27	Two-Way , Not Divided	Dry	Daylight	Clear	Not a Collision Between Two Motor Vehicles in Transport	No	Traffic Control Signal	2	1	Pain Reported	NA	41.8236	-71.41165	FALSE	FALSE	Dorrance Street and Westminster Street, Providence, RI, USA	FALSE	-71.4116693	41.8236083	intersection	geometric_center	westminster st & dorrance st, providence, ri 02903, usa	NA	NA	NA	NA	41.8236083	-71.4116693	Med High	1.848517131	Raw	NA	NA	NA	NA	FALSE	41.8236	-71.41165	2018	February
1392	2018-03-01	701370	08:05:00	Pedestrian	1	NA	FALSE	FALSE	1	BROADWAY	KNIGHT ST	2018-03-01	Two-Way , Not Divided	Dry	Daylight	Clear	Not a Collision Between Two Motor Vehicles in Transport	No	Pavement Markings	3	1	Pain Reported	NA	41.8198	-71.42936	FALSE	FALSE	Broadway and Knight Street, Providence, RI, USA	FALSE	-71.4298401	41.8202496	route	geometric_center	knight st, providence, ri, usa	Broadway & Knight Street, Providence, RI, USA	Ei1Ccm9hZHdheSAmIEtuaWdodCBTdHJlZXQsIFByb3ZpZGVuY2UsIFJJLCBVU0EiZiJkChQKEgmvZYGEdUXkiRHAVmwJ-u4XKRIUChIJr2WBhHVF5IkRwFZsCfruFykaFAoSCaW15YZ1ReSJERrCM7HXpG-zGhQKEgkPqvF6dUXkiRGsZxyELkktfCIKDcQy7RgVV79s1Q	41.8198212	-71.4293417	41.8198212	-71.4293417	Med	2.806123126	Raw	NA	NA	NA	NA	FALSE	41.8198	-71.42936	2018	March
1389	2018-03-02	702124	13:20:00	Pedestrian	1	NA	FALSE	FALSE	1	BROAD ST	BROAD ST	2018-03-02	Two-Way , Not Divided	Wet	Daylight	Rain	Not a Collision Between Two Motor Vehicles in Transport	No	No Controls	3	1	Non-Incapacitating	NA	41.79692	-71.41307	FALSE	FALSE	Broad Street and Broad Street, Providence, RI, USA	FALSE	-71.4101636	41.7945838	route	geometric_center	broad st, providence, ri, usa	NA	NA	NA	NA	41.7945838	-71.4101636	Med	354.7029467	Raw	distance greater than 100m	NA	NA	NA	TRUE	41.79692	-71.41307	2018	March
1390	2018-03-02	702183	19:07:00	Pedestrian	1	NA	FALSE	FALSE	1	BROADWAY	HARKNESS ST	2018-03-02	Two-Way , Not Divided	Wet	Dark - Lighted	Clear	Not a Collision Between Two Motor Vehicles in Transport	No	No Controls	3	1	Pain Reported	NA	41.81862	-71.43441	FALSE	FALSE	Broadway and Harkness Street, Providence, RI, USA	FALSE	-71.4342157	41.817629	route	geometric_center	harkness st, providence, ri 02909, usa	Broadway & Harkness Street, Providence, RI, USA	Ei9Ccm9hZHdheSAmIEhhcmtuZXNzIFN0cmVldCwgUHJvdmlkZW5jZSwgUkksIFVTQSJmImQKFAoSCUUJH6CeReSJEUmYqvf4kVMwEhQKEglFCR-gnkXkiRFJmKr3-JFTMBoUChIJpbXlhnVF5IkRGsIzsdekb7MaFAoSCXVuAj-cReSJEfxhqrd2fHOhIgoNZQTtGBVf-WvV	41.8186341	-71.4344097	41.8186341	-71.4344097	Med	1.569802131	Raw	NA	NA	NA	NA	FALSE	41.81862	-71.43441	2018	March
1391	2018-03-02	702324	21:16:00	Pedestrian	1	NA	FALSE	FALSE	1	Cranston St	DEXTER ST	2018-03-02	Two-Way , Not Divided	Wet	Dark - Lighted	Rain	Not a Collision Between Two Motor Vehicles in Transport	Yes	No Controls	1	1	Pain Reported	NA	41.81259	-71.42961	FALSE	FALSE	Cranston Street and Dexter Street, Providence, RI, USA	FALSE	-71.429588	41.8126029	intersection	geometric_center	cranston st & dexter st, providence, ri 02907, usa	NA	NA	NA	NA	41.8126029	-71.429588	Med High	2.322498462	Raw	NA	NA	NA	NA	FALSE	41.81259	-71.42961	2018	March
1388	2018-03-03	702484	13:09:00	Pedestrian	1	NA	FALSE	FALSE	1	Angel St	BENEFIT ST	2018-03-03	Two-Way , Not Divided	Dry	Daylight	Clear	Not a Collision Between Two Motor Vehicles in Transport	Yes	Traffic Control Signal	3	1	Pain Reported	2	41.82725	-71.40751	FALSE	FALSE	Angel Street and Benefit Street, Providence, RI, USA	FALSE	-71.4076581	41.827518	intersection	geometric_center	benefit st & angell st, providence, ri 02903, usa	NA	NA	NA	NA	41.827518	-71.4076581	Med High	32.26399994	Raw	NA	NA	NA	NA	FALSE	41.82725	-71.40751	2018	March
1386	2018-03-04	702707	02:48:00	Pedestrian	2	NA	FALSE	FALSE	1	MESSER ST	CRANSTON ST	2018-03-04	Two-Way , Not Divided	Dry	Dark - Lighted	Cloudy	Not a Collision Between Two Motor Vehicles in Transport	Yes	No Controls	2	0	No Injury	NA	41.80963	-71.43345	FALSE	FALSE	Messer Street and Cranston Street, Providence, RI, USA	FALSE	-71.4334345	41.809637	intersection	geometric_center	cranston st & messer st, providence, ri 02907, usa	NA	NA	NA	NA	41.809637	-71.4334345	Med High	1.503740757	Raw	NA	NA	NA	NA	FALSE	41.80963	-71.43345	2018	March
1387	2018-03-04	702989	19:10:00	Pedestrian	1	NA	FALSE	FALSE	1	Parade St	HOLLYWOOD RD	2018-03-04	Two-Way , Not Divided	Dry	Dark - Lighted	Clear	Not a Collision Between Two Motor Vehicles in Transport	No	Pavement Markings	4	1	Incapacitating	NA	41.81576	-71.433090000000007	FALSE	FALSE	Parade Street and Hollywood Rd, Providence, RI, USA	FALSE	-71.4330967	41.8157933	intersection	geometric_center	hollywood rd & parade st, providence, ri 02909, usa	NA	NA	NA	NA	41.8157933	-71.4330967	Med High	3.748384694	Raw	NA	NA	NA	NA	FALSE	41.81576	-71.433090000000007	2018	March
1385	2018-03-06	703644	15:50:00	Pedestrian	1	NA	FALSE	FALSE	1	REGENT AVE	HAROLD ST	2018-03-06	Two-Way , Not Divided	Dry	Daylight	Clear	Not a Collision Between Two Motor Vehicles in Transport	Yes	Stop Signs	1	1	Pain Reported	NA	41.82972	-71.4387	FALSE	FALSE	Regent Ave and Harold Street, Providence, RI, USA	FALSE	-71.4387133	41.8297388	intersection	geometric_center	harold st & regent ave, providence, ri 02908, usa	NA	NA	NA	NA	41.8297388	-71.4387133	Med High	2.365775303	Raw	NA	NA	NA	NA	FALSE	41.82972	-71.4387	2018	March
1383	2018-03-07	704051	13:21:00	Pedestrian	1	NA	FALSE	FALSE	1	NARRAGANSETT BLVD	WASHINGTON AVE	2018-03-07	Two-Way , Not Divided	Wet	Daylight	Rain	Not a Collision Between Two Motor Vehicles in Transport	No	No Controls	3	1	Pain Reported	NA	41.78823	-71.39574	FALSE	FALSE	Narragansett Blvd and Washington Ave, Providence, RI, USA	FALSE	-71.3957084	41.7881718	intersection	geometric_center	washington ave & narragansett blvd, providence, ri 02905, usa	NA	NA	NA	NA	41.7881718	-71.3957084	Med High	6.989568624	Raw	NA	NA	NA	NA	FALSE	41.78823	-71.39574	2018	March
1384	2018-03-07	704252	19:48:00	Pedestrian	1	NA	FALSE	FALSE	1	THURBERS AVE	BROAD ST	2018-03-07	Two-Way , Not Divided	Snow	Dark - Lighted	Snow	Other	No	No Controls	2	1	Pain Reported	NA	41.79822	-71.41453	FALSE	FALSE	Thurbers Ave and Broad Street, Providence, RI, USA	FALSE	-71.4146641	41.7982024	intersection	geometric_center	thurbers ave & broad st, providence, ri 02905, usa	NA	NA	NA	NA	41.7982024	-71.4146641	Med High	11.29987984	Raw	NA	NA	NA	NA	FALSE	41.79822	-71.41453	2018	March
1382	2018-03-08	704642	18:04:00	Pedestrian	1	NA	FALSE	FALSE	1	COLLEGE ST	BENEFIT ST	2018-03-08	Two-Way , Not Divided	Dry	Dusk	Cloudy	Other	Yes	Pavement Markings	4	1	Pain Reported	NA	41.826	-71.40683	FALSE	FALSE	College Street and Benefit Street, Providence, RI, USA	FALSE	-71.4068354	41.8260134	route	geometric_center	benefit st, providence, ri, usa	College Street & Benefit Street, Providence, RI, USA	EjRDb2xsZWdlIFN0cmVldCAmIEJlbmVmaXQgU3RyZWV0LCBQcm92aWRlbmNlLCBSSSwgVVNBImYiZAoUChIJT1PH0hdF5IkRsjAAs9BpeJgSFAoSCU9Tx9IXReSJEbIwALPQaXiYGhQKEgnR5cstFkXkiRH1TvxbNfBkPhoUChIJedk4CD1F5IkRxfbmqgrCUioiCg2mJO4YFX4ucNU	41.8260134	-71.4068354	41.8260134	-71.4068354	Med	1.557486837	Raw	NA	NA	NA	NA	FALSE	41.826	-71.40683	2018	March
1381	2018-03-10	705343	20:10:00	Pedestrian	1	NA	FALSE	FALSE	1	atwells ave	STEUBEN ST	2018-03-10	Two-Way, Divided, Unprotected (painted>4feet) Medium	Dry	Dark - Lighted	Clear	Other	Yes	Person	1	1	Pain Reported	NA	41.82508	-71.44905	FALSE	FALSE	Atwells Ave and Steuben Street, Providence, RI, USA	FALSE	-71.4493409	41.8251	intersection	geometric_center	atwells ave & steuben st, providence, ri 02909, usa	NA	NA	NA	NA	41.8251	-71.4493409	Med High	24.23366373	Raw	NA	NA	NA	NA	FALSE	41.82508	-71.44905	2018	March
1378	2018-03-12	705961	00:14:00	Other	NA	NA	FALSE	FALSE	1	BROADWAY	DEAN ST	2018-03-12	Two-Way , Not Divided	Dry	Dark - Lighted	Clear	Other	No	Flashing Traffic Control Signal	2	1	Non-Incapacitating	2	41.82139	-71.42258	FALSE	FALSE	Broadway and Dean Street, Providence, RI, USA	FALSE	-71.4242155	41.8234078	route	geometric_center	dean st, providence, ri, usa	Broadway & Dean Street, Providence, RI, USA	EitCcm9hZHdheSAmIERlYW4gU3RyZWV0LCBQcm92aWRlbmNlLCBSSSwgVVNBImYiZAoUChIJCcRZtQxF5IkRWJynngBsfzMSFAoSCQnEWbUMReSJEVicp54AbH8zGhQKEgmlteWGdUXkiREawjOx16RvsxoUChIJWwZsfgxF5IkRyLSf36DnQOQiCg38cO0YFWLJbdU	41.821414	-71.422531	41.821414	-71.422531	Med	4.864326946	Raw	NA	NA	NA	NA	FALSE	41.82139	-71.42258	2018	March
1379	2018-03-12	706008	07:31:00	Pedestrian	1	NA	FALSE	FALSE	1	CHARLES ST	LEDGE ST	2018-03-12	Two-Way , Not Divided	Dry	Daylight	Clear	Not a Collision Between Two Motor Vehicles in Transport	No	No Controls	5	1	Pain Reported	NA	41.85335	-71.42046	FALSE	FALSE	Charles Street and Ledge Street, Providence, RI, USA	FALSE	-71.4164713	41.8538765	route	geometric_center	ledge st, providence, ri 02904, usa	Charles Street & Ledge Street, Providence, RI, USA	EjJDaGFybGVzIFN0cmVldCAmIExlZGdlIFN0cmVldCwgUHJvdmlkZW5jZSwgUkksIFVTQSJmImQKFAoSCb-kYqPxROSJEU77EuvE6CszEhQKEgm_pGKj8UTkiRFO-xLrxOgrMxoUChIJdQvObPFE5IkRy2TLLjVV_TIaFAoSCT_xOnPuROSJEZQVmiAl9zyqIgoNn0jyGBWLHG7V	41.8531487	-71.4204021	41.8531487	-71.4204021	Med	22.91712358	Raw	NA	NA	NA	NA	FALSE	41.85335	-71.42046	2018	March
1380	2018-03-12	706159	13:54:00	Pedestrian	1	NA	FALSE	FALSE	1	ATLANTIC AVE	NIAGARA ST	2018-03-12	Two-Way , Not Divided	Dry	Daylight	Clear	Not a Collision Between Two Motor Vehicles in Transport	Yes	No Controls	2	1	Pain Reported	NA	41.79925	-71.41661	FALSE	FALSE	Atlantic Ave and Niagara Street, Providence, RI, USA	FALSE	-71.4186449	41.7986319	intersection	geometric_center	atlantic ave & niagara st, providence, ri 02907, usa	NA	NA	NA	NA	41.7986319	-71.4186449	Med High	182.3506688	Geocoded	distance greater than 100m	NA	NA	NA	TRUE	41.7986319	-71.4186449	2018	March
1377	2018-03-14	707593	23:55:00	Pedestrian	1	NA	FALSE	FALSE	1	SOMERSET ST	BROAD ST	2018-03-15	Two-Way , Not Divided	Wet	Dark - Lighted	Cloudy	Other	No	No Controls	4	1	Incapacitating	2	41.81332	-71.42129	FALSE	FALSE	Somerset Street and Broad Street, Providence, RI, USA	FALSE	-71.4128343	41.8239891	locality	approximate	providence, ri, usa	Somerset Street & Broad Street, Providence, RI, USA	EjNTb21lcnNldCBTdHJlZXQgJiBCcm9hZCBTdHJlZXQsIFByb3ZpZGVuY2UsIFJJLCBVU0EiZiJkChQKEgkL8cb6cEXkiRFbmigrIHJHkRIUChIJC_HG-nBF5IkRW5ooKyByR5EaFAoSCevDHxlwReSJEcOvKHyw6CVNGhQKEgmD3n3VjE_kiREsosqTmEsIoyIKDT067BgVsO5t1Q	41.8134589	-71.421576	41.8134589	-71.421576	Med	28.32224038	Raw	NA	NA	NA	NA	FALSE	41.81332	-71.42129	2018	March
1376	2018-03-17	709180	01:53:00	Pedestrian	1	NA	FALSE	FALSE	1	ACORN ST	ATWELLS AVE	2018-03-17	Two-Way , Not Divided	Dry	Dark - Lighted	Clear	Other	Yes	No Controls	4	1	Pain Reported	2	41.82385	-71.42801	FALSE	FALSE	Acorn Street and Atwells Ave, Providence, RI, USA	FALSE	-71.4280552	41.8236891	intersection	geometric_center	acorn st & atwells ave, providence, ri 02903, usa	NA	NA	NA	NA	41.8236891	-71.4280552	Med High	18.29956843	Raw	NA	NA	NA	NA	FALSE	41.82385	-71.42801	2018	March
1375	2018-03-20	711110	18:15:00	Bicycle	NA	1	FALSE	FALSE	1	BERGEN ST	ANDEM ST	2018-03-21	Two-Way , Not Divided	Dry	Dark - Lighted	Clear	Not a Collision Between Two Motor Vehicles in Transport	Yes	Stop Signs	1	1	Pain Reported	NA	41.83078	-71.43984	FALSE	FALSE	Bergen Street and Andem Street, Providence, RI, USA	FALSE	-71.439842	41.83078	intersection	geometric_center	bergen st & andem st, providence, ri 02908, usa	NA	NA	NA	NA	41.83078	-71.439842	Med High	0.165892273	Raw	NA	NA	NA	NA	FALSE	41.83078	-71.43984	2018	March
1374	2018-03-21	711316	16:26:00	Pedestrian	1	NA	FALSE	FALSE	1	881 WESTMINSTER ST	NA	2018-03-21	Two-Way , Not Divided	Wet	Daylight	Snow	Not a Collision Between Two Motor Vehicles in Transport	No	No Controls	4	1	Pain Reported	2	41.81737	-71.42278	TRUE	TRUE	881 Westminster Street, Providence, RI, USA	FALSE	-71.4227003	41.8176757	street_address	rooftop	881 westminster st, providence, ri 02903, usa	NA	NA	NA	NA	41.8176757	-71.4227003	High	34.66679738	Raw	NA	NA	NA	NA	FALSE	41.81737	-71.42278	2018	March
1373	2018-03-26	713019	18:01:00	Bicycle	NA	1	FALSE	FALSE	1	159 WEYBOSSET ST	NA	2018-03-26	Two-Way , Not Divided	Dry	Daylight	Clear	Not a Collision Between Two Motor Vehicles in Transport	No	No Controls	5	1	Pain Reported	2	41.82249	-71.41157	TRUE	TRUE	159 Weybosset Street, Providence, RI, USA	FALSE	-71.4118003	41.8225458	premise	rooftop	159 weybosset st, providence, ri 02903, usa	NA	NA	NA	NA	41.8225458	-71.4118003	High	20.08939614	Raw	NA	NA	NA	NA	FALSE	41.82249	-71.41157	2018	March
1372	2018-03-27	713626	17:39:00	Pedestrian	1	NA	FALSE	FALSE	1	Dean Street	BROADWAY	2018-03-27	Two-Way, Divided, Unprotected (painted>4feet) Medium	Dry	Daylight	Clear	Not a Collision Between Two Motor Vehicles in Transport	No	No Controls	2	1	Non-Incapacitating	2	41.82133	-71.42247	FALSE	FALSE	Dean Street and Broadway, Providence, RI, USA	FALSE	-71.422531	41.821414	intersection	geometric_center	dean st & broadway, providence, ri 02903, usa	NA	NA	NA	NA	41.821414	-71.422531	Med High	10.63232763	Raw	NA	NA	NA	NA	FALSE	41.82133	-71.42247	2018	March