row_number	crash_date	crash_report_id	crash_time	collision_type	count_pedestrian	count_bicycle	scooter	wheel_chair	number_of_vehicles	street_or_highway	nearest_intersection	report_date	type_of_roadway	road_surface_condition	light_condition	weather_condition	manner_of_impact	hit_and_run	traffic_control	person_count	injury_count	most_serious_injury	number_of_lanes	lat_raw	lon_raw	has_st_number	is_intersection_null	address_sent_to_geocoder	is_address_blank	lon_api_first_try	lat_api_first_try	type	loctype	address_returned_by_geocoder	address_returned_by_autocomplete	place_ids_autocompleted	lat_api_second_try	lon_api_second_try	lat_api_best	lon_api_best	api_coord_conf	distance_btwn_coords_meters	best_coordinate_set	reason_for_qa	correct_coordinates	corrected_lat	corrected_lon	manually_qaed_record	final_lat	final_lon	year	month
1371	2018-03-30	714851	12:53:00	Pedestrian	1	NA	FALSE	FALSE	1	SALMON ST	MANTON AVE	2018-03-30	Two-Way , Not Divided	Dry	Daylight	Clear	Not a Collision Between Two Motor Vehicles in Transport	No	Pavement Markings	3	1	Pain Reported	NA	41.82521	-71.45405	FALSE	FALSE	Salmon Street and Manton Ave, Providence, RI, USA	FALSE	-71.4539247	41.8251097	intersection	geometric_center	salmon st & manton ave, providence, ri 02909, usa	NA	NA	NA	NA	41.8251097	-71.4539247	Med High	15.25455605	Raw	NA	NA	NA	NA	FALSE	41.82521	-71.45405	2018	March
1369	2018-04-02	715753	12:00:00	Pedestrian	1	NA	FALSE	FALSE	1	ELM ST	EDDY ST	2018-04-02	Two-Way , Not Divided	Wet	Daylight	Sleet, Hail (Freezing Rain or Drizzle)	Other	No	No Controls	4	1	Non-Incapacitating	NA	41.81825	-71.40748	FALSE	FALSE	Elm Street and Eddy Street, Providence, RI, USA	FALSE	-71.4072274	41.8059506	route	geometric_center	eddy st, providence, ri, usa	Elm Street & Eddy Street, Providence, RI, USA	Ei1FbG0gU3RyZWV0ICYgRWRkeSBTdHJlZXQsIFByb3ZpZGVuY2UsIFJJLCBVU0EiZiJkChQKEgk30H23akXkiRHHyJmHGhfFLxIUChIJN9B9t2pF5IkRx8iZhxoXxS8aFAoSCTetlBxrReSJEdFjUH7rFNSdGhQKEgk7THgZZ0XkiRFtx11RWtRKyCIKDfT17BgVSxZw1Q	41.8182644	-71.4074549	41.8182644	-71.4074549	Med	2.627891668	Raw	NA	NA	NA	NA	FALSE	41.81825	-71.40748	2018	April
1370	2018-04-02	715886	15:11:00	Pedestrian	1	NA	FALSE	FALSE	1	BROADWAY	SERVICE ROAD 8	2018-04-02	Two-Way , Not Divided	Dry	Daylight	Clear	Not a Collision Between Two Motor Vehicles in Transport	No	Traffic Control Signal	3	1	Pain Reported	NA	41.82212	-71.41976	FALSE	FALSE	Broadway and Service Road 8, Providence, RI, USA	FALSE	-71.391257	41.7939064	street_address	range_interpolated	8 service rd, providence, ri 02905, usa	NA	NA	NA	NA	41.7939064	-71.391257	Med High	3931.618819	Raw	distance greater than 100m	NA	NA	NA	TRUE	41.82212	-71.41976	2018	April
1368	2018-04-03	716182	13:01:00	Pedestrian	1	NA	FALSE	FALSE	1	S MAIN ST	COLLEGE ST	2018-04-03	One-Way Trafficway	Dry	Daylight	Cloudy	Not a Collision Between Two Motor Vehicles in Transport	No	Pavement Markings	2	1	Pain Reported	NA	41.82528	-71.40756	FALSE	FALSE	S Main Street and College Street, Providence, RI, USA	FALSE	-71.4078251	41.8256787	intersection	geometric_center	s main st & college st, providence, ri 02903, usa	NA	NA	NA	NA	41.8256787	-71.4078251	Med High	49.53236305	Raw	NA	NA	NA	NA	FALSE	41.82528	-71.40756	2018	April
1366	2018-04-06	717576	14:55:00	Pedestrian	1	NA	FALSE	FALSE	1	BROAD ST	BROAD ST	2018-04-06	Two-Way, Divided, Unprotected (painted>4feet) Medium	Wet	Daylight	Snow	Not a Collision Between Two Motor Vehicles in Transport	Yes	Pavement Markings	2	1	Pain Reported	NA	41.80572	-71.41978	FALSE	FALSE	Broad Street and Broad Street, Providence, RI, USA	FALSE	-71.4101636	41.7945838	route	geometric_center	broad st, providence, ri, usa	NA	NA	NA	NA	41.7945838	-71.4101636	Med	1474.327094	Raw	distance greater than 100m	NA	NA	NA	TRUE	41.80572	-71.41978	2018	April
1367	2018-04-06	717770	20:09:00	Pedestrian	1	NA	FALSE	FALSE	1	DOUGLAS AVE	DOUGLAS AVE	2018-04-06	Two-Way , Not Divided	Wet	Dark - Lighted	Cloudy	Not a Collision Between Two Motor Vehicles in Transport	No	No Controls	2	1	Pain Reported	NA	41.83567	-71.41871	FALSE	FALSE	Douglas Ave and Douglas Ave, Providence, RI, USA	FALSE	-71.4649957	41.8715442	intersection	geometric_center	douglas turnpike & douglas ave, north providence, ri 02904, usa	NA	NA	NA	NA	41.8715442	-71.4649957	Med High	5538.692898	Raw	distance greater than 100m	NA	NA	NA	TRUE	41.83567	-71.41871	2018	April
1365	2018-04-11	720016	21:46:00	Pedestrian	1	NA	FALSE	FALSE	1	HAGAN ST	Charles St	2018-04-11	Two-Way , Not Divided	Dry	Dark - Lighted	Clear	Not a Collision Between Two Motor Vehicles in Transport	No	Stop Signs	3	1	Pain Reported	NA	41.85707	-71.42112	FALSE	FALSE	Hagan Street and Charles Street, Providence, RI, USA	FALSE	-71.4211236	41.8570841	intersection	geometric_center	charles st & hagan st, providence, ri 02904, usa	NA	NA	NA	NA	41.8570841	-71.4211236	Med High	1.597733278	Raw	NA	NA	NA	NA	FALSE	41.85707	-71.42112	2018	April
1364	2018-04-12	720530	15:29:00	Pedestrian	1	NA	FALSE	FALSE	1	Althea St	Union Ave	2018-04-12	Two-Way, Divided, Unprotected (painted>4feet) Medium	Dry	Daylight	Clear	Not a Collision Between Two Motor Vehicles in Transport	No	No Controls	2	1	Pain Reported	NA	41.80934	-71.43873	FALSE	FALSE	Althea Street and Union Ave, Providence, RI, USA	FALSE	-71.4384298	41.8092666	intersection	geometric_center	althea st & union ave, providence, ri 02909, usa	NA	NA	NA	NA	41.8092666	-71.4384298	Med High	26.21469545	Raw	NA	NA	NA	NA	FALSE	41.80934	-71.43873	2018	April
1363	2018-04-14	721313	12:09:00	Pedestrian	1	NA	FALSE	FALSE	1	1010 CHALKSTONE AVENUE	TIFFANY ST	2018-04-14	Two-Way , Not Divided	Dry	Daylight	Clear	Other	No	No Controls	2	1	Pain Reported	NA	41.83226	-71.44098	TRUE	FALSE	1010 Chalkstone Avenue, Providence, RI, USA	FALSE	-71.4412326	41.8320232	premise	rooftop	1010 chalkstone ave, providence, ri 02908, usa	NA	NA	NA	NA	41.8320232	-71.4412326	High	33.67267991	Raw	NA	NA	NA	NA	FALSE	41.83226	-71.44098	2018	April
1362	2018-04-17	722323	14:42:00	Pedestrian	1	NA	FALSE	FALSE	1	291 Thayer st	CUSHING ST	2018-04-17	One-Way Trafficway	Dry	Daylight	Clear	Not a Collision Between Two Motor Vehicles in Transport	No	Stop Signs	2	1	Pain Reported	NA	41.83	-71.4009	TRUE	FALSE	291 Thayer Street, Providence, RI, USA	FALSE	-71.4006427	41.8299213	premise	rooftop	291 thayer st, providence, ri 02906, usa	NA	NA	NA	NA	41.8299213	-71.4006427	High	23.07047373	Raw	NA	NA	NA	NA	FALSE	41.83	-71.4009	2018	April
1361	2018-04-22	724088	13:23:00	Pedestrian	1	NA	FALSE	FALSE	1	DOUGLAS AVE	WAYNE ST	2018-04-22	Two-Way , Not Divided	Dry	Daylight	Clear	Not a Collision Between Two Motor Vehicles in Transport	No	No Controls	3	1	Non-Incapacitating	NA	41.83594	-71.41935	FALSE	FALSE	Douglas Ave and Wayne Street, Providence, RI, USA	FALSE	-71.419648	41.8360754	intersection	geometric_center	wayne st & douglas ave, providence, ri 02908, usa	NA	NA	NA	NA	41.8360754	-71.419648	Med High	28.94930474	Raw	NA	NA	NA	NA	FALSE	41.83594	-71.41935	2018	April
1359	2018-04-23	724379	13:39:00	Pedestrian	1	NA	FALSE	FALSE	1	BROAD ST	ADELAIDE AVE	2018-04-23	Two-Way , Not Divided	Dry	Dark - Lighted	Clear	Not a Collision Between Two Motor Vehicles in Transport	Yes	No Controls	1	1	Pain Reported	NA	41.79874	-71.41534	FALSE	FALSE	Broad Street and Adelaide Ave, Providence, RI, USA	FALSE	-71.4229955	41.7965181	route	geometric_center	adelaide ave, providence, ri 02907, usa	Broad Street & Adelaide Ave, Providence, RI, USA	EjBCcm9hZCBTdHJlZXQgJiBBZGVsYWlkZSBBdmUsIFByb3ZpZGVuY2UsIFJJLCBVU0EiZiJkChQKEgmHmKxWiE_kiRHEyK6zP1G3PRIUChIJh5isVohP5IkRxMiusz9Rtz0aFAoSCYPefdWMT-SJESyiypOYSwijGhQKEgn7ze1zhE_kiRG6QeI0WTshsiIKDUkA6hgV2dxu1Q	41.7988681	-71.4154791	41.7988681	-71.4154791	Med	18.34672598	Raw	NA	NA	NA	NA	FALSE	41.79874	-71.41534	2018	April
1360	2018-04-23	724398	15:19:00	Pedestrian	1	NA	FALSE	FALSE	1	235 Eaton St	RADCLIFFE AVE	2018-04-23	Two-Way , Not Divided	Dry	Daylight	Clear	Not a Collision Between Two Motor Vehicles in Transport	No	No Controls	3	1	Pain Reported	NA	41.84115	-71.43001	TRUE	FALSE	235 Eaton Street, Providence, RI, USA	FALSE	-71.436298	41.8418768	street_address	rooftop	235 eaton st, providence, ri 02908, usa	NA	NA	NA	NA	41.8418768	-71.436298	High	527.7168605	Raw	distance greater than 100m	NA	NA	NA	TRUE	41.84115	-71.43001	2018	April
1358	2018-04-24	724893	07:23:00	Pedestrian	1	NA	FALSE	FALSE	1	POWER ST	THAYER ST	2018-04-24	Two-Way , Not Divided	Dry	Daylight	Clear	Not a Collision Between Two Motor Vehicles in Transport	No	Pavement Markings	3	1	Pain Reported	NA	41.82296	-71.39996	FALSE	FALSE	Power Street and Thayer Street, Providence, RI, USA	FALSE	-71.4000173	41.8229706	intersection	geometric_center	thayer st & power st, providence, ri 02912, usa	NA	NA	NA	NA	41.8229706	-71.4000173	Med High	4.897664862	Raw	NA	NA	NA	NA	FALSE	41.82296	-71.39996	2018	April
1355	2018-04-26	725871	11:15:00	Pedestrian	1	NA	FALSE	FALSE	1	PLAINFIELD ST	EDNA ST	2018-04-26	Two-Way, Divided, Positive Median Barrier	Dry	Daylight	Clear	Other	No	Traffic Control Signal	3	1	Pain Reported	NA	41.81592	-71.44513	FALSE	FALSE	Plainfield Street and Edna Street, Providence, RI, USA	FALSE	-71.4455457	41.8156785	intersection	geometric_center	plainfield st & edna st, providence, ri 02909, usa	NA	NA	NA	NA	41.8156785	-71.4455457	Med High	43.72878654	Raw	NA	NA	NA	NA	FALSE	41.81592	-71.44513	2018	April
1356	2018-04-26	725895	16:13:00	Bicycle	NA	1	FALSE	FALSE	1	718 PLAINFIELD ST	NA	2018-04-26	Two-Way , Not Divided	Dry	Daylight	Clear	Not a Collision Between Two Motor Vehicles in Transport	No	No Controls	2	1	Pain Reported	2	41.81124	-71.46197	TRUE	TRUE	718 Plainfield Street, Providence, RI, USA	FALSE	-71.4617709	41.8110488	premise	rooftop	718 plainfield st, providence, ri 02909, usa	NA	NA	NA	NA	41.8110488	-71.4617709	High	26.94289115	Raw	NA	NA	NA	NA	FALSE	41.81124	-71.46197	2018	April
1357	2018-04-26	726183	19:34:00	Bicycle	NA	1	FALSE	FALSE	1	EAST DR	GENERAL ST	2018-04-26	Two-Way , Not Divided	Dry	Dark - Lighted	Clear	Not a Collision Between Two Motor Vehicles in Transport	Yes	No Controls	2	1	Pain Reported	NA	41.85324	-71.44271	FALSE	FALSE	East Dr and General Street, Providence, RI, USA	FALSE	-71.442604	41.853462	route	geometric_center	general st, providence, ri, usa	East Dr & General Street, Providence, RI, USA	Ei1FYXN0IERyICYgR2VuZXJhbCBTdHJlZXQsIFByb3ZpZGVuY2UsIFJJLCBVU0EiZiJkChQKEgnnipL3T0TkiRGmaku_BabYSBIUChIJ54qS909E5IkRpmpLvwWm2EgaFAoSCYnHNJVPROSJEWCa9HBzDZ2OGhQKEgntV2L2T0TkiRG5nQC9Pwo3_yIKDdxU8hgVSLlq1Q	41.853462	-71.442604	41.853462	-71.442604	Med	26.2293464	Raw	NA	NA	NA	NA	FALSE	41.85324	-71.44271	2018	April
1354	2018-04-27	726283	11:00:00	Pedestrian	1	NA	FALSE	FALSE	1	FULTON ST	DORRANCE ST	2018-04-27	Two-Way , Not Divided	Dry	Daylight	Clear	Not a Collision Between Two Motor Vehicles in Transport	No	Traffic Control Signal	5	1	Pain Reported	NA	41.82413	-71.41236	FALSE	FALSE	Fulton Street and Dorrance Street, Providence, RI, USA	FALSE	-71.4113407	41.8233534	route	geometric_center	dorrance st, providence, ri 02903, usa	Fulton Street & Dorrance Street, Providence, RI, USA	EjRGdWx0b24gU3RyZWV0ICYgRG9ycmFuY2UgU3RyZWV0LCBQcm92aWRlbmNlLCBSSSwgVVNBImYiZAoUChIJf0Y9-RNF5IkRa402C95i2d0SFAoSCX9GPfkTReSJEWuNNgveYtndGhQKEgmV_SepFkXkiRFnZiyNOi8BiRoUChIJpfpicxRF5IkR4zxQTjprQnQiCg1O2-0YFQlYb9U	41.8241358	-71.4123255	41.8241358	-71.4123255	Med	2.933864658	Raw	NA	NA	NA	NA	FALSE	41.82413	-71.41236	2018	April
1353	2018-04-28	726550	12:37:00	Pedestrian	1	NA	FALSE	FALSE	1	BROAD ST	OXFORD ST	2018-04-29	Two-Way , Not Divided	Dry	Daylight	Clear	Not a Collision Between Two Motor Vehicles in Transport	No	No Controls	3	1	Pain Reported	NA	41.79962	-71.41642	FALSE	FALSE	Broad Street and Oxford Street, Providence, RI, USA	FALSE	-71.4098094	41.8023702	route	geometric_center	oxford st, providence, ri 02905, usa	Broad Street & Oxford Street, Providence, RI, USA	EjFCcm9hZCBTdHJlZXQgJiBPeGZvcmQgU3RyZWV0LCBQcm92aWRlbmNlLCBSSSwgVVNBImYiZAoUChIJh-FuDohP5IkRI2IsCmv-T0ESFAoSCYfhbg6IT-SJESNiLApr_k9BGhQKEgmD3n3VjE_kiREsosqTmEsIoxoUChIJGaMJqWFF5IkRUr1E8WrWZNciCg0WPuoYFfqPbtU	41.8004502	-71.417447	41.8004502	-71.417447	Med	125.7161649	Geocoded	distance greater than 100m	NA	NA	NA	TRUE	41.8004502	-71.417447	2018	April
1352	2018-04-30	726621	12:42:00	Pedestrian	1	NA	FALSE	FALSE	1	62 DUDLEY ST	NA	2018-04-30	Unknown	Dry	Daylight	Clear	Not a Collision Between Two Motor Vehicles in Transport	No	No Controls	3	1	Pain Reported	NA	41.80731	-71.40725	TRUE	TRUE	62 Dudley Street, Providence, RI, USA	FALSE	-71.40962	41.8101086	street_address	rooftop	62 dudley st, providence, ri 02905, usa	NA	NA	NA	NA	41.8101086	-71.40962	High	368.412328	Geocoded	distance greater than 100m	NA	NA	NA	TRUE	41.8101086	-71.40962	2018	April
1351	2018-05-01	726741	11:45:00	Pedestrian	1	NA	FALSE	FALSE	1	CHARLES ST	CHARLES ST	2018-05-01	Unknown	Dry	Daylight	Clear	Not a Collision Between Two Motor Vehicles in Transport	Yes	No Controls	1	1	Pain Reported	NA	41.84688	-71.41936	FALSE	FALSE	Charles Street and Charles Street, Providence, RI, USA	FALSE	-71.419539	41.8474982	route	geometric_center	charles st, providence, ri, usa	NA	NA	NA	NA	41.8474982	-71.419539	Med	70.40034185	Raw	NA	NA	NA	NA	FALSE	41.84688	-71.41936	2018	May
1350	2018-05-03	726983	15:16:00	Pedestrian	1	NA	FALSE	FALSE	1	S MAIN ST	COLLEGE ST	2018-05-03	One-Way Trafficway	Dry	Daylight	Clear	Not a Collision Between Two Motor Vehicles in Transport	No	Traffic Control Signal	4	1	Non-Incapacitating	2	41.82568	-71.40787	FALSE	FALSE	S Main Street and College Street, Providence, RI, USA	FALSE	-71.4078251	41.8256787	intersection	geometric_center	s main st & college st, providence, ri 02903, usa	NA	NA	NA	NA	41.8256787	-71.4078251	Med High	3.727388613	Raw	NA	NA	NA	NA	FALSE	41.82568	-71.40787	2018	May
1348	2018-05-04	727129	09:01:00	Pedestrian	1	NA	FALSE	FALSE	1	STEPHEN HOPKINS COURT	WILLIAM ELLERY PL	2018-05-04	Two-Way , Not Divided	Dry	Daylight	Clear	Not a Collision Between Two Motor Vehicles in Transport	Yes	No Controls	1	1	Pain Reported	NA	41.83745	-71.40714	FALSE	FALSE	Stephen Hopkins Court and William Ellery Pl, Providence, RI, USA	FALSE	-71.4072824	41.8379839	intersection	geometric_center	william ellery pl & stephen hopkins ct, providence, ri 02904, usa	NA	NA	NA	NA	41.8379839	-71.4072824	Med High	60.59554509	Raw	NA	NA	NA	NA	FALSE	41.83745	-71.40714	2018	May
1349	2018-05-04	727577	16:19:00	Pedestrian	1	NA	TRUE	FALSE	1	CHARLES ST	CORLISS ST	2018-05-04	Two-Way, Divided, Unprotected (painted>4feet) Medium	Dry	Daylight	Clear	Not a Collision Between Two Motor Vehicles in Transport	No	Stop Signs	2	1	Pain Reported	NA	41.83806	-71.41452	FALSE	FALSE	Charles Street and Corliss Street, Providence, RI, USA	FALSE	-71.4124894	41.8411709	route	geometric_center	corliss st, providence, ri 02904, usa	Charles Street & Corliss Street, Providence, RI, USA	EjRDaGFybGVzIFN0cmVldCAmIENvcmxpc3MgU3RyZWV0LCBQcm92aWRlbmNlLCBSSSwgVVNBImYiZAoUChIJVVJ5mB1F5IkRpcYG1dpqiVsSFAoSCVVSeZgdReSJEaXGBtXaaolbGhQKEgl1C85s8UTkiRHLZMsuNVX9MhoUChIJMSS4NuJE5IkR9A92oVVA2AUiCg0J_O8YFYsDb9U	41.8380809	-71.4144885	41.8380809	-71.4144885	Med	3.498306487	Raw	NA	NA	NA	NA	FALSE	41.83806	-71.41452	2018	May
1346	2018-05-05	727635	14:15:00	Pedestrian	1	NA	FALSE	FALSE	1	HOSPITAL ST	POINT ST	2018-05-05	Two-Way , Not Divided	Dry	Daylight	Clear	Other	No	No Controls	3	1	Pain Reported	NA	41.81583	-71.40961	FALSE	FALSE	Hospital Street and Point Street, Providence, RI, USA	FALSE	-71.4094979	41.8156623	intersection	geometric_center	point st & hospital st, providence, ri 02903, usa	NA	NA	NA	NA	41.8156623	-71.4094979	Med High	20.85672338	Raw	NA	NA	NA	NA	FALSE	41.81583	-71.40961	2018	May
1347	2018-05-05	727662	21:55:00	Pedestrian	1	NA	FALSE	FALSE	1	MANTON AVE	LYNCH ST	2018-05-05	Two-Way , Not Divided	Dry	Dark - Lighted	Clear	Not a Collision Between Two Motor Vehicles in Transport	Yes	No Controls	1	1	Pain Reported	NA	41.82415	-71.4522	FALSE	FALSE	Manton Ave and Lynch Street, Providence, RI, USA	FALSE	-71.4523405	41.8242696	intersection	geometric_center	lynch st & manton ave, providence, ri 02909, usa	NA	NA	NA	NA	41.8242696	-71.4523405	Med High	17.69462011	Raw	NA	NA	NA	NA	FALSE	41.82415	-71.4522	2018	May
1345	2018-05-09	728178	15:59:00	Other	NA	1	FALSE	FALSE	1	601 N MAIN ST	NA	2018-05-09	Two-Way , Not Divided	Dry	Daylight	Clear	Not a Collision Between Two Motor Vehicles in Transport	No	No Controls	2	0	No Injury	NA	41.83825	-71.40925	TRUE	TRUE	601 N Main Street, Providence, RI, USA	FALSE	-71.4083214	41.8372393	subpremise	rooftop	601 n main st, providence, ri 02904, usa	NA	NA	NA	NA	41.8372393	-71.4083214	High	136.3451844	Raw	distance greater than 100m	NA	NA	NA	TRUE	41.83825	-71.40925	2018	May
1344	2018-05-10	728408	12:40:00	Bicycle	NA	1	FALSE	FALSE	1	FEDERAL ST	DEAN ST	2018-05-10	Two-Way , Not Divided	Dry	Daylight	Clear	Not a Collision Between Two Motor Vehicles in Transport	No	No Controls	3	1	Pain Reported	NA	41.82228	-71.42327	FALSE	FALSE	Federal Street and Dean Street, Providence, RI, USA	FALSE	-71.4232716	41.8222988	intersection	geometric_center	dean st & federal st, providence, ri 02903, usa	NA	NA	NA	NA	41.8222988	-71.4232716	Med High	2.097011294	Raw	NA	NA	NA	NA	FALSE	41.82228	-71.42327	2018	May
1342	2018-05-11	728771	13:45:00	Pedestrian	1	NA	FALSE	FALSE	1	VALLEY ST	RIVER AVE	2018-05-11	Two-Way , Not Divided	Dry	Daylight	Clear	Not a Collision Between Two Motor Vehicles in Transport	No	Traffic Control Signal	4	1	Pain Reported	2	41.82796	-71.43516	FALSE	FALSE	Valley Street and River Ave, Providence, RI, USA	FALSE	-71.435152	41.827984	intersection	geometric_center	valley st & river ave, providence, ri 02908, usa	NA	NA	NA	NA	41.827984	-71.435152	Med High	2.752847851	Raw	NA	NA	NA	NA	FALSE	41.82796	-71.43516	2018	May
1343	2018-05-11	728778	19:28:00	Pedestrian	1	NA	FALSE	FALSE	1	SMITH ST	CHALKSTONE AVE	2018-05-11	Two-Way , Not Divided	Dry	Dark - Lighted	Clear	Not a Collision Between Two Motor Vehicles in Transport	No	No Controls	3	1	Pain Reported	NA	41.83542	-71.42616	FALSE	FALSE	Smith Street and Chalkstone Ave, Providence, RI, USA	FALSE	-71.4256425	41.8352214	intersection	geometric_center	chalkstone ave & smith st, providence, ri 02908, usa	NA	NA	NA	NA	41.8352214	-71.4256425	Med High	48.28072084	Raw	NA	NA	NA	NA	FALSE	41.83542	-71.42616	2018	May
1341	2018-05-14	729290	16:56:00	Pedestrian	1	NA	FALSE	FALSE	1	PACKET ST	S MAIN ST	2018-05-14	Two-Way , Not Divided	Dry	Daylight	Clear	Not a Collision Between Two Motor Vehicles in Transport	No	Stop Signs	2	1	Pain Reported	NA	41.8235	-71.40617	FALSE	FALSE	Packet Street and S Main Street, Providence, RI, USA	FALSE	-71.4037098	41.8208275	route	geometric_center	s main st, providence, ri 02903, usa	NA	NA	NA	NA	41.8208275	-71.4037098	Med	360.7775045	Raw	distance greater than 100m	NA	NA	NA	TRUE	41.8235	-71.40617	2018	May
1339	2018-05-17	730033	00:58:00	Pedestrian	2	NA	FALSE	FALSE	1	S WATER ST	POINT ST	2018-05-17	One-Way Trafficway	Wet	Dark - Lighted	Rain	Angle (Front - to - Side) Right Angle (Includes Broadside)	No	Traffic Control Signal	4	2	Non-Incapacitating	NA	41.81869	-71.40178	FALSE	FALSE	S Water Street and Point Street, Providence, RI, USA	FALSE	-71.4018957	41.8187467	intersection	geometric_center	s water st & point st, providence, ri 02903, usa	NA	NA	NA	NA	41.8187467	-71.4018957	Med High	11.48797602	Raw	NA	NA	NA	NA	FALSE	41.81869	-71.40178	2018	May
1340	2018-05-17	730101	11:37:00	Pedestrian	1	NA	FALSE	FALSE	1	SILVER SPRING ST	TOURO ST	2018-05-17	Two-Way , Not Divided	Dry	Daylight	Cloudy	Not a Collision Between Two Motor Vehicles in Transport	No	No Controls	2	1	Non-Incapacitating	NA	41.84516	-71.41822	FALSE	FALSE	Silver Spring Street and Touro Street, Providence, RI, USA	FALSE	-71.4181207	41.8452565	intersection	geometric_center	silver spring st & touro st, providence, ri 02904, usa	NA	NA	NA	NA	41.8452565	-71.4181207	Med High	13.53543009	Raw	NA	NA	NA	NA	FALSE	41.84516	-71.41822	2018	May
1337	2018-05-19	730637	01:17:00	Pedestrian	1	NA	FALSE	FALSE	1	GASPEE ST	SMITH ST	2018-05-19	Two-Way , Not Divided	Dry	Dark - Lighted	Clear	Not a Collision Between Two Motor Vehicles in Transport	No	Traffic Control Signal	2	1	Pain Reported	NA	41.83152	-71.41281	FALSE	FALSE	Gaspee Street and Smith Street, Providence, RI, USA	FALSE	-71.4128107	41.8315462	intersection	geometric_center	gaspee st & smith st, providence, ri 02908, usa	NA	NA	NA	NA	41.8315462	-71.4128107	Med High	2.917148532	Raw	NA	NA	NA	NA	FALSE	41.83152	-71.41281	2018	May
1338	2018-05-19	730662	13:16:00	Bicycle	NA	1	FALSE	FALSE	1	LUBEC ST	DOUGLAS AVE	2018-05-19	Two-Way, Divided, Unprotected (painted>4feet) Medium	Wet	Daylight	Rain	Not a Collision Between Two Motor Vehicles in Transport	No	Pavement Markings	2	1	Pain Reported	NA	41.85573	-71.4417	FALSE	FALSE	Lubec Street and Douglas Ave, Providence, RI, USA	FALSE	-71.4416833	41.8557294	intersection	geometric_center	lubec st & douglas ave, providence, ri 02904, usa	NA	NA	NA	NA	41.8557294	-71.4416833	Med High	1.386270427	Raw	NA	NA	NA	NA	FALSE	41.85573	-71.4417	2018	May
1335	2018-05-20	731175	13:00:00	Bicycle	NA	1	FALSE	FALSE	1	Earl St	ELMWOOD AVE	2018-05-20	Two-Way, Divided, Positive Median Barrier	Dry	Daylight	Clear	Angle (Front - to - Side) Right Angle (Includes Broadside)	No	No Controls	2	1	Pain Reported	NA	41.79809	-71.42618	FALSE	FALSE	Earl Street and Elmwood Ave, Providence, RI, USA	FALSE	-71.4262189	41.7981132	intersection	geometric_center	elmwood ave & earl st, providence, ri 02907, usa	NA	NA	NA	NA	41.7981132	-71.4262189	Med High	4.134185845	Raw	NA	NA	NA	NA	FALSE	41.79809	-71.42618	2018	May
1336	2018-05-20	732229	13:57:00	Bicycle	NA	1	FALSE	FALSE	1	7TH ST	HIGHLAND AVE	2018-05-24	Two-Way , Not Divided	Dry	Daylight	Clear	Other	No	Stop Signs	2	1	Pain Reported	NA	41.83793	-71.42404	FALSE	FALSE	7th Street and Highland Ave, Providence, RI, USA	FALSE	-71.3990119	41.8529679	intersection	geometric_center	7th st & highland ave, providence, ri 02906, usa	NA	NA	NA	NA	41.8529679	-71.3990119	Med High	2666.467532	Geocoded	distance greater than 100m	NA	NA	NA	TRUE	41.8529679	-71.3990119	2018	May
1333	2018-05-21	731274	11:53:00	Pedestrian	2	NA	FALSE	FALSE	1	E GEORGE ST	GANO ST	2018-05-21	Two-Way , Not Divided	Dry	Daylight	Clear	Not a Collision Between Two Motor Vehicles in Transport	No	Pavement Markings	5	2	Incapacitating	NA	41.82587	-71.3904	FALSE	FALSE	E George Street and Gano Street, Providence, RI, USA	FALSE	-71.3904024	41.8258647	intersection	geometric_center	e george st & gano st, providence, ri 02906, usa	NA	NA	NA	NA	41.8258647	-71.3904024	Med High	0.622677552	Raw	NA	NA	NA	NA	FALSE	41.82587	-71.3904	2018	May
1334	2018-05-21	731291	17:04:00	Pedestrian	1	NA	FALSE	FALSE	1	ACADEMY AVE	MAPLEHURST AVE	2018-05-21	Two-Way , Not Divided	Dry	Daylight	Clear	Not a Collision Between Two Motor Vehicles in Transport	Yes	No Controls	5	1	Pain Reported	2	41.82681	-71.44364	FALSE	FALSE	Academy Ave and Maplehurst Ave, Providence, RI, USA	FALSE	-71.4436575	41.8268375	intersection	geometric_center	academy ave & maplehurst ave, providence, ri 02908, usa	NA	NA	NA	NA	41.8268375	-71.4436575	Med High	3.388030587	Raw	NA	NA	NA	NA	FALSE	41.82681	-71.44364	2018	May
1330	2018-05-22	731369	12:11:00	Pedestrian	1	NA	FALSE	FALSE	1	WHITE ST	10TH ST	2018-05-22	Two-Way , Not Divided	Dry	Daylight	Clear	Not a Collision Between Two Motor Vehicles in Transport	No	Traffic Control Signal	3	1	Pain Reported	NA	41.85546	-71.40009	FALSE	FALSE	White Street and 10th Street, Providence, RI, USA	FALSE	-71.3963797	41.8542538	route	geometric_center	10th st, providence, ri 02906, usa	White Street & 10th Street, Providence, RI, USA	Ei9XaGl0ZSBTdHJlZXQgJiAxMHRoIFN0cmVldCwgUHJvdmlkZW5jZSwgUkksIFVTQSJmImQKFAoSCVsuhlLHROSJES-BPL8LqvJlEhQKEglbLoZSx0TkiREvgTy_C6ryZRoUChIJHUi0BLtE5IkRY_rnMoG0xdYaFAoSCS1Jx5HHROSJEarxa7U0WOHZIgoNWaPyGBU3OXHV	41.8554713	-71.4000073	41.8554713	-71.4000073	Med	6.971426015	Raw	NA	NA	NA	NA	FALSE	41.85546	-71.40009	2018	May