row_number	crash_date	crash_report_id	crash_time	collision_type	count_pedestrian	count_bicycle	scooter	wheel_chair	number_of_vehicles	street_or_highway	nearest_intersection	report_date	type_of_roadway	road_surface_condition	light_condition	weather_condition	manner_of_impact	hit_and_run	traffic_control	person_count	injury_count	most_serious_injury	number_of_lanes	lat_raw	lon_raw	has_st_number	is_intersection_null	address_sent_to_geocoder	is_address_blank	lon_api_first_try	lat_api_first_try	type	loctype	address_returned_by_geocoder	address_returned_by_autocomplete	place_ids_autocompleted	lat_api_second_try	lon_api_second_try	lat_api_best	lon_api_best	api_coord_conf	distance_btwn_coords_meters	best_coordinate_set	reason_for_qa	correct_coordinates	corrected_lat	corrected_lon	manually_qaed_record	final_lat	final_lon	year	month
1331	2018-05-22	731402	15:19:00	Pedestrian	2	NA	FALSE	FALSE	1	WICKENDEN ST	SOUTH MAIN ST	2018-05-22	Two-Way, Divided, Positive Median Barrier	Dry	Daylight	Clear	Not a Collision Between Two Motor Vehicles in Transport	No	Traffic Control Signal	4	2	Pain Reported	4	41.81905	-71.4009	FALSE	FALSE	Wickenden Street and South Main Street, Providence, RI, USA	FALSE	-71.4008982	41.8189443	intersection	geometric_center	wickenden st & s main st, providence, ri 02903, usa	NA	NA	NA	NA	41.8189443	-71.4008982	Med High	11.76741773	Raw	NA	NA	NA	NA	FALSE	41.81905	-71.4009	2018	May
1332	2018-05-22	731611	18:33:00	Pedestrian	1	NA	FALSE	FALSE	1	KENNEDY PLZ	ARCADE ST	2018-05-22	One-Way Trafficway	Wet	Daylight	Clear	Head-On (Front - to - Front)	Yes	No Controls	1	1	Pain Reported	NA	41.82451	-71.41186	FALSE	FALSE	Kennedy Plz and Arcade Street, Providence, RI, USA	FALSE	-71.4116574	41.8246057	intersection	geometric_center	kennedy plaza & arcade st, providence, ri 02903, usa	NA	NA	NA	NA	41.8246057	-71.4116574	Med High	19.89852784	Raw	NA	NA	NA	NA	FALSE	41.82451	-71.41186	2018	May
1329	2018-05-23	731739	12:48:00	Pedestrian	1	NA	FALSE	FALSE	1	RESERVOIR AVE	ELMWOOD AVE	2018-05-23	Two-Way , Not Divided	Dry	Daylight	Clear	Not a Collision Between Two Motor Vehicles in Transport	Yes	No Controls	1	1	Pain Reported	NA	41.7978	-71.4261	FALSE	FALSE	Reservoir Ave and Elmwood Ave, Providence, RI, USA	FALSE	-71.4258248	41.7971616	intersection	geometric_center	reservoir ave & elmwood ave, providence, ri 02907, usa	NA	NA	NA	NA	41.7971616	-71.4258248	Med High	74.64604312	Raw	NA	NA	NA	NA	FALSE	41.7978	-71.4261	2018	May
1328	2018-05-24	732683	18:13:00	Pedestrian	1	NA	FALSE	FALSE	1	ADELAIDE AVE	BROAD ST	2018-05-24	Two-Way, Divided, Unprotected (painted>4feet) Medium	Dry	Daylight	Clear	Not a Collision Between Two Motor Vehicles in Transport	No	Traffic Control Signal	3	1	Incapacitating	1	41.79885	-71.41547	FALSE	FALSE	Adelaide Ave and Broad Street, Providence, RI, USA	FALSE	-71.4154791	41.7988681	intersection	geometric_center	adelaide ave & broad st, providence, ri 02905, usa	NA	NA	NA	NA	41.7988681	-71.4154791	Med High	2.151757122	Raw	NA	NA	NA	NA	FALSE	41.79885	-71.41547	2018	May
1327	2018-05-25	732689	01:00:00	Pedestrian	1	NA	FALSE	FALSE	1	WESTMINSTER ST	CAHIR ST	2018-05-25	Two-Way , Not Divided	Dry	Dark - Lighted	Clear	Not a Collision Between Two Motor Vehicles in Transport	Yes	Traffic Control Signal	1	1	Pain Reported	NA	41.81822	-71.42018	FALSE	FALSE	Westminster Street and Cahir Street, Providence, RI, USA	FALSE	-71.4201851	41.8182066	intersection	geometric_center	cahir st & westminster st, providence, ri 02903, usa	NA	NA	NA	NA	41.8182066	-71.4201851	Med High	1.550526811	Raw	NA	NA	NA	NA	FALSE	41.81822	-71.42018	2018	May
1324	2018-05-26	733061	15:35:00	Pedestrian	1	NA	FALSE	FALSE	1	VALLEY ST	ATWELLS AVE	2018-05-26	Two-Way , Not Divided	Dry	Daylight	Clear	Not a Collision Between Two Motor Vehicles in Transport	Yes	Traffic Control Signal	2	1	Pain Reported	NA	41.82469	-71.43945	FALSE	FALSE	Valley Street and Atwells Ave, Providence, RI, USA	FALSE	-71.4394736	41.8245768	intersection	geometric_center	valley st & atwells ave, providence, ri 02908, usa	NA	NA	NA	NA	41.8245768	-71.4394736	Med High	12.75253265	Raw	NA	NA	NA	NA	FALSE	41.82469	-71.43945	2018	May
1325	2018-05-26	733161	12:29:00	Bicycle	NA	1	FALSE	FALSE	1	387 CHARLES ST	EXIT  (RT )	2018-05-27	Two-Way , Not Divided	Dry	Daylight	Clear	Not a Collision Between Two Motor Vehicles in Transport	Yes	Traffic Control Signal	1	1	Pain Reported	NA	41.84224	-71.41786	TRUE	FALSE	387 Charles Street, Providence, RI, USA	FALSE	-71.417562	41.843616	street_address	rooftop	387 charles st, providence, ri 02904, usa	NA	NA	NA	NA	41.843616	-71.417562	High	155.1564225	Raw	distance greater than 100m	NA	NA	NA	TRUE	41.84224	-71.41786	2018	May
1326	2018-05-26	733233	10:25:00	Pedestrian	2	NA	FALSE	FALSE	1	DEXTERDALE RD	CAMP ST	2018-05-28	Two-Way , Not Divided	Dry	Daylight	Cloudy	Other	Yes	No Controls	4	1	Pain Reported	NA	41.84786	-71.40251	FALSE	FALSE	Dexterdale Rd and Camp Street, Providence, RI, USA	FALSE	-71.400772	41.84774	intersection	geometric_center	dexterdale rd & camp st, providence, ri 02906, usa	NA	NA	NA	NA	41.84774	-71.400772	Med High	144.7398017	Raw	distance greater than 100m	NA	NA	NA	TRUE	41.84786	-71.40251	2018	May
1321	2018-05-28	733252	17:13:00	Pedestrian	3	NA	FALSE	FALSE	1	Pavilion Ave	PRAIRIE AVE	2018-05-28	Two-Way , Not Divided	Dry	Daylight	Clear	Not a Collision Between Two Motor Vehicles in Transport	No	No Controls	6	3	Non-Incapacitating	NA	41.79519	-71.41005	FALSE	FALSE	Pavilion Ave and Prairie Ave, Providence, RI, USA	FALSE	-71.4103223	41.7950392	intersection	geometric_center	pavilion ave & prairie ave, providence, ri 02905, usa	NA	NA	NA	NA	41.7950392	-71.4103223	Med High	28.15153658	Raw	NA	NA	NA	NA	FALSE	41.79519	-71.41005	2018	May
1322	2018-05-28	733270	19:42:00	Bicycle	NA	1	FALSE	FALSE	1	SMITH ST	ORMS ST	2018-05-28	Two-Way , Not Divided	Dry	Dusk	Clear	Not a Collision Between Two Motor Vehicles in Transport	No	Traffic Control Signal	4	1	Non-Incapacitating	NA	41.83377	-71.42198	FALSE	FALSE	Smith Street and Orms Street, Providence, RI, USA	FALSE	-71.4219437	41.8337775	intersection	geometric_center	orms st & smith st, providence, ri 02904, usa	NA	NA	NA	NA	41.8337775	-71.4219437	Med High	3.124418663	Raw	NA	NA	NA	NA	FALSE	41.83377	-71.42198	2018	May
1323	2018-05-28	733290	23:09:00	Pedestrian	1	NA	FALSE	FALSE	1	WEST FRANKLIN STREET	FRIENDSHIP ST	2018-05-29	One-Way Trafficway	Dry	Dark - Lighted	Clear	Not a Collision Between Two Motor Vehicles in Transport	No	Traffic Control Signal	3	2	Incapacitating	NA	41.81638	-71.41587	FALSE	FALSE	West Franklin Street and Friendship Street, Providence, RI, USA	FALSE	-71.412506	41.8188374	route	geometric_center	friendship st, providence, ri, usa	West Franklin Street & Friendship Street, Providence, RI, USA	Ej1XZXN0IEZyYW5rbGluIFN0cmVldCAmIEZyaWVuZHNoaXAgU3RyZWV0LCBQcm92aWRlbmNlLCBSSSwgVVNBImYiZAoUChIJvyxZ0m1F5IkRMsaj8d5LlEcSFAoSCb8sWdJtReSJETLGo_HeS5RHGhQKEgkt5vwybEXkiRFl9LX3c9WSQRoUChIJL5ZgT2xF5IkRF4JBJvEmvYYiCg33mewYFTfkbtU	41.8159095	-71.4152905	41.8159095	-71.4152905	Med	71.09674409	Raw	NA	NA	NA	NA	FALSE	41.81638	-71.41587	2018	May
1320	2018-05-30	733789	15:58:00	Pedestrian	1	NA	FALSE	FALSE	1	POINT ST	GLOBE ST	2018-05-30	Two-Way, Divided, Unprotected (painted>4feet) Medium	Dry	Daylight	Clear	Not a Collision Between Two Motor Vehicles in Transport	No	Stop Signs	2	0	No Injury	NA	41.81566	-71.4095	FALSE	FALSE	Point Street and Globe Street, Providence, RI, USA	FALSE	-71.4072712	41.8145617	route	geometric_center	globe st, providence, ri 02903, usa	NA	NA	NA	NA	41.8145617	-71.4072712	Med	221.6795483	Raw	distance greater than 100m	NA	NA	NA	TRUE	41.81566	-71.4095	2018	May
1319	2018-05-31	734588	15:57:00	Pedestrian	1	NA	FALSE	FALSE	1	135 Harris Avenue	135 Harris Avenue	2018-05-31	Two-Way, Divided, Positive Median Barrier	Dry	Daylight	Clear	Not a Collision Between Two Motor Vehicles in Transport	Yes	No Controls	2	1	Non-Incapacitating	2	41.82687	-71.42475	TRUE	FALSE	135 Harris Avenue, Providence, RI, USA	FALSE	-71.4250204	41.8271189	premise	rooftop	135 harris ave, providence, ri 02903, usa	NA	NA	NA	NA	41.8271189	-71.4250204	High	35.6483432	Raw	NA	NA	NA	NA	FALSE	41.82687	-71.42475	2018	May
1318	2018-06-05	735788	19:48:00	Bicycle	NA	1	FALSE	FALSE	1	MANTON AVE	DELAINE ST	2018-06-05	Two-Way , Not Divided	Dry	Dark - Lighted	Cloudy	Not a Collision Between Two Motor Vehicles in Transport	Yes	Traffic Control Signal	1	1	Pain Reported	NA	41.81795	-71.44465	FALSE	FALSE	Manton Ave and Delaine Street, Providence, RI, USA	FALSE	-71.4446349	41.8179569	intersection	geometric_center	delaine st & manton ave, providence, ri 02909, usa	NA	NA	NA	NA	41.8179569	-71.4446349	Med High	1.469467929	Raw	NA	NA	NA	NA	FALSE	41.81795	-71.44465	2018	June
1316	2018-06-06	735975	18:00:00	Pedestrian	1	NA	FALSE	FALSE	1	BROOM ST	EDDY ST	2018-06-06	Two-Way, Not Divided With a Continuous Left Turn Lane	Dry	Daylight	Cloudy	Not a Collision Between Two Motor Vehicles in Transport	Yes	Stop Signs	2	1	Pain Reported	NA	41.79052	-71.40477	FALSE	FALSE	Broom Street and Eddy Street, Providence, RI, USA	FALSE	-71.4032824	41.7907663	intersection	geometric_center	eddy st & broom st, providence, ri 02905, usa	NA	NA	NA	NA	41.7907663	-71.4032824	Med High	126.4756727	Raw	distance greater than 100m	NA	NA	NA	TRUE	41.79052	-71.40477	2018	June
1317	2018-06-06	735982	14:45:00	Pedestrian	1	NA	FALSE	FALSE	1	Dexter Street	WALDO ST	2018-06-06	Two-Way, Divided, Unprotected (painted>4feet) Medium	Dry	Daylight	Clear	Not a Collision Between Two Motor Vehicles in Transport	No	No Controls	4	1	Non-Incapacitating	1	41.80467	-71.4299	FALSE	FALSE	Dexter Street and Waldo Street, Providence, RI, USA	FALSE	-71.4299549	41.80455	intersection	geometric_center	dexter st & waldo st, providence, ri 02907, usa	NA	NA	NA	NA	41.80455	-71.4299549	Med High	14.11377862	Raw	NA	NA	NA	NA	FALSE	41.80467	-71.4299	2018	June
1315	2018-06-07	736163	23:36:00	Bicycle	NA	1	FALSE	FALSE	1	ELMWOOD AVE	BISSELL ST	2018-06-08	Two-Way, Divided, Unprotected (painted>4feet) Medium	Dry	Dark - Lighted	Clear	Angle - Direction Not Specified	No	No Controls	3	1	Pain Reported	4	41.77744	-71.42118	FALSE	FALSE	Elmwood Ave and Bissell Street, Providence, RI, USA	FALSE	-71.4211644	41.7774396	intersection	geometric_center	bissell st & elmwood ave, providence, ri 02907, usa	NA	NA	NA	NA	41.7774396	-71.4211644	Med High	1.29580268	Raw	NA	NA	NA	NA	FALSE	41.77744	-71.42118	2018	June
1314	2018-06-09	736288	08:45:00	Pedestrian	1	NA	FALSE	FALSE	1	195 EAST ON-RAMP	SOUTH MAIN ST	2018-06-09	One-Way Trafficway	Dry	Daylight	Clear	Not a Collision Between Two Motor Vehicles in Transport	No	Other	3	1	Pain Reported	NA	41.81686	-71.39849	TRUE	FALSE	195 East On-Ramp, Providence, RI, USA	FALSE	-71.4343599	41.8503946	route	geometric_center	easton st, providence, ri 02908, usa	NA	NA	NA	NA	41.8503946	-71.4343599	High	4773.587484	Raw	distance greater than 100m	NA	NA	NA	TRUE	41.81686	-71.39849	2018	June
1313	2018-06-10	736400	12:16:00	Pedestrian	1	NA	FALSE	FALSE	1	EDDY ST	BAY ST	2018-06-10	Two-Way , Not Divided	Dry	Daylight	Clear	Not a Collision Between Two Motor Vehicles in Transport	No	No Controls	5	1	Pain Reported	NA	41.8062	-71.40724	FALSE	FALSE	Eddy Street and Bay Street, Providence, RI, USA	FALSE	-71.4072274	41.8059506	intersection	geometric_center	eddy st & bay st, providence, ri 02905, usa	NA	NA	NA	NA	41.8059506	-71.4072274	Med High	27.78276063	Raw	NA	NA	NA	NA	FALSE	41.8062	-71.40724	2018	June
1311	2018-06-13	737003	10:06:00	Pedestrian	1	NA	FALSE	FALSE	1	N MAIN ST	WASHINGTON PL	2018-06-13	One-Way Trafficway	Dry	Daylight	Cloudy	Not a Collision Between Two Motor Vehicles in Transport	No	Traffic Control Signal	2	1	Pain Reported	NA	41.82688	-71.4087	FALSE	FALSE	N Main Street and Washington Pl, Providence, RI, USA	FALSE	-71.4095172	41.8266915	route	geometric_center	washington pl, providence, ri 02903, usa	North Main Street & Washington Pl, Providence, RI, USA	EjZOb3J0aCBNYWluIFN0cmVldCAmIFdhc2hpbmd0b24gUGwsIFByb3ZpZGVuY2UsIFJJLCBVU0EiZiJkChQKEgkLfcKlF0XkiREJCfAxkaCQ-BIUChIJC33CpRdF5IkRCQnwMZGgkPgaFAoSCfn6QT3eROSJEV_Xrb4NXCM_GhQKEgmVT7TjFkXkiRHZpDRMZVf8VSIKDTJJ7hgVq-Rv1Q	41.826949	-71.4087253	41.826949	-71.4087253	Med	7.962590074	Raw	NA	NA	NA	NA	FALSE	41.82688	-71.4087	2018	June
1312	2018-06-13	737021	14:18:00	Bicycle	NA	1	FALSE	FALSE	1	Broad St	BROAD ST	2018-06-13	Two-Way , Not Divided	Wet	Daylight	Clear	Not a Collision Between Two Motor Vehicles in Transport	No	No Controls	3	1	Pain Reported	NA	41.80158	-71.41841	FALSE	FALSE	Broad Street and Broad Street, Providence, RI, USA	FALSE	-71.4101636	41.7945838	route	geometric_center	broad st, providence, ri, usa	NA	NA	NA	NA	41.7945838	-71.4101636	Med	1036.770898	Raw	distance greater than 100m	NA	NA	NA	TRUE	41.80158	-71.41841	2018	June
1308	2018-06-14	737096	00:24:00	Pedestrian	1	NA	FALSE	FALSE	1	SMITH ST	YOUNG AVE	2018-06-14	Two-Way , Not Divided	Dry	Dark - Lighted	Clear	Other	No	No Controls	4	2	Incapacitating	2	41.83575	-71.42697	FALSE	FALSE	Smith Street and Young Ave, Providence, RI, USA	FALSE	-71.4273276	41.8353693	route	geometric_center	young ave, providence, ri 02908, usa	Smith Street & Young Ave, Providence, RI, USA	Ei1TbWl0aCBTdHJlZXQgJiBZb3VuZyBBdmUsIFByb3ZpZGVuY2UsIFJJLCBVU0EiZiJkChQKEgmHsuAlB0XkiRFNxEOx3vM3lxIUChIJh7LgJQdF5IkRTcRDsd7zN5caFAoSCbWucExLROSJESG1ozC4jKuEGhQKEgmxPlQfB0XkiRHPt4UM176hayIKDeyn7xgVzgxt1Q	41.8359276	-71.4273586	41.8359276	-71.4273586	Med	37.81084518	Raw	NA	NA	NA	NA	FALSE	41.83575	-71.42697	2018	June
1309	2018-06-14	737147	17:04:00	Bicycle	NA	1	FALSE	FALSE	1	salmon st	MANTON AVE	2018-06-14	Two-Way , Not Divided	Dry	Daylight	Clear	Not a Collision Between Two Motor Vehicles in Transport	No	Stop Signs	2	1	Pain Reported	NA	41.82509	-71.45394	FALSE	FALSE	Salmon Street and Manton Ave, Providence, RI, USA	FALSE	-71.4539247	41.8251097	intersection	geometric_center	salmon st & manton ave, providence, ri 02909, usa	NA	NA	NA	NA	41.8251097	-71.4539247	Med High	2.533784124	Raw	NA	NA	NA	NA	FALSE	41.82509	-71.45394	2018	June
1310	2018-06-14	737157	22:57:00	Bicycle	NA	1	FALSE	FALSE	1	WESTMINSTER ST	CAHIR ST	2018-06-14	Two-Way , Not Divided	Dry	Dark - Lighted	Clear	Not a Collision Between Two Motor Vehicles in Transport	No	Traffic Control Signal	2	0	No Injury	NA	41.81822	-71.42018	FALSE	FALSE	Westminster Street and Cahir Street, Providence, RI, USA	FALSE	-71.4201851	41.8182066	intersection	geometric_center	cahir st & westminster st, providence, ri 02903, usa	NA	NA	NA	NA	41.8182066	-71.4201851	Med High	1.550526811	Raw	NA	NA	NA	NA	FALSE	41.81822	-71.42018	2018	June
1307	2018-06-16	737250	11:51:00	Bicycle	NA	1	FALSE	FALSE	1	HOPE ST	OVERHILL RD	2018-06-16	Two-Way , Not Divided	Dry	Daylight	Clear	Not a Collision Between Two Motor Vehicles in Transport	No	No Controls	2	1	Pain Reported	NA	41.8512	-71.39396	FALSE	FALSE	Hope Street and Overhill Rd, Providence, RI, USA	FALSE	-71.3939451	41.8512056	intersection	geometric_center	hope st & overhill rd, providence, ri 02906, usa	NA	NA	NA	NA	41.8512056	-71.3939451	Med High	1.383864814	Raw	NA	NA	NA	NA	FALSE	41.8512	-71.39396	2018	June
1306	2018-06-17	737391	16:46:00	Pedestrian	1	NA	FALSE	FALSE	1	Orms St	CANDACE ST	2018-06-17	Two-Way , Not Divided	Dry	Daylight	Clear	Not a Collision Between Two Motor Vehicles in Transport	No	Traffic Control Signal	5	1	Pain Reported	NA	41.83378	-71.42189	FALSE	FALSE	Orms Street and Candace Street, Providence, RI, USA	FALSE	-71.421862	41.8337901	intersection	geometric_center	candace st & orms st, providence, ri 02908, usa	NA	NA	NA	NA	41.8337901	-71.421862	Med High	2.580227262	Raw	NA	NA	NA	NA	FALSE	41.83378	-71.42189	2018	June
1305	2018-06-18	737515	14:59:00	Bicycle	NA	1	FALSE	FALSE	1	Washington Street	Snow Street	2018-06-18	Two-Way, Divided, Unprotected (painted>4feet) Medium	Dry	Daylight	Clear	Not a Collision Between Two Motor Vehicles in Transport	No	Stop Signs	3	1	Non-Incapacitating	1	41.82252	-71.4155	FALSE	FALSE	Washington Street and Snow Street, Providence, RI, USA	FALSE	-71.4154294	41.8225898	intersection	geometric_center	snow st & washington st, providence, ri 02903, usa	NA	NA	NA	NA	41.8225898	-71.4154294	Med High	9.730158137	Raw	NA	NA	NA	NA	FALSE	41.82252	-71.4155	2018	June
1304	2018-06-19	737593	17:27:00	Bicycle	NA	1	FALSE	FALSE	1	Lowell Avenue	Nye Street	2018-06-19	Two-Way, Divided, Unprotected (painted>4feet) Medium	Dry	Daylight	Clear	Not a Collision Between Two Motor Vehicles in Transport	Yes	No Controls	1	1	Non-Incapacitating	1	41.81703	-71.46038	FALSE	FALSE	Lowell Avenue and Nye Street, Providence, RI, USA	FALSE	-71.460381	41.817028	intersection	geometric_center	nye st & lowell ave, providence, ri 02909, usa	NA	NA	NA	NA	41.817028	-71.460381	Med High	0.237594472	Raw	NA	NA	NA	NA	FALSE	41.81703	-71.46038	2018	June
1303	2018-06-20	737684	17:27:00	Bicycle	NA	1	FALSE	FALSE	1	Wood St	ELLERY ST	2018-06-20	Two-Way , Not Divided	Dry	Daylight	Clear	Not a Collision Between Two Motor Vehicles in Transport	No	No Controls	3	1	Non-Incapacitating	NA	41.81257	-71.43793	FALSE	FALSE	Wood Street and Ellery Street, Providence, RI, USA	FALSE	-71.4380949	41.8125719	intersection	geometric_center	ellery st & wood st, providence, ri 02909, usa	NA	NA	NA	NA	41.8125719	-71.4380949	Med High	13.68334279	Raw	NA	NA	NA	NA	FALSE	41.81257	-71.43793	2018	June
1301	2018-06-21	737782	15:45:00	Pedestrian	1	NA	FALSE	FALSE	1	PRAIRIE AVE	COLFAX ST	2018-06-21	Two-Way , Not Divided	Dry	Daylight	Clear	Not a Collision Between Two Motor Vehicles in Transport	Yes	Stop Signs	4	1	Incapacitating	NA	41.79959	-71.41228	FALSE	FALSE	Prairie Ave and Colfax Street, Providence, RI, USA	FALSE	-71.4122468	41.799533	intersection	geometric_center	prairie ave & colfax st, providence, ri 02905, usa	NA	NA	NA	NA	41.799533	-71.4122468	Med High	6.917555765	Raw	NA	NA	NA	NA	FALSE	41.79959	-71.41228	2018	June
1302	2018-06-21	737803	19:20:00	Pedestrian	1	NA	FALSE	FALSE	1	ORMS ST	ORMS ST EXIT  / DOUGLAS AVE	2018-06-21	Two-Way , Not Divided	Dry	Daylight	Clear	Other	No	No Controls	3	0	No Injury	2	41.83457	-71.41674	FALSE	FALSE	Orms Street and Orms St Exit  / Douglas Ave, Providence, RI, USA	FALSE	-71.4323426	41.84894	route	geometric_center	douglas ave, providence, ri, usa	NA	NA	NA	NA	41.84894	-71.4323426	Med	2057.48175	Raw	distance greater than 100m	NA	NA	NA	TRUE	41.83457	-71.41674	2018	June
1300	2018-06-23	738248	23:28:00	Pedestrian	1	NA	FALSE	FALSE	1	Allens Ave	Georgia Ave	2018-06-24	Two-Way , Not Divided	Dry	Dark - Lighted	Clear	Not a Collision Between Two Motor Vehicles in Transport	No	No Controls	2	1	Pain Reported	NA	41.79254	-71.39717	FALSE	FALSE	Allens Ave and Georgia Ave, Providence, RI, USA	FALSE	-71.3970245	41.792156	intersection	geometric_center	georgia ave & allens ave, providence, ri 02905, usa	NA	NA	NA	NA	41.792156	-71.3970245	Med High	44.41966386	Raw	NA	NA	NA	NA	FALSE	41.79254	-71.39717	2018	June
1299	2018-06-25	738376	07:42:00	Bicycle	NA	1	FALSE	FALSE	1	POCASSET AVE	MAGNOLIA ST	2018-06-25	Two-Way , Not Divided	Dry	Daylight	Clear	Not a Collision Between Two Motor Vehicles in Transport	No	Traffic Control Signal	3	1	Pain Reported	NA	41.81192	-71.44995	FALSE	FALSE	Pocasset Ave and Magnolia Street, Providence, RI, USA	FALSE	-71.4499342	41.8119098	intersection	geometric_center	pocasset ave & magnolia st, providence, ri 02909, usa	NA	NA	NA	NA	41.8119098	-71.4499342	Med High	1.734306082	Raw	NA	NA	NA	NA	FALSE	41.81192	-71.44995	2018	June
1298	2018-06-26	738386	11:43:00	Pedestrian	1	NA	FALSE	FALSE	1	COLFAX ST	BROAD ST	2018-06-25	Two-Way , Not Divided	Dry	Daylight	Clear	Not a Collision Between Two Motor Vehicles in Transport	Yes	Pavement Markings	1	1	Non-Incapacitating	NA	41.79888	-71.4155	FALSE	FALSE	Colfax Street and Broad Street, Providence, RI, USA	FALSE	-71.4154791	41.7988681	intersection	geometric_center	broad st & colfax st, providence, ri 02905, usa	NA	NA	NA	NA	41.7988681	-71.4154791	Med High	2.182455177	Raw	NA	NA	NA	NA	FALSE	41.79888	-71.4155	2018	June
1296	2018-06-27	738745	13:17:00	Pedestrian	1	NA	FALSE	FALSE	1	HARWOL CT	SHILOH ST	2018-06-27	Two-Way , Not Divided	Dry	Daylight	Clear	Not a Collision Between Two Motor Vehicles in Transport	Yes	No Controls	1	1	Pain Reported	NA	41.85269	-71.43442	FALSE	FALSE	Harwol Ct and Shiloh Street, Providence, RI, USA	FALSE	-71.4343294	41.8529599	intersection	geometric_center	shiloh st & harwol ct, providence, ri 02904, usa	NA	NA	NA	NA	41.8529599	-71.4343294	Med High	30.97006609	Raw	NA	NA	NA	NA	FALSE	41.85269	-71.43442	2018	June
1297	2018-06-27	738846	17:21:00	Pedestrian	1	NA	FALSE	FALSE	1	60 Prairie Ave	PROVIDENCE ST	2018-06-27	Two-Way , Not Divided	Dry	Daylight	Clear	Not a Collision Between Two Motor Vehicles in Transport	No	No Controls	3	1	Non-Incapacitating	NA	41.81352	-71.41521	TRUE	FALSE	60 Prairie Ave, Providence, RI, USA	FALSE	-71.4149313	41.811976	premise	rooftop	60 prairie ave, providence, ri 02905, usa	NA	NA	NA	NA	41.811976	-71.4149313	High	173.4257909	Raw	distance greater than 100m	NA	NA	NA	TRUE	41.81352	-71.41521	2018	June
1295	2018-06-28	739020	12:56:00	Pedestrian	1	NA	FALSE	FALSE	1	Broad St	Peace St	2018-06-28	Two-Way , Not Divided	Wet	Daylight	Rain	Not a Collision Between Two Motor Vehicles in Transport	No	No Controls	4	1	Pain Reported	NA	41.80662	-71.42009	FALSE	FALSE	Broad Street and Peace Street, Providence, RI, USA	FALSE	-71.4249572	41.8065686	route	geometric_center	peace st, providence, ri 02907, usa	Broad Street & Peace Street, Providence, RI, USA	EjBCcm9hZCBTdHJlZXQgJiBQZWFjZSBTdHJlZXQsIFByb3ZpZGVuY2UsIFJJLCBVU0EiZiJkChQKEgnpoEJie0XkiRHsfhZGYc_RJxIUChIJ6aBCYntF5IkR7H4WRmHP0ScaFAoSCYPefdWMT-SJESyiypOYSwijGhQKEgnFN4-lfkXkiREgUJPI5CKyXSIKDQQv6xgVOCpu1Q	41.806618	-71.420052	41.806618	-71.420052	Med	3.160992929	Raw	NA	NA	NA	NA	FALSE	41.80662	-71.42009	2018	June
1293	2018-06-29	739095	11:12:00	Pedestrian	1	NA	FALSE	FALSE	1	eddy Stree	I 195 RELOCATION	2018-06-29	Two-Way , Not Divided	Dry	Daylight	Clear	Not a Collision Between Two Motor Vehicles in Transport	Yes	Traffic Control Signal	1	1	Pain Reported	NA	41.80944	-71.40722	FALSE	FALSE	Eddy Stree and I 195 Relocation, Providence, RI, USA	FALSE	-71.4072274	41.8059506	route	geometric_center	eddy st, providence, ri, usa	NA	NA	NA	NA	41.8059506	-71.4072274	Med	388.4387165	Raw	distance greater than 100m	NA	NA	NA	TRUE	41.80944	-71.40722	2018	June
1294	2018-06-29	739196	17:12:00	Pedestrian	3	NA	FALSE	FALSE	1	Chalkstone Ave	GRAY ST	2018-06-29	Two-Way , Not Divided	Dry	Daylight	Clear	Not a Collision Between Two Motor Vehicles in Transport	No	Stop Signs	5	3	Pain Reported	NA	41.83238	-71.45309	FALSE	FALSE	Chalkstone Ave and Gray Street, Providence, RI, USA	FALSE	-71.4530608	41.8323979	intersection	geometric_center	gray st & chalkstone ave, providence, ri 02909, usa	NA	NA	NA	NA	41.8323979	-71.4530608	Med High	3.13631166	Raw	NA	NA	NA	NA	FALSE	41.83238	-71.45309	2018	June
1292	2018-07-06	740887	22:30:00	Bicycle	NA	1	FALSE	FALSE	1	MANTON AVE	CHAFFEE ST	2018-07-07	Two-Way , Not Divided	Dry	Dark - Unknown Lighting	Clear	Not a Collision Between Two Motor Vehicles in Transport	Yes	No Controls	1	1	Incapacitating	2	41.81874	-71.44566	FALSE	FALSE	Manton Ave and Chaffee Street, Providence, RI, USA	FALSE	-71.4456512	41.8187415	intersection	geometric_center	chaffee st & manton ave, providence, ri 02909, usa	NA	NA	NA	NA	41.8187415	-71.4456512	Med High	0.748915511	Raw	NA	NA	NA	NA	FALSE	41.81874	-71.44566	2018	July
1290	2018-07-07	740924	12:06:00	Bicycle	NA	1	FALSE	FALSE	1	WILLIAMS ST	HOPE ST	2018-07-07	Two-Way , Not Divided	Dry	Daylight	Clear	Not a Collision Between Two Motor Vehicles in Transport	No	Stop Signs	2	1	Pain Reported	2	41.82258	-71.39684	FALSE	FALSE	Williams Street and Hope Street, Providence, RI, USA	FALSE	-71.3993016	41.8403661	route	geometric_center	hope st, providence, ri, usa	Williams Street & Hope Street, Providence, RI, USA	EjJXaWxsaWFtcyBTdHJlZXQgJiBIb3BlIFN0cmVldCwgUHJvdmlkZW5jZSwgUkksIFVTQSJmImQKFAoSCfm4vDE6ReSJERawglHB4kylEhQKEgn5uLwxOkXkiREWsIJRweJMpRoUChIJzxVmLTpF5IkR1tErWWsxKgsaFAoSCZGjyQXFROSJEWvhPdV4ApYhIgoN5J7tGBV6tnHV	41.8225892	-71.3968006	41.8225892	-71.3968006	Med	3.425190279	Raw	NA	NA	NA	NA	FALSE	41.82258	-71.39684	2018	July