row_number	crash_date	crash_report_id	crash_time	collision_type	count_pedestrian	count_bicycle	scooter	wheel_chair	number_of_vehicles	street_or_highway	nearest_intersection	report_date	type_of_roadway	road_surface_condition	light_condition	weather_condition	manner_of_impact	hit_and_run	traffic_control	person_count	injury_count	most_serious_injury	number_of_lanes	lat_raw	lon_raw	has_st_number	is_intersection_null	address_sent_to_geocoder	is_address_blank	lon_api_first_try	lat_api_first_try	type	loctype	address_returned_by_geocoder	address_returned_by_autocomplete	place_ids_autocompleted	lat_api_second_try	lon_api_second_try	lat_api_best	lon_api_best	api_coord_conf	distance_btwn_coords_meters	best_coordinate_set	reason_for_qa	correct_coordinates	corrected_lat	corrected_lon	manually_qaed_record	final_lat	final_lon	year	month
1210	2018-09-25	748510	19:47:00	Pedestrian	1	NA	FALSE	FALSE	1	FRICKER ST	BROAD ST	2018-09-25	Two-Way , Not Divided	Wet	Dark - Lighted	Rain	Angle - Direction Not Specified	Yes	Pavement Markings	3	1	Incapacitating	2	41.81537	-71.42074	FALSE	FALSE	Fricker Street and Broad Street, Providence, RI, USA	FALSE	-71.4206156	41.8153842	intersection	geometric_center	fricker st & broad st, providence, ri 02903, usa	NA	NA	NA	NA	41.8153842	-71.4206156	Med High	10.44133114	Raw	NA	NA	NA	NA	FALSE	41.81537	-71.42074	2018	September
1211	2018-09-25	748576	03:58:00	Pedestrian	1	NA	FALSE	FALSE	1	172 Roanoke Street	CARLETON ST	2018-09-26	Two-Way , Not Divided	Dry	Daylight	Rain	Not a Collision Between Two Motor Vehicles in Transport	Yes	No Controls	1	0	No Injury	NA	41.83139	-71.44787	TRUE	FALSE	172 Roanoke Street, Providence, RI, USA	FALSE	-71.4511285	41.8309595	street_address	rooftop	172 roanoke st, providence, ri 02908, usa	NA	NA	NA	NA	41.8309595	-71.4511285	High	274.4940577	Raw	distance greater than 100m	NA	NA	NA	TRUE	41.83139	-71.44787	2018	September
1203	2018-09-27	748620	08:22:00	Bicycle	NA	1	FALSE	FALSE	1	DOYLE AVE	HOPE ST	2018-09-27	Two-Way, Divided, Unprotected (painted>4feet) Medium	Dry	Daylight	Clear	Angle (Front - to - Side) Right Angle (Includes Broadside)	No	Traffic Control Signal	8	1	Pain Reported	2	41.83877	-71.4001	FALSE	FALSE	Doyle Ave and Hope Street, Providence, RI, USA	FALSE	-71.4000972	41.8387695	intersection	geometric_center	hope st & doyle ave, providence, ri 02906, usa	NA	NA	NA	NA	41.8387695	-71.4000972	Med High	0.238797456	Raw	NA	NA	NA	NA	FALSE	41.83877	-71.4001	2018	September
1204	2018-09-27	748629	10:30:00	Pedestrian	1	NA	FALSE	FALSE	1	274 Mount Pleasant Ave	MANOMET ST	2018-09-27	Two-Way , Not Divided	Dry	Daylight	Clear	Not a Collision Between Two Motor Vehicles in Transport	No	No Controls	3	1	Pain Reported	NA	41.83393	-71.45004	TRUE	FALSE	274 Mount Pleasant Ave, Providence, RI, USA	FALSE	-71.4503497	41.8339372	street_address	rooftop	274 mt pleasant ave, providence, ri 02908, usa	NA	NA	NA	NA	41.8339372	-71.4503497	High	25.69965424	Raw	NA	NA	NA	NA	FALSE	41.83393	-71.45004	2018	September
1205	2018-09-27	748631	12:17:00	Pedestrian	1	NA	FALSE	FALSE	1	80 Dexter St	DIVISION ST	2018-09-27	Two-Way, Divided, Unprotected (painted>4feet) Medium	Dry	Daylight	Clear	Not a Collision Between Two Motor Vehicles in Transport	Yes	No Controls	4	1	Pain Reported	NA	41.81452	-71.43044	TRUE	FALSE	80 Dexter Street, Providence, RI, USA	FALSE	-71.4301451	41.8144042	premise	rooftop	80 dexter st, providence, ri 02909, usa	NA	NA	NA	NA	41.8144042	-71.4301451	High	27.65518382	Raw	NA	NA	NA	NA	FALSE	41.81452	-71.43044	2018	September
1206	2018-09-27	748636	13:06:00	Pedestrian	1	NA	FALSE	FALSE	1	ASHBURTON ST	ASHBURTON ST	2018-09-27	One-Way Trafficway	Dry	Daylight	Clear	Not a Collision Between Two Motor Vehicles in Transport	No	No Controls	4	1	Pain Reported	NA	41.83665	-71.41407	FALSE	FALSE	Ashburton Street and Ashburton Street, Providence, RI, USA	FALSE	171.7447855	-43.905386	locality	approximate	ashburton, new zealand	NA	NA	NA	NA	-43.905386	171.7447855	Med	15008478.05	Raw	distance greater than 100m	NA	NA	NA	TRUE	41.83665	-71.41407	2018	September
1207	2018-09-27	748664	16:17:00	Pedestrian	1	NA	FALSE	FALSE	1	GANO ST	ANGELL ST	2018-09-27	Two-Way , Not Divided	Dry	Daylight	Clear	Other	No	Pavement Markings	3	1	Pain Reported	2	41.82955	-71.39097	FALSE	FALSE	Gano Street and Angell Street, Providence, RI, USA	FALSE	-71.3909687	41.8295909	intersection	geometric_center	gano st & angell st, providence, ri 02906, usa	NA	NA	NA	NA	41.8295909	-71.3909687	Med High	4.554243936	Raw	NA	NA	NA	NA	FALSE	41.82955	-71.39097	2018	September
1200	2018-09-29	748894	23:48:00	Pedestrian	1	NA	FALSE	FALSE	1	BROAD ST	ELMWOOD AVE	2018-09-30	One-Way Trafficway	Dry	Dark - Lighted	Clear	Other	No	Traffic Control Signal	3	0	No Injury	3	41.81286	-71.42197	FALSE	FALSE	Broad Street and Elmwood Ave, Providence, RI, USA	FALSE	-71.4229658	41.7920613	route	geometric_center	elmwood ave, providence, ri, usa	Broad Street & Elmwood Ave, Providence, RI, USA	Ei9Ccm9hZCBTdHJlZXQgJiBFbG13b29kIEF2ZSwgUHJvdmlkZW5jZSwgUkksIFVTQSJmImQKFAoSCakle_JwReSJEUzVUWp9I7srEhQKEgmpJXvycEXkiRFM1VFqfSO7KxoUChIJg9591YxP5IkRLKLKk5hLCKMaFAoSCXfQbe2jT-SJEfE86TMHz6HvIgoNRSrsGBVD3m3V	41.8130501	-71.4219965	41.8130501	-71.4219965	Med	21.2757487	Raw	NA	NA	NA	NA	FALSE	41.81286	-71.42197	2018	September
1201	2018-09-29	748948	02:13:00	Bicycle	NA	1	FALSE	FALSE	1	BUCKLIN ST	REDWING ST	2018-10-01	Two-Way , Not Divided	Dry	Dark - Lighted	Clear	Not a Collision Between Two Motor Vehicles in Transport	Yes	Stop Signs	3	1	Pain Reported	NA	41.79923	-71.42774	FALSE	FALSE	Bucklin Street and Redwing Street, Providence, RI, USA	FALSE	-71.4277346	41.7992422	intersection	geometric_center	bucklin st & redwing st, providence, ri 02907, usa	NA	NA	NA	NA	41.7992422	-71.4277346	Med High	1.430122339	Raw	NA	NA	NA	NA	FALSE	41.79923	-71.42774	2018	September
1202	2018-09-29	749444	23:57:00	Pedestrian	1	NA	FALSE	FALSE	1	Manton	HILLARD ST	2018-10-06	Two-Way , Not Divided	Dry	Dark - Lighted	Clear	Other	No	No Controls	3	1	Pain Reported	NA	41.8201	-71.44685	FALSE	FALSE	Manton and Hillard Street, Providence, RI, USA	FALSE	-71.4469052	41.8201569	intersection	geometric_center	hillard st & manton ave, providence, ri 02909, usa	NA	NA	NA	NA	41.8201569	-71.4469052	Med High	7.816095987	Raw	NA	NA	NA	NA	FALSE	41.8201	-71.44685	2018	September
1197	2018-10-01	749010	13:12:00	Bicycle	NA	1	FALSE	FALSE	1	WILLIAMS ST	S WATER ST	2018-10-01	One-Way Trafficway	Wet	Daylight	Clear	Not a Collision Between Two Motor Vehicles in Transport	No	Stop Signs	3	1	Pain Reported	NA	41.82157	-71.40438	FALSE	FALSE	Williams Street and S Water Street, Providence, RI, USA	FALSE	-71.4039536	41.8202174	route	geometric_center	s water st, providence, ri 02903, usa	NA	NA	NA	NA	41.8202174	-71.4039536	Med	154.6701231	Raw	distance greater than 100m	NA	NA	NA	TRUE	41.82157	-71.40438	2018	October
1198	2018-10-01	749072	18:38:00	Pedestrian	1	NA	FALSE	FALSE	1	160 CHAPIN AVE	ELLERY ST	2018-10-01	Two-Way , Not Divided	Wet	Dark - Lighted	Rain	Other	No	No Controls	2	1	Pain Reported	NA	41.81186	-71.43764	TRUE	FALSE	160 Chapin Ave, Providence, RI, USA	FALSE	-71.4376775	41.8117257	premise	rooftop	160 chapin ave, providence, ri 02909, usa	NA	NA	NA	NA	41.8117257	-71.4376775	High	15.27054464	Raw	NA	NA	NA	NA	FALSE	41.81186	-71.43764	2018	October
1199	2018-10-01	749095	22:15:00	Pedestrian	1	NA	FALSE	FALSE	1	SMITH ST	DANFORTH ST	2018-10-01	Two-Way, Divided, Unprotected (painted>4feet) Medium	Wet	Dark - Lighted	Sleet, Hail (Freezing Rain or Drizzle)	Not a Collision Between Two Motor Vehicles in Transport	Yes	No Controls	2	1	Pain Reported	NA	41.83557	-71.42652	FALSE	FALSE	Smith Street and Danforth Street, Providence, RI, USA	FALSE	-71.4265132	41.8355761	intersection	geometric_center	danforth st & smith st, providence, ri 02908, usa	NA	NA	NA	NA	41.8355761	-71.4265132	Med High	0.882719551	Raw	NA	NA	NA	NA	FALSE	41.83557	-71.42652	2018	October
1196	2018-10-02	749129	12:45:00	Pedestrian	1	NA	FALSE	FALSE	1	WESTMINSTER ST	DORRANCE ST	2018-10-02	Two-Way , Not Divided	Wet	Daylight	Cloudy	Other	No	Traffic Control Signal	2	1	Pain Reported	NA	41.82361	-71.41167	FALSE	FALSE	Westminster Street and Dorrance Street, Providence, RI, USA	FALSE	-71.4116693	41.8236083	intersection	geometric_center	westminster st & dorrance st, providence, ri 02903, usa	NA	NA	NA	NA	41.8236083	-71.4116693	Med High	0.197951887	Raw	NA	NA	NA	NA	FALSE	41.82361	-71.41167	2018	October
1194	2018-10-05	749512	15:02:00	Bicycle	NA	1	FALSE	FALSE	1	WASHINGTON ST	EXCHANGE ST	2018-10-06	One-Way Trafficway	Dry	Daylight	Clear	Not a Collision Between Two Motor Vehicles in Transport	No	No Controls	3	0	No Injury	NA	41.8246	-71.41254	FALSE	FALSE	Washington Street and Exchange Street, Providence, RI, USA	FALSE	-71.4118704	41.8265115	route	geometric_center	exchange st, providence, ri 02903, usa	Washington Street & Exchange Street, Providence, RI, USA	EjhXYXNoaW5ndG9uIFN0cmVldCAmIEV4Y2hhbmdlIFN0cmVldCwgUHJvdmlkZW5jZSwgUkksIFVTQSJmImQKFAoSCX8SrsYWReSJEW5MQFQ5jjSiEhQKEgl_Eq7GFkXkiRFuTEBUOY40ohoUChIJqdrNnBJF5IkRGgfQlqMSNPYaFAoSCdFSn9cWReSJERdKzs-n0Y0OIgoNZxnuGBVVim_V	41.8257255	-71.4110379	41.8257255	-71.4110379	Med	176.7026982	Raw	distance greater than 100m	NA	NA	NA	TRUE	41.8246	-71.41254	2018	October
1195	2018-10-05	749771	16:50:00	Pedestrian	1	NA	FALSE	FALSE	1	Messer Street	Cranston Street	2018-10-09	Two-Way , Not Divided	Dry	Daylight	Clear	Not a Collision Between Two Motor Vehicles in Transport	Yes	No Controls	1	1	Non-Incapacitating	1	41.80964	-71.43347	FALSE	FALSE	Messer Street and Cranston Street, Providence, RI, USA	FALSE	-71.4334345	41.809637	intersection	geometric_center	cranston st & messer st, providence, ri 02907, usa	NA	NA	NA	NA	41.809637	-71.4334345	Med High	2.964431299	Raw	NA	NA	NA	NA	FALSE	41.80964	-71.43347	2018	October
1193	2018-10-06	749493	16:25:00	Pedestrian	1	NA	FALSE	FALSE	1	Smith St	CHALKSTONE AVE	2018-10-06	Two-Way , Not Divided	Dry	Daylight	Clear	Not a Collision Between Two Motor Vehicles in Transport	No	Traffic Control Signal	5	1	Pain Reported	NA	41.83522	-71.42566	FALSE	FALSE	Smith Street and Chalkstone Ave, Providence, RI, USA	FALSE	-71.4256425	41.8352214	intersection	geometric_center	chalkstone ave & smith st, providence, ri 02908, usa	NA	NA	NA	NA	41.8352214	-71.4256425	Med High	1.459799608	Raw	NA	NA	NA	NA	FALSE	41.83522	-71.42566	2018	October
1190	2018-10-07	749561	14:42:00	Pedestrian	2	NA	FALSE	FALSE	1	315 broad st	BROAD ST	2018-10-07	Two-Way , Not Divided	Dry	Daylight	Clear	Not a Collision Between Two Motor Vehicles in Transport	Yes	No Controls	3	2	Non-Incapacitating	NA	41.8144	-71.42116	TRUE	FALSE	315 Broad Street, Providence, RI, USA	FALSE	-71.4217316	41.8145174	premise	rooftop	315 broad st, providence, ri 02907, usa	NA	NA	NA	NA	41.8145174	-71.4217316	High	49.1918842	Raw	NA	NA	NA	NA	FALSE	41.8144	-71.42116	2018	October
1191	2018-10-07	749574	19:25:00	Bicycle	NA	2	FALSE	FALSE	1	Hawkins Street	YORKSHIRE ST	2018-10-07	Two-Way , Not Divided	Wet	Dark - Lighted	Rain	Not a Collision Between Two Motor Vehicles in Transport	No	No Controls	4	0	No Injury	NA	41.84871	-71.4257	FALSE	FALSE	Hawkins Street and Yorkshire Street, Providence, RI, USA	FALSE	-71.4255153	41.848903	intersection	geometric_center	yorkshire st & hawkins st, providence, ri 02908, usa	NA	NA	NA	NA	41.848903	-71.4255153	Med High	26.384949	Raw	NA	NA	NA	NA	FALSE	41.84871	-71.4257	2018	October
1192	2018-10-07	751407	15:13:00	Pedestrian	1	NA	FALSE	FALSE	1	Douglas Avenue	Fillmore Street	2018-10-17	Two-Way, Divided, Unprotected (painted>4feet) Medium	Dry	Daylight	Clear	Not a Collision Between Two Motor Vehicles in Transport	Yes	Pavement Markings	3	1	Non-Incapacitating	1	41.83718	-71.42232	FALSE	FALSE	Douglas Avenue and Fillmore Street, Providence, RI, USA	FALSE	-71.422311	41.8371944	intersection	geometric_center	fillmore st & douglas ave, providence, ri 02908, usa	NA	NA	NA	NA	41.8371944	-71.422311	Med High	1.768271632	Raw	NA	NA	NA	NA	FALSE	41.83718	-71.42232	2018	October
1188	2018-10-10	749877	17:10:00	Pedestrian	2	NA	FALSE	FALSE	1	MERINO ST	CROWNINSHIELD ST	2018-10-10	Two-Way, Divided, Unprotected (painted>4feet) Medium	Dry	Daylight	Clear	Other	Yes	No Controls	2	2	Pain Reported	NA	41.81852	-71.45909	FALSE	FALSE	Merino Street and Crowninshield Street, Providence, RI, USA	FALSE	-71.458626	41.8172	intersection	geometric_center	merino st & crowninshield st, providence, ri 02909, usa	NA	NA	NA	NA	41.8172	-71.458626	Med High	151.9003589	Raw	distance greater than 100m	NA	NA	NA	TRUE	41.81852	-71.45909	2018	October
1189	2018-10-10	749882	17:07:00	Pedestrian	1	NA	FALSE	FALSE	1	ALVERSON AVE	NYE ST	2018-10-10	Two-Way, Divided, Unprotected (painted>4feet) Medium	Dry	Daylight	Clear	Not a Collision Between Two Motor Vehicles in Transport	No	No Controls	2	1	Pain Reported	NA	41.81874	-71.46007	FALSE	FALSE	Alverson Ave and Nye Street, Providence, RI, USA	FALSE	-71.4594499	41.8169709	intersection	geometric_center	nye st & alverson ave, providence, ri 02909, usa	NA	NA	NA	NA	41.8169709	-71.4594499	Med High	203.5439361	Geocoded	distance greater than 100m	NA	NA	NA	TRUE	41.8169709	-71.4594499	2018	October
1186	2018-10-11	749929	10:30:00	Pedestrian	1	NA	FALSE	FALSE	1	Elmwood Ave	BURNETT ST	2018-10-11	Two-Way , Not Divided	Dry	Daylight	Clear	Not a Collision Between Two Motor Vehicles in Transport	No	Pavement Markings	4	1	Pain Reported	2	41.80299	-71.42587	FALSE	FALSE	Elmwood Ave and Burnett Street, Providence, RI, USA	FALSE	-71.4258931	41.8029787	intersection	geometric_center	burnett st & elmwood ave, providence, ri 02907, usa	NA	NA	NA	NA	41.8029787	-71.4258931	Med High	2.292770368	Raw	NA	NA	NA	NA	FALSE	41.80299	-71.42587	2018	October
1187	2018-10-11	749983	18:11:00	Bicycle	NA	1	FALSE	FALSE	1	ADMIRAL ST	DOUGLAS AVE	2018-10-11	Two-Way , Not Divided	Wet	Dark - Lighted	Rain	Not a Collision Between Two Motor Vehicles in Transport	No	Traffic Control Signal	3	1	Pain Reported	NA	41.84605	-71.429	FALSE	FALSE	Admiral Street and Douglas Ave, Providence, RI, USA	FALSE	-71.4289636	41.8460618	intersection	geometric_center	admiral st & douglas ave, providence, ri 02908, usa	NA	NA	NA	NA	41.8460618	-71.4289636	Med High	3.291947996	Raw	NA	NA	NA	NA	FALSE	41.84605	-71.429	2018	October
1184	2018-10-12	750049	14:11:00	Bicycle	NA	1	FALSE	FALSE	1	MANTON AVE	CHAFFEE ST	2018-10-12	Two-Way, Divided, Unprotected (painted>4feet) Medium	Dry	Daylight	Clear	Not a Collision Between Two Motor Vehicles in Transport	No	No Controls	3	1	Pain Reported	NA	41.81879	-71.44572	FALSE	FALSE	Manton Ave and Chaffee Street, Providence, RI, USA	FALSE	-71.4456512	41.8187415	intersection	geometric_center	chaffee st & manton ave, providence, ri 02909, usa	NA	NA	NA	NA	41.8187415	-71.4456512	Med High	7.856699889	Raw	NA	NA	NA	NA	FALSE	41.81879	-71.44572	2018	October
1185	2018-10-12	751349	22:10:00	Bicycle	NA	1	FALSE	FALSE	1	ATWELLS AVENUE	ACADEMY AVE	2018-10-12	Two-Way , Not Divided	Dry	Dark - Lighted	Clear	Not a Collision Between Two Motor Vehicles in Transport	No	Traffic Control Signal	2	1	Pain Reported	NA	41.82478	-71.44338	FALSE	FALSE	Atwells Avenue and Academy Ave, Providence, RI, USA	FALSE	-71.4435191	41.8247997	intersection	geometric_center	atwells ave & academy ave, providence, ri 02909, usa	NA	NA	NA	NA	41.8247997	-71.4435191	Med High	11.74543064	Raw	NA	NA	NA	NA	FALSE	41.82478	-71.44338	2018	October
1183	2018-10-13	751114	09:58:00	Pedestrian	1	NA	FALSE	FALSE	1	RESERVOIR AVE	ALGONQUIN ST	2018-10-13	Two-Way , Not Divided	Wet	Daylight	Rain	Other	No	No Controls	2	1	Pain Reported	2	41.79342	-71.42708	FALSE	FALSE	Reservoir Ave and Algonquin Street, Providence, RI, USA	FALSE	-71.4269898	41.7936004	intersection	geometric_center	reservoir ave & algonquin st, providence, ri 02907, usa	NA	NA	NA	NA	41.7936004	-71.4269898	Med High	21.43198098	Raw	NA	NA	NA	NA	FALSE	41.79342	-71.42708	2018	October
1182	2018-10-16	751342	14:27:00	Pedestrian	1	NA	FALSE	FALSE	1	BROOK STREET	MANNING WALK	2018-10-16	Two-Way , Not Divided	Dry	Daylight	Clear	Not a Collision Between Two Motor Vehicles in Transport	No	Yield Signs	2	1	Pain Reported	2	41.82648	-71.39918	FALSE	FALSE	Brook Street and Manning Walk, Providence, RI, USA	FALSE	-71.3991749	41.8265615	intersection	geometric_center	brook st & manning walk, providence, ri 02906, usa	NA	NA	NA	NA	41.8265615	-71.3991749	Med High	9.082396657	Raw	NA	NA	NA	NA	FALSE	41.82648	-71.39918	2018	October
1180	2018-10-17	751370	08:33:00	Pedestrian	1	NA	FALSE	FALSE	1	HUXLEY AVE	ADMIRAL ST	2018-10-17	Two-Way , Not Divided	Dry	Daylight	Clear	Other	No	No Controls	4	1	Non-Incapacitating	2	41.84669	-71.43266	FALSE	FALSE	Huxley Ave and Admiral Street, Providence, RI, USA	FALSE	-71.4326586	41.8467787	intersection	geometric_center	admiral st & huxley ave, providence, ri 02908, usa	NA	NA	NA	NA	41.8467787	-71.4326586	Med High	9.874721317	Raw	NA	NA	NA	NA	FALSE	41.84669	-71.43266	2018	October
1181	2018-10-17	751418	20:58:00	Pedestrian	1	NA	FALSE	FALSE	1	Chalkstone Ave	Grosvenor Ave	2018-10-17	Two-Way , Not Divided	Dry	Dark - Lighted	Clear	Not a Collision Between Two Motor Vehicles in Transport	No	No Controls	3	1	Pain Reported	NA	41.83236	-71.43979	FALSE	FALSE	Chalkstone Ave and Grosvenor Ave, Providence, RI, USA	FALSE	-71.439537	41.8323976	intersection	geometric_center	grosvenor ave & chalkstone ave, providence, ri 02908, usa	NA	NA	NA	NA	41.8323976	-71.439537	Med High	21.39820595	Raw	NA	NA	NA	NA	FALSE	41.83236	-71.43979	2018	October
1177	2018-10-20	751607	14:00:00	Pedestrian	1	NA	FALSE	FALSE	1	Eddy Street	PAVILION AVE	2018-10-20	Two-Way , Not Divided	Dry	Daylight	Clear	Not a Collision Between Two Motor Vehicles in Transport	Yes	No Controls	1	1	Pain Reported	NA	41.79732	-71.40511	FALSE	FALSE	Eddy Street and Pavilion Ave, Providence, RI, USA	FALSE	-71.4052149	41.7976798	intersection	geometric_center	pavilion ave & eddy st, providence, ri 02905, usa	NA	NA	NA	NA	41.7976798	-71.4052149	Med High	40.98792491	Raw	NA	NA	NA	NA	FALSE	41.79732	-71.40511	2018	October
1178	2018-10-20	751655	19:42:00	Pedestrian	1	NA	FALSE	FALSE	1	UNION AVE	WHITEHALL ST	2018-10-20	Two-Way , Not Divided	Dry	Dark - Lighted	Clear	Unknown	No	No Controls	3	1	Pain Reported	NA	41.80789	-71.44347	FALSE	FALSE	Union Ave and Whitehall Street, Providence, RI, USA	FALSE	-71.445114	41.8103179	route	geometric_center	whitehall st, providence, ri, usa	Union Ave & Whitehall Street, Providence, RI, USA	EjFVbmlvbiBBdmUgJiBXaGl0ZWhhbGwgU3RyZWV0LCBQcm92aWRlbmNlLCBSSSwgVVNBImYiZAoUChIJ-VAjWohF5IkRu98HnY0tfOASFAoSCflQI1qIReSJEbvfB52NLXzgGhQKEgkjges4ikXkiRGe1Z8wsMWILxoUChIJ0XzJ2IhF5IkRe7M5a8Uv5H4iCg1gXesYFW6GatU	41.8078048	-71.4439058	41.8078048	-71.4439058	Med	37.38399397	Raw	NA	NA	NA	NA	FALSE	41.80789	-71.44347	2018	October
1179	2018-10-20	751673	19:21:00	Pedestrian	1	NA	FALSE	FALSE	1	Elmwood ave/ reservoir ave	NA	2018-10-21	Two-Way , Not Divided	Dry	Daylight	Clear	Not a Collision Between Two Motor Vehicles in Transport	No	Unknown	2	1	Pain Reported	NA	41.79782	-71.42611	FALSE	TRUE	Elmwood Ave/ Reservoir Ave, Providence, RI, USA	FALSE	-71.4258248	41.7971616	intersection	geometric_center	reservoir ave & elmwood ave, providence, ri 02907, usa	NA	NA	NA	NA	41.7971616	-71.4258248	Inaccurate	77.01965475	Raw	NA	NA	NA	NA	FALSE	41.79782	-71.42611	2018	October
1176	2018-10-24	751985	17:34:00	Pedestrian	1	NA	FALSE	FALSE	1	731 Eddy Street	NA	2018-10-24	Two-Way , Not Divided	Dry	Daylight	Clear	Not a Collision Between Two Motor Vehicles in Transport	No	No Controls	3	1	Non-Incapacitating	NA	41.8087	-71.40723	TRUE	TRUE	731 Eddy Street, Providence, RI, USA	FALSE	-71.4075635	41.8078196	premise	rooftop	731 eddy st, providence, ri 02903, usa	NA	NA	NA	NA	41.8078196	-71.4075635	High	101.8374567	Raw	distance greater than 100m	NA	NA	NA	TRUE	41.8087	-71.40723	2018	October
1173	2018-10-26	752103	13:21:00	Pedestrian	1	NA	FALSE	FALSE	1	VEAZIE ST	DOUGLAS AVE	2018-10-26	Two-Way , Not Divided	Dry	Daylight	Clear	Other	No	No Controls	6	0	No Injury	NA	41.85107	-71.43444	FALSE	FALSE	Veazie Street and Douglas Ave, Providence, RI, USA	FALSE	-71.4341761	41.8505578	intersection	geometric_center	douglas ave & veazie st, providence, ri 02904, usa	NA	NA	NA	NA	41.8505578	-71.4341761	Med High	61.07277696	Raw	NA	NA	NA	NA	FALSE	41.85107	-71.43444	2018	October
1174	2018-10-26	752139	17:21:00	Bicycle	NA	1	FALSE	FALSE	1	WILLIAMS ST	BROOK ST	2018-10-26	Two-Way, Divided, Unprotected (painted>4feet) Medium	Dry	Daylight	Clear	Angle (Front - to - Side) Opposite Direction	No	Stop Signs	2	1	Pain Reported	NA	41.82245	-71.39859	FALSE	FALSE	Williams Street and Brook Street, Providence, RI, USA	FALSE	-71.3989869	41.825126	route	geometric_center	brook st, providence, ri, usa	Williams Street & Brook Street, Providence, RI, USA	EjNXaWxsaWFtcyBTdHJlZXQgJiBCcm9vayBTdHJlZXQsIFByb3ZpZGVuY2UsIFJJLCBVU0EiZiJkChQKEglDtn3eO0XkiRGjnWxp6ydaBhIUChIJQ7Z93jtF5IkRo51saesnWgYaFAoSCc8VZi06ReSJEdbRK1lrMSoLGhQKEgmbZn1yO0XkiRF1hochEHgAaCIKDeWZ7RgVg3Bx1Q	41.8224613	-71.3985917	41.8224613	-71.3985917	Med	1.265790952	Raw	NA	NA	NA	NA	FALSE	41.82245	-71.39859	2018	October
1175	2018-10-26	752155	19:33:00	Bicycle	NA	1	FALSE	FALSE	1	Smith St	Holden St	2018-10-26	Two-Way , Not Divided	Dry	Dark - Lighted	Clear	Not a Collision Between Two Motor Vehicles in Transport	No	No Controls	3	1	Incapacitating	NA	41.83226	-71.41818	FALSE	FALSE	Smith Street and Holden Street, Providence, RI, USA	FALSE	-71.4180055	41.8322069	intersection	geometric_center	holden st & smith st, providence, ri 02908, usa	NA	NA	NA	NA	41.8322069	-71.4180055	Med High	15.63428189	Raw	NA	NA	NA	NA	FALSE	41.83226	-71.41818	2018	October
1169	2018-10-27	752173	21:58:00	Pedestrian	1	NA	FALSE	FALSE	1	BENEFIT ST	COLLEGE ST	2018-10-27	Two-Way , Not Divided	Dry	Dark - Lighted	Clear	Not a Collision Between Two Motor Vehicles in Transport	Yes	Stop Signs	2	1	Pain Reported	NA	41.826	-71.40683	FALSE	FALSE	Benefit Street and College Street, Providence, RI, USA	FALSE	-71.4068354	41.8260134	intersection	geometric_center	benefit st & college st, providence, ri 02903, usa	NA	NA	NA	NA	41.8260134	-71.4068354	Med High	1.557486837	Raw	NA	NA	NA	NA	FALSE	41.826	-71.40683	2018	October
1170	2018-10-27	752183	17:43:00	Pedestrian	1	NA	FALSE	FALSE	1	ALLENS AVE	TORONTO AVE	2018-10-27	Two-Way, Divided, Unprotected (painted>4feet) Medium	Wet	Dark - Lighted	Rain	Angle (Front - to - Side) Opposite Direction	Yes	No Controls	1	1	Pain Reported	NA	41.79268	-71.39721	FALSE	FALSE	Allens Ave and Toronto Ave, Providence, RI, USA	FALSE	-71.3972047	41.7927052	intersection	geometric_center	toronto ave & allens ave, providence, ri 02905, usa	NA	NA	NA	NA	41.7927052	-71.3972047	Med High	2.839529012	Raw	NA	NA	NA	NA	FALSE	41.79268	-71.39721	2018	October
1171	2018-10-27	752199	21:17:00	Pedestrian	1	NA	FALSE	FALSE	1	Pearl St	Broad St	2018-10-27	Two-Way , Not Divided	Wet	Dark - Lighted	Rain	Not a Collision Between Two Motor Vehicles in Transport	No	Traffic Control Signal	3	1	Pain Reported	NA	41.81528	-71.42039	FALSE	FALSE	Pearl Street and Broad Street, Providence, RI, USA	FALSE	-71.4101636	41.7945838	route	geometric_center	broad st, providence, ri, usa	Pearl Street & Broad Street, Providence, RI, USA	EjBQZWFybCBTdHJlZXQgJiBCcm9hZCBTdHJlZXQsIFByb3ZpZGVuY2UsIFJJLCBVU0EiZiJkChQKEgk1O0-ncUXkiRHr2v1gzR_JJxIUChIJNTtPp3FF5IkR69r9YM0fyScaFAoSCQ2bhTRuReSJEbqh7XXlSlUKGhQKEgmD3n3VjE_kiREsosqTmEsIoyIKDYVt7BgVkQZu1Q	41.8147717	-71.4209647	41.8147717	-71.4209647	Med	73.99446333	Raw	NA	NA	NA	NA	FALSE	41.81528	-71.42039	2018	October
1172	2018-10-27	752235	06:30:00	Pedestrian	1	NA	FALSE	FALSE	1	141 Weybosset St	EDDY ST	2018-10-28	Two-Way , Not Divided	Wet	Dawn	Rain	Not a Collision Between Two Motor Vehicles in Transport	Yes	No Controls	1	1	Pain Reported	NA	41.82271	-71.41137	TRUE	FALSE	141 Weybosset Street, Providence, RI, USA	FALSE	-71.4115579	41.8228207	street_address	rooftop	141 weybosset st, providence, ri 02903, usa	NA	NA	NA	NA	41.8228207	-71.4115579	High	19.8703069	Raw	NA	NA	NA	NA	FALSE	41.82271	-71.41137	2018	October