row_number	crash_date	crash_report_id	crash_time	collision_type	count_pedestrian	count_bicycle	scooter	wheel_chair	number_of_vehicles	street_or_highway	nearest_intersection	report_date	type_of_roadway	road_surface_condition	light_condition	weather_condition	manner_of_impact	hit_and_run	traffic_control	person_count	injury_count	most_serious_injury	number_of_lanes	lat_raw	lon_raw	has_st_number	is_intersection_null	address_sent_to_geocoder	is_address_blank	lon_api_first_try	lat_api_first_try	type	loctype	address_returned_by_geocoder	address_returned_by_autocomplete	place_ids_autocompleted	lat_api_second_try	lon_api_second_try	lat_api_best	lon_api_best	api_coord_conf	distance_btwn_coords_meters	best_coordinate_set	reason_for_qa	correct_coordinates	corrected_lat	corrected_lon	manually_qaed_record	final_lat	final_lon	year	month
1168	2018-10-29	752329	15:29:00	Bicycle	NA	1	FALSE	FALSE	1	PARK ST	PROMENADE ST	2018-10-29	Two-Way , Not Divided	Dry	Daylight	Clear	Not a Collision Between Two Motor Vehicles in Transport	No	Traffic Control Signal	3	1	Pain Reported	NA	41.82773	-71.41764	FALSE	FALSE	Park Street and Promenade Street, Providence, RI, USA	FALSE	-71.423119	41.8292232	route	geometric_center	promenade st, providence, ri, usa	Park Street & Promenade Street, Providence, RI, USA	EjNQYXJrIFN0cmVldCAmIFByb21lbmFkZSBTdHJlZXQsIFByb3ZpZGVuY2UsIFJJLCBVU0EiZiJkChQKEgnZPYQrEEXkiRF9_M-xeLE6FxIUChIJ2T2EKxBF5IkRffzPsXixOhcaFAoSCVGlciIQReSJETUl7BFB0ixuGhQKEglXQzwqD0XkiRH9-pmeRajOBSIKDYxs7hgVhYdu1Q	41.827854	-71.4176635	41.827854	-71.4176635	Med	13.94057772	Raw	NA	NA	NA	NA	FALSE	41.82773	-71.41764	2018	October
1165	2018-10-31	752521	07:20:00	Pedestrian	1	NA	FALSE	FALSE	1	DUDLEY ST	GAY ST	2018-10-31	Two-Way , Not Divided	Dry	Daylight	Clear	Not a Collision Between Two Motor Vehicles in Transport	No	No Controls	2	1	Pain Reported	NA	41.80998	-71.41326	FALSE	FALSE	Dudley Street and Gay Street, Providence, RI, USA	FALSE	-71.4128949	41.8100358	intersection	geometric_center	gay st & dudley st, providence, ri 02905, usa	NA	NA	NA	NA	41.8100358	-71.4128949	Med High	30.92374504	Raw	NA	NA	NA	NA	FALSE	41.80998	-71.41326	2018	October
1166	2018-10-31	752541	08:15:00	Other	NA	NA	TRUE	FALSE	2	S MAIN ST	COLLEGE ST	2018-10-31	One-Way Trafficway	Dry	Daylight	Clear	Rear End(Front-to-Rear)	No	Pavement Markings	3	0	No Injury	2	41.82602	-71.40816	FALSE	FALSE	S Main Street and College Street, Providence, RI, USA	FALSE	-71.4078251	41.8256787	intersection	geometric_center	s main st & college st, providence, ri 02903, usa	NA	NA	NA	NA	41.8256787	-71.4078251	Med High	47.06662237	Raw	NA	NA	NA	NA	FALSE	41.82602	-71.40816	2018	October
1167	2018-10-31	752544	08:51:00	Bicycle	NA	1	FALSE	FALSE	1	EAST RIVER ST	WATERMAN ST	2018-10-31	Two-Way , Not Divided	Dry	Daylight	Clear	Other	No	No Controls	3	1	Pain Reported	2	41.82768	-71.3814	FALSE	FALSE	East River Street and Waterman Street, Providence, RI, USA	FALSE	-71.394672	41.8276277	route	geometric_center	waterman st, providence, ri, usa	NA	NA	NA	NA	41.8276277	-71.394672	Med	1100.930279	Raw	distance greater than 100m	NA	NA	NA	TRUE	41.82768	-71.3814	2018	October
1163	2018-11-02	752714	07:22:00	Bicycle	NA	1	FALSE	FALSE	1	500 Broad St	Pine St	2018-11-02	Two-Way , Not Divided	Wet	Dawn	Cloudy	Not a Collision Between Two Motor Vehicles in Transport	Yes	No Controls	2	1	Pain Reported	2	NA	NA	TRUE	FALSE	500 Broad Street, Providence, RI, USA	FALSE	-71.420897	41.8108616	premise	rooftop	500 broad st, providence, ri 02909, usa	NA	NA	NA	NA	41.8108616	-71.420897	High	NA	Neither	raw coords null but geocoded coords found	41.81088, -71.4213	41.81088	-71.4213	TRUE	41.81088	-71.4213	2018	November
1164	2018-11-02	775754	14:25:00	Pedestrian	1	NA	FALSE	FALSE	1	35 Camp Street	Doyle Ave	2019-03-25	Two-Way , Not Divided	Dry	Daylight	Clear	Other	Yes	No Controls	4	1	Pain Reported	2	NA	NA	TRUE	FALSE	35 Camp Street, Providence, RI, USA	FALSE	-71.4034252	41.8374411	premise	rooftop	35 camp st, providence, ri 02906, usa	NA	NA	NA	NA	41.8374411	-71.4034252	High	NA	Neither	raw coords null but geocoded coords found	41.83748, -71.40435	41.83748	-71.40435	TRUE	41.83748	-71.40435	2018	November
1160	2018-11-03	752842	05:43:00	Pedestrian	1	NA	FALSE	FALSE	1	Memorial Blvd	EXIT 22A  (RT )	2018-11-03	Two-Way, Divided, Positive Median Barrier	Wet	Dark - Lighted	Rain	Not a Collision Between Two Motor Vehicles in Transport	No	Traffic Control Signal	2	1	Incapacitating	NA	41.82583	-71.41506	FALSE	FALSE	Memorial Blvd and Exit 22a  (Rt ), Providence, RI, USA	FALSE	-71.4128343	41.8239891	locality	approximate	providence, ri, usa	NA	NA	NA	NA	41.8239891	-71.4128343	Med	275.8329143	Raw	distance greater than 100m	NA	NA	NA	TRUE	41.82583	-71.41506	2018	November
1161	2018-11-03	752870	18:38:00	Pedestrian	1	NA	FALSE	FALSE	1	RANDALL ST	CHARLES ST	2018-11-03	Two-Way , Not Divided	Dry	Dark - Lighted	Clear	Not a Collision Between Two Motor Vehicles in Transport	No	No Controls	2	1	Pain Reported	NA	41.83761	-71.41032	FALSE	FALSE	Randall Street and Charles Street, Providence, RI, USA	FALSE	-71.419539	41.8474982	route	geometric_center	charles st, providence, ri, usa	Randall Street & Charles Street, Providence, RI, USA	EjRSYW5kYWxsIFN0cmVldCAmIENoYXJsZXMgU3RyZWV0LCBQcm92aWRlbmNlLCBSSSwgVVNBImYiZAoUChIJK5_7KRxF5IkRC4AGxe12bdQSFAoSCSuf-ykcReSJEQuABsXtdm3UGhQKEgmXgCFvHkXkiREFR8Ne4aJLqhoUChIJdQvObPFE5IkRy2TLLjVV_TIiCg0Sse8YFcNfb9U	41.8361618	-71.4121277	41.8361618	-71.4121277	Med	220.1541016	Raw	distance greater than 100m	NA	NA	NA	TRUE	41.83761	-71.41032	2018	November
1162	2018-11-03	752881	22:43:00	Pedestrian	1	NA	FALSE	FALSE	1	SMITH ST	CHALKSTONE AVE	2018-11-04	Two-Way , Not Divided	Dry	Dark - Lighted	Clear	Not a Collision Between Two Motor Vehicles in Transport	No	No Controls	3	1	Incapacitating	NA	41.8353	-71.42585	FALSE	FALSE	Smith Street and Chalkstone Ave, Providence, RI, USA	FALSE	-71.4256425	41.8352214	intersection	geometric_center	chalkstone ave & smith st, providence, ri 02908, usa	NA	NA	NA	NA	41.8352214	-71.4256425	Med High	19.30662167	Raw	NA	NA	NA	NA	FALSE	41.8353	-71.42585	2018	November
1159	2018-11-04	753001	17:22:00	Pedestrian	1	NA	FALSE	FALSE	1	Camp Street	Jenkins Street	2018-11-05	Two-Way , Not Divided	Dry	Dark - Lighted	Clear	Not a Collision Between Two Motor Vehicles in Transport	Yes	Pavement Markings	2	1	Non-Incapacitating	1	41.84076	-71.4036	FALSE	FALSE	Camp Street and Jenkins Street, Providence, RI, USA	FALSE	-71.4035862	41.8407815	intersection	geometric_center	camp st & jenkins st, providence, ri 02906, usa	NA	NA	NA	NA	41.8407815	-71.4035862	Med High	2.652931463	Raw	NA	NA	NA	NA	FALSE	41.84076	-71.4036	2018	November
1158	2018-11-05	753034	17:39:00	Pedestrian	1	NA	FALSE	FALSE	1	THURBERS AVE	PRAIRIE AVE	2018-11-05	Two-Way , Not Divided	Wet	Dark - Lighted	Rain	Not a Collision Between Two Motor Vehicles in Transport	No	Traffic Control Signal	4	1	Non-Incapacitating	NA	41.79873	-71.41191	FALSE	FALSE	Thurbers Ave and Prairie Ave, Providence, RI, USA	FALSE	-71.4119105	41.7987434	intersection	geometric_center	thurbers ave & prairie ave, providence, ri 02905, usa	NA	NA	NA	NA	41.7987434	-71.4119105	Med High	1.492258178	Raw	NA	NA	NA	NA	FALSE	41.79873	-71.41191	2018	November
1157	2018-11-06	753073	08:59:00	Pedestrian	1	NA	FALSE	FALSE	1	PEACE ST	ELMWOOD AVE	2018-11-06	Two-Way , Not Divided	Wet	Daylight	Cloudy	Other	No	No Controls	4	1	Pain Reported	3	41.80655	-71.42477	FALSE	FALSE	Peace Street and Elmwood Ave, Providence, RI, USA	FALSE	-71.4249572	41.8065686	intersection	geometric_center	peace st & elmwood ave, providence, ri 02907, usa	NA	NA	NA	NA	41.8065686	-71.4249572	Med High	15.67078076	Raw	NA	NA	NA	NA	FALSE	41.80655	-71.42477	2018	November
1152	2018-11-07	755228	14:50:00	Pedestrian	1	NA	FALSE	FALSE	1	BUTLER AVE	S ANGELL ST	2018-11-07	Two-Way , Not Divided	Dry	Daylight	Clear	Not a Collision Between Two Motor Vehicles in Transport	No	Traffic Control Signal	2	1	Non-Incapacitating	NA	41.82947	-71.38504	FALSE	FALSE	Butler Ave and S Angell Street, Providence, RI, USA	FALSE	-71.3850399	41.8294882	intersection	geometric_center	butler ave & s angell st, providence, ri 02906, usa	NA	NA	NA	NA	41.8294882	-71.3850399	Med High	2.026031712	Raw	NA	NA	NA	NA	FALSE	41.82947	-71.38504	2018	November
1153	2018-11-07	755230	16:31:00	Pedestrian	1	NA	FALSE	FALSE	1	51 silver spring st	NA	2018-11-07	Two-Way , Not Divided	Dry	Dusk	Clear	Not a Collision Between Two Motor Vehicles in Transport	No	No Controls	3	1	Pain Reported	NA	NA	NA	TRUE	TRUE	51 Silver Spring Street, Providence, RI, USA	FALSE	-71.4166633	41.8454522	premise	rooftop	51 silver spring st, providence, ri 02904, usa	NA	NA	NA	NA	41.8454522	-71.4166633	High	NA	Neither	raw coords null but geocoded coords found	41.8458, -71.41741	41.8458	-71.41741	TRUE	41.8458	-71.41741	2018	November
1154	2018-11-07	755244	17:47:00	Pedestrian	1	NA	FALSE	FALSE	1	CHALKSTONE AVE	FREDERICK ST	2018-11-07	Unknown	Dry	Dark - Lighted	Clear	Not a Collision Between Two Motor Vehicles in Transport	Yes	Stop Signs	1	1	Pain Reported	NA	41.83447	-71.42888	FALSE	FALSE	Chalkstone Ave and Frederick Street, Providence, RI, USA	FALSE	-71.4288642	41.8344892	intersection	geometric_center	frederick st & chalkstone ave, providence, ri 02908, usa	NA	NA	NA	NA	41.8344892	-71.4288642	Med High	2.507097451	Raw	NA	NA	NA	NA	FALSE	41.83447	-71.42888	2018	November
1155	2018-11-07	755252	18:00:00	Pedestrian	1	NA	FALSE	FALSE	1	FRANCIS ST	MEMORIAL BLVD	2018-11-07	Two-Way, Divided, Unprotected (painted>4feet) Medium	Dry	Dark - Lighted	Clear	Not a Collision Between Two Motor Vehicles in Transport	Yes	No Controls	2	1	Pain Reported	NA	41.82676	-71.4155	FALSE	FALSE	Francis Street and Memorial Blvd, Providence, RI, USA	FALSE	-71.4134258	41.8263996	route	geometric_center	memorial blvd, providence, ri 02903, usa	Francis Street & Memorial Blvd, Providence, RI, USA	EjNGcmFuY2lzIFN0cmVldCAmIE1lbW9yaWFsIEJsdmQsIFByb3ZpZGVuY2UsIFJJLCBVU0EiZiJkChQKEgkDtc6dEUXkiRFK7mftfMbegBIUChIJA7XOnRFF5IkRSu5n7XzG3oAaFAoSCeMKJVkQReSJEQnXa5JsDkKbGhQKEgn3LDO1FkXkiRGsznR5eOTavSIKDRwg7hgVW-Bu1Q	41.8258972	-71.4153893	41.8258972	-71.4153893	Med	96.48442987	Raw	NA	NA	NA	NA	FALSE	41.82676	-71.4155	2018	November
1156	2018-11-07	755260	17:41:00	Bicycle	NA	1	FALSE	FALSE	1	Manton Ave	ATWELLS AVE	2018-11-07	Two-Way , Not Divided	Dry	Dark - Lighted	Clear	Not a Collision Between Two Motor Vehicles in Transport	No	No Controls	3	1	Pain Reported	NA	41.82537	-71.45466	FALSE	FALSE	Manton Ave and Atwells Ave, Providence, RI, USA	FALSE	-71.4541435	41.8252114	intersection	geometric_center	atwells ave & manton ave, providence, ri 02909, usa	NA	NA	NA	NA	41.8252114	-71.4541435	Med High	46.34040237	Raw	NA	NA	NA	NA	FALSE	41.82537	-71.45466	2018	November
1150	2018-11-08	755318	12:27:00	Pedestrian	1	NA	FALSE	FALSE	1	94 ACADEMY AVE	ARMINGTON AVE	2018-11-08	Two-Way , Not Divided	Dry	Daylight	Clear	Not a Collision Between Two Motor Vehicles in Transport	No	No Controls	2	0	No Injury	NA	41.82734	-71.44373	TRUE	FALSE	94 Academy Ave, Providence, RI, USA	FALSE	-71.4438076	41.8271072	street_address	rooftop	94 academy ave, providence, ri 02908, usa	NA	NA	NA	NA	41.8271072	-71.4438076	High	26.7026423	Raw	NA	NA	NA	NA	FALSE	41.82734	-71.44373	2018	November
1151	2018-11-08	755342	16:56:00	Pedestrian	1	NA	FALSE	FALSE	1	670 Chalkstone Ave	FREDERICK ST	2018-11-08	Two-Way, Divided, Unprotected (painted>4feet) Medium	Dry	Dark - Lighted	Clear	Not a Collision Between Two Motor Vehicles in Transport	Yes	No Controls	1	1	Pain Reported	NA	41.83447	-71.42888	TRUE	FALSE	670 Chalkstone Ave, Providence, RI, USA	FALSE	-71.4289483	41.8343464	premise	rooftop	670 chalkstone ave, providence, ri 02908, usa	NA	NA	NA	NA	41.8343464	-71.4289483	High	14.8796379	Raw	NA	NA	NA	NA	FALSE	41.83447	-71.42888	2018	November
1147	2018-11-09	755424	11:53:00	Pedestrian	1	NA	FALSE	FALSE	1	MEMORIAL BLVD	FRANCIS ST	2018-11-09	Two-Way, Divided, Positive Median Barrier	Dry	Daylight	Clear	Other	Yes	Traffic Control Signal	1	1	Pain Reported	4	41.82589	-71.41538	FALSE	FALSE	Memorial Blvd and Francis Street, Providence, RI, USA	FALSE	-71.4153098	41.8257791	intersection	geometric_center	memorial blvd & francis st, providence, ri 02903, usa	NA	NA	NA	NA	41.8257791	-71.4153098	Med High	13.649823	Raw	NA	NA	NA	NA	FALSE	41.82589	-71.41538	2018	November
1148	2018-11-09	755497	19:12:00	Pedestrian	1	NA	FALSE	FALSE	1	REGENT AVE	HURON ST	2018-11-09	Two-Way , Not Divided	Wet	Dark - Lighted	Rain	Not a Collision Between Two Motor Vehicles in Transport	No	Stop Signs	6	1	Incapacitating	NA	41.82952	-71.44119	FALSE	FALSE	Regent Ave and Huron Street, Providence, RI, USA	FALSE	-71.4411864	41.8295286	intersection	geometric_center	huron st & regent ave, providence, ri 02908, usa	NA	NA	NA	NA	41.8295286	-71.4411864	Med High	1.002837755	Raw	NA	NA	NA	NA	FALSE	41.82952	-71.44119	2018	November
1149	2018-11-09	755502	21:59:00	Pedestrian	2	NA	FALSE	FALSE	1	WESTMINSTER ST	COLLEGE ST	2018-11-09	Two-Way , Not Divided	Wet	Dark - Lighted	Rain	Not a Collision Between Two Motor Vehicles in Transport	No	Traffic Control Signal	5	2	Pain Reported	NA	41.82529	-71.40895	FALSE	FALSE	Westminster Street and College Street, Providence, RI, USA	FALSE	-71.4088081	41.8253077	intersection	geometric_center	westminster st & college st, providence, ri 02903, usa	NA	NA	NA	NA	41.8253077	-71.4088081	Med High	11.93483387	Raw	NA	NA	NA	NA	FALSE	41.82529	-71.40895	2018	November
1146	2018-11-15	756058	12:16:00	Pedestrian	1	NA	FALSE	FALSE	1	ELMA ST	PRAIRIE AVE	2018-11-16	One-Way Trafficway	Dry	Daylight	Clear	Not a Collision Between Two Motor Vehicles in Transport	No	No Controls	5	0	No Injury	NA	41.79695	-71.4129	FALSE	FALSE	Elma Street and Prairie Ave, Providence, RI, USA	FALSE	-71.4112689	41.7972648	intersection	geometric_center	elma st & prairie ave, providence, ri 02905, usa	NA	NA	NA	NA	41.7972648	-71.4112689	Med High	139.8270718	Unknown	distance greater than 100m	NA	NA	NA	TRUE	NA	NA	2018	November
1145	2018-11-16	756203	18:44:00	Pedestrian	1	NA	FALSE	FALSE	1	N MAIN ST	STEEPLE ST	2018-11-16	One-Way Trafficway	Wet	Dusk	Clear	Not a Collision Between Two Motor Vehicles in Transport	No	Traffic Control Signal	3	1	Pain Reported	NA	41.82749	-71.40906	FALSE	FALSE	N Main Street and Steeple Street, Providence, RI, USA	FALSE	-71.409299	41.8273889	route	geometric_center	steeple st, providence, ri 02903, usa	North Main Street & Steeple Street, Providence, RI, USA	EjdOb3J0aCBNYWluIFN0cmVldCAmIFN0ZWVwbGUgU3RyZWV0LCBQcm92aWRlbmNlLCBSSSwgVVNBImYiZAoUChIJUS88oBdF5IkRhG9IWd2q99wSFAoSCVEvPKAXReSJEYRvSFndqvfcGhQKEgn5-kE93kTkiRFf162-DVwjPxoUChIJZ9LkCxdF5IkRUKQiBhkBnmUiCg2wXe4YFQzYb9U	41.8274736	-71.4090484	41.8274736	-71.4090484	Med	2.063694893	Raw	NA	NA	NA	NA	FALSE	41.82749	-71.40906	2018	November
1144	2018-11-20	756562	12:40:00	Pedestrian	1	NA	FALSE	FALSE	1	N Main St	Frost St	2018-11-20	Two-Way , Not Divided	Wet	Daylight	Rain	Not a Collision Between Two Motor Vehicles in Transport	No	Traffic Control Signal	4	1	Pain Reported	4	NA	NA	FALSE	FALSE	N Main Street and Frost Street, Providence, RI, USA	FALSE	-71.4034541	41.8516888	route	geometric_center	frost st, providence, ri 02904, usa	North Main Street & Frost Street, Providence, RI, USA	EjVOb3J0aCBNYWluIFN0cmVldCAmIEZyb3N0IFN0cmVldCwgUHJvdmlkZW5jZSwgUkksIFVTQSJmImQKFAoSCX19LNrDROSJEaL1DS0QAB8hEhQKEgl9fSzaw0TkiRGi9Q0tEAAfIRoUChIJ-fpBPd5E5IkRX9etvg1cIz8aFAoSCX1-qSvCROSJEY8EJfDcpgnIIgoNkgHyGBXO3HDV	41.8513298	-71.402373	41.8513298	-71.402373	Med	NA	Geocoded	raw coords null but geocoded coords found	NA	NA	NA	TRUE	41.8513298	-71.402373	2018	November
1143	2018-11-21	756671	08:34:00	Pedestrian	1	NA	FALSE	FALSE	1	EXIT 22A (RT )	FRANCIS ST	2018-11-21	Two-Way , Not Divided	Dry	Daylight	Clear	Not a Collision Between Two Motor Vehicles in Transport	No	Traffic Control Signal	2	1	Pain Reported	2	41.82577	-71.41527	FALSE	FALSE	Exit 22a (Rt ) and Francis Street, Providence, RI, USA	FALSE	-71.4153409	41.8284747	route	geometric_center	francis st, providence, ri, usa	NA	NA	NA	NA	41.8284747	-71.4153409	Med	301.1432612	Raw	distance greater than 100m	NA	NA	NA	TRUE	41.82577	-71.41527	2018	November
1142	2018-11-23	756781	08:19:00	Pedestrian	1	NA	FALSE	FALSE	1	Broadway	KNIGHT ST	2018-11-23	Two-Way, Divided, Unprotected (painted>4feet) Medium	Dry	Daylight	Clear	Other	No	Traffic Control Signal	2	1	Pain Reported	NA	41.8198	-71.42936	FALSE	FALSE	Broadway and Knight Street, Providence, RI, USA	FALSE	-71.4298401	41.8202496	route	geometric_center	knight st, providence, ri, usa	Broadway & Knight Street, Providence, RI, USA	Ei1Ccm9hZHdheSAmIEtuaWdodCBTdHJlZXQsIFByb3ZpZGVuY2UsIFJJLCBVU0EiZiJkChQKEgmvZYGEdUXkiRHAVmwJ-u4XKRIUChIJr2WBhHVF5IkRwFZsCfruFykaFAoSCaW15YZ1ReSJERrCM7HXpG-zGhQKEgkPqvF6dUXkiRGsZxyELkktfCIKDcQy7RgVV79s1Q	41.8198212	-71.4293417	41.8198212	-71.4293417	Med	2.806123126	Raw	NA	NA	NA	NA	FALSE	41.8198	-71.42936	2018	November
1141	2018-11-24	756883	21:39:00	Pedestrian	1	NA	FALSE	FALSE	1	DYER STREET	DORRANCE STREET	2018-11-24	Two-Way, Divided, Unprotected (painted>4feet) Medium	Dry	Dark - Lighted	Clear	Not a Collision Between Two Motor Vehicles in Transport	No	No Controls	3	1	Pain Reported	NA	41.80338	-71.40157	FALSE	FALSE	Dyer Street and Dorrance Street, Providence, RI, USA	FALSE	-71.4081639	41.8212095	intersection	geometric_center	dyer st & dorrance st, providence, ri 02903, usa	NA	NA	NA	NA	41.8212095	-71.4081639	Med High	2058.793307	Geocoded	distance greater than 100m	NA	NA	NA	TRUE	41.8212095	-71.4081639	2018	November
1140	2018-11-25	756954	22:32:00	Pedestrian	1	NA	FALSE	FALSE	1	SAN SOUCI DR	VALLEY ST	2018-11-25	Unknown	Dry	Dark - Lighted	Clear	Not a Collision Between Two Motor Vehicles in Transport	Yes	No Controls	1	1	Pain Reported	NA	41.81742	-71.44157	FALSE	FALSE	San Souci Dr and Valley Street, Providence, RI, USA	FALSE	-71.4409149	41.8173882	intersection	geometric_center	valley st & san souci dr, providence, ri 02909, usa	NA	NA	NA	NA	41.8173882	-71.4409149	Med High	54.46452975	Raw	NA	NA	NA	NA	FALSE	41.81742	-71.44157	2018	November
1137	2018-11-26	757004	10:44:00	Pedestrian	1	NA	FALSE	FALSE	1	Broadway	Tobey Street	2018-11-26	Two-Way , Not Divided	Wet	Daylight	Cloudy	Other	No	No Controls	3	1	Pain Reported	2	41.81853	-71.43479	FALSE	FALSE	Broadway and Tobey Street, Providence, RI, USA	FALSE	-71.4350823	41.8184808	route	geometric_center	tobey st, providence, ri 02909, usa	Broadway & Tobey Street, Providence, RI, USA	EixCcm9hZHdheSAmIFRvYmV5IFN0cmVldCwgUHJvdmlkZW5jZSwgUkksIFVTQSJmImQKFAoSCRfuNQOcReSJERM-cKucrPmwEhQKEgkX7jUDnEXkiRETPnCrnKz5sBoUChIJpbXlhnVF5IkRGsIzsdekb7MaFAoSCaeDYAScReSJEdnG3TCTK2fVIgoNaP7sGBUZ32vV	41.8184808	-71.4350823	41.8184808	-71.4350823	Med	24.86060432	Raw	NA	NA	NA	NA	FALSE	41.81853	-71.43479	2018	November
1138	2018-11-26	757064	18:13:00	Pedestrian	1	NA	FALSE	FALSE	1	Olney Street	Brown Street	2018-11-26	Two-Way , Not Divided	Wet	Dark - Not Lighted	Rain	Not a Collision Between Two Motor Vehicles in Transport	No	Pavement Markings	3	1	Non-Incapacitating	1	41.8356	-71.40546	FALSE	FALSE	Olney Street and Brown Street, Providence, RI, USA	FALSE	-71.4054218	41.8356196	intersection	geometric_center	olney st & brown st, providence, ri 02906, usa	NA	NA	NA	NA	41.8356196	-71.4054218	Med High	3.846903679	Raw	NA	NA	NA	NA	FALSE	41.8356	-71.40546	2018	November
1139	2018-11-26	757074	19:03:00	Pedestrian	1	NA	FALSE	FALSE	1	ANGELL ST	WAYLAND AVE	2018-11-26	One-Way Trafficway	Wet	Dark - Lighted	Rain	Not a Collision Between Two Motor Vehicles in Transport	No	Traffic Control Signal	6	1	Non-Incapacitating	2	41.83017	-71.38783	FALSE	FALSE	Angell Street and Wayland Ave, Providence, RI, USA	FALSE	-71.3879538	41.8300494	intersection	geometric_center	wayland ave & angell st, providence, ri 02906, usa	NA	NA	NA	NA	41.8300494	-71.3879538	Med High	16.90216527	Raw	NA	NA	NA	NA	FALSE	41.83017	-71.38783	2018	November
1136	2018-11-28	757291	19:31:00	Bicycle	NA	1	FALSE	FALSE	1	PUBLIC ST	BROAD ST	2018-11-28	Two-Way , Not Divided	Dry	Dark - Lighted	Clear	Not a Collision Between Two Motor Vehicles in Transport	No	Traffic Control Signal	2	1	Pain Reported	NA	41.80442	-71.41935	FALSE	FALSE	Public Street and Broad Street, Providence, RI, USA	FALSE	-71.4193596	41.804449	intersection	geometric_center	public st & broad st, providence, ri 02907, usa	NA	NA	NA	NA	41.804449	-71.4193596	Med High	3.325099214	Raw	NA	NA	NA	NA	FALSE	41.80442	-71.41935	2018	November
1135	2018-11-29	757482	17:21:00	Pedestrian	1	NA	FALSE	FALSE	1	175 Douglas Ave	CANDACE ST	2018-11-30	Unknown	Dry	Dark - Lighted	Clear	Not a Collision Between Two Motor Vehicles in Transport	Yes	No Controls	1	1	Pain Reported	NA	41.83723	-71.42243	TRUE	FALSE	175 Douglas Ave, Providence, RI, USA	FALSE	-71.4217448	41.8372481	premise	rooftop	175 douglas ave, providence, ri 02908, usa	NA	NA	NA	NA	41.8372481	-71.4217448	High	56.86466549	Raw	NA	NA	NA	NA	FALSE	41.83723	-71.42243	2018	November
1134	2018-11-30	757388	08:55:00	Bicycle	NA	1	FALSE	FALSE	1	Broadway	RINGGOLD ST	2018-11-30	Two-Way , Not Divided	Dry	Daylight	Clear	Not a Collision Between Two Motor Vehicles in Transport	No	No Controls	3	1	Pain Reported	NA	41.82121	-71.42335	FALSE	FALSE	Broadway and Ringgold Street, Providence, RI, USA	FALSE	-71.4233535	41.8212225	route	geometric_center	ringgold st, providence, ri 02903, usa	Broadway & Ringgold Street, Providence, RI, USA	Ei9Ccm9hZHdheSAmIFJpbmdnb2xkIFN0cmVldCwgUHJvdmlkZW5jZSwgUkksIFVTQSJmImQKFAoSCQHFIVJzReSJEZc0Z-2f-JoPEhQKEgkBxSFSc0XkiRGXNGftn_iaDxoUChIJpbXlhnVF5IkRGsIzsdekb7MaFAoSCa1x6FFzReSJEfxS86mAer7HIgoNgWntGBVBqW3V	41.8212225	-71.4233535	41.8212225	-71.4233535	Med	1.4214642	Raw	NA	NA	NA	NA	FALSE	41.82121	-71.42335	2018	November
1133	2018-12-03	758688	09:27:00	Bicycle	NA	1	FALSE	FALSE	1	HOPE STREET	WILLIAMS STREET	2018-12-03	Two-Way , Not Divided	Wet	Daylight	Clear	Other	No	No Controls	6	1	Pain Reported	2	41.82258	-71.39685	FALSE	FALSE	Hope Street and Williams Street, Providence, RI, USA	FALSE	-71.3968006	41.8225892	intersection	geometric_center	hope st & williams st, providence, ri 02906, usa	NA	NA	NA	NA	41.8225892	-71.3968006	Med High	4.224096054	Raw	NA	NA	NA	NA	FALSE	41.82258	-71.39685	2018	December
1132	2018-12-04	758810	18:25:00	Pedestrian	1	NA	FALSE	FALSE	1	POTTERS AVE	ELMWOOD AVE	2018-12-04	Two-Way , Not Divided	Dry	Dark - Lighted	Clear	Head-On (Front - to - Front)	No	No Controls	2	1	Pain Reported	NA	41.80151	-71.42635	FALSE	FALSE	Potters Ave and Elmwood Ave, Providence, RI, USA	FALSE	-71.4263655	41.8015172	intersection	geometric_center	potters ave & elmwood ave, providence, ri 02907, usa	NA	NA	NA	NA	41.8015172	-71.4263655	Med High	1.515535855	Raw	NA	NA	NA	NA	FALSE	41.80151	-71.42635	2018	December
1131	2018-12-06	759978	00:36:00	Bicycle	NA	1	FALSE	FALSE	1	Chalkstone Ave	SMITH ST	2018-12-06	Two-Way , Not Divided	Dry	Dark - Lighted	Clear	Not a Collision Between Two Motor Vehicles in Transport	No	Traffic Control Signal	2	1	Pain Reported	NA	41.83519	-71.42569	FALSE	FALSE	Chalkstone Ave and Smith Street, Providence, RI, USA	FALSE	-71.4256425	41.8352214	intersection	geometric_center	chalkstone ave & smith st, providence, ri 02908, usa	NA	NA	NA	NA	41.8352214	-71.4256425	Med High	5.266786248	Raw	NA	NA	NA	NA	FALSE	41.83519	-71.42569	2018	December
1129	2018-12-07	760104	13:18:00	Pedestrian	1	NA	FALSE	FALSE	1	ANGELL ST	GANO ST	2018-12-07	Two-Way , Not Divided	Dry	Daylight	Clear	Not a Collision Between Two Motor Vehicles in Transport	No	Traffic Control Signal	3	1	Pain Reported	NA	41.82958	-71.39097	FALSE	FALSE	Angell Street and Gano Street, Providence, RI, USA	FALSE	-71.3909687	41.8295909	intersection	geometric_center	gano st & angell st, providence, ri 02906, usa	NA	NA	NA	NA	41.8295909	-71.3909687	Med High	1.218164483	Raw	NA	NA	NA	NA	FALSE	41.82958	-71.39097	2018	December