row_number	crash_date	crash_report_id	crash_time	collision_type	count_pedestrian	count_bicycle	scooter	wheel_chair	number_of_vehicles	street_or_highway	nearest_intersection	report_date	type_of_roadway	road_surface_condition	light_condition	weather_condition	manner_of_impact	hit_and_run	traffic_control	person_count	injury_count	most_serious_injury	number_of_lanes	lat_raw	lon_raw	has_st_number	is_intersection_null	address_sent_to_geocoder	is_address_blank	lon_api_first_try	lat_api_first_try	type	loctype	address_returned_by_geocoder	address_returned_by_autocomplete	place_ids_autocompleted	lat_api_second_try	lon_api_second_try	lat_api_best	lon_api_best	api_coord_conf	distance_btwn_coords_meters	best_coordinate_set	reason_for_qa	correct_coordinates	corrected_lat	corrected_lon	manually_qaed_record	final_lat	final_lon	year	month
1050	2019-03-13	772629	13:08:00	Pedestrian	1	NA	FALSE	FALSE	1	164 SUUMMIT ST	NA	2019-03-13	Unknown	Dry	Daylight	Clear	Not a Collision Between Two Motor Vehicles in Transport	No	No Controls	2	1	Pain Reported	NA	NA	NA	TRUE	TRUE	164 Suummit Street, Providence, RI, USA	FALSE	-71.3782454	41.8234948	street_address	rooftop	164 summit st, providence, ri 02906, usa	NA	NA	NA	NA	41.8234948	-71.3782454	High	NA	Neither	raw coords null but geocoded coords found	41.82345, -71.37808	41.82345	-71.37808	TRUE	41.82345	-71.37808	2019	March
1048	2019-03-14	772696	12:49:00	Pedestrian	1	NA	FALSE	FALSE	1	COLLEGE ST	MEMORIAL BLVD	2019-03-14	Two-Way , Not Divided	Dry	Daylight	Clear	Not a Collision Between Two Motor Vehicles in Transport	No	Traffic Control Signal	3	1	Pain Reported	NA	41.8253	-71.40887	FALSE	FALSE	College Street and Memorial Blvd, Providence, RI, USA	FALSE	-71.4134258	41.8263996	route	geometric_center	memorial blvd, providence, ri 02903, usa	College Street & Memorial Blvd, Providence, RI, USA	EjNDb2xsZWdlIFN0cmVldCAmIE1lbW9yaWFsIEJsdmQsIFByb3ZpZGVuY2UsIFJJLCBVU0EiZiJkChQKEglFd5NeFkXkiRE-ZeYWZ8ZcoxIUChIJRXeTXhZF5IkRPmXmFmfGXKMaFAoSCdHlyy0WReSJEfVO_Fs18GQ-GhQKEgn3LDO1FkXkiRGsznR5eOTavSIKDRUJ7hgVb-Fv1Q	41.8253077	-71.4088081	41.8253077	-71.4088081	Med	5.205856939	Raw	NA	NA	NA	NA	FALSE	41.8253	-71.40887	2019	March
1049	2019-03-14	772784	20:49:00	Bicycle	NA	1	FALSE	FALSE	1	BROAD ST	CAHIR ST	2019-03-14	Two-Way , Not Divided	Wet	Dark - Lighted	Fog, Smog, Smoke	Not a Collision Between Two Motor Vehicles in Transport	No	Traffic Control Signal	4	0	No Injury	NA	41.81692	-71.41795	FALSE	FALSE	Broad Street and Cahir Street, Providence, RI, USA	FALSE	-71.4189877	41.8178471	route	geometric_center	cahir st, providence, ri 02903, usa	Broad Street & Cahir Street, Providence, RI, USA	EjBCcm9hZCBTdHJlZXQgJiBDYWhpciBTdHJlZXQsIFByb3ZpZGVuY2UsIFJJLCBVU0EiZiJkChQKEglxchb1bUXkiRHx6X_pfAz-ChIUChIJcXIW9W1F5IkR8el_6XwM_goaFAoSCYPefdWMT-SJESyiypOYSwijGhQKEgmx_OtuckXkiRFRWF6nVg1mziIKDXPC7BgVlX5u1Q	41.8169459	-71.4178923	41.8169459	-71.4178923	Med	5.588231095	Raw	NA	NA	NA	NA	FALSE	41.81692	-71.41795	2019	March
1045	2019-03-15	772880	16:03:00	Pedestrian	1	NA	FALSE	FALSE	1	FEDERAL STREET	WEEDEN ST	2019-03-15	Two-Way , Not Divided	Dry	Daylight	Clear	Not a Collision Between Two Motor Vehicles in Transport	No	No Controls	3	1	Pain Reported	NA	41.82238	-71.4245	FALSE	FALSE	Federal Street and Weeden Street, Providence, RI, USA	FALSE	-71.4249152	41.8224064	intersection	geometric_center	weeden st & federal st, providence, ri 02903, usa	NA	NA	NA	NA	41.8224064	-71.4249152	Med High	34.56889504	Raw	NA	NA	NA	NA	FALSE	41.82238	-71.4245	2019	March
1046	2019-03-15	772907	19:07:00	Pedestrian	1	NA	FALSE	FALSE	1	POTTERS AVE	GORDON AVE	2019-03-15	Two-Way , Not Divided	Wet	Dark - Lighted	Rain	Not a Collision Between Two Motor Vehicles in Transport	Yes	Pavement Markings	2	1	Pain Reported	NA	41.80372	-71.41576	FALSE	FALSE	Potters Ave and Gordon Ave, Providence, RI, USA	FALSE	-71.4157433	41.8037392	intersection	geometric_center	potters ave & gordon ave, providence, ri 02905, usa	NA	NA	NA	NA	41.8037392	-71.4157433	Med High	2.547272963	Raw	NA	NA	NA	NA	FALSE	41.80372	-71.41576	2019	March
1047	2019-03-15	772918	19:36:00	Pedestrian	1	NA	FALSE	FALSE	1	Charles St	W River St	2019-03-15	Two-Way, Divided, Unprotected (painted>4feet) Medium	Wet	Dark - Lighted	Clear	Not a Collision Between Two Motor Vehicles in Transport	No	No Controls	3	1	Non-Incapacitating	NA	41.83961	-71.41638	FALSE	FALSE	Charles Street and W River Street, Providence, RI, USA	FALSE	-71.4140946	41.8434958	route	geometric_center	w river st, providence, ri 02904, usa	Charles Street & West River Street, Providence, RI, USA	EjdDaGFybGVzIFN0cmVldCAmIFdlc3QgUml2ZXIgU3RyZWV0LCBQcm92aWRlbmNlLCBSSSwgVVNBImYiZAoUChIJn_PVYR1F5IkRV_lekQ3QEwQSFAoSCZ_z1WEdReSJEVf5XpEN0BMEGhQKEgl1C85s8UTkiRHLZMsuNVX9MhoUChIJgxzLm-NE5IkRpKt9jzlEBwUiCg0jOPAYFZe3btU	41.8396195	-71.4164329	41.8396195	-71.4164329	Med	4.512903626	Raw	NA	NA	NA	NA	FALSE	41.83961	-71.41638	2019	March
1044	2019-03-20	775292	17:18:00	Bicycle	NA	NA	FALSE	FALSE	2	GEORGE ST	GOVERNOR ST	2019-03-20	Two-Way , Not Divided	Dry	Daylight	Clear	Not a Collision Between Two Motor Vehicles in Transport	No	Stop Signs	2	0	No Injury	NA	41.82586	-71.39386	FALSE	FALSE	George Street and Governor Street, Providence, RI, USA	FALSE	-71.3940564	41.8243217	route	geometric_center	governor st, providence, ri, usa	George Street & Governor Street, Providence, RI, USA	EjRHZW9yZ2UgU3RyZWV0ICYgR292ZXJub3IgU3RyZWV0LCBQcm92aWRlbmNlLCBSSSwgVVNBImYiZAoUChIJD4USBDBF5IkRDsK4Bxda-JoSFAoSCQ-FEgQwReSJEQ7CuAcXWviaGhQKEgnH6iRjO0XkiRGyZ442LkmUZRoUChIJDdfTdjBF5IkRJOofm93bdSIiCg0-Hu4YFWspctU	41.8258494	-71.3938581	41.8258494	-71.3938581	Med	1.19046597	Raw	NA	NA	NA	NA	FALSE	41.82586	-71.39386	2019	March
1043	2019-03-26	775909	20:49:00	Bicycle	NA	1	FALSE	FALSE	1	RESERVOIR AVE	CRESCENT ST	2019-03-26	Two-Way , Not Divided	Dry	Dark - Lighted	Clear	Not a Collision Between Two Motor Vehicles in Transport	Yes	No Controls	2	0	No Injury	NA	41.79139	-71.42829	FALSE	FALSE	Reservoir Ave and Crescent Street, Providence, RI, USA	FALSE	-71.4282969	41.7914049	intersection	geometric_center	reservoir ave & crescent st, providence, ri 02907, usa	NA	NA	NA	NA	41.7914049	-71.4282969	Med High	1.754741325	Raw	NA	NA	NA	NA	FALSE	41.79139	-71.42829	2019	March
1042	2019-03-28	776129	22:02:00	Pedestrian	1	NA	FALSE	FALSE	1	CALDER ST	GREENWICH ST	2019-03-28	Two-Way , Not Divided	Dry	Dark - Lighted	Clear	Not a Collision Between Two Motor Vehicles in Transport	Yes	Stop Signs	2	1	Pain Reported	NA	41.80225	-71.42992	FALSE	FALSE	Calder Street and Greenwich Street, Providence, RI, USA	FALSE	-71.4299231	41.8022651	intersection	geometric_center	calder st & greenwich st, providence, ri 02907, usa	NA	NA	NA	NA	41.8022651	-71.4299231	Med High	1.700494883	Raw	NA	NA	NA	NA	FALSE	41.80225	-71.42992	2019	March
1040	2019-04-04	776735	15:30:00	Pedestrian	1	NA	FALSE	FALSE	1	391 Charles St	SILVER SPRING ST	2019-04-04	Two-Way , Not Divided	Dry	Daylight	Clear	Not a Collision Between Two Motor Vehicles in Transport	No	No Controls	3	1	Pain Reported	NA	41.84472	-71.41868	TRUE	FALSE	391 Charles Street, Providence, RI, USA	FALSE	-71.418266	41.8447294	premise	rooftop	391 charles st, providence, ri 02904, usa	NA	NA	NA	NA	41.8447294	-71.418266	High	34.3481617	Raw	NA	NA	NA	NA	FALSE	41.84472	-71.41868	2019	April
1041	2019-04-04	776738	15:05:00	Bicycle	NA	1	FALSE	FALSE	1	LLOYD AVE	BROWN ST	2019-04-04	Two-Way , Not Divided	Dry	Daylight	Clear	Not a Collision Between Two Motor Vehicles in Transport	No	Stop Signs	3	1	Pain Reported	NA	41.83139	-71.40382	FALSE	FALSE	Lloyd Ave and Brown Street, Providence, RI, USA	FALSE	-71.4038222	41.8314108	intersection	geometric_center	brown st & lloyd ave, providence, ri 02906, usa	NA	NA	NA	NA	41.8314108	-71.4038222	Med High	2.322624871	Raw	NA	NA	NA	NA	FALSE	41.83139	-71.40382	2019	April
1039	2019-04-05	776852	17:19:00	Pedestrian	1	NA	FALSE	FALSE	1	ATWELLS AVE	MANTON AVE	2019-04-05	Two-Way, Divided, Unprotected (painted>4feet) Medium	Dry	Daylight	Clear	Other	No	No Controls	2	0	No Injury	NA	41.82537	-71.4546	FALSE	FALSE	Atwells Ave and Manton Ave, Providence, RI, USA	FALSE	-71.4541435	41.8252114	intersection	geometric_center	atwells ave & manton ave, providence, ri 02909, usa	NA	NA	NA	NA	41.8252114	-71.4541435	Med High	41.78164681	Raw	NA	NA	NA	NA	FALSE	41.82537	-71.4546	2019	April
1038	2019-04-06	776949	15:17:00	Bicycle	NA	1	FALSE	FALSE	1	RANDALL ST	N MAIN ST	2019-04-06	Two-Way , Not Divided	Dry	Daylight	Clear	Not a Collision Between Two Motor Vehicles in Transport	No	No Controls	2	0	No Injury	NA	41.83806	-71.40982	FALSE	FALSE	Randall Street and N Main Street, Providence, RI, USA	FALSE	-71.3702575	41.8264716	establishment	rooftop	105 wilmarth ave, east providence, ri 02914, usa	Randall Street & North Main Street, Providence, RI, USA	EjdSYW5kYWxsIFN0cmVldCAmIE5vcnRoIE1haW4gU3RyZWV0LCBQcm92aWRlbmNlLCBSSSwgVVNBImYiZAoUChIJDY71Lh5F5IkRRD0q_3pm2QwSFAoSCQ2O9S4eReSJEUQ9Kv96ZtkMGhQKEgmXgCFvHkXkiREFR8Ne4aJLqhoUChIJ-fpBPd5E5IkRX9etvg1cIz8iCg2M9-8YFVXBb9U	41.837966	-71.4096299	41.837966	-71.4096299	Med	18.92277766	Raw	NA	NA	NA	NA	FALSE	41.83806	-71.40982	2019	April
1037	2019-04-07	777051	18:11:00	Bicycle	NA	1	TRUE	FALSE	1	WILLIAMS ST	GOVERNOR ST	2019-04-07	Two-Way , Not Divided	Dry	Daylight	Clear	Angle (Front - to - Side) Right Angle (Includes Broadside)	No	Stop Signs	2	0	No Injury	NA	41.82284	-71.39405	FALSE	FALSE	Williams Street and Governor Street, Providence, RI, USA	FALSE	-71.3940564	41.8243217	route	geometric_center	governor st, providence, ri, usa	Williams Street & Governor Street, Providence, RI, USA	EjZXaWxsaWFtcyBTdHJlZXQgJiBHb3Zlcm5vciBTdHJlZXQsIFByb3ZpZGVuY2UsIFJJLCBVU0EiZiJkChQKEgktt-udMEXkiRGgA9k91hmOexIUChIJLbfrnTBF5IkRoAPZPdYZjnsaFAoSCc8VZi06ReSJEdbRK1lrMSoLGhQKEgkN19N2MEXkiREk6h-b3dt1IiIKDfSp7RgVahZy1Q	41.8228724	-71.3943446	41.8228724	-71.3943446	Med	24.70366869	Raw	NA	NA	NA	NA	FALSE	41.82284	-71.39405	2019	April
1036	2019-04-08	777142	13:21:00	Pedestrian	1	NA	FALSE	FALSE	1	309 Broadway	VINTON ST	2019-04-08	Two-Way , Not Divided	Wet	Daylight	Cloudy	Not a Collision Between Two Motor Vehicles in Transport	No	No Controls	2	1	Pain Reported	NA	41.8201	-71.42808	TRUE	FALSE	309 Broadway, Providence, RI, USA	FALSE	-71.427943	41.8204199	street_address	range_interpolated	309 broadway, providence, ri 02903, usa	NA	NA	NA	NA	41.8204199	-71.427943	High	37.38081227	Raw	NA	NA	NA	NA	FALSE	41.8201	-71.42808	2019	April
1035	2019-04-11	777386	17:43:00	Bicycle	NA	1	FALSE	FALSE	1	South Court	North Main Street	2019-04-11	Two-Way, Divided, Positive Median Barrier	Dry	Daylight	Clear	Not a Collision Between Two Motor Vehicles in Transport	No	No Controls	2	1	Non-Incapacitating	1	NA	NA	FALSE	FALSE	South Court and North Main Street, Providence, RI, USA	FALSE	-71.5479058	41.7335481	route	geometric_center	n main st, rhode island, usa	S Court St & North Main Street, Providence, RI, USA	EjNTIENvdXJ0IFN0ICYgTm9ydGggTWFpbiBTdHJlZXQsIFByb3ZpZGVuY2UsIFJJLCBVU0EiZiJkChQKEglTYLXXGUXkiRFRTGfjzS7j3hIUChIJU2C11xlF5IkRUUxn480u494aFAoSCaMkIi8YReSJEWPmtkv3sN32GhQKEgn5-kE93kTkiRFf162-DVwjPyIKDSuW7hgVyb1v1Q	41.8289195	-71.4097207	41.8289195	-71.4097207	Med	NA	Geocoded	raw coords null but geocoded coords found	NA	NA	NA	TRUE	41.8289195	-71.4097207	2019	April
1034	2019-04-12	777444	13:52:00	Pedestrian	2	NA	FALSE	FALSE	1	ELMWOOD AVE	PEACE ST	2019-04-12	Two-Way , Not Divided	Dry	Daylight	Clear	Not a Collision Between Two Motor Vehicles in Transport	Yes	No Controls	3	2	Pain Reported	NA	41.80645	-71.42496	FALSE	FALSE	Elmwood Ave and Peace Street, Providence, RI, USA	FALSE	-71.4249572	41.8065686	intersection	geometric_center	peace st & elmwood ave, providence, ri 02907, usa	NA	NA	NA	NA	41.8065686	-71.4249572	Med High	13.20453578	Raw	NA	NA	NA	NA	FALSE	41.80645	-71.42496	2019	April
1033	2019-04-14	777599	02:53:00	Pedestrian	1	NA	FALSE	FALSE	1	Dike Street	PLAINFIELD ST	2019-04-14	Two-Way , Not Divided	Dry	Dark - Lighted	Clear	Not a Collision Between Two Motor Vehicles in Transport	Yes	No Controls	1	1	Pain Reported	NA	41.816	-71.4439	FALSE	FALSE	Dike Street and Plainfield Street, Providence, RI, USA	FALSE	-71.444405	41.816372	intersection	geometric_center	dike st & plainfield st, providence, ri 02909, usa	NA	NA	NA	NA	41.816372	-71.444405	Med High	58.90879621	Raw	NA	NA	NA	NA	FALSE	41.816	-71.4439	2019	April
1031	2019-04-16	777751	13:55:00	Pedestrian	1	NA	FALSE	FALSE	1	45 East Drive	Middle Street	2019-04-16	Two-Way , Not Divided	Dry	Daylight	Clear	Not a Collision Between Two Motor Vehicles in Transport	No	No Controls	2	1	Pain Reported	1	NA	NA	TRUE	FALSE	45 East Drive, Providence, RI, USA	FALSE	-71.4430392	41.852099	premise	rooftop	45 east dr, providence, ri 02904, usa	NA	NA	NA	NA	41.852099	-71.4430392	High	NA	Neither	raw coords null but geocoded coords found	41.85211, -71.44323	41.85211	-71.44323	TRUE	41.85211	-71.44323	2019	April
1032	2019-04-16	777758	15:40:00	Pedestrian	1	NA	FALSE	FALSE	1	COLLEGE ST	COLLEGE ST	2019-04-16	One-Way Trafficway	Dry	Daylight	Clear	Not a Collision Between Two Motor Vehicles in Transport	No	Traffic Control Signal	2	1	Non-Incapacitating	NA	41.82564	-71.40784	FALSE	FALSE	College Street and College Street, Providence, RI, USA	FALSE	-71.4066485	41.8260241	route	geometric_center	college st, providence, ri 02903, usa	NA	NA	NA	NA	41.8260241	-71.4066485	Med	107.6901728	Raw	distance greater than 100m	NA	NA	NA	TRUE	41.82564	-71.40784	2019	April
1030	2019-04-19	777952	14:52:00	Pedestrian	1	NA	FALSE	FALSE	1	Cranston St	BRIDGHAM ST	2019-04-19	Two-Way , Not Divided	Dry	Daylight	Clear	Not a Collision Between Two Motor Vehicles in Transport	No	Traffic Control Signal	2	2	Non-Incapacitating	NA	41.81396	-71.42694	FALSE	FALSE	Cranston Street and Bridgham Street, Providence, RI, USA	FALSE	-71.426947	41.8139796	intersection	geometric_center	cranston st & bridgham st, providence, ri 02907, usa	NA	NA	NA	NA	41.8139796	-71.426947	Med High	2.257835677	Raw	NA	NA	NA	NA	FALSE	41.81396	-71.42694	2019	April
1028	2019-04-25	778300	07:35:00	Pedestrian	1	NA	FALSE	FALSE	1	COLFAX ST	BROAD ST	2019-04-25	Two-Way , Not Divided	Dry	Daylight	Clear	Not a Collision Between Two Motor Vehicles in Transport	Yes	Pavement Markings	1	1	Pain Reported	NA	41.7989	-71.41536	FALSE	FALSE	Colfax Street and Broad Street, Providence, RI, USA	FALSE	-71.4154791	41.7988681	intersection	geometric_center	broad st & colfax st, providence, ri 02905, usa	NA	NA	NA	NA	41.7988681	-71.4154791	Med High	10.50237443	Raw	NA	NA	NA	NA	FALSE	41.7989	-71.41536	2019	April
1029	2019-04-25	778307	12:10:00	Bicycle	NA	1	FALSE	FALSE	1	341 South Main St	JAMES ST	2019-04-25	One-Way Trafficway	Dry	Daylight	Clear	Angle (Front - to - Side) Right Angle (Includes Broadside)	No	No Controls	2	1	Pain Reported	NA	41.82097	-71.40384	TRUE	FALSE	341 South Main Street, Providence, RI, USA	FALSE	-71.4044693	41.821454	subpremise	rooftop	341 s main st, providence, ri 02903, usa	NA	NA	NA	NA	41.821454	-71.4044693	High	75.02235159	Raw	NA	NA	NA	NA	FALSE	41.82097	-71.40384	2019	April
1027	2019-04-26	778414	21:24:00	Pedestrian	1	NA	FALSE	FALSE	1	N MAIN ST	N MAIN ST	2019-04-26	Two-Way, Divided, Unprotected (painted>4feet) Medium	Wet	Dark - Lighted	Rain	Not a Collision Between Two Motor Vehicles in Transport	No	No Controls	3	1	Non-Incapacitating	NA	41.83709	-71.4095	FALSE	FALSE	N Main Street and N Main Street, Providence, RI, USA	FALSE	-71.2873641	41.7371398	route	geometric_center	n main st, rhode island, usa	North Main Street & South Main Street, Providence, RI, USA	EjpOb3J0aCBNYWluIFN0cmVldCAmIFNvdXRoIE1haW4gU3RyZWV0LCBQcm92aWRlbmNlLCBSSSwgVVNBImYiZAoUChIJD1urSRZF5IkRzGbOghZosXsSFAoSCQ9bq0kWReSJEcxmzoIWaLF7GhQKEgn5-kE93kTkiRFf162-DVwjPxoUChIJxfz7Uz5F5IkRx3FZv-YChPQiCg2TF-4YFdUHcNU	41.8256787	-71.4078251	41.8256787	-71.4078251	Med	1277.874235	Raw	distance greater than 100m	NA	NA	NA	TRUE	41.83709	-71.4095	2019	April
1026	2019-04-27	778460	16:17:00	Pedestrian	1	NA	TRUE	FALSE	1	SMITH ST	ORMS ST	2019-04-27	Two-Way , Not Divided	Dry	Daylight	Cloudy	Not a Collision Between Two Motor Vehicles in Transport	No	No Controls	2	1	Incapacitating	NA	41.83456	-71.42401	FALSE	FALSE	Smith Street and Orms Street, Providence, RI, USA	FALSE	-71.4219437	41.8337775	intersection	geometric_center	orms st & smith st, providence, ri 02904, usa	NA	NA	NA	NA	41.8337775	-71.4219437	Med High	192.2490257	Raw	distance greater than 100m	NA	NA	NA	TRUE	41.83456	-71.42401	2019	April
1025	2019-05-02	778867	22:16:00	Pedestrian	1	NA	FALSE	FALSE	1	BROAD ST	BROAD ST	2019-05-02	Two-Way , Not Divided	Dry	Dark - Lighted	Clear	Not a Collision Between Two Motor Vehicles in Transport	Yes	Stop Signs	1	1	Pain Reported	NA	41.80648	-71.42002	FALSE	FALSE	Broad Street and Broad Street, Providence, RI, USA	FALSE	-71.4101636	41.7945838	route	geometric_center	broad st, providence, ri, usa	NA	NA	NA	NA	41.7945838	-71.4101636	Med	1556.513667	Raw	distance greater than 100m	NA	NA	NA	TRUE	41.80648	-71.42002	2019	May
1024	2019-05-04	778987	15:51:00	Bicycle	NA	1	FALSE	FALSE	1	LUBEC ST	MANILA ST	2019-05-04	Two-Way , Not Divided	Dry	Daylight	Clear	Not a Collision Between Two Motor Vehicles in Transport	No	Stop Signs	3	1	Non-Incapacitating	NA	41.85438	-71.44557	FALSE	FALSE	Lubec Street and Manila Street, Providence, RI, USA	FALSE	-71.4455518	41.8543745	intersection	geometric_center	manila st & lubec st, providence, ri 02904, usa	NA	NA	NA	NA	41.8543745	-71.4455518	Med High	1.628536215	Raw	NA	NA	NA	NA	FALSE	41.85438	-71.44557	2019	May
1023	2019-05-05	779049	15:15:00	Bicycle	NA	1	FALSE	FALSE	1	CUSTOM HOUSE ST	WEYBOSSET ST	2019-05-05	Two-Way , Not Divided	Wet	Daylight	Rain	Angle (Front - to - Side) Right Angle (Includes Broadside)	No	No Controls	2	0	No Injury	NA	41.82431	-71.4097	FALSE	FALSE	Custom House Street and Weybosset Street, Providence, RI, USA	FALSE	-71.4097149	41.824309	intersection	geometric_center	weybosset st & custom house st, providence, ri 02903, usa	NA	NA	NA	NA	41.824309	-71.4097149	Med High	1.241025095	Raw	NA	NA	NA	NA	FALSE	41.82431	-71.4097	2019	May
1021	2019-05-06	779218	18:39:00	Pedestrian	1	NA	FALSE	FALSE	1	MANTON AVE	GLENBRIDGE AVE	2019-05-06	Two-Way , Not Divided	Dry	Daylight	Clear	Not a Collision Between Two Motor Vehicles in Transport	No	No Controls	3	1	Pain Reported	NA	41.82596	-71.45816	FALSE	FALSE	Manton Ave and Glenbridge Ave, Providence, RI, USA	FALSE	-71.4582318	41.8259774	intersection	geometric_center	glenbridge ave & manton ave, providence, ri 02909, usa	NA	NA	NA	NA	41.8259774	-71.4582318	Med High	6.263027304	Raw	NA	NA	NA	NA	FALSE	41.82596	-71.45816	2019	May
1022	2019-05-06	779236	16:10:00	Bicycle	NA	1	FALSE	FALSE	1	CRANSTON ST	BELLEVUE AVE	2019-05-06	Two-Way , Not Divided	Dry	Daylight	Clear	Not a Collision Between Two Motor Vehicles in Transport	No	No Controls	2	1	Pain Reported	2	41.80885	-71.4341	FALSE	FALSE	Cranston Street and Bellevue Ave, Providence, RI, USA	FALSE	-71.434059	41.8089239	intersection	geometric_center	cranston st & bellevue ave, providence, ri 02907, usa	NA	NA	NA	NA	41.8089239	-71.434059	Med High	8.902177657	Raw	NA	NA	NA	NA	FALSE	41.80885	-71.4341	2019	May
1020	2019-05-07	779265	14:02:00	Bicycle	NA	1	FALSE	FALSE	1	CORLISS ST	CHARLES ST	2019-05-07	Two-Way , Not Divided	Dry	Daylight	Clear	Not a Collision Between Two Motor Vehicles in Transport	No	Stop Signs	4	1	Pain Reported	NA	41.83814	-71.41441	FALSE	FALSE	Corliss Street and Charles Street, Providence, RI, USA	FALSE	-71.4144885	41.8380809	intersection	geometric_center	charles st & corliss st, providence, ri 02904, usa	NA	NA	NA	NA	41.8380809	-71.4144885	Med High	9.255806396	Raw	NA	NA	NA	NA	FALSE	41.83814	-71.41441	2019	May
1019	2019-05-13	781893	16:26:00	Pedestrian	1	NA	FALSE	FALSE	1	THURBERS AVE	WEISS CT	2019-05-13	Two-Way , Not Divided	Wet	Daylight	Rain	Not a Collision Between Two Motor Vehicles in Transport	No	No Controls	2	1	Pain Reported	NA	41.79834	-71.41391	FALSE	FALSE	Thurbers Ave and Weiss Ct, Providence, RI, USA	FALSE	-71.4139162	41.7983534	intersection	geometric_center	thurbers ave & weiss ct, providence, ri 02905, usa	NA	NA	NA	NA	41.7983534	-71.4139162	Med High	1.577925943	Raw	NA	NA	NA	NA	FALSE	41.79834	-71.41391	2019	May
1018	2019-05-14	782054	15:45:00	Pedestrian	1	NA	FALSE	FALSE	1	BROAD ST	MOORE ST	2019-05-14	Two-Way , Not Divided	Dry	Daylight	Clear	Not a Collision Between Two Motor Vehicles in Transport	No	No Controls	3	1	Pain Reported	NA	41.80484	-71.4195	FALSE	FALSE	Broad Street and Moore Street, Providence, RI, USA	FALSE	-71.4224386	41.8048126	route	geometric_center	moore st, providence, ri 02907, usa	Broad Street & Moore Street, Providence, RI, USA	EjBCcm9hZCBTdHJlZXQgJiBNb29yZSBTdHJlZXQsIFByb3ZpZGVuY2UsIFJJLCBVU0EiZiJkChQKEgmlABLCfEXkiRHWRH4Go29OcRIUChIJpQASwnxF5IkR1kR-BqNvTnEaFAoSCYPefdWMT-SJESyiypOYSwijGhQKEgnhyI4zfEXkiRFDYGpDM0nPaiIKDY7r6hgVyD9u1Q	41.804891	-71.4195	41.804891	-71.4195	Med	5.67729403	Raw	NA	NA	NA	NA	FALSE	41.80484	-71.4195	2019	May
1017	2019-05-15	782165	19:47:00	Bicycle	NA	1	FALSE	FALSE	1	RICHMOND ST	POINT STREET	2019-05-15	Two-Way , Not Divided	Dry	Dusk	Clear	Not a Collision Between Two Motor Vehicles in Transport	No	Traffic Control Signal	2	1	Incapacitating	NA	41.81655	-71.40727	FALSE	FALSE	Richmond Street and Point Street, Providence, RI, USA	FALSE	-71.407245	41.8165589	intersection	geometric_center	point st & richmond st, providence, ri 02903, usa	NA	NA	NA	NA	41.8165589	-71.407245	Med High	2.298591361	Raw	NA	NA	NA	NA	FALSE	41.81655	-71.40727	2019	May
1015	2019-05-16	782208	08:46:00	Pedestrian	1	NA	FALSE	FALSE	1	Sabin Street	Empire Street	2019-05-16	One-Way Trafficway	Dry	Daylight	Clear	Not a Collision Between Two Motor Vehicles in Transport	No	Traffic Control Signal	3	1	Pain Reported	3	NA	NA	FALSE	FALSE	Sabin Street and Empire Street, Providence, RI, USA	FALSE	-71.4178655	41.8228161	intersection	geometric_center	sabin st & empire st, providence, ri 02903, usa	NA	NA	NA	NA	41.8228161	-71.4178655	Med High	NA	Geocoded	raw coords null but geocoded coords found	NA	NA	NA	TRUE	41.8228161	-71.4178655	2019	May
1016	2019-05-16	782234	15:13:00	Bicycle	NA	1	FALSE	FALSE	1	ROGER WILLIAMS AVE	ALEXANDER ST	2019-05-16	Two-Way , Not Divided	Dry	Daylight	Clear	Not a Collision Between Two Motor Vehicles in Transport	No	Stop Signs	3	1	Pain Reported	NA	41.78853	-71.4262	FALSE	FALSE	Roger Williams Ave and Alexander Street, Providence, RI, USA	FALSE	-71.4261954	41.7885531	intersection	geometric_center	alexander st & roger williams ave, providence, ri 02907, usa	NA	NA	NA	NA	41.7885531	-71.4261954	Med High	2.599670137	Raw	NA	NA	NA	NA	FALSE	41.78853	-71.4262	2019	May
1014	2019-05-17	782414	20:59:00	Pedestrian	1	NA	FALSE	FALSE	1	PARK ROW E	CANAL ST	2019-05-17	Two-Way , Not Divided	Dry	Dark - Lighted	Clear	Not a Collision Between Two Motor Vehicles in Transport	No	No Controls	4	0	No Injury	NA	41.82845	-71.41081	FALSE	FALSE	Park Row E and Canal Street, Providence, RI, USA	FALSE	-71.4106907	41.8284695	intersection	geometric_center	park row w & canal st, providence, ri 02903, usa	NA	NA	NA	NA	41.8284695	-71.4106907	Med High	10.13111915	Raw	NA	NA	NA	NA	FALSE	41.82845	-71.41081	2019	May
1013	2019-05-18	782496	17:23:00	Bicycle	NA	NA	FALSE	FALSE	2	GALILEO AVE	SAMOSET AVE	2019-05-18	Two-Way , Not Divided	Dry	Daylight	Clear	Angle (Front - to - Side) Right Angle (Includes Broadside)	No	Stop Signs	3	1	Pain Reported	NA	41.83582	-71.45363	FALSE	FALSE	Galileo Ave and Samoset Ave, Providence, RI, USA	FALSE	-71.4536382	41.835839	intersection	geometric_center	samoset ave & galileo ave, providence, ri 02909, usa	NA	NA	NA	NA	41.835839	-71.4536382	Med High	2.221725644	Raw	NA	NA	NA	NA	FALSE	41.83582	-71.45363	2019	May
1012	2019-05-20	782738	14:47:00	Bicycle	NA	1	FALSE	FALSE	1	WATERMAN ST	GOVERNOR ST	2019-05-20	One-Way Trafficway	Dry	Daylight	Clear	Not a Collision Between Two Motor Vehicles in Transport	No	No Controls	2	1	Pain Reported	NA	41.82762	-71.39389	FALSE	FALSE	Waterman Street and Governor Street, Providence, RI, USA	FALSE	-71.3938851	41.8276383	intersection	geometric_center	governor st & waterman st, providence, ri 02906, usa	NA	NA	NA	NA	41.8276383	-71.3938851	Med High	2.077299483	Raw	NA	NA	NA	NA	FALSE	41.82762	-71.39389	2019	May