row_number	crash_date	crash_report_id	crash_time	collision_type	count_pedestrian	count_bicycle	scooter	wheel_chair	number_of_vehicles	street_or_highway	nearest_intersection	report_date	type_of_roadway	road_surface_condition	light_condition	weather_condition	manner_of_impact	hit_and_run	traffic_control	person_count	injury_count	most_serious_injury	number_of_lanes	lat_raw	lon_raw	has_st_number	is_intersection_null	address_sent_to_geocoder	is_address_blank	lon_api_first_try	lat_api_first_try	type	loctype	address_returned_by_geocoder	address_returned_by_autocomplete	place_ids_autocompleted	lat_api_second_try	lon_api_second_try	lat_api_best	lon_api_best	api_coord_conf	distance_btwn_coords_meters	best_coordinate_set	reason_for_qa	correct_coordinates	corrected_lat	corrected_lon	manually_qaed_record	final_lat	final_lon	year	month
1011	2019-05-21	782908	18:08:00	Bicycle	NA	NA	FALSE	FALSE	2	CRANSTON ST	DODGE ST	2019-05-21	Two-Way , Not Divided	Dry	Daylight	Clear	Not a Collision Between Two Motor Vehicles in Transport	Yes	No Controls	1	0	Unknown	NA	41.81465	-71.42574	FALSE	FALSE	Cranston Street and Dodge Street, Providence, RI, USA	FALSE	-71.4259042	41.8145699	intersection	geometric_center	cranston st & dodge st, providence, ri 02907, usa	NA	NA	NA	NA	41.8145699	-71.4259042	Med High	16.28185612	Raw	NA	NA	NA	NA	FALSE	41.81465	-71.42574	2019	May
1009	2019-05-22	783037	18:56:00	Bicycle	NA	2	FALSE	FALSE	1	CHALKSTONE AVE	FREDERICK ST	2019-05-22	Two-Way , Not Divided	Dry	Daylight	Clear	Not a Collision Between Two Motor Vehicles in Transport	Yes	No Controls	2	2	Pain Reported	NA	41.83447	-71.42888	FALSE	FALSE	Chalkstone Ave and Frederick Street, Providence, RI, USA	FALSE	-71.4288642	41.8344892	intersection	geometric_center	frederick st & chalkstone ave, providence, ri 02908, usa	NA	NA	NA	NA	41.8344892	-71.4288642	Med High	2.507097451	Raw	NA	NA	NA	NA	FALSE	41.83447	-71.42888	2019	May
1010	2019-05-22	783053	20:59:00	Other	NA	NA	TRUE	FALSE	2	Point St	Service road #8	2019-05-22	One-Way Trafficway	Dry	Dark - Lighted	Clear	Head-On (Front - to - Front)	Yes	Traffic Control Signal	3	1	Pain Reported	2	41.81513	-71.41193	FALSE	FALSE	Point Street and Service Road #8, Providence, RI, USA	FALSE	-71.4408471	41.8158978	route	geometric_center	service rd, providence, ri 02909, usa	NA	NA	NA	NA	41.8158978	-71.4408471	Med	2400.65566	Raw	distance greater than 100m	NA	NA	NA	TRUE	41.81513	-71.41193	2019	May
1008	2019-05-24	783272	20:43:00	Bicycle	NA	1	FALSE	FALSE	1	NORTHUP AVE	HALL ST	2019-05-24	Two-Way , Not Divided	Dry	Dark - Lighted	Clear	Not a Collision Between Two Motor Vehicles in Transport	Yes	No Controls	1	1	Pain Reported	NA	41.85151	-71.4165	FALSE	FALSE	Northup Ave and Hall Street, Providence, RI, USA	FALSE	-71.4168869	41.8515027	intersection	geometric_center	northrup ave & hall st, providence, ri 02904, usa	NA	NA	NA	NA	41.8515027	-71.4168869	Med High	32.09175772	Raw	NA	NA	NA	NA	FALSE	41.85151	-71.4165	2019	May
1006	2019-05-25	783338	10:25:00	Pedestrian	1	NA	FALSE	FALSE	1	BROAD ST	MASSACHUSETTS AVE	2019-05-25	Two-Way , Not Divided	Dry	Daylight	Clear	Other	No	No Controls	3	1	Pain Reported	NA	41.78635	-71.40193	FALSE	FALSE	Broad Street and Massachusetts Ave, Providence, RI, USA	FALSE	-71.398086	41.7870857	route	geometric_center	massachusetts ave, providence, ri 02905, usa	Broad Street & Massachusetts Ave, Providence, RI, USA	EjVCcm9hZCBTdHJlZXQgJiBNYXNzYWNodXNldHRzIEF2ZSwgUHJvdmlkZW5jZSwgUkksIFVTQSJmImQKFAoSCSsPeUnsT-SJEa4hPoTYt3L2EhQKEgkrD3lJ7E_kiRGuIT6E2Ldy9hoUChIJg9591YxP5IkRLKLKk5hLCKMaFAoSCaWbFTXuT-SJEd17f4AxeQSKIgoN8BfoGBXn7XDV	41.7863664	-71.4019353	41.7863664	-71.4019353	Med	1.877894902	Raw	NA	NA	NA	NA	FALSE	41.78635	-71.40193	2019	May
1007	2019-05-25	783344	14:12:00	Bicycle	NA	1	FALSE	FALSE	1	BROADWAY	VALLEY ST	2019-05-25	Two-Way , Not Divided	Dry	Daylight	Clear	Not a Collision Between Two Motor Vehicles in Transport	No	Traffic Control Signal	2	1	Pain Reported	NA	41.81684	-71.441	FALSE	FALSE	Broadway and Valley Street, Providence, RI, USA	FALSE	-71.4361571	41.8275287	route	geometric_center	valley st, providence, ri, usa	Broadway & Valley Street, Providence, RI, USA	Ei1Ccm9hZHdheSAmIFZhbGxleSBTdHJlZXQsIFByb3ZpZGVuY2UsIFJJLCBVU0EiZiJkChQKEglPQjeFmkXkiRFay9YdHmK0gBIUChIJT0I3hZpF5IkRWsvWHR5itIAaFAoSCaW15YZ1ReSJERrCM7HXpG-zGhQKEgn71PW-oUXkiRFACHbbKx7jfCIKDVm-7BgVgvdq1Q	41.8168409	-71.441011	41.8168409	-71.441011	Med	0.918089077	Raw	NA	NA	NA	NA	FALSE	41.81684	-71.441	2019	May
1005	2019-05-29	783754	17:57:00	Pedestrian	1	NA	FALSE	FALSE	1	CAHIR ST	BROAD ST	2019-05-29	Two-Way , Not Divided	Dry	Daylight	Clear	Not a Collision Between Two Motor Vehicles in Transport	No	No Controls	3	1	Pain Reported	NA	41.81698	-71.41799	FALSE	FALSE	Cahir Street and Broad Street, Providence, RI, USA	FALSE	-71.4178923	41.8169459	intersection	geometric_center	broad st & cahir st, providence, ri 02903, usa	NA	NA	NA	NA	41.8169459	-71.4178923	Med High	8.95042502	Raw	NA	NA	NA	NA	FALSE	41.81698	-71.41799	2019	May
1004	2019-05-30	783869	22:27:00	Pedestrian	1	NA	FALSE	FALSE	1	MOUNT PLEASANT AVE	CHALKSTONE AVE	2019-05-31	Two-Way , Not Divided	Wet	Dark - Lighted	Rain	Not a Collision Between Two Motor Vehicles in Transport	No	Traffic Control Signal	5	1	Pain Reported	NA	41.8327	-71.44975	FALSE	FALSE	Mount Pleasant Ave and Chalkstone Ave, Providence, RI, USA	FALSE	-71.4497544	41.83271	intersection	geometric_center	mt pleasant ave & chalkstone ave, providence, ri 02908, usa	NA	NA	NA	NA	41.83271	-71.4497544	Med High	1.171491734	Raw	NA	NA	NA	NA	FALSE	41.8327	-71.44975	2019	May
1003	2019-05-31	783947	22:30:00	Bicycle	NA	1	FALSE	FALSE	1	BRANCH AVE EXIT	BRANCH AVE	2019-06-01	Two-Way , Not Divided	Dry	Dark - Lighted	Clear	Not a Collision Between Two Motor Vehicles in Transport	No	Yield Signs	2	1	Pain Reported	NA	41.85252	-71.42536	FALSE	FALSE	Branch Ave Exit and Branch Ave, Providence, RI, USA	FALSE	-71.4228521	41.8515249	route	geometric_center	branch ave, providence, ri 02904, usa	NA	NA	NA	NA	41.8515249	-71.4228521	Med	235.6156623	Raw	distance greater than 100m	NA	NA	NA	TRUE	41.85252	-71.42536	2019	May
1001	2019-06-01	783971	11:00:00	Bicycle	NA	1	FALSE	FALSE	1	BROAD ST	BROAD ST	2019-06-01	Two-Way, Divided, Unprotected (painted>4feet) Medium	Dry	Daylight	Clear	Angle (Front - to - Side) Right Angle (Includes Broadside)	Yes	Traffic Control Signal	2	1	Non-Incapacitating	NA	41.80977	-71.42101	FALSE	FALSE	Broad Street and Broad Street, Providence, RI, USA	FALSE	-71.4101636	41.7945838	route	geometric_center	broad st, providence, ri, usa	NA	NA	NA	NA	41.7945838	-71.4101636	Med	1915.197638	Raw	distance greater than 100m	NA	NA	NA	TRUE	41.80977	-71.42101	2019	June
1002	2019-06-01	784030	19:32:00	Bicycle	NA	NA	FALSE	FALSE	2	ELMWOOD AVE	CADILLAC DR	2019-06-01	Two-Way, Divided, Positive Median Barrier	Dry	Daylight	Clear	Angle (Front - to - Side) Same Direction	No	No Controls	1	1	Pain Reported	NA	41.78916	-71.42126	FALSE	FALSE	Elmwood Ave and Cadillac Dr, Providence, RI, USA	FALSE	-71.4212577	41.78916	intersection	geometric_center	cadillac dr & elmwood ave, providence, ri 02907, usa	NA	NA	NA	NA	41.78916	-71.4212577	Med High	0.190900104	Raw	NA	NA	NA	NA	FALSE	41.78916	-71.42126	2019	June
1000	2019-06-04	784357	22:21:00	Pedestrian	1	NA	FALSE	FALSE	1	JOSLIN ST	KOSSUTH ST	2019-06-05	Two-Way , Not Divided	Dry	Dark - Lighted	Clear	Other	Yes	No Controls	1	1	Pain Reported	NA	41.82235	-71.44673	FALSE	FALSE	Joslin Street and Kossuth Street, Providence, RI, USA	FALSE	-71.4467322	41.8222186	intersection	geometric_center	joslin st & kossuth st, providence, ri 02909, usa	NA	NA	NA	NA	41.8222186	-71.4467322	Med High	14.62851961	Raw	NA	NA	NA	NA	FALSE	41.82235	-71.44673	2019	June
999	2019-06-08	784767	16:40:00	Bicycle	NA	1	FALSE	FALSE	1	332 Valley Street	RILL ST	2019-06-08	Two-Way, Divided, Unprotected (painted>4feet) Medium	Dry	Daylight	Clear	Other	No	No Controls	2	1	Pain Reported	NA	41.82659	-71.43819	TRUE	FALSE	332 Valley Street, Providence, RI, USA	FALSE	-71.4387719	41.8265155	street_address	rooftop	332 valley st, providence, ri 02908, usa	NA	NA	NA	NA	41.8265155	-71.4387719	High	48.97680831	Raw	NA	NA	NA	NA	FALSE	41.82659	-71.43819	2019	June
997	2019-06-09	784816	12:45:00	Pedestrian	1	NA	FALSE	FALSE	1	73 PHEBE ST	ADMIRAL ST	2019-06-09	Two-Way , Not Divided	Dry	Daylight	Clear	Other	Yes	No Controls	2	1	Non-Incapacitating	NA	41.83618	-71.41545	TRUE	FALSE	73 Phebe Street, Providence, RI, USA	FALSE	-71.4419725	41.8526339	premise	rooftop	73 phebe st, providence, ri 02904, usa	NA	NA	NA	NA	41.8526339	-71.4419725	High	2862.267402	Geocoded	distance greater than 100m	NA	NA	NA	TRUE	41.8526339	-71.4419725	2019	June
998	2019-06-09	784858	21:00:00	Pedestrian	1	NA	FALSE	FALSE	1	833 POTTERS AVE	PURITAN ST	2019-06-09	Two-Way , Not Divided	Dry	Dark - Lighted	Clear	Not a Collision Between Two Motor Vehicles in Transport	Yes	No Controls	1	1	Non-Incapacitating	NA	41.80476	-71.43701	TRUE	FALSE	833 Potters Ave, Providence, RI, USA	FALSE	-71.4370419	41.804971	premise	rooftop	833 potters ave, providence, ri 02907, usa	NA	NA	NA	NA	41.804971	-71.4370419	High	23.63709822	Raw	NA	NA	NA	NA	FALSE	41.80476	-71.43701	2019	June
996	2019-06-11	785038	16:31:00	Pedestrian	1	NA	FALSE	FALSE	1	27 Armington Ave	PEMBERTON ST	2019-06-11	Two-Way , Not Divided	Dry	Daylight	Clear	Not a Collision Between Two Motor Vehicles in Transport	No	No Controls	5	1	Pain Reported	NA	41.82714	-71.44484	TRUE	FALSE	27 Armington Ave, Providence, RI, USA	FALSE	-71.4447543	41.8273486	street_address	rooftop	27 armington ave, providence, ri 02908, usa	NA	NA	NA	NA	41.8273486	-71.4447543	High	24.2850238	Raw	NA	NA	NA	NA	FALSE	41.82714	-71.44484	2019	June
995	2019-06-15	785385	19:37:00	Pedestrian	1	NA	FALSE	FALSE	1	GRAPE ST	ALICANT ST	2019-06-15	Two-Way , Not Divided	Dry	Daylight	Clear	Not a Collision Between Two Motor Vehicles in Transport	Yes	No Controls	1	1	Incapacitating	NA	41.84459	-71.43025	FALSE	FALSE	Grape Street and Alicant Street, Providence, RI, USA	FALSE	-71.4302943	41.8446022	intersection	geometric_center	grape st & alicant st, providence, ri 02908, usa	NA	NA	NA	NA	41.8446022	-71.4302943	Med High	3.916714577	Raw	NA	NA	NA	NA	FALSE	41.84459	-71.43025	2019	June
993	2019-06-16	785439	15:54:00	Bicycle	NA	1	FALSE	FALSE	1	NEWARK ST	VALLEY ST	2019-06-16	Two-Way , Not Divided	Dry	Daylight	Clear	Not a Collision Between Two Motor Vehicles in Transport	No	Stop Signs	2	1	Pain Reported	NA	41.82521	-71.43931	FALSE	FALSE	Newark Street and Valley Street, Providence, RI, USA	FALSE	-71.4393041	41.8252323	intersection	geometric_center	valley st & newark st, providence, ri 02908, usa	NA	NA	NA	NA	41.8252323	-71.4393041	Med High	2.530211188	Raw	NA	NA	NA	NA	FALSE	41.82521	-71.43931	2019	June
994	2019-06-16	785450	17:29:00	Pedestrian	1	NA	FALSE	FALSE	1	86 AYRAULT ST	CHALKSTONE AVE	2019-06-16	One-Way Trafficway	Dry	Daylight	Clear	Not a Collision Between Two Motor Vehicles in Transport	No	No Controls	2	1	Non-Incapacitating	NA	41.83374	-71.42907	TRUE	FALSE	86 Ayrault Street, Providence, RI, USA	FALSE	-71.4292777	41.8338438	street_address	rooftop	86 ayrault st, providence, ri 02908, usa	NA	NA	NA	NA	41.8338438	-71.4292777	High	20.74343787	Raw	NA	NA	NA	NA	FALSE	41.83374	-71.42907	2019	June
992	2019-06-17	785528	17:28:00	Pedestrian	1	NA	FALSE	FALSE	1	BROAD ST	CLAVERICK ST	2019-06-17	Two-Way , Not Divided	Dry	Daylight	Clear	Not a Collision Between Two Motor Vehicles in Transport	No	Traffic Control Signal	3	0	No Injury	NA	41.81938	-71.41493	FALSE	FALSE	Broad Street and Claverick Street, Providence, RI, USA	FALSE	-71.413061	41.8182487	route	geometric_center	claverick st, providence, ri 02903, usa	Broad Street & Claverick Street, Providence, RI, USA	EjRCcm9hZCBTdHJlZXQgJiBDbGF2ZXJpY2sgU3RyZWV0LCBQcm92aWRlbmNlLCBSSSwgVVNBImYiZAoUChIJN-H52GxF5IkR-aG6rjTYAMMSFAoSCTfh-dhsReSJEfmhuq402ADDGhQKEgmD3n3VjE_kiREsosqTmEsIoxoUChIJCd0jlGxF5IkRCow_XvXZa3YiCg2rIO0YFTrwbtU	41.8193579	-71.414983	41.8193579	-71.414983	Med	5.038390016	Raw	NA	NA	NA	NA	FALSE	41.81938	-71.41493	2019	June
989	2019-06-19	785680	07:52:00	Bicycle	NA	1	FALSE	FALSE	1	Broadway	Almy Street	2019-06-19	Two-Way , Not Divided	Dry	Daylight	Clear	Not a Collision Between Two Motor Vehicles in Transport	No	Traffic Control Signal	3	0	No Injury	NA	41.81896	-71.43294	FALSE	FALSE	Broadway and Almy Street, Providence, RI, USA	FALSE	-71.4332086	41.8196567	route	geometric_center	almy st, providence, ri 02909, usa	Broadway & Almy Street, Providence, RI, USA	EitCcm9hZHdheSAmIEFsbXkgU3RyZWV0LCBQcm92aWRlbmNlLCBSSSwgVVNBImYiZAoUChIJf2wiiJ5F5IkRjn4qkn9k29gSFAoSCX9sIoieReSJEY5-KpJ_ZNvYGhQKEgmlteWGdUXkiREawjOx16RvsxoUChIJ51EWjJ5F5IkRlA-oyGoufZoiCg2qEe0YFbcybNU	41.8189738	-71.4329417	41.8189738	-71.4329417	Med	1.542669349	Raw	NA	NA	NA	NA	FALSE	41.81896	-71.43294	2019	June
990	2019-06-19	785687	09:26:00	Bicycle	NA	1	FALSE	FALSE	1	Branch Ave	Branch Ave Exit	2019-06-19	Two-Way, Divided, Positive Median Barrier	Dry	Daylight	Clear	Not a Collision Between Two Motor Vehicles in Transport	Yes	No Controls	2	1	Pain Reported	NA	41.8461	-71.4114	FALSE	FALSE	Branch Ave and Branch Ave Exit, Providence, RI, USA	FALSE	-71.4228521	41.8515249	route	geometric_center	branch ave, providence, ri 02904, usa	NA	NA	NA	NA	41.8515249	-71.4228521	Med	1125.392148	Raw	distance greater than 100m	NA	NA	NA	TRUE	41.8461	-71.4114	2019	June
991	2019-06-19	785760	20:59:00	Pedestrian	1	NA	FALSE	FALSE	1	ELMWOOD AVENUE	MAWNEY STREET	2019-06-19	Two-Way , Not Divided	Dry	Dark - Lighted	Clear	Not a Collision Between Two Motor Vehicles in Transport	Yes	Pavement Markings	1	1	Pain Reported	NA	41.80357	-71.42571	FALSE	FALSE	Elmwood Avenue and Mawney Street, Providence, RI, USA	FALSE	-71.4257265	41.803583	intersection	geometric_center	mawney st & elmwood ave, providence, ri 02907, usa	NA	NA	NA	NA	41.803583	-71.4257265	Med High	1.992220272	Raw	NA	NA	NA	NA	FALSE	41.80357	-71.42571	2019	June
988	2019-06-20	785823	16:04:00	Pedestrian	1	NA	FALSE	FALSE	1	384 NIAGARA ST	NA	2019-06-20	Two-Way , Not Divided	Wet	Daylight	Fog, Smog, Smoke	Not a Collision Between Two Motor Vehicles in Transport	Yes	No Controls	1	1	Non-Incapacitating	NA	41.79272	-71.41417	TRUE	TRUE	384 Niagara Street, Providence, RI, USA	FALSE	-71.4140041	41.7927491	premise	rooftop	384 niagara st, providence, ri 02907, usa	NA	NA	NA	NA	41.7927491	-71.4140041	High	14.14487161	Raw	NA	NA	NA	NA	FALSE	41.79272	-71.41417	2019	June
987	2019-06-22	786034	21:38:00	Pedestrian	1	NA	FALSE	FALSE	1	123 ELMWOOD AVE	ELMWOOD AVE	2019-06-22	Two-Way , Not Divided	Dry	Dark - Lighted	Clear	Not a Collision Between Two Motor Vehicles in Transport	No	No Controls	4	1	Pain Reported	NA	41.80996	-71.424	TRUE	FALSE	123 Elmwood Ave, Providence, RI, USA	FALSE	-71.4245104	41.8096066	premise	rooftop	123 elmwood ave, providence, ri 02907, usa	NA	NA	NA	NA	41.8096066	-71.4245104	High	57.80266222	Raw	NA	NA	NA	NA	FALSE	41.80996	-71.424	2019	June
986	2019-06-23	786084	13:45:00	Pedestrian	1	NA	FALSE	FALSE	1	FREMONT ST	IVES ST	2019-06-23	Two-Way , Not Divided	Dry	Daylight	Clear	Not a Collision Between Two Motor Vehicles in Transport	No	No Controls	3	1	Pain Reported	NA	41.8223	-71.39225	FALSE	FALSE	Fremont Street and Ives Street, Providence, RI, USA	FALSE	-71.3920868	41.8223189	intersection	geometric_center	fremont st & ives st, providence, ri 02906, usa	NA	NA	NA	NA	41.8223189	-71.3920868	Med High	13.70110446	Raw	NA	NA	NA	NA	FALSE	41.8223	-71.39225	2019	June
985	2019-06-24	786287	13:00:00	Bicycle	NA	1	FALSE	FALSE	1	630 MOUNT PLEASANT AVE	LENNON ST	2019-06-25	Two-Way , Not Divided	Dry	Daylight	Clear	Not a Collision Between Two Motor Vehicles in Transport	Yes	No Controls	3	0	No Injury	NA	41.84355	-71.45318	TRUE	FALSE	630 Mount Pleasant Ave, Providence, RI, USA	FALSE	-71.4534748	41.8436331	premise	rooftop	630 mt pleasant ave, providence, ri 02908, usa	NA	NA	NA	NA	41.8436331	-71.4534748	High	26.13926092	Raw	NA	NA	NA	NA	FALSE	41.84355	-71.45318	2019	June
983	2019-06-25	786384	20:37:00	Bicycle	NA	1	FALSE	FALSE	1	CHAPIN AVE	ELLERY ST	2019-06-25	Two-Way , Not Divided	Wet	Dark - Lighted	Rain	Not a Collision Between Two Motor Vehicles in Transport	No	Stop Signs	2	0	No Injury	NA	41.81189	-71.43845	FALSE	FALSE	Chapin Ave and Ellery Street, Providence, RI, USA	FALSE	-71.438164	41.811886	intersection	geometric_center	ellery st & chapin ave, providence, ri 02909, usa	NA	NA	NA	NA	41.811886	-71.438164	Med High	23.73377239	Raw	NA	NA	NA	NA	FALSE	41.81189	-71.43845	2019	June
984	2019-06-25	786387	20:58:00	Pedestrian	2	NA	FALSE	FALSE	1	325 WASHINGTON ST	DEAN ST	2019-06-25	Two-Way , Not Divided	Wet	Dark - Lighted	Clear	Not a Collision Between Two Motor Vehicles in Transport	No	Traffic Control Signal	3	2	Pain Reported	NA	41.81961	-71.41983	TRUE	FALSE	325 Washington Street, Providence, RI, USA	FALSE	-71.4203834	41.8197315	premise	rooftop	325 washington st, providence, ri 02903, usa	NA	NA	NA	NA	41.8197315	-71.4203834	High	47.86120711	Raw	NA	NA	NA	NA	FALSE	41.81961	-71.41983	2019	June
982	2019-06-27	786641	22:40:00	Bicycle	NA	1	FALSE	FALSE	1	MEMORIAL BLVD	WASHINGTON ST	2019-06-27	Two-Way, Divided, Positive Median Barrier	Dry	Dark - Lighted	Clear	Angle (Front - to - Side) Right Angle (Includes Broadside)	No	Traffic Control Signal	2	1	Pain Reported	NA	41.82641	-71.41005	FALSE	FALSE	Memorial Blvd and Washington Street, Providence, RI, USA	FALSE	-71.4101626	41.8263513	intersection	geometric_center	memorial blvd & washington st, providence, ri 02903, usa	NA	NA	NA	NA	41.8263513	-71.4101626	Med High	11.39919866	Raw	NA	NA	NA	NA	FALSE	41.82641	-71.41005	2019	June
981	2019-06-28	786766	17:16:00	Pedestrian	1	NA	FALSE	FALSE	1	CRANSTON ST	BENEDICT ST	2019-06-28	Two-Way , Not Divided	Dry	Daylight	Clear	Not a Collision Between Two Motor Vehicles in Transport	No	No Controls	6	1	Pain Reported	2	41.80547	-71.43722	FALSE	FALSE	Cranston Street and Benedict Street, Providence, RI, USA	FALSE	-71.4372857	41.805444	intersection	geometric_center	cranston st & benedict st, providence, ri 02907, usa	NA	NA	NA	NA	41.805444	-71.4372857	Med High	6.172375875	Raw	NA	NA	NA	NA	FALSE	41.80547	-71.43722	2019	June
980	2019-06-29	786875	18:06:00	Pedestrian	1	NA	FALSE	FALSE	1	65 CONGDON ST	CUSHING ST	2019-06-29	Two-Way , Not Divided	Dry	Daylight	Clear	Not a Collision Between Two Motor Vehicles in Transport	Yes	No Controls	2	0	No Injury	NA	41.8299	-71.40692	TRUE	FALSE	65 Congdon Street, Providence, RI, USA	FALSE	-71.4066283	41.8299949	premise	rooftop	65 congdon st, providence, ri 02906, usa	NA	NA	NA	NA	41.8299949	-71.4066283	High	26.40141602	Raw	NA	NA	NA	NA	FALSE	41.8299	-71.40692	2019	June
978	2019-07-01	787108	14:08:00	Bicycle	NA	1	FALSE	FALSE	1	Academy Ave	Dover St	2019-07-01	Two-Way , Not Divided	Dry	Daylight	Clear	Not a Collision Between Two Motor Vehicles in Transport	No	No Controls	3	1	Pain Reported	2	NA	NA	FALSE	FALSE	Academy Ave and Dover Street, Providence, RI, USA	FALSE	-71.4441731	41.8300641	intersection	geometric_center	dover st & academy ave, providence, ri 02908, usa	NA	NA	NA	NA	41.8300641	-71.4441731	Med High	NA	Geocoded	raw coords null but geocoded coords found	NA	NA	NA	TRUE	41.8300641	-71.4441731	2019	July
979	2019-07-01	787127	16:59:00	Bicycle	NA	1	FALSE	FALSE	1	DEXTER ST	LINWOOD AVE	2019-07-01	Two-Way , Not Divided	Dry	Daylight	Clear	Not a Collision Between Two Motor Vehicles in Transport	No	No Controls	3	1	Pain Reported	NA	41.80552	-71.42951	FALSE	FALSE	Dexter Street and Linwood Ave, Providence, RI, USA	FALSE	-71.4295867	41.8053764	intersection	geometric_center	linwood ave & dexter st, providence, ri 02907, usa	NA	NA	NA	NA	41.8053764	-71.4295867	Med High	17.20587728	Raw	NA	NA	NA	NA	FALSE	41.80552	-71.42951	2019	July
977	2019-07-03	787314	15:38:00	Bicycle	NA	1	FALSE	FALSE	1	OWEN ST	MANTON AVE	2019-07-03	Two-Way , Not Divided	Dry	Daylight	Clear	Not a Collision Between Two Motor Vehicles in Transport	No	No Controls	2	1	Pain Reported	NA	41.82392	-71.45189	FALSE	FALSE	Owen Street and Manton Ave, Providence, RI, USA	FALSE	-71.4570108	41.8257711	route	geometric_center	manton ave, providence, ri 02909, usa	Owen Street & Manton Ave, Providence, RI, USA	Ei1Pd2VuIFN0cmVldCAmIE1hbnRvbiBBdmUsIFByb3ZpZGVuY2UsIFJJLCBVU0EiZiJkChQKEgn3gxEelUXkiRGbhra_9It_UxIUChIJ94MRHpVF5IkRm4a2v_SLf1MaFAoSCUGmn-CUReSJEde_bVk6WKBbGhQKEgm3cd1Z6kXkiRHmAMyrFQnW1SIKDbfT7RgVnU5p1Q	41.8239415	-71.4518883	41.8239415	-71.4518883	Med	2.397520188	Raw	NA	NA	NA	NA	FALSE	41.82392	-71.45189	2019	July
975	2019-07-05	787527	15:31:00	Bicycle	NA	1	FALSE	FALSE	1	7th street	HIGHLAND AVE	2019-07-05	Two-Way , Not Divided	Dry	Daylight	Clear	Not a Collision Between Two Motor Vehicles in Transport	No	No Controls	2	0	No Injury	NA	41.85307	-71.39935	FALSE	FALSE	7th Street and Highland Ave, Providence, RI, USA	FALSE	-71.3990119	41.8529679	intersection	geometric_center	7th st & highland ave, providence, ri 02906, usa	NA	NA	NA	NA	41.8529679	-71.3990119	Med High	30.25068627	Raw	NA	NA	NA	NA	FALSE	41.85307	-71.39935	2019	July
976	2019-07-05	787555	19:20:00	Bicycle	NA	1	FALSE	FALSE	1	ASHBURTON ST	CHARLES ST	2019-07-05	Two-Way , Not Divided	Dry	Daylight	Clear	Not a Collision Between Two Motor Vehicles in Transport	Yes	No Controls	1	0	No Injury	NA	41.8394	-71.41616	FALSE	FALSE	Ashburton Street and Charles Street, Providence, RI, USA	FALSE	-71.4161424	41.8393902	intersection	geometric_center	ashburton st & charles st, providence, ri 02904, usa	NA	NA	NA	NA	41.8393902	-71.4161424	Med High	1.822285567	Raw	NA	NA	NA	NA	FALSE	41.8394	-71.41616	2019	July
972	2019-07-09	787950	10:37:00	Bicycle	NA	NA	TRUE	FALSE	2	Cambridge Avenue	Academy Avenue	2019-07-09	Two-Way , Not Divided	Dry	Daylight	Clear	Head-On (Front - to - Front)	No	Stop Signs	3	1	Pain Reported	1	NA	NA	FALSE	FALSE	Cambridge Avenue and Academy Avenue, Providence, RI, USA	FALSE	-71.444611	41.836514	route	geometric_center	academy ave, providence, ri, usa	Cambridge Street & Academy Avenue, Providence, RI, USA	EjZDYW1icmlkZ2UgU3RyZWV0ICYgQWNhZGVteSBBdmVudWUsIFByb3ZpZGVuY2UsIFJJLCBVU0EiZiJkChQKEgmTnWRovUXkiRFt4jmTo_lUgBIUChIJk51kaL1F5IkRbeI5k6P5VIAaFAoSCWFEQni9ReSJEWKNWbURGpXoGhQKEgmzKlFesEXkiREsxo7ZXVk1SSIKDWUQ7hgVd5hq1Q	41.8254949	-71.4434441	41.8254949	-71.4434441	Med	NA	Geocoded	raw coords null but geocoded coords found	NA	NA	NA	TRUE	41.8254949	-71.4434441	2019	July
973	2019-07-09	787994	15:23:00	Bicycle	NA	1	FALSE	FALSE	1	BROADWAY	SERVICE ROAD 7	2019-07-09	One-Way Trafficway	Dry	Daylight	Clear	Head-On (Front - to - Front)	Yes	Traffic Control Signal	2	1	Non-Incapacitating	NA	41.82178	-71.4208	FALSE	FALSE	Broadway and Service Road 7, Providence, RI, USA	FALSE	-71.4200451	41.8199608	route	geometric_center	service rd 1, providence, ri, usa	Broadway & Service Road 7th, Providence, RI, USA	EjBCcm9hZHdheSAmIFNlcnZpY2UgUm9hZCA3dGgsIFByb3ZpZGVuY2UsIFJJLCBVU0EiZiJkChQKEgn30PkmDUXkiRGVfBMop6wTihIUChIJ99D5Jg1F5IkRlXwTKKesE4oaFAoSCaW15YZ1ReSJERrCM7HXpG-zGhQKEgkHeHRCdkXkiRHLEV0GTCEFTCIKDd-B7RgV9gxu1Q	41.8218463	-71.420801	41.8218463	-71.420801	Med	7.380948454	Raw	NA	NA	NA	NA	FALSE	41.82178	-71.4208	2019	July
974	2019-07-09	788066	22:52:00	Bicycle	NA	1	FALSE	FALSE	1	19 Pope St.	KOSSUTH ST	2019-07-10	Two-Way , Not Divided	Dry	Dark - Lighted	Clear	Not a Collision Between Two Motor Vehicles in Transport	Yes	No Controls	1	1	Non-Incapacitating	NA	41.82213	-71.44874	TRUE	FALSE	19 Pope St., Providence, RI, USA	FALSE	-71.4485833	41.8221259	street_address	rooftop	19 pope st, providence, ri 02909, usa	NA	NA	NA	NA	41.8221259	-71.4485833	High	13.00742606	Raw	NA	NA	NA	NA	FALSE	41.82213	-71.44874	2019	July
971	2019-07-10	788188	19:04:00	Other	1	NA	TRUE	FALSE	1	W FOUNTAIN ST	CARGILL ST	2019-07-10	Two-Way , Not Divided	Dry	Dusk	Clear	Angle (Front - to - Side) Right Angle (Includes Broadside)	No	No Controls	4	1	Pain Reported	2	41.81896	-71.42218	FALSE	FALSE	W Fountain Street and Cargill Street, Providence, RI, USA	FALSE	-71.4218829	41.819061	intersection	geometric_center	cargill st & w fountain st, providence, ri 02903, usa	NA	NA	NA	NA	41.819061	-71.4218829	Med High	27.09107778	Raw	NA	NA	NA	NA	FALSE	41.81896	-71.42218	2019	July