row_number	crash_date	crash_report_id	crash_time	collision_type	count_pedestrian	count_bicycle	scooter	wheel_chair	number_of_vehicles	street_or_highway	nearest_intersection	report_date	type_of_roadway	road_surface_condition	light_condition	weather_condition	manner_of_impact	hit_and_run	traffic_control	person_count	injury_count	most_serious_injury	number_of_lanes	lat_raw	lon_raw	has_st_number	is_intersection_null	address_sent_to_geocoder	is_address_blank	lon_api_first_try	lat_api_first_try	type	loctype	address_returned_by_geocoder	address_returned_by_autocomplete	place_ids_autocompleted	lat_api_second_try	lon_api_second_try	lat_api_best	lon_api_best	api_coord_conf	distance_btwn_coords_meters	best_coordinate_set	reason_for_qa	correct_coordinates	corrected_lat	corrected_lon	manually_qaed_record	final_lat	final_lon	year	month
970	2019-07-11	788345	10:40:00	Bicycle	NA	1	FALSE	FALSE	1	STEWART ST	BROAD ST	2019-07-12	Two-Way , Not Divided	Dry	Daylight	Cloudy	Angle (Front - to - Side) Right Angle (Includes Broadside)	No	No Controls	3	0	No Injury	NA	41.8169	-71.41794	FALSE	FALSE	Stewart Street and Broad Street, Providence, RI, USA	FALSE	-71.4101636	41.7945838	route	geometric_center	broad st, providence, ri, usa	Stewart Street & Broad Street, Providence, RI, USA	EjJTdGV3YXJ0IFN0cmVldCAmIEJyb2FkIFN0cmVldCwgUHJvdmlkZW5jZSwgUkksIFVTQSJmImQKFAoSCXFyFvVtReSJEfHpf-l8DP4KEhQKEglxchb1bUXkiRHx6X_pfAz-ChoUChIJNwLQjG1F5IkRZKvDpxJpLOAaFAoSCYPefdWMT-SJESyiypOYSwijIgoNc8LsGBWVfm7V	41.8169459	-71.4178923	41.8169459	-71.4178923	Med	6.462860299	Raw	NA	NA	NA	NA	FALSE	41.8169	-71.41794	2019	July
969	2019-07-13	788463	01:22:00	Other	NA	1	TRUE	FALSE	1	Atwells Ave	SUTTON ST	2019-07-13	Two-Way , Not Divided	Dry	Dark - Lighted	Clear	Angle (Front - to - Side) Right Angle (Includes Broadside)	No	No Controls	2	1	Pain Reported	NA	41.82376	-71.42929	FALSE	FALSE	Atwells Ave and Sutton Street, Providence, RI, USA	FALSE	-71.4292511	41.8237712	intersection	geometric_center	atwells ave & sutton st, providence, ri 02903, usa	NA	NA	NA	NA	41.8237712	-71.4292511	Med High	3.459438641	Raw	NA	NA	NA	NA	FALSE	41.82376	-71.42929	2019	July
968	2019-07-15	788730	12:44:00	Bicycle	NA	1	FALSE	FALSE	1	Prairie Avenue	Oxford Avenue	2019-07-15	Two-Way , Not Divided	Dry	Daylight	Clear	Not a Collision Between Two Motor Vehicles in Transport	No	Stop Signs	2	1	Non-Incapacitating	1	NA	NA	FALSE	FALSE	Prairie Avenue and Oxford Avenue, Providence, RI, USA	FALSE	-71.507088	41.994106	route	geometric_center	oxford ave, woonsocket, ri 02895, usa	Prairie Avenue & Oxford Street, Providence, RI, USA	EjNQcmFpcmllIEF2ZW51ZSAmIE94Zm9yZCBTdHJlZXQsIFByb3ZpZGVuY2UsIFJJLCBVU0EiZiJkChQKEgnz8PEWYkXkiRF1-Cr9HeA8qBIUChIJ8_DxFmJF5IkRdfgq_R3gPKgaFAoSCU9p3-5jReSJERxJRMa12xo0GhQKEgkZowmpYUXkiRFSvUTxatZk1yIKDdZq6hgVKDlv1Q	41.8015958	-71.413116	41.8015958	-71.413116	Med	NA	Geocoded	raw coords null but geocoded coords found	NA	NA	NA	TRUE	41.8015958	-71.413116	2019	July
967	2019-07-16	788891	19:37:00	Pedestrian	1	NA	FALSE	FALSE	1	DEAN ST	KINSLEY AVE	2019-07-16	One-Way Trafficway	Dry	Daylight	Clear	Not a Collision Between Two Motor Vehicles in Transport	Yes	No Controls	1	1	Pain Reported	NA	41.82747	-71.42616	FALSE	FALSE	Dean Street and Kinsley Ave, Providence, RI, USA	FALSE	-71.4264711	41.828859	intersection	geometric_center	kinsley ave & dean st, providence, ri 02903, usa	NA	NA	NA	NA	41.828859	-71.4264711	Med High	156.7613814	Raw	distance greater than 100m	NA	NA	NA	TRUE	41.82747	-71.42616	2019	July
966	2019-07-17	789112	19:30:00	Pedestrian	1	NA	FALSE	FALSE	1	Broad St	Potters Ave	2019-07-18	Two-Way , Not Divided	Wet	Daylight	Rain	Not a Collision Between Two Motor Vehicles in Transport	No	Traffic Control Signal	4	1	Pain Reported	2	41.80296	-71.41895	FALSE	FALSE	Broad Street and Potters Ave, Providence, RI, USA	FALSE	-71.4218273	41.8021016	route	geometric_center	potters ave, providence, ri, usa	Broad Street & Potters Ave, Providence, RI, USA	Ei9Ccm9hZCBTdHJlZXQgJiBQb3R0ZXJzIEF2ZSwgUHJvdmlkZW5jZSwgUkksIFVTQSJmImQKFAoSCauAkzl9ReSJEY3tO4gYhWQKEhQKEgmrgJM5fUXkiRGN7TuIGIVkChoUChIJg9591YxP5IkRLKLKk5hLCKMaFAoSCaWCY799ReSJERKc-8AFuCoEIgoNaqHqGBXTVm7V	41.802993	-71.4189101	41.802993	-71.4189101	Med	4.945458602	Raw	NA	NA	NA	NA	FALSE	41.80296	-71.41895	2019	July
965	2019-07-18	789107	17:53:00	Bicycle	NA	1	FALSE	FALSE	1	UPTON AVE	BLACKSTONE BLVD	2019-07-18	One-Way Trafficway	Wet	Other	Cloudy	Not a Collision Between Two Motor Vehicles in Transport	No	Stop Signs	3	1	Pain Reported	NA	41.83957	-71.38575	FALSE	FALSE	Upton Ave and Blackstone Blvd, Providence, RI, USA	FALSE	-71.385763	41.8395728	intersection	geometric_center	upton ave & blackstone blvd, providence, ri 02906, usa	NA	NA	NA	NA	41.8395728	-71.385763	Med High	1.122303227	Raw	NA	NA	NA	NA	FALSE	41.83957	-71.38575	2019	July
964	2019-07-19	789161	08:09:00	Pedestrian	1	NA	FALSE	FALSE	1	BROAD ST	CAHIR ST	2019-07-19	Two-Way , Not Divided	Dry	Daylight	Clear	Not a Collision Between Two Motor Vehicles in Transport	No	Traffic Control Signal	4	1	Pain Reported	NA	41.81692	-71.41795	FALSE	FALSE	Broad Street and Cahir Street, Providence, RI, USA	FALSE	-71.4189877	41.8178471	route	geometric_center	cahir st, providence, ri 02903, usa	Broad Street & Cahir Street, Providence, RI, USA	EjBCcm9hZCBTdHJlZXQgJiBDYWhpciBTdHJlZXQsIFByb3ZpZGVuY2UsIFJJLCBVU0EiZiJkChQKEglxchb1bUXkiRHx6X_pfAz-ChIUChIJcXIW9W1F5IkR8el_6XwM_goaFAoSCYPefdWMT-SJESyiypOYSwijGhQKEgmx_OtuckXkiRFRWF6nVg1mziIKDXPC7BgVlX5u1Q	41.8169459	-71.4178923	41.8169459	-71.4178923	Med	5.588231095	Raw	NA	NA	NA	NA	FALSE	41.81692	-71.41795	2019	July
963	2019-07-21	789421	18:56:00	Bicycle	NA	1	FALSE	FALSE	1	BROAD ST	PAYTON ST	2019-07-21	Two-Way , Not Divided	Dry	Daylight	Clear	Not a Collision Between Two Motor Vehicles in Transport	No	Stop Signs	2	1	Pain Reported	NA	41.78841	-71.40366	FALSE	FALSE	Broad Street and Payton Street, Providence, RI, USA	FALSE	-71.4057979	41.7875976	route	geometric_center	payton st, providence, ri 02905, usa	Broad Street & Payton Street, Providence, RI, USA	EjFCcm9hZCBTdHJlZXQgJiBQYXl0b24gU3RyZWV0LCBQcm92aWRlbmNlLCBSSSwgVVNBImYiZAoUChIJbz-Xc-1P5IkRswrTdcbIS5ISFAoSCW8_l3PtT-SJEbMK03XGyEuSGhQKEgmD3n3VjE_kiREsosqTmEsIoxoUChIJSw_YLu1P5IkRkN2JCXOOSEoiCg20ZugYFbqqcNU	41.7883828	-71.403655	41.7883828	-71.403655	Med	3.0561983	Raw	NA	NA	NA	NA	FALSE	41.78841	-71.40366	2019	July
961	2019-07-22	789493	16:47:00	Pedestrian	1	NA	FALSE	FALSE	1	FRIENDSHIP ST	DORRANCE ST	2019-07-22	One-Way Trafficway	Dry	Daylight	Clear	Angle (Front - to - Side) Same Direction	No	No Controls	2	1	Pain Reported	NA	41.82196	-71.4095	FALSE	FALSE	Friendship Street and Dorrance Street, Providence, RI, USA	FALSE	-71.4094402	41.8220269	intersection	geometric_center	friendship st & dorrance st, providence, ri 02903, usa	NA	NA	NA	NA	41.8220269	-71.4094402	Med High	8.948296966	Raw	NA	NA	NA	NA	FALSE	41.82196	-71.4095	2019	July
962	2019-07-22	789511	18:22:00	Bicycle	NA	1	FALSE	FALSE	1	CHARLES ST	CHARLES ST EXIT 23	2019-07-22	One-Way Trafficway	Dry	Daylight	Clear	Not a Collision Between Two Motor Vehicles in Transport	Yes	Yield Signs	1	1	Pain Reported	NA	41.83785	-71.41426	FALSE	FALSE	Charles Street and Charles St Exit 23, Providence, RI, USA	FALSE	-71.4128343	41.8239891	locality	approximate	providence, ri, usa	NA	NA	NA	NA	41.8239891	-71.4128343	Med	1547.513321	Raw	distance greater than 100m	NA	NA	NA	TRUE	41.83785	-71.41426	2019	July
959	2019-07-23	789571	08:33:00	Pedestrian	1	NA	FALSE	FALSE	1	MATHEWSON ST	FOUNTAIN ST	2019-07-23	One-Way Trafficway	Wet	Daylight	Rain	Not a Collision Between Two Motor Vehicles in Transport	No	No Controls	5	1	Pain Reported	NA	41.82371	-71.41586	FALSE	FALSE	Mathewson Street and Fountain Street, Providence, RI, USA	FALSE	-71.4156924	41.8237498	intersection	geometric_center	fountain st & mathewson st, providence, ri 02903, usa	NA	NA	NA	NA	41.8237498	-71.4156924	Med High	14.5921663	Raw	NA	NA	NA	NA	FALSE	41.82371	-71.41586	2019	July
960	2019-07-23	789588	08:00:00	Bicycle	NA	1	FALSE	FALSE	1	BROADWAY	VALLEY ST	2019-07-23	Two-Way, Divided, Unprotected (painted>4feet) Medium	Wet	Daylight	Rain	Not a Collision Between Two Motor Vehicles in Transport	No	Traffic Control Signal	3	1	Pain Reported	NA	41.81684	-71.44101	FALSE	FALSE	Broadway and Valley Street, Providence, RI, USA	FALSE	-71.4361571	41.8275287	route	geometric_center	valley st, providence, ri, usa	Broadway & Valley Street, Providence, RI, USA	Ei1Ccm9hZHdheSAmIFZhbGxleSBTdHJlZXQsIFByb3ZpZGVuY2UsIFJJLCBVU0EiZiJkChQKEglPQjeFmkXkiRFay9YdHmK0gBIUChIJT0I3hZpF5IkRWsvWHR5itIAaFAoSCaW15YZ1ReSJERrCM7HXpG-zGhQKEgn71PW-oUXkiRFACHbbKx7jfCIKDVm-7BgVgvdq1Q	41.8168409	-71.441011	41.8168409	-71.441011	Med	0.130079212	Raw	NA	NA	NA	NA	FALSE	41.81684	-71.44101	2019	July
957	2019-07-24	789754	12:55:00	Bicycle	NA	1	FALSE	FALSE	1	MEMORIAL BLVD	FRANCIS ST	2019-07-24	Two-Way, Divided, Positive Median Barrier	Dry	Daylight	Clear	Not a Collision Between Two Motor Vehicles in Transport	No	Traffic Control Signal	3	0	No Injury	NA	41.8259	-71.41535	FALSE	FALSE	Memorial Blvd and Francis Street, Providence, RI, USA	FALSE	-71.4153098	41.8257791	intersection	geometric_center	memorial blvd & francis st, providence, ri 02903, usa	NA	NA	NA	NA	41.8257791	-71.4153098	Med High	13.86550052	Raw	NA	NA	NA	NA	FALSE	41.8259	-71.41535	2019	July
958	2019-07-24	789813	20:40:00	Bicycle	NA	1	FALSE	FALSE	1	TERRACE AVE	WEBSTER AVE	2019-07-24	Two-Way , Not Divided	Dry	Dark - Unknown Lighting	Clear	Not a Collision Between Two Motor Vehicles in Transport	Yes	Unknown	1	1	Pain Reported	NA	41.80371	-71.4474	FALSE	FALSE	Terrace Ave and Webster Ave, Providence, RI, USA	FALSE	-71.4474412	41.8037783	intersection	geometric_center	webster ave & terrace ave, cranston, ri 02920, usa	NA	NA	NA	NA	41.8037783	-71.4474412	Med High	8.336414599	Raw	raw coords fall outside of city boundary	NA	NA	NA	TRUE	41.80371	-71.4474	2019	July
956	2019-07-25	789994	21:57:00	Bicycle	NA	1	FALSE	FALSE	1	EDDY ST	RICHMOND ST	2019-07-26	Two-Way, Divided, Positive Median Barrier	Dry	Dark - Not Lighted	Clear	Not a Collision Between Two Motor Vehicles in Transport	No	No Controls	3	1	Pain Reported	4	41.81607	-71.40661	FALSE	FALSE	Eddy Street and Richmond Street, Providence, RI, USA	FALSE	-71.4065248	41.8156786	intersection	geometric_center	richmond st & eddy st, providence, ri 02903, usa	NA	NA	NA	NA	41.8156786	-71.4065248	Med High	44.14011667	Raw	NA	NA	NA	NA	FALSE	41.81607	-71.40661	2019	July
955	2019-07-28	790308	18:54:00	Bicycle	NA	1	FALSE	FALSE	1	121 ROGER WILLIAMS AVE	NARRAGANSETT AVE	2019-07-29	Two-Way , Not Divided	Dry	Daylight	Clear	Not a Collision Between Two Motor Vehicles in Transport	Yes	No Controls	1	1	Pain Reported	NA	41.78851	-71.42364	TRUE	FALSE	121 Roger Williams Ave, Providence, RI, USA	FALSE	-71.4240387	41.7887146	street_address	rooftop	121 roger williams ave, providence, ri 02907, usa	NA	NA	NA	NA	41.7887146	-71.4240387	High	40.17277302	Raw	NA	NA	NA	NA	FALSE	41.78851	-71.42364	2019	July
953	2019-08-01	790691	13:47:00	Bicycle	NA	1	FALSE	FALSE	1	BROAD ST	PEARL ST	2019-08-01	Two-Way , Not Divided	Dry	Daylight	Clear	Not a Collision Between Two Motor Vehicles in Transport	Yes	No Controls	1	1	Pain Reported	NA	41.8149	-71.42087	FALSE	FALSE	Broad Street and Pearl Street, Providence, RI, USA	FALSE	-71.4128343	41.8239891	locality	approximate	providence, ri, usa	Broad Street & Pearl Street, Providence, RI, USA	EjBCcm9hZCBTdHJlZXQgJiBQZWFybCBTdHJlZXQsIFByb3ZpZGVuY2UsIFJJLCBVU0EiZiJkChQKEgk1O0-ncUXkiRHr2v1gzR_JJxIUChIJNTtPp3FF5IkR69r9YM0fyScaFAoSCYPefdWMT-SJESyiypOYSwijGhQKEgkNm4U0bkXkiRG6oe115UpVCiIKDYVt7BgVkQZu1Q	41.8147717	-71.4209647	41.8147717	-71.4209647	Med	16.30078446	Raw	NA	NA	NA	NA	FALSE	41.8149	-71.42087	2019	August
954	2019-08-01	790704	16:05:00	Bicycle	NA	1	FALSE	FALSE	1	81 DELAINE STREET	SONOMA CT	2019-08-01	Two-Way, Divided, Unprotected (painted>4feet) Medium	Dry	Daylight	Clear	Sideswipe, Same Direction	No	No Controls	2	1	Pain Reported	2	41.81948	-71.44192	TRUE	FALSE	81 Delaine Street, Providence, RI, USA	FALSE	-71.4419493	41.8196216	premise	rooftop	81 delaine st, providence, ri 02909, usa	NA	NA	NA	NA	41.8196216	-71.4419493	High	15.94915853	Raw	NA	NA	NA	NA	FALSE	41.81948	-71.44192	2019	August
951	2019-08-02	790756	08:44:00	Bicycle	NA	1	FALSE	FALSE	1	CHAD BROWN STREET	RADCLIFFE AVENUE	2019-08-02	Two-Way , Not Divided	Dry	Daylight	Clear	Angle (Front - to - Side) Right Angle (Includes Broadside)	No	Stop Signs	4	1	Non-Incapacitating	2	41.83349	-71.41682	FALSE	FALSE	Chad Brown Street and Radcliffe Avenue, Providence, RI, USA	FALSE	-71.4311219	41.8393259	intersection	geometric_center	chad brown st & radcliffe ave, providence, ri 02908, usa	NA	NA	NA	NA	41.8393259	-71.4311219	Med High	1352.432837	Geocoded	distance greater than 100m	NA	NA	NA	TRUE	41.8393259	-71.4311219	2019	August
952	2019-08-02	790872	23:38:00	Bicycle	NA	1	FALSE	FALSE	1	ATWELLS AVE	BOND ST	2019-08-03	Two-Way, Divided, Unprotected (painted>4feet) Medium	Dry	Dark - Lighted	Clear	Not a Collision Between Two Motor Vehicles in Transport	Yes	No Controls	1	0	No Injury	NA	41.82333	-71.42318	FALSE	FALSE	Atwells Ave and Bond Street, Providence, RI, USA	FALSE	-71.4231235	41.8233342	intersection	geometric_center	bond st & atwells ave, providence, ri 02903, usa	NA	NA	NA	NA	41.8233342	-71.4231235	Med High	4.710263545	Raw	NA	NA	NA	NA	FALSE	41.82333	-71.42318	2019	August
949	2019-08-03	790916	14:30:00	Bicycle	NA	1	FALSE	FALSE	1	BROAD ST	LOCKWOOD ST	2019-08-03	Two-Way , Not Divided	Dry	Daylight	Clear	Not a Collision Between Two Motor Vehicles in Transport	Yes	No Controls	1	1	Pain Reported	NA	41.81536	-71.42062	FALSE	FALSE	Broad Street and Lockwood Street, Providence, RI, USA	FALSE	-71.4159924	41.8129685	route	geometric_center	lockwood st, providence, ri, usa	NA	NA	NA	NA	41.8129685	-71.4159924	Med	467.2089484	Raw	distance greater than 100m	NA	NA	NA	TRUE	41.81536	-71.42062	2019	August
950	2019-08-03	790982	22:30:00	Pedestrian	1	NA	FALSE	FALSE	1	BROAD ST	VERNDALE AVE	2019-08-04	Two-Way, Divided, Unprotected (painted>4feet) Medium	Dry	Dark - Lighted	Clear	Other	Yes	No Controls	2	1	Incapacitating	NA	41.79177	-71.40668	FALSE	FALSE	Broad Street and Verndale Ave, Providence, RI, USA	FALSE	-71.4094732	41.7897944	route	geometric_center	verndale ave, providence, ri 02905, usa	Broad Street & Verndale Ave, Providence, RI, USA	EjBCcm9hZCBTdHJlZXQgJiBWZXJuZGFsZSBBdmUsIFByb3ZpZGVuY2UsIFJJLCBVU0EiZiJkChQKEgnV00MujU_kiREBe9ZiVX1MqRIUChIJ1dNDLo1P5IkRAXvWYlV9TKkaFAoSCYPefdWMT-SJESyiypOYSwijGhQKEglHfWgak0_kiRFBCAvcx_6DwSIKDWnr6BgV3TRw1Q	41.7917801	-71.4066723	41.7917801	-71.4066723	Med	1.293262081	Raw	NA	NA	NA	NA	FALSE	41.79177	-71.40668	2019	August
948	2019-08-07	791294	14:50:00	Bicycle	NA	1	FALSE	FALSE	1	Manton Avenue	Westcott Street	2019-08-07	Two-Way , Not Divided	Dry	Daylight	Clear	Angle (Front - to - Side) Right Angle (Includes Broadside)	No	Stop Signs	3	1	Non-Incapacitating	NA	NA	NA	FALSE	FALSE	Manton Avenue and Westcott Street, Providence, RI, USA	FALSE	-71.4685327	41.8337394	intersection	geometric_center	westcott ave & manton ave, providence, ri 02909, usa	NA	NA	NA	NA	41.8337394	-71.4685327	Med High	NA	Geocoded	raw coords null but geocoded coords found	NA	NA	NA	TRUE	41.8337394	-71.4685327	2019	August
947	2019-08-08	791398	09:48:00	Bicycle	NA	1	FALSE	FALSE	1	ATWELLS AVE	VALLEY ST	2019-08-08	Two-Way, Divided, Positive Median Barrier	Wet	Dark - Lighted	Cloudy	Other	No	No Controls	4	1	Pain Reported	NA	41.82456	-71.4395	FALSE	FALSE	Atwells Ave and Valley Street, Providence, RI, USA	FALSE	-71.4394736	41.8245768	intersection	geometric_center	valley st & atwells ave, providence, ri 02908, usa	NA	NA	NA	NA	41.8245768	-71.4394736	Med High	2.879858432	Raw	NA	NA	NA	NA	FALSE	41.82456	-71.4395	2019	August
946	2019-08-09	791459	22:49:00	Bicycle	NA	1	FALSE	FALSE	1	174 Linwood ave	DEXTER ST	2019-08-10	Two-Way , Not Divided	Dry	Dark - Lighted	Clear	Angle (Front - to - Side) Same Direction	No	No Controls	3	1	Pain Reported	NA	41.806	-71.43194	TRUE	FALSE	174 Linwood Ave, Providence, RI, USA	FALSE	-71.4328854	41.8064693	street_address	rooftop	174 linwood ave, providence, ri 02907, usa	NA	NA	NA	NA	41.8064693	-71.4328854	High	94.25092224	Raw	NA	NA	NA	NA	FALSE	41.806	-71.43194	2019	August
944	2019-08-10	791488	17:02:00	Pedestrian	1	NA	FALSE	FALSE	1	Pleasant Valley Parkway	Winrooth Ave	2019-08-10	One-Way Trafficway	Dry	Daylight	Clear	Not a Collision Between Two Motor Vehicles in Transport	Yes	No Controls	1	0	No Injury	1	41.83545	-71.43677	FALSE	FALSE	Pleasant Valley Parkway and Winrooth Ave, Providence, RI, USA	FALSE	-71.436768	41.8354682	intersection	geometric_center	winrooth ave & pleasant valley pkwy, providence, ri 02908, usa	NA	NA	NA	NA	41.8354682	-71.436768	Med High	2.032794116	Raw	NA	NA	NA	NA	FALSE	41.83545	-71.43677	2019	August
945	2019-08-10	791503	19:20:00	Pedestrian	1	NA	FALSE	FALSE	1	S MAIN ST	TRANSIT ST	2019-08-10	One-Way Trafficway	Dry	Dusk	Clear	Not a Collision Between Two Motor Vehicles in Transport	Yes	No Controls	2	1	Non-Incapacitating	NA	41.82012	-71.40301	FALSE	FALSE	S Main Street and Transit Street, Providence, RI, USA	FALSE	-71.4030142	41.8201474	intersection	geometric_center	transit st & s main st, providence, ri 02903, usa	NA	NA	NA	NA	41.8201474	-71.4030142	Med High	3.06999094	Raw	NA	NA	NA	NA	FALSE	41.82012	-71.40301	2019	August
942	2019-08-11	791569	16:26:00	Bicycle	NA	1	FALSE	FALSE	1	N MAIN ST	SMITH ST	2019-08-11	One-Way Trafficway	Dry	Daylight	Clear	Not a Collision Between Two Motor Vehicles in Transport	Yes	No Controls	1	1	Pain Reported	NA	41.8315	-71.41063	FALSE	FALSE	N Main Street and Smith Street, Providence, RI, USA	FALSE	-71.4433053	41.8418141	route	geometric_center	smith st, providence, ri, usa	North Main Street & Smith Street, Providence, RI, USA	EjVOb3J0aCBNYWluIFN0cmVldCAmIFNtaXRoIFN0cmVldCwgUHJvdmlkZW5jZSwgUkksIFVTQSJmImQKFAoSCS8d1QoZReSJEdRbsQ43I3PBEhQKEgkvHdUKGUXkiRHUW7EONyNzwRoUChIJ-fpBPd5E5IkRX9etvg1cIz8aFAoSCbWucExLROSJESG1ozC4jKuEIgoN4_zuGBVEmm_V	41.8315491	-71.41063	41.8315491	-71.41063	Med	5.465786997	Raw	NA	NA	NA	NA	FALSE	41.8315	-71.41063	2019	August
943	2019-08-11	791597	20:37:00	Bicycle	NA	1	FALSE	FALSE	1	Plainfield Street	Union Street	2019-08-11	Two-Way, Divided, Unprotected (painted>4feet) Medium	Dry	Dark - Lighted	Clear	Angle (Front - to - Side) Same Direction	No	Stop Signs	4	1	Pain Reported	NA	41.8088	-71.46314	FALSE	FALSE	Plainfield Street and Union Street, Providence, RI, USA	FALSE	-71.4134849	41.823235	route	geometric_center	union st, providence, ri 02903, usa	NA	NA	NA	NA	41.823235	-71.4134849	Med	4421.947513	Raw	distance greater than 100m	NA	NA	NA	TRUE	41.8088	-71.46314	2019	August
941	2019-08-15	791957	18:41:00	Pedestrian	1	NA	FALSE	FALSE	1	REGENT AVE	HURON ST	2019-08-15	Two-Way , Not Divided	Dry	Daylight	Clear	Not a Collision Between Two Motor Vehicles in Transport	Yes	No Controls	1	0	No Injury	NA	41.8295	-71.44139	FALSE	FALSE	Regent Ave and Huron Street, Providence, RI, USA	FALSE	-71.4411864	41.8295286	intersection	geometric_center	huron st & regent ave, providence, ri 02908, usa	NA	NA	NA	NA	41.8295286	-71.4411864	Med High	17.18564458	Raw	NA	NA	NA	NA	FALSE	41.8295	-71.44139	2019	August
938	2019-08-16	791989	14:50:00	Bicycle	NA	1	FALSE	FALSE	1	ELMWOOD AVE	WILSON STREET	2019-08-16	Two-Way , Not Divided	Dry	Daylight	Clear	Not a Collision Between Two Motor Vehicles in Transport	Yes	No Controls	1	1	Pain Reported	NA	41.81119	-71.42317	FALSE	FALSE	Elmwood Ave and Wilson Street, Providence, RI, USA	FALSE	-71.4231706	41.8112147	intersection	geometric_center	wilson st & elmwood ave, providence, ri 02907, usa	NA	NA	NA	NA	41.8112147	-71.4231706	Med High	2.750042059	Raw	NA	NA	NA	NA	FALSE	41.81119	-71.42317	2019	August
939	2019-08-16	792001	15:48:00	Bicycle	NA	1	FALSE	FALSE	1	F C GREENE MEMORIAL BLVD	CARR ST	2019-08-16	Two-Way , Not Divided	Dry	Daylight	Clear	Not a Collision Between Two Motor Vehicles in Transport	No	No Controls	3	1	Incapacitating	NA	41.78713	-71.41026	FALSE	FALSE	F C Greene Memorial Blvd and Carr Street, Providence, RI, USA	FALSE	-71.4102624	41.7871584	intersection	geometric_center	carr st & f c greene memorial blvd, providence, ri 02905, usa	NA	NA	NA	NA	41.7871584	-71.4102624	Med High	3.167743379	Raw	NA	NA	NA	NA	FALSE	41.78713	-71.41026	2019	August
940	2019-08-16	792184	20:13:00	Pedestrian	1	NA	FALSE	FALSE	1	FRANCIS ST	AMERICAN EXPRESS PLZ	2019-08-19	Two-Way, Divided, Unprotected (painted>4feet) Medium	Dry	Daylight	Clear	Not a Collision Between Two Motor Vehicles in Transport	No	Traffic Control Signal	4	1	Pain Reported	NA	41.82741	-71.41541	FALSE	FALSE	Francis Street and American Express Plz, Providence, RI, USA	FALSE	-71.4128343	41.8239891	locality	approximate	providence, ri, usa	NA	NA	NA	NA	41.8239891	-71.4128343	Med	436.6572833	Raw	distance greater than 100m	NA	NA	NA	TRUE	41.82741	-71.41541	2019	August
937	2019-08-23	792659	20:38:00	Bicycle	NA	1	FALSE	FALSE	1	PONAGANSETT AVE / DRESSER ST	PONAGANSETT AVE	2019-08-23	Two-Way , Not Divided	Dry	Dusk	Clear	Not a Collision Between Two Motor Vehicles in Transport	No	No Controls	2	1	Pain Reported	NA	41.81979	-71.4584	FALSE	FALSE	Ponagansett Ave / Dresser Street and Ponagansett Ave, Providence, RI, USA	FALSE	-71.72369198	41.84190254	establishment	approximate	ponaganset river, rhode island, usa	NA	NA	NA	NA	41.84190254	-71.72369198	Med	22142.16433	Raw	distance greater than 100m	NA	NA	NA	TRUE	41.81979	-71.4584	2019	August
935	2019-08-25	792734	00:56:00	Pedestrian	1	NA	FALSE	FALSE	1	ORMS ST	CANDACE ST	2019-08-25	Two-Way , Not Divided	Dry	Dark - Lighted	Clear	Other	Yes	No Controls	3	1	Pain Reported	NA	41.83378	-71.42189	FALSE	FALSE	Orms Street and Candace Street, Providence, RI, USA	FALSE	-71.421862	41.8337901	intersection	geometric_center	candace st & orms st, providence, ri 02908, usa	NA	NA	NA	NA	41.8337901	-71.421862	Med High	2.580227262	Raw	NA	NA	NA	NA	FALSE	41.83378	-71.42189	2019	August
936	2019-08-25	793135	14:40:00	Pedestrian	1	NA	FALSE	FALSE	1	HAUXHURST AVE	LAUREL HILL AVE	2019-08-29	One-Way Trafficway	Dry	Daylight	Clear	Not a Collision Between Two Motor Vehicles in Transport	No	No Controls	2	1	Non-Incapacitating	NA	41.82179	-71.4554	FALSE	FALSE	Hauxhurst Ave and Laurel Hill Ave, Providence, RI, USA	FALSE	-71.4525408	41.8067975	route	geometric_center	laurel hill ave, providence, ri, usa	NA	NA	NA	NA	41.8067975	-71.4525408	Med	1685.732086	Unknown	distance greater than 100m	NA	NA	NA	TRUE	NA	NA	2019	August
933	2019-08-29	793187	14:54:00	Pedestrian	1	NA	FALSE	FALSE	1	863 BROAD STREET	OXFORD ST	2019-08-29	Two-Way, Divided, Unprotected (painted>4feet) Medium	Dry	Daylight	Clear	Not a Collision Between Two Motor Vehicles in Transport	Yes	No Controls	2	1	Pain Reported	NA	41.80061	-71.41763	TRUE	FALSE	863 Broad Street, Providence, RI, USA	FALSE	-71.4176374	41.8002511	premise	rooftop	863 broad st, providence, ri 02907, usa	NA	NA	NA	NA	41.8002511	-71.4176374	High	39.95728443	Raw	NA	NA	NA	NA	FALSE	41.80061	-71.41763	2019	August
934	2019-08-29	793201	10:00:00	Pedestrian	1	NA	FALSE	FALSE	1	DEAN ST	ATWELLS AVE	2019-08-29	Two-Way, Not Divided With a Continuous Left Turn Lane	Dry	Dark - Lighted	Clear	Not a Collision Between Two Motor Vehicles in Transport	No	Traffic Control Signal	6	1	Pain Reported	NA	41.82341	-71.42423	FALSE	FALSE	Dean Street and Atwells Ave, Providence, RI, USA	FALSE	-71.4242155	41.8234078	intersection	geometric_center	atwells ave & dean st, providence, ri 02903, usa	NA	NA	NA	NA	41.8234078	-71.4242155	Med High	1.227535539	Raw	NA	NA	NA	NA	FALSE	41.82341	-71.42423	2019	August
932	2019-08-30	793244	09:40:00	Pedestrian	1	NA	FALSE	FALSE	1	Allens Avenue	Georgia Avenue	2019-08-30	Two-Way, Divided, Unprotected (painted>4feet) Medium	Dry	Daylight	Clear	Not a Collision Between Two Motor Vehicles in Transport	No	Stop Signs	2	1	Pain Reported	2	NA	NA	FALSE	FALSE	Allens Avenue and Georgia Avenue, Providence, RI, USA	FALSE	-71.3970245	41.792156	intersection	geometric_center	georgia ave & allens ave, providence, ri 02905, usa	NA	NA	NA	NA	41.792156	-71.3970245	Med High	NA	Geocoded	raw coords null but geocoded coords found	NA	NA	NA	TRUE	41.792156	-71.3970245	2019	August