row_number	crash_date	crash_report_id	crash_time	collision_type	count_pedestrian	count_bicycle	scooter	wheel_chair	number_of_vehicles	street_or_highway	nearest_intersection	report_date	type_of_roadway	road_surface_condition	light_condition	weather_condition	manner_of_impact	hit_and_run	traffic_control	person_count	injury_count	most_serious_injury	number_of_lanes	lat_raw	lon_raw	has_st_number	is_intersection_null	address_sent_to_geocoder	is_address_blank	lon_api_first_try	lat_api_first_try	type	loctype	address_returned_by_geocoder	address_returned_by_autocomplete	place_ids_autocompleted	lat_api_second_try	lon_api_second_try	lat_api_best	lon_api_best	api_coord_conf	distance_btwn_coords_meters	best_coordinate_set	reason_for_qa	correct_coordinates	corrected_lat	corrected_lon	manually_qaed_record	final_lat	final_lon	year	month
931	2019-08-31	793399	16:13:00	Pedestrian	1	NA	FALSE	FALSE	1	PLAINFIELD STREET	KILLINGLY ST	2019-08-31	Two-Way, Divided, Unprotected (painted>4feet) Medium	Dry	Daylight	Clear	Not a Collision Between Two Motor Vehicles in Transport	No	No Controls	2	1	Non-Incapacitating	NA	41.81265	-71.45897	FALSE	FALSE	Plainfield Street and Killingly Street, Providence, RI, USA	FALSE	-71.4589726	41.8126703	intersection	geometric_center	killingly st & plainfield st, providence, ri 02909, usa	NA	NA	NA	NA	41.8126703	-71.4589726	Med High	2.270058764	Raw	NA	NA	NA	NA	FALSE	41.81265	-71.45897	2019	August
929	2019-09-01	794424	02:08:00	Pedestrian	1	NA	FALSE	FALSE	1	1193 Eddy Street	NA	2019-09-01	Two-Way , Not Divided	Dry	Dark - Lighted	Clear	Not a Collision Between Two Motor Vehicles in Transport	Yes	No Controls	2	1	Incapacitating	NA	41.79321	-71.40396	TRUE	TRUE	1193 Eddy Street, Providence, RI, USA	FALSE	-71.4042238	41.7931396	premise	rooftop	1193 eddy st, providence, ri 02905, usa	NA	NA	NA	NA	41.7931396	-71.4042238	High	23.25437359	Raw	NA	NA	NA	NA	FALSE	41.79321	-71.40396	2019	September
930	2019-09-01	794468	19:42:00	Pedestrian	1	NA	FALSE	FALSE	1	HAMMOND ST	DIVISION ST	2019-09-01	Two-Way , Not Divided	Dry	Dark - Lighted	Cloudy	Not a Collision Between Two Motor Vehicles in Transport	No	Stop Signs	4	1	Pain Reported	NA	41.81507	-71.42855	FALSE	FALSE	Hammond Street and Division Street, Providence, RI, USA	FALSE	-71.428535	41.8150799	intersection	geometric_center	division st & hammond st, providence, ri 02909, usa	NA	NA	NA	NA	41.8150799	-71.428535	Med High	1.662322528	Raw	NA	NA	NA	NA	FALSE	41.81507	-71.42855	2019	September
928	2019-09-02	794476	00:12:00	Bicycle	NA	1	FALSE	FALSE	1	Elmwood Ave	Roger Williams Ave	2019-09-02	Two-Way, Divided, Unprotected (painted>4feet) Medium	Dry	Dark - Lighted	Clear	Not a Collision Between Two Motor Vehicles in Transport	Yes	No Controls	2	1	Pain Reported	NA	41.78767	-71.42041	FALSE	FALSE	Elmwood Ave and Roger Williams Ave, Providence, RI, USA	FALSE	-71.4209033	41.7885278	intersection	geometric_center	roger williams ave & elmwood ave, providence, ri 02907, usa	NA	NA	NA	NA	41.7885278	-71.4209033	Med High	103.8978993	Raw	distance greater than 100m	NA	NA	NA	TRUE	41.78767	-71.42041	2019	September
927	2019-09-03	794517	03:47:00	Pedestrian	1	NA	FALSE	FALSE	1	551 North Main ST	N MAIN ST	2019-09-03	Two-Way, Divided, Positive Median Barrier	Wet	Dark - Lighted	Rain	Not a Collision Between Two Motor Vehicles in Transport	Yes	No Controls	1	1	Pain Reported	NA	41.8371	-71.4095	TRUE	FALSE	551 North Main Street, Providence, RI, USA	FALSE	-71.4091618	41.8363221	street_address	rooftop	551 n main st, providence, ri 02904, usa	NA	NA	NA	NA	41.8363221	-71.4091618	High	91.02504716	Raw	NA	NA	NA	NA	FALSE	41.8371	-71.4095	2019	September
926	2019-09-05	794790	22:59:00	Pedestrian	1	NA	FALSE	FALSE	1	KENNEDY PLAZA	DORRANCE ST	2019-09-06	One-Way Trafficway	Dry	Dark - Lighted	Clear	Not a Collision Between Two Motor Vehicles in Transport	No	No Controls	3	1	Pain Reported	NA	41.82415	-71.41232	FALSE	FALSE	Kennedy Plaza and Dorrance Street, Providence, RI, USA	FALSE	-71.4123255	41.8241358	intersection	geometric_center	kennedy plaza & dorrance st, providence, ri 02903, usa	NA	NA	NA	NA	41.8241358	-71.4123255	Med High	1.645264038	Raw	NA	NA	NA	NA	FALSE	41.82415	-71.41232	2019	September
925	2019-09-08	795002	00:58:00	Bicycle	NA	1	FALSE	FALSE	1	BRANCH AVE	95 SOUTH ON-RAMP	2019-09-08	One-Way Trafficway	Dry	Dark - Lighted	Clear	Not a Collision Between Two Motor Vehicles in Transport	No	No Controls	2	1	Non-Incapacitating	NA	41.85064	-71.42521	FALSE	FALSE	Branch Ave and 95 South On-Ramp, Providence, RI, USA	FALSE	-71.4228521	41.8515249	route	geometric_center	branch ave, providence, ri 02904, usa	NA	NA	NA	NA	41.8515249	-71.4228521	Med	218.9299322	Raw	distance greater than 100m	NA	NA	NA	TRUE	41.85064	-71.42521	2019	September
924	2019-09-12	795441	23:14:00	Pedestrian	1	NA	FALSE	FALSE	1	Oakland Ave.	CHAD BROWN ST	2019-09-13	Two-Way , Not Divided	Dry	Dark - Lighted	Clear	Not a Collision Between Two Motor Vehicles in Transport	Yes	No Controls	2	1	Non-Incapacitating	NA	41.8389	-71.42936	FALSE	FALSE	Oakland Ave. and Chad Brown Street, Providence, RI, USA	FALSE	-71.4293644	41.8389192	intersection	geometric_center	oakland ave & chad brown st, providence, ri 02908, usa	NA	NA	NA	NA	41.8389192	-71.4293644	Med High	2.168262378	Raw	NA	NA	NA	NA	FALSE	41.8389	-71.42936	2019	September
922	2019-09-13	795476	07:32:00	Pedestrian	1	NA	FALSE	FALSE	1	NARRAGANSETT BLVD	CALIFORNIA AVE	2019-09-13	Two-Way , Not Divided	Dry	Daylight	Cloudy	Not a Collision Between Two Motor Vehicles in Transport	No	No Controls	2	1	Pain Reported	NA	41.7892	-71.39606	FALSE	FALSE	Narragansett Blvd and California Ave, Providence, RI, USA	FALSE	-71.3961032	41.7893524	intersection	geometric_center	california ave & narragansett blvd, providence, ri 02905, usa	NA	NA	NA	NA	41.7893524	-71.3961032	Med High	17.33986121	Raw	NA	NA	NA	NA	FALSE	41.7892	-71.39606	2019	September
923	2019-09-13	795511	17:53:00	Pedestrian	1	NA	FALSE	FALSE	1	VALLEY ST	DELAINE ST	2019-09-13	Two-Way , Not Divided	Dry	Daylight	Clear	Not a Collision Between Two Motor Vehicles in Transport	No	Stop Signs	3	1	Non-Incapacitating	NA	41.81951	-71.4405	FALSE	FALSE	Valley Street and Delaine Street, Providence, RI, USA	FALSE	-71.4405034	41.8195248	intersection	geometric_center	delaine st & valley st, providence, ri 02909, usa	NA	NA	NA	NA	41.8195248	-71.4405034	Med High	1.671499787	Raw	NA	NA	NA	NA	FALSE	41.81951	-71.4405	2019	September
920	2019-09-14	795544	15:16:00	Pedestrian	1	NA	FALSE	FALSE	1	SERVICE ROAD 8	BROAD ST	2019-09-14	One-Way Trafficway	Wet	Daylight	Rain	Not a Collision Between Two Motor Vehicles in Transport	No	Traffic Control Signal	4	1	Non-Incapacitating	NA	41.818	-71.41637	FALSE	FALSE	Service Road 8 and Broad Street, Providence, RI, USA	FALSE	-71.4149768	41.819365	street_address	range_interpolated	8 broad st, providence, ri 02903, usa	NA	NA	NA	NA	41.819365	-71.4149768	Med High	190.9147144	Raw	distance greater than 100m	NA	NA	NA	TRUE	41.818	-71.41637	2019	September
921	2019-09-14	796573	19:31:00	Bicycle	NA	2	FALSE	FALSE	1	FISK ST	BERNARD ST	2019-09-14	Two-Way , Not Divided	Wet	Dark - Unknown Lighting	Rain	Not a Collision Between Two Motor Vehicles in Transport	No	Stop Signs	4	2	Non-Incapacitating	NA	41.79002	-71.40751	FALSE	FALSE	Fisk Street and Bernard Street, Providence, RI, USA	FALSE	-71.4075022	41.79003	intersection	geometric_center	bernard st & fisk st, providence, ri 02905, usa	NA	NA	NA	NA	41.79003	-71.4075022	Med High	1.287757278	Raw	NA	NA	NA	NA	FALSE	41.79002	-71.40751	2019	September
919	2019-09-15	796617	13:23:00	Bicycle	NA	1	FALSE	FALSE	1	GREENWICH ST	BUCKLIN ST	2019-09-15	Two-Way , Not Divided	Dry	Daylight	Clear	Angle (Front - to - Side) Right Angle (Includes Broadside)	No	Traffic Control Signal	6	1	Pain Reported	NA	41.80237	-71.42609	FALSE	FALSE	Greenwich Street and Bucklin Street, Providence, RI, USA	FALSE	-71.4276553	41.8023399	intersection	geometric_center	bucklin st & greenwich st, providence, ri 02907, usa	NA	NA	NA	NA	41.8023399	-71.4276553	Med High	129.9364359	Unknown	distance greater than 100m	NA	NA	NA	TRUE	NA	NA	2019	September
918	2019-09-16	796739	16:30:00	Bicycle	NA	NA	FALSE	FALSE	2	N MAIN ST	MEETING ST	2019-09-16	Two-Way , Not Divided	Dry	Daylight	Clear	Sideswipe, Same Direction	No	No Controls	3	1	Pain Reported	NA	41.82849	-71.40959	FALSE	FALSE	N Main Street and Meeting Street, Providence, RI, USA	FALSE	-71.4038461	41.8289622	route	geometric_center	meeting st, providence, ri, usa	North Main Street & Meeting Street, Providence, RI, USA	EjdOb3J0aCBNYWluIFN0cmVldCAmIE1lZXRpbmcgU3RyZWV0LCBQcm92aWRlbmNlLCBSSSwgVVNBImYiZAoUChIJgTz3exdF5IkRhC1SotOgzicSFAoSCYE893sXReSJEYQtUqLToM4nGhQKEgn5-kE93kTkiRFf162-DVwjPxoUChIJc2M83SJF5IkRnB0VpdvcM7siCg3mhe4YFTbDb9U	41.828503	-71.4095818	41.828503	-71.4095818	Med	1.599031347	Raw	NA	NA	NA	NA	FALSE	41.82849	-71.40959	2019	September
916	2019-09-17	796787	07:46:00	Pedestrian	1	NA	FALSE	FALSE	1	CRANSTON ST	BRIDGHAM ST	2019-09-17	Two-Way, Divided, Unprotected (painted>4feet) Medium	Dry	Daylight	Clear	Not a Collision Between Two Motor Vehicles in Transport	No	Traffic Control Signal	4	1	Pain Reported	NA	41.81396	-71.42694	FALSE	FALSE	Cranston Street and Bridgham Street, Providence, RI, USA	FALSE	-71.426947	41.8139796	intersection	geometric_center	cranston st & bridgham st, providence, ri 02907, usa	NA	NA	NA	NA	41.8139796	-71.426947	Med High	2.257835677	Raw	NA	NA	NA	NA	FALSE	41.81396	-71.42694	2019	September
917	2019-09-17	796855	21:56:00	Bicycle	NA	1	FALSE	FALSE	1	SOUTH ST	RICHMOND ST	2019-09-17	Two-Way , Not Divided	Dry	Dark - Lighted	Clear	Not a Collision Between Two Motor Vehicles in Transport	No	Stop Signs	3	1	Pain Reported	NA	41.81737	-71.40785	FALSE	FALSE	South Street and Richmond Street, Providence, RI, USA	FALSE	-71.4078372	41.817371	intersection	geometric_center	richmond st & south st, providence, ri 02903, usa	NA	NA	NA	NA	41.817371	-71.4078372	Med High	1.0677516440000001	Raw	NA	NA	NA	NA	FALSE	41.81737	-71.40785	2019	September
913	2019-09-19	797015	08:33:00	Pedestrian	1	NA	FALSE	FALSE	1	STATE ST	SMITH ST	2019-09-19	One-Way Trafficway	Dry	Daylight	Clear	Other	No	Stop Signs	3	1	Non-Incapacitating	1	41.83158	-71.41284	FALSE	FALSE	State Street and Smith Street, Providence, RI, USA	FALSE	-71.4128107	41.8315462	intersection	geometric_center	state st & smith st, providence, ri 02908, usa	NA	NA	NA	NA	41.8315462	-71.4128107	Med High	4.479226406	Raw	NA	NA	NA	NA	FALSE	41.83158	-71.41284	2019	September
914	2019-09-19	797016	08:44:00	Bicycle	NA	1	FALSE	FALSE	1	PUBLIC ST	I 95 N	2019-09-19	Two-Way , Not Divided	Dry	Daylight	Cloudy	Angle (Front - to - Side) Right Angle (Includes Broadside)	No	Traffic Control Signal	2	1	Pain Reported	NA	41.80821	-71.40371	FALSE	FALSE	Public Street and I 95 N, Providence, RI, USA	FALSE	-71.4036206	41.8082262	street_address	range_interpolated	95 public st, providence, ri 02903, usa	NA	NA	NA	NA	41.8082262	-71.4036206	Med High	7.63405878	Raw	NA	NA	NA	NA	FALSE	41.80821	-71.40371	2019	September
915	2019-09-19	797024	13:41:00	Bicycle	NA	1	FALSE	FALSE	1	53 Harold Street	Harold St	2019-09-19	Two-Way , Not Divided	Dry	Daylight	Clear	Not a Collision Between Two Motor Vehicles in Transport	No	No Controls	3	1	Pain Reported	1	NA	NA	TRUE	FALSE	53 Harold Street, Providence, RI, USA	FALSE	-71.4380996	41.8285669	premise	rooftop	53 harold st, providence, ri 02908, usa	NA	NA	NA	NA	41.8285669	-71.4380996	High	NA	Neither	raw coords null but geocoded coords found	41.82853, -71.43839	41.82853	-71.43839	TRUE	41.82853	-71.43839	2019	September
911	2019-09-20	797129	20:18:00	Bicycle	NA	1	FALSE	FALSE	1	BELLEVUE AVE	DEXTER ST	2019-09-20	Two-Way , Not Divided	Dry	Dark - Lighted	Clear	Not a Collision Between Two Motor Vehicles in Transport	Yes	Stop Signs	2	1	Non-Incapacitating	NA	41.80744	-71.42869	FALSE	FALSE	Bellevue Ave and Dexter Street, Providence, RI, USA	FALSE	-71.4286964	41.8074483	intersection	geometric_center	dexter st & bellevue ave, providence, ri 02907, usa	NA	NA	NA	NA	41.8074483	-71.4286964	Med High	1.065692103	Raw	NA	NA	NA	NA	FALSE	41.80744	-71.42869	2019	September
912	2019-09-20	802995	19:22:00	Bicycle	NA	1	FALSE	FALSE	1	ELMWOOD AVE	ROGER WILLIAMS AVE	2019-09-20	Two-Way, Divided, Positive Median Barrier	Dry	Dark - Lighted	Clear	Not a Collision Between Two Motor Vehicles in Transport	Yes	Traffic Control Signal	1	1	Pain Reported	NA	41.7883	-71.4209	FALSE	FALSE	Elmwood Ave and Roger Williams Ave, Providence, RI, USA	FALSE	-71.4209033	41.7885278	intersection	geometric_center	roger williams ave & elmwood ave, providence, ri 02907, usa	NA	NA	NA	NA	41.7885278	-71.4209033	Med High	25.3600592	Raw	NA	NA	NA	NA	FALSE	41.7883	-71.4209	2019	September
910	2019-09-21	797187	19:11:00	Pedestrian	1	NA	FALSE	FALSE	1	ATWELLS AVE	DEAN ST	2019-09-21	Two-Way , Not Divided	Dry	Dark - Lighted	Clear	Not a Collision Between Two Motor Vehicles in Transport	No	No Controls	3	0	No Injury	NA	41.82339	-71.4242	FALSE	FALSE	Atwells Ave and Dean Street, Providence, RI, USA	FALSE	-71.4242155	41.8234078	intersection	geometric_center	atwells ave & dean st, providence, ri 02903, usa	NA	NA	NA	NA	41.8234078	-71.4242155	Med High	2.36211906	Raw	NA	NA	NA	NA	FALSE	41.82339	-71.4242	2019	September
908	2019-09-22	797245	11:21:00	Pedestrian	1	NA	FALSE	FALSE	1	310 Cranston Street	GILMORE ST	2019-09-22	Two-Way , Not Divided	Dry	Daylight	Clear	Sidwswipe, Opposite Direction	Yes	No Controls	1	1	Pain Reported	NA	41.81336	-71.4281	TRUE	FALSE	310 Cranston Street, Providence, RI, USA	FALSE	-71.4291479	41.8126796	premise	rooftop	310 cranston st, providence, ri 02907, usa	NA	NA	NA	NA	41.8126796	-71.4291479	High	115.3081381	Raw	distance greater than 100m	NA	NA	NA	TRUE	41.81336	-71.4281	2019	September
909	2019-09-22	797265	15:18:00	Bicycle	NA	1	FALSE	FALSE	1	39 SALMON ST	SALMON ST	2019-09-22	Two-Way , Not Divided	Dry	Daylight	Clear	Not a Collision Between Two Motor Vehicles in Transport	Yes	No Controls	1	1	Non-Incapacitating	NA	41.82376	-71.45643	TRUE	FALSE	39 Salmon Street, Providence, RI, USA	FALSE	-71.4562159	41.8239235	street_address	rooftop	39 salmon st, providence, ri 02909, usa	NA	NA	NA	NA	41.8239235	-71.4562159	High	25.43047421	Raw	NA	NA	NA	NA	FALSE	41.82376	-71.45643	2019	September
904	2019-09-23	797310	07:01:00	Pedestrian	1	NA	FALSE	FALSE	1	Dave Gavitt Way	Broadway	2019-09-23	One-Way Trafficway	Dry	Daylight	Clear	Not a Collision Between Two Motor Vehicles in Transport	No	Traffic Control Signal	2	1	Non-Incapacitating	3	NA	NA	FALSE	FALSE	Dave Gavitt Way and Broadway, Providence, RI, USA	FALSE	-71.4197767	41.8221232	intersection	geometric_center	broadway & dave gavitt way, providence, ri 02903, usa	NA	NA	NA	NA	41.8221232	-71.4197767	Med High	NA	Geocoded	raw coords null but geocoded coords found	NA	NA	NA	TRUE	41.8221232	-71.4197767	2019	September
905	2019-09-23	797371	15:05:00	Pedestrian	1	NA	FALSE	FALSE	1	elmwood ave	CADILLAC DR	2019-09-23	Two-Way , Not Divided	Dry	Daylight	Clear	Not a Collision Between Two Motor Vehicles in Transport	No	No Controls	2	1	Pain Reported	NA	41.78916	-71.42126	FALSE	FALSE	Elmwood Ave and Cadillac Dr, Providence, RI, USA	FALSE	-71.4212577	41.78916	intersection	geometric_center	cadillac dr & elmwood ave, providence, ri 02907, usa	NA	NA	NA	NA	41.78916	-71.4212577	Med High	0.190900104	Raw	NA	NA	NA	NA	FALSE	41.78916	-71.42126	2019	September
906	2019-09-23	797387	16:47:00	Bicycle	NA	1	FALSE	FALSE	1	SERVICE ROAD 8	WESTMINSTER ST	2019-09-23	One-Way Trafficway	Dry	Daylight	Clear	Not a Collision Between Two Motor Vehicles in Transport	No	Stop Signs	3	1	Pain Reported	NA	41.81924	-71.41784	FALSE	FALSE	Service Road 8 and Westminster Street, Providence, RI, USA	FALSE	-71.4089265	41.8252921	street_address	range_interpolated	8 westminster st, providence, ri 02903, usa	NA	NA	NA	NA	41.8252921	-71.4089265	Med High	1000.33184	Raw	distance greater than 100m	NA	NA	NA	TRUE	41.81924	-71.41784	2019	September
907	2019-09-23	797431	16:43:00	Pedestrian	1	NA	FALSE	FALSE	1	Empire Street	BROADWAY	2019-09-23	Two-Way , Not Divided	Dry	Daylight	Clear	Other	No	Traffic Control Signal	5	1	Pain Reported	NA	41.82255	-71.41742	FALSE	FALSE	Empire Street and Broadway, Providence, RI, USA	FALSE	-71.4177642	41.822755	intersection	geometric_center	empire st & broadway, providence, ri 02903, usa	NA	NA	NA	NA	41.822755	-71.4177642	Med High	36.55253669	Raw	NA	NA	NA	NA	FALSE	41.82255	-71.41742	2019	September
902	2019-09-25	797671	21:11:00	Bicycle	NA	1	FALSE	FALSE	1	BROADWAY	VALLEY ST	2019-09-25	Two-Way, Divided, Unprotected (painted>4feet) Medium	Dry	Dark - Lighted	Clear	Not a Collision Between Two Motor Vehicles in Transport	Yes	No Controls	1	1	Pain Reported	NA	41.81683	-71.44103	FALSE	FALSE	Broadway and Valley Street, Providence, RI, USA	FALSE	-71.4361571	41.8275287	route	geometric_center	valley st, providence, ri, usa	Broadway & Valley Street, Providence, RI, USA	Ei1Ccm9hZHdheSAmIFZhbGxleSBTdHJlZXQsIFByb3ZpZGVuY2UsIFJJLCBVU0EiZiJkChQKEglPQjeFmkXkiRFay9YdHmK0gBIUChIJT0I3hZpF5IkRWsvWHR5itIAaFAoSCaW15YZ1ReSJERrCM7HXpG-zGhQKEgn71PW-oUXkiRFACHbbKx7jfCIKDVm-7BgVgvdq1Q	41.8168409	-71.441011	41.8168409	-71.441011	Med	1.989241381	Raw	NA	NA	NA	NA	FALSE	41.81683	-71.44103	2019	September
903	2019-09-25	797680	23:59:00	Pedestrian	1	NA	FALSE	FALSE	1	270 broad street	LOCKWOOD ST	2019-09-26	Two-Way , Not Divided	Dry	Dark - Lighted	Clear	Not a Collision Between Two Motor Vehicles in Transport	Yes	No Controls	1	1	Pain Reported	NA	41.81548	-71.42054	TRUE	FALSE	270 Broad Street, Providence, RI, USA	FALSE	-71.4199958	41.8153081	premise	rooftop	270 broad st, providence, ri 02903, usa	NA	NA	NA	NA	41.8153081	-71.4199958	High	49.037887	Raw	NA	NA	NA	NA	FALSE	41.81548	-71.42054	2019	September
901	2019-09-26	797718	12:04:00	Pedestrian	1	NA	FALSE	FALSE	1	Pine Street	Lockwood Street	2019-09-26	Two-Way , Not Divided	Dry	Daylight	Clear	Not a Collision Between Two Motor Vehicles in Transport	Yes	Pavement Markings	1	1	Pain Reported	1	NA	NA	FALSE	FALSE	Pine Street and Lockwood Street, Providence, RI, USA	FALSE	-71.4159924	41.8129685	route	geometric_center	lockwood st, providence, ri, usa	Pine Street & Lockwood Street, Providence, RI, USA	EjJQaW5lIFN0cmVldCAmIExvY2t3b29kIFN0cmVldCwgUHJvdmlkZW5jZSwgUkksIFVTQSJmImQKFAoSCQ3B9SduReSJEbVJvwGGgXPZEhQKEgkNwfUnbkXkiRG1Sb8BhoFz2RoUChIJOZMJU2xF5IkRoCks8G_vwjwaFAoSCftX5vFuReSJERTpGcX8V45MIgoNclLsGBU1eG7V	41.8140786	-71.4180555	41.8140786	-71.4180555	Med	NA	Geocoded	raw coords null but geocoded coords found	NA	NA	NA	TRUE	41.8140786	-71.4180555	2019	September
900	2019-09-27	797901	16:48:00	Bicycle	NA	1	FALSE	FALSE	1	OLNEY ST	BROWN ST	2019-09-27	Two-Way , Not Divided	Dry	Daylight	Clear	Not a Collision Between Two Motor Vehicles in Transport	No	No Controls	3	1	Pain Reported	NA	41.8356	-71.40544	FALSE	FALSE	Olney Street and Brown Street, Providence, RI, USA	FALSE	-71.4054218	41.8356196	intersection	geometric_center	olney st & brown st, providence, ri 02906, usa	NA	NA	NA	NA	41.8356196	-71.4054218	Med High	2.653135799	Raw	NA	NA	NA	NA	FALSE	41.8356	-71.40544	2019	September
898	2019-09-28	797975	13:10:00	Pedestrian	1	NA	FALSE	FALSE	1	HOPE ST	BLACKSTONE BLVD	2019-09-28	Two-Way , Not Divided	Dry	Daylight	Clear	Not a Collision Between Two Motor Vehicles in Transport	No	No Controls	4	1	Pain Reported	NA	41.8566	-71.39127	FALSE	FALSE	Hope Street and Blackstone Blvd, Providence, RI, USA	FALSE	-71.3915342	41.8561535	intersection	geometric_center	hope st & blackstone blvd, providence, ri 02906, usa	NA	NA	NA	NA	41.8561535	-71.3915342	Med High	54.31720063	Raw	NA	NA	NA	NA	FALSE	41.8566	-71.39127	2019	September
899	2019-09-28	798041	19:07:00	Pedestrian	1	NA	FALSE	FALSE	1	BROAD STREET	PORTLAND STREET	2019-09-28	Two-Way , Not Divided	Dry	Dark - Lighted	Clear	Not a Collision Between Two Motor Vehicles in Transport	No	No Controls	4	1	Pain Reported	NA	41.81413	-71.42131	FALSE	FALSE	Broad Street and Portland Street, Providence, RI, USA	FALSE	-71.419117	41.8129799	route	geometric_center	portland st, providence, ri 02907, usa	Broad Street & Portland Street, Providence, RI, USA	EjNCcm9hZCBTdHJlZXQgJiBQb3J0bGFuZCBTdHJlZXQsIFByb3ZpZGVuY2UsIFJJLCBVU0EiZiJkChQKEgmdnxIBcUXkiRGH5-VJjW7uEBIUChIJnZ8SAXFF5IkRh-flSY1u7hAaFAoSCYPefdWMT-SJESyiypOYSwijGhQKEglhSKowcEXkiRH5umXDAdaKhCIKDfdU7BgVvvht1Q	41.8141431	-71.4213186	41.8141431	-71.4213186	Med	1.623487003	Raw	NA	NA	NA	NA	FALSE	41.81413	-71.42131	2019	September
897	2019-09-30	798136	12:12:00	Bicycle	NA	1	FALSE	FALSE	1	Weybosset St	Eddy St	2019-09-30	Two-Way , Not Divided	Dry	Daylight	Clear	Not a Collision Between Two Motor Vehicles in Transport	No	No Controls	4	1	Pain Reported	2	NA	NA	FALSE	FALSE	Weybosset Street and Eddy Street, Providence, RI, USA	FALSE	-71.4114379	41.8226389	intersection	geometric_center	weybosset st & eddy st, providence, ri 02903, usa	NA	NA	NA	NA	41.8226389	-71.4114379	Med High	NA	Geocoded	raw coords null but geocoded coords found	NA	NA	NA	TRUE	41.8226389	-71.4114379	2019	September
895	2019-10-02	798352	19:07:00	Pedestrian	1	NA	FALSE	FALSE	1	NARRAGANSETT BLVD	MASSACHUSETTS AVE	2019-10-02	Two-Way , Not Divided	Wet	Dark - Lighted	Rain	Not a Collision Between Two Motor Vehicles in Transport	Yes	No Controls	1	1	Pain Reported	4	41.78756	-71.39551	FALSE	FALSE	Narragansett Blvd and Massachusetts Ave, Providence, RI, USA	FALSE	-71.3955134	41.7875704	intersection	geometric_center	massachusetts ave & narragansett blvd, providence, ri 02905, usa	NA	NA	NA	NA	41.7875704	-71.3955134	Med High	1.191621899	Raw	NA	NA	NA	NA	FALSE	41.78756	-71.39551	2019	October
896	2019-10-02	798383	23:48:00	Pedestrian	1	NA	FALSE	FALSE	1	Elmwood Ave	POTTERS AVE	2019-10-03	Two-Way , Not Divided	Dry	Dark - Lighted	Clear	Not a Collision Between Two Motor Vehicles in Transport	Yes	No Controls	1	1	Pain Reported	NA	41.80128	-71.42641	FALSE	FALSE	Elmwood Ave and Potters Ave, Providence, RI, USA	FALSE	-71.4263655	41.8015172	intersection	geometric_center	potters ave & elmwood ave, providence, ri 02907, usa	NA	NA	NA	NA	41.8015172	-71.4263655	Med High	26.66195579	Raw	NA	NA	NA	NA	FALSE	41.80128	-71.42641	2019	October
893	2019-10-03	798409	12:06:00	Bicycle	NA	NA	FALSE	FALSE	1	BROADWAY	ANDREW ST	2019-10-03	Two-Way, Divided, Unprotected (painted>4feet) Medium	Dry	Daylight	Cloudy	Not a Collision Between Two Motor Vehicles in Transport	No	No Controls	3	1	Pain Reported	2	41.81966	-71.42995	FALSE	FALSE	Broadway and Andrew Street, Providence, RI, USA	FALSE	-71.4305227	41.8199222	route	geometric_center	andrews st, providence, ri 02909, usa	NA	NA	NA	NA	41.8199222	-71.4305227	Med	55.76084068	Raw	NA	NA	NA	NA	FALSE	41.81966	-71.42995	2019	October
894	2019-10-03	798439	16:30:00	Pedestrian	1	NA	FALSE	FALSE	1	KNIGHT ST	BROADWAY	2019-10-03	Two-Way , Not Divided	Dry	Daylight	Cloudy	Not a Collision Between Two Motor Vehicles in Transport	No	Traffic Control Signal	3	1	Pain Reported	NA	41.81981	-71.42938	FALSE	FALSE	Knight Street and Broadway, Providence, RI, USA	FALSE	-71.4293417	41.8198212	intersection	geometric_center	knight st & broadway, providence, ri 02909, usa	NA	NA	NA	NA	41.8198212	-71.4293417	Med High	3.413239941	Raw	NA	NA	NA	NA	FALSE	41.81981	-71.42938	2019	October
891	2019-10-04	798522	10:25:00	Pedestrian	1	NA	FALSE	FALSE	1	REDWING ST	BUCKLIN ST	2019-10-04	Two-Way , Not Divided	Dry	Daylight	Clear	Not a Collision Between Two Motor Vehicles in Transport	Yes	Unknown	1	1	Pain Reported	NA	41.79939	-71.42649	FALSE	FALSE	Redwing Street and Bucklin Street, Providence, RI, USA	FALSE	-71.4277346	41.7992422	intersection	geometric_center	bucklin st & redwing st, providence, ri 02907, usa	NA	NA	NA	NA	41.7992422	-71.4277346	Med High	104.5877338	Unknown	distance greater than 100m	NA	NA	NA	TRUE	NA	NA	2019	October