row_number	crash_date	crash_report_id	crash_time	collision_type	count_pedestrian	count_bicycle	scooter	wheel_chair	number_of_vehicles	street_or_highway	nearest_intersection	report_date	type_of_roadway	road_surface_condition	light_condition	weather_condition	manner_of_impact	hit_and_run	traffic_control	person_count	injury_count	most_serious_injury	number_of_lanes	lat_raw	lon_raw	has_st_number	is_intersection_null	address_sent_to_geocoder	is_address_blank	lon_api_first_try	lat_api_first_try	type	loctype	address_returned_by_geocoder	address_returned_by_autocomplete	place_ids_autocompleted	lat_api_second_try	lon_api_second_try	lat_api_best	lon_api_best	api_coord_conf	distance_btwn_coords_meters	best_coordinate_set	reason_for_qa	correct_coordinates	corrected_lat	corrected_lon	manually_qaed_record	final_lat	final_lon	year	month
892	2019-10-04	798578	16:12:00	Bicycle	1	NA	FALSE	FALSE	1	PLAINFIELD ST	SILVER LAKE AVE	2019-10-04	Two-Way , Not Divided	Dry	Daylight	Clear	Sideswipe, Same Direction	No	No Controls	2	1	Incapacitating	NA	41.80587	-71.46492	FALSE	FALSE	Plainfield Street and Silver Lake Ave, Providence, RI, USA	FALSE	-71.4648418	41.8059156	intersection	geometric_center	plainfield st & silver lake ave, providence, ri 02909, usa	NA	NA	NA	NA	41.8059156	-71.4648418	Med High	8.238533282	Raw	NA	NA	NA	NA	FALSE	41.80587	-71.46492	2019	October
890	2019-10-05	798596	00:50:00	Pedestrian	1	NA	FALSE	FALSE	1	S Water Street	Tockwotton Street	2019-10-05	One-Way Trafficway	Dry	Dark - Lighted	Clear	Not a Collision Between Two Motor Vehicles in Transport	Yes	No Controls	1	1	Pain Reported	NA	41.81694	-71.40012	FALSE	FALSE	S Water Street and Tockwotton Street, Providence, RI, USA	FALSE	-71.4000928	41.816915	intersection	geometric_center	s water st & tockwotton st, providence, ri 02903, usa	NA	NA	NA	NA	41.816915	-71.4000928	Med High	3.582927	Raw	NA	NA	NA	NA	FALSE	41.81694	-71.40012	2019	October
889	2019-10-09	798844	09:24:00	Pedestrian	1	NA	FALSE	FALSE	1	Smith St	Maude St	2019-10-09	Two-Way , Not Divided	Wet	Daylight	Rain	Not a Collision Between Two Motor Vehicles in Transport	No	No Controls	3	1	Pain Reported	2	NA	NA	FALSE	FALSE	Smith Street and Maude Street, Providence, RI, USA	FALSE	-71.43349	41.8375814	intersection	geometric_center	maude st & smith st, providence, ri 02908, usa	NA	NA	NA	NA	41.8375814	-71.43349	Med High	NA	Geocoded	raw coords null but geocoded coords found	NA	NA	NA	TRUE	41.8375814	-71.43349	2019	October
887	2019-10-11	799139	17:47:00	Bicycle	NA	1	FALSE	FALSE	1	HARRIS AVE	ATWELLS AVE	2019-10-11	Two-Way , Not Divided	Wet	Daylight	Rain	Not a Collision Between Two Motor Vehicles in Transport	No	Traffic Control Signal	2	0	No Injury	NA	41.82446	-71.4355	FALSE	FALSE	Harris Ave and Atwells Ave, Providence, RI, USA	FALSE	-71.4354014	41.8244572	intersection	geometric_center	atwells ave & harris ave, providence, ri 02909, usa	NA	NA	NA	NA	41.8244572	-71.4354014	Med High	8.185233499	Raw	NA	NA	NA	NA	FALSE	41.82446	-71.4355	2019	October
888	2019-10-11	799178	23:00:00	Pedestrian	1	NA	FALSE	FALSE	1	SISSON ST	MANTON AVE	2019-10-12	Two-Way , Not Divided	Wet	Dark - Lighted	Rain	Not a Collision Between Two Motor Vehicles in Transport	Yes	No Controls	1	1	Pain Reported	NA	41.82561	-71.45536	FALSE	FALSE	Sisson Street and Manton Ave, Providence, RI, USA	FALSE	-71.4553928	41.8254879	intersection	geometric_center	manton ave & sisson st, providence, ri 02909, usa	NA	NA	NA	NA	41.8254879	-71.4553928	Med High	13.86176413	Raw	NA	NA	NA	NA	FALSE	41.82561	-71.45536	2019	October
886	2019-10-12	799262	19:59:00	Bicycle	NA	1	FALSE	FALSE	1	BROAD ST	W FRIENDSHIP ST	2019-10-12	Two-Way , Not Divided	Dry	Dark - Lighted	Clear	Not a Collision Between Two Motor Vehicles in Transport	No	No Controls	3	1	Pain Reported	NA	41.80948	-71.42093	FALSE	FALSE	Broad Street and W Friendship Street, Providence, RI, USA	FALSE	-71.4226134	41.80978	route	geometric_center	w friendship st, providence, ri 02907, usa	Broad Street & West Friendship Street, Providence, RI, USA	EjpCcm9hZCBTdHJlZXQgJiBXZXN0IEZyaWVuZHNoaXAgU3RyZWV0LCBQcm92aWRlbmNlLCBSSSwgVVNBImYiZAoUChIJtyXX93pF5IkRwOehYJD2zpMSFAoSCbcl1_d6ReSJEcDnoWCQ9s6TGhQKEgmD3n3VjE_kiREsosqTmEsIoxoUChIJfQTXN3pF5IkR_qmuvOoTu2YiCg1erOsYFcEEbtU	41.809827	-71.4210111	41.809827	-71.4210111	Med	39.20960726	Raw	NA	NA	NA	NA	FALSE	41.80948	-71.42093	2019	October
885	2019-10-13	799336	15:59:00	Bicycle	NA	1	FALSE	FALSE	1	ADELAIDE AVE	EMERSON ST	2019-10-13	Two-Way , Not Divided	Dry	Daylight	Clear	Not a Collision Between Two Motor Vehicles in Transport	Yes	No Controls	1	1	Non-Incapacitating	2	41.79861	-71.4162	FALSE	FALSE	Adelaide Ave and Emerson Street, Providence, RI, USA	FALSE	-71.4164142	41.7985663	intersection	geometric_center	adelaide ave & emerson st, providence, ri 02907, usa	NA	NA	NA	NA	41.7985663	-71.4164142	Med High	18.42962075	Raw	NA	NA	NA	NA	FALSE	41.79861	-71.4162	2019	October
882	2019-10-15	799573	15:30:00	Pedestrian	1	NA	FALSE	FALSE	1	BROAD ST	MARLBOROUGH ST	2019-10-15	Two-Way , Not Divided	Dry	Daylight	Clear	Not a Collision Between Two Motor Vehicles in Transport	No	No Controls	2	1	Pain Reported	NA	41.80572	-71.41978	FALSE	FALSE	Broad Street and Marlborough Street, Providence, RI, USA	FALSE	-71.4457512	41.7909266	route	geometric_center	marlborough st, cranston, ri 02910, usa	NA	NA	NA	NA	41.7909266	-71.4457512	Med	2712.426761	Raw	distance greater than 100m	NA	NA	NA	TRUE	41.80572	-71.41978	2019	October
883	2019-10-15	799577	21:22:00	Pedestrian	1	NA	FALSE	FALSE	1	Imera St	CHALKSTONE AVE	2019-10-15	Two-Way , Not Divided	Dry	Dark - Lighted	Clear	Not a Collision Between Two Motor Vehicles in Transport	No	No Controls	3	1	Incapacitating	NA	41.83205	-71.45649	FALSE	FALSE	Imera Street and Chalkstone Ave, Providence, RI, USA	FALSE	-71.456497	41.832108	intersection	geometric_center	imera st & chalkstone ave, providence, ri 02909, usa	NA	NA	NA	NA	41.832108	-71.456497	Med High	6.482583976	Raw	NA	NA	NA	NA	FALSE	41.83205	-71.45649	2019	October
884	2019-10-15	799651	22:03:00	Pedestrian	1	NA	FALSE	FALSE	1	Atwells Ave	NEWTON ST	2019-10-16	Two-Way, Divided, Unprotected (painted>4feet) Medium	Dry	Dark - Lighted	Clear	Not a Collision Between Two Motor Vehicles in Transport	Yes	No Controls	1	1	Pain Reported	NA	41.82327	-71.42228	FALSE	FALSE	Atwells Ave and Newton Street, Providence, RI, USA	FALSE	-71.4222395	41.823272	intersection	geometric_center	newton st & atwells ave, providence, ri 02903, usa	NA	NA	NA	NA	41.823272	-71.4222395	Med High	3.367081325	Raw	NA	NA	NA	NA	FALSE	41.82327	-71.42228	2019	October
881	2019-10-16	799597	10:06:00	Bicycle	NA	NA	FALSE	FALSE	2	95 Lydia St	CANDACE ST	2019-10-16	Two-Way , Not Divided	Dry	Daylight	Clear	Angle (Front - to - Side) Right Angle (Includes Broadside)	No	No Controls	3	1	Pain Reported	1	41.83493	-71.42109	TRUE	FALSE	95 Lydia Street, Providence, RI, USA	FALSE	-71.4216976	41.834915	premise	rooftop	95 lydia st, providence, ri 02908, usa	NA	NA	NA	NA	41.834915	-71.4216976	High	50.42246705	Raw	NA	NA	NA	NA	FALSE	41.83493	-71.42109	2019	October
880	2019-10-17	799790	15:43:00	Bicycle	NA	1	FALSE	FALSE	1	Veazie Street	DOUGLAS AVE	2019-10-17	Two-Way , Not Divided	Dry	Daylight	Cloudy	Angle (Front - to - Side) Right Angle (Includes Broadside)	No	No Controls	2	1	Pain Reported	NA	41.85154	-71.43468	FALSE	FALSE	Veazie Street and Douglas Ave, Providence, RI, USA	FALSE	-71.4341761	41.8505578	intersection	geometric_center	douglas ave & veazie st, providence, ri 02904, usa	NA	NA	NA	NA	41.8505578	-71.4341761	Med High	117.0497545	Raw	distance greater than 100m	NA	NA	NA	TRUE	41.85154	-71.43468	2019	October
879	2019-10-18	799861	15:29:00	Pedestrian	1	NA	FALSE	FALSE	1	66 BENEFIT STREET	NA	2019-10-18	Two-Way , Not Divided	Dry	Daylight	Clear	Not a Collision Between Two Motor Vehicles in Transport	No	No Controls	2	1	Pain Reported	NA	41.83168	-71.40933	TRUE	TRUE	66 Benefit Street, Providence, RI, USA	FALSE	-71.4097473	41.8318181	premise	rooftop	66 benefit st, providence, ri 02904, usa	NA	NA	NA	NA	41.8318181	-71.4097473	High	37.8733245	Raw	NA	NA	NA	NA	FALSE	41.83168	-71.40933	2019	October
878	2019-10-19	799978	16:32:00	Bicycle	NA	1	FALSE	FALSE	1	TRANSIT ST	BROOK ST	2019-10-19	Two-Way , Not Divided	Dry	Daylight	Clear	Not a Collision Between Two Motor Vehicles in Transport	No	Stop Signs	6	1	Non-Incapacitating	NA	41.82056	-71.39839	FALSE	FALSE	Transit Street and Brook Street, Providence, RI, USA	FALSE	-71.3983698	41.820544	intersection	geometric_center	transit st & brook st, providence, ri 02906, usa	NA	NA	NA	NA	41.820544	-71.3983698	Med High	2.445525887	Raw	NA	NA	NA	NA	FALSE	41.82056	-71.39839	2019	October
877	2019-10-20	800132	17:05:00	Pedestrian	1	NA	FALSE	FALSE	1	60 VALLEY ST	SAN SOUCI DR	2019-10-20	Two-Way , Not Divided	Dry	Unknown	Clear	Unknown	Yes	No Controls	1	1	Pain Reported	NA	41.81767	-71.44086	TRUE	FALSE	60 Valley Street, Providence, RI, USA	FALSE	-71.4412852	41.8189506	premise	rooftop	60 valley st, providence, ri 02909, usa	NA	NA	NA	NA	41.8189506	-71.4412852	High	146.8553867	Raw	distance greater than 100m	NA	NA	NA	TRUE	41.81767	-71.44086	2019	October
876	2019-10-21	800245	15:31:00	Pedestrian	1	NA	FALSE	FALSE	1	380 HOPE ST	CARRINGTON AVE	2019-10-21	Two-Way , Not Divided	Dry	Daylight	Clear	Not a Collision Between Two Motor Vehicles in Transport	Yes	No Controls	1	1	Pain Reported	NA	41.83668	-71.40113	TRUE	FALSE	380 Hope Street, Providence, RI, USA	FALSE	-71.4014402	41.8367023	premise	rooftop	380 hope st, providence, ri 02906, usa	NA	NA	NA	NA	41.8367023	-71.4014402	High	25.84700144	Raw	NA	NA	NA	NA	FALSE	41.83668	-71.40113	2019	October
875	2019-10-23	800520	16:04:00	Bicycle	NA	1	FALSE	FALSE	1	EDDY ST	EDDY ST EXIT	2019-10-23	Two-Way , Not Divided	Dry	Daylight	Clear	Not a Collision Between Two Motor Vehicles in Transport	Yes	No Controls	1	0	No Injury	NA	41.81156	-71.40709	FALSE	FALSE	Eddy Street and Eddy St Exit, Providence, RI, USA	FALSE	-71.4072274	41.8059506	route	geometric_center	eddy st, providence, ri, usa	NA	NA	NA	NA	41.8059506	-71.4072274	Med	624.5396181	Raw	distance greater than 100m	NA	NA	NA	TRUE	41.81156	-71.40709	2019	October
874	2019-10-24	800606	14:50:00	Bicycle	NA	1	FALSE	FALSE	1	533 ELMWOOD AVE	533 ELMWOOD AVE	2019-10-24	Two-Way , Not Divided	Dry	Daylight	Clear	Angle (Front - to - Side) Opposite Direction	No	No Controls	2	1	Pain Reported	NA	41.79939	-71.42649	TRUE	FALSE	533 Elmwood Ave, Providence, RI, USA	FALSE	-71.4267799	41.7976099	premise	rooftop	533 elmwood ave, providence, ri 02907, usa	NA	NA	NA	NA	41.7976099	-71.4267799	High	199.6149138	Geocoded	distance greater than 100m	NA	NA	NA	TRUE	41.7976099	-71.4267799	2019	October
872	2019-10-25	800693	07:51:00	Pedestrian	1	NA	FALSE	FALSE	1	ACADEMY AVE	REGENT AVE	2019-10-25	Two-Way , Not Divided	Dry	Daylight	Clear	Not a Collision Between Two Motor Vehicles in Transport	Yes	Person	2	1	Pain Reported	NA	41.82926	-71.44403	FALSE	FALSE	Academy Ave and Regent Ave, Providence, RI, USA	FALSE	-71.4440371	41.8292677	intersection	geometric_center	academy ave & regent ave, providence, ri 02908, usa	NA	NA	NA	NA	41.8292677	-71.4440371	Med High	1.039982565	Raw	NA	NA	NA	NA	FALSE	41.82926	-71.44403	2019	October
873	2019-10-25	800745	17:43:00	Bicycle	NA	1	FALSE	FALSE	1	CLEMATIS ST	MOLLOY ST	2019-10-25	Two-Way , Not Divided	Dry	Dark - Lighted	Clear	Rear End(Front-to-Rear)	No	No Controls	2	1	Incapacitating	2	41.83357	-71.44595	FALSE	FALSE	Clematis Street and Molloy Street, Providence, RI, USA	FALSE	-71.446007	41.8342669	intersection	geometric_center	molloy st & clematis st, providence, ri 02908, usa	NA	NA	NA	NA	41.8342669	-71.446007	Med High	77.722474450000007	Raw	NA	NA	NA	NA	FALSE	41.83357	-71.44595	2019	October
870	2019-10-29	801148	17:13:00	Bicycle	NA	1	FALSE	FALSE	1	537 BROAD STREET	NA	2019-10-29	Two-Way , Not Divided	Dry	Daylight	Cloudy	Not a Collision Between Two Motor Vehicles in Transport	No	No Controls	3	0	No Injury	NA	41.80968	-71.42098	TRUE	TRUE	537 Broad Street, Providence, RI, USA	FALSE	-71.4213555	41.8095762	subpremise	rooftop	537 broad st, providence, ri 02907, usa	NA	NA	NA	NA	41.8095762	-71.4213555	High	33.23023698	Raw	NA	NA	NA	NA	FALSE	41.80968	-71.42098	2019	October
871	2019-10-29	801151	18:00:00	Pedestrian	1	NA	FALSE	FALSE	1	SMITH ST	GENTIAN AVE	2019-10-29	Two-Way , Not Divided	Dry	Dark - Lighted	Cloudy	Not a Collision Between Two Motor Vehicles in Transport	No	Traffic Control Signal	5	0	No Injury	NA	41.846	-71.45167	FALSE	FALSE	Smith Street and Gentian Ave, Providence, RI, USA	FALSE	-71.4516693	41.846001	intersection	geometric_center	smith st & gentian ave, providence, ri 02908, usa	NA	NA	NA	NA	41.846001	-71.4516693	Med High	0.125545434	Raw	NA	NA	NA	NA	FALSE	41.846	-71.45167	2019	October
869	2019-10-30	801206	14:43:00	Pedestrian	1	NA	FALSE	FALSE	1	COLLEGE ST	BENEFIT ST	2019-10-30	One-Way Trafficway	Wet	Daylight	Rain	Not a Collision Between Two Motor Vehicles in Transport	No	Traffic Control Signal	2	1	Pain Reported	NA	41.826	-71.40683	FALSE	FALSE	College Street and Benefit Street, Providence, RI, USA	FALSE	-71.4068354	41.8260134	route	geometric_center	benefit st, providence, ri, usa	College Street & Benefit Street, Providence, RI, USA	EjRDb2xsZWdlIFN0cmVldCAmIEJlbmVmaXQgU3RyZWV0LCBQcm92aWRlbmNlLCBSSSwgVVNBImYiZAoUChIJT1PH0hdF5IkRsjAAs9BpeJgSFAoSCU9Tx9IXReSJEbIwALPQaXiYGhQKEgnR5cstFkXkiRH1TvxbNfBkPhoUChIJedk4CD1F5IkRxfbmqgrCUioiCg2mJO4YFX4ucNU	41.8260134	-71.4068354	41.8260134	-71.4068354	Med	1.557486837	Raw	NA	NA	NA	NA	FALSE	41.826	-71.40683	2019	October
866	2019-10-31	801281	14:15:00	Bicycle	NA	1	FALSE	FALSE	1	SORRENTO ST	LINWOOD AVE	2019-10-31	Two-Way , Not Divided	Wet	Daylight	Rain	Sidwswipe, Opposite Direction	No	Stop Signs	3	1	Pain Reported	2	41.80789	-71.43735	FALSE	FALSE	Sorrento Street and Linwood Ave, Providence, RI, USA	FALSE	-71.4373713	41.807869	intersection	geometric_center	sorrento st & linwood ave, providence, ri 02909, usa	NA	NA	NA	NA	41.807869	-71.4373713	Med High	2.930619937	Raw	NA	NA	NA	NA	FALSE	41.80789	-71.43735	2019	October
867	2019-10-31	801300	18:03:00	Pedestrian	1	NA	FALSE	FALSE	1	ATWELLS AVE	TUXEDO AVE	2019-10-31	Two-Way , Not Divided	Wet	Dark - Lighted	Rain	Not a Collision Between Two Motor Vehicles in Transport	No	Other	2	1	Incapacitating	NA	41.82454	-71.43894	FALSE	FALSE	Atwells Ave and Tuxedo Ave, Providence, RI, USA	FALSE	-71.4386196	41.8245303	intersection	geometric_center	atwells ave & tuxedo ave, providence, ri 02909, usa	NA	NA	NA	NA	41.8245303	-71.4386196	Med High	26.60045998	Raw	NA	NA	NA	NA	FALSE	41.82454	-71.43894	2019	October
868	2019-10-31	801320	20:58:00	Pedestrian	1	NA	FALSE	FALSE	1	ATWELLS AVE	CUTLER ST	2019-10-31	Two-Way , Not Divided	Wet	Dark - Lighted	Rain	Not a Collision Between Two Motor Vehicles in Transport	Yes	No Controls	1	1	Incapacitating	NA	41.82467	-71.44135	FALSE	FALSE	Atwells Ave and Cutler Street, Providence, RI, USA	FALSE	-71.4415532	41.8246953	intersection	geometric_center	cutler st & atwells ave, providence, ri 02908, usa	NA	NA	NA	NA	41.8246953	-71.4415532	Med High	17.08992467	Raw	NA	NA	NA	NA	FALSE	41.82467	-71.44135	2019	October
864	2019-11-01	801458	17:57:00	Pedestrian	1	NA	FALSE	FALSE	1	HARTFORD AVE	HARTFORD AVE	2019-11-01	Two-Way, Divided, Unprotected (painted>4feet) Medium	Dry	Daylight	Clear	Head-On (Front - to - Front)	Yes	Unknown	2	1	Pain Reported	NA	41.81827	-71.45698	FALSE	FALSE	Hartford Ave and Hartford Ave, Providence, RI, USA	FALSE	-71.4587339	41.8185901	route	geometric_center	hartford ave, providence, ri, usa	Hartford Ave Service Rd & Hartford Ave, Johnston, Providence, RI, USA	EkVIYXJ0Zm9yZCBBdmUgU2VydmljZSBSZCAmIEhhcnRmb3JkIEF2ZSwgSm9obnN0b24sIFByb3ZpZGVuY2UsIFJJLCBVU0EiZiJkChQKEgmP4Jty0EfkiRFZT82Cwq1hZxIUChIJj-CbctBH5IkRWU_NgsKtYWcaFAoSCUk2WRTQR-SJEffJJKBODzFaGhQKEgkvAx61JEbkiRGCwC0vu7gN1iIKDdap7hgVnoNc1Q	41.829423	-71.5357282	41.829423	-71.5357282	Med	6649.500547	Raw	distance greater than 100m	NA	NA	NA	TRUE	41.81827	-71.45698	2019	November
865	2019-11-01	801460	15:36:00	Pedestrian	1	NA	FALSE	FALSE	1	Dean St	W EXCHANGE ST	2019-11-01	Two-Way, Divided, Positive Median Barrier	Dry	Daylight	Clear	Not a Collision Between Two Motor Vehicles in Transport	Yes	Traffic Control Signal	1	1	Pain Reported	NA	41.82543	-71.42583	FALSE	FALSE	Dean Street and W Exchange Street, Providence, RI, USA	FALSE	-71.4202531	41.825222	route	geometric_center	w exchange st, providence, ri 02903, usa	Dean Street & West Exchange Street, Providence, RI, USA	EjdEZWFuIFN0cmVldCAmIFdlc3QgRXhjaGFuZ2UgU3RyZWV0LCBQcm92aWRlbmNlLCBSSSwgVVNBImYiZAoUChIJtQnOuAtF5IkRkzwfpUoL0JcSFAoSCbUJzrgLReSJEZM8H6VKC9CXGhQKEglbBmx-DEXkiRHItJ_foOdA5BoUChIJZcnnxA1F5IkRv8kI-Xim7hoiCg3QDe4YFYlIbdU	41.8254288	-71.4258295	41.8254288	-71.4258295	Med	0.139874318	Raw	NA	NA	NA	NA	FALSE	41.82543	-71.42583	2019	November
863	2019-11-04	802737	14:16:00	Pedestrian	1	NA	FALSE	FALSE	1	BROADWAY	HARRIS AVE	2019-11-05	Two-Way, Divided, Unprotected (painted>4feet) Medium	Dry	Daylight	Clear	Other	No	No Controls	3	1	Pain Reported	2	41.81705	-71.44029	FALSE	FALSE	Broadway and Harris Ave, Providence, RI, USA	FALSE	-71.4312409	41.825502	route	geometric_center	harris ave, providence, ri, usa	Broadway & Harris Ave, Providence, RI, USA	EipCcm9hZHdheSAmIEhhcnJpcyBBdmUsIFByb3ZpZGVuY2UsIFJJLCBVU0EiZiJkChQKEgkLmF_1mkXkiRHm61hV9ZuL8RIUChIJC5hf9ZpF5IkR5utYVfWbi_EaFAoSCaW15YZ1ReSJERrCM7HXpG-zGhQKEglzHMMQmUXkiRHVQp50Ku4GJCIKDTbI7BgVHRZr1Q	41.8170934	-71.4402275	41.8170934	-71.4402275	Med	7.087163121	Raw	NA	NA	NA	NA	FALSE	41.81705	-71.44029	2019	November
861	2019-11-05	802806	16:59:00	Bicycle	NA	1	FALSE	FALSE	1	DUPONT DR	NIANTIC AVE	2019-11-05	Two-Way , Not Divided	Wet	Dark - Lighted	Rain	Angle (Front - to - Side) Right Angle (Includes Broadside)	No	Traffic Control Signal	2	1	Pain Reported	NA	41.80066	-71.43901	FALSE	FALSE	Dupont Dr and Niantic Ave, Providence, RI, USA	FALSE	-71.439058	41.796166	intersection	geometric_center	niantic ave & dupont dr, cranston, ri 02907, usa	NA	NA	NA	NA	41.796166	-71.439058	Med High	500.2856505	Raw	distance greater than 100m	NA	NA	NA	TRUE	41.80066	-71.43901	2019	November
862	2019-11-05	802844	19:53:00	Bicycle	NA	1	FALSE	FALSE	1	BROAD ST	BROAD ST	2019-11-05	Two-Way , Not Divided	Dry	Dark - Lighted	Clear	Not a Collision Between Two Motor Vehicles in Transport	Yes	Pavement Markings	2	1	Pain Reported	NA	41.81632	-71.41929	FALSE	FALSE	Broad Street and Broad Street, Providence, RI, USA	FALSE	-71.4101636	41.7945838	route	geometric_center	broad st, providence, ri, usa	NA	NA	NA	NA	41.7945838	-71.4101636	Med	2535.403226	Raw	distance greater than 100m	NA	NA	NA	TRUE	41.81632	-71.41929	2019	November
860	2019-11-06	802873	15:55:00	Bicycle	NA	NA	FALSE	FALSE	2	19 Preston St	GOVERNOR ST	2019-11-06	Two-Way , Not Divided	Dry	Dusk	Clear	Not a Collision Between Two Motor Vehicles in Transport	No	No Controls	2	0	No Injury	NA	41.82425	-71.39368	TRUE	FALSE	19 Preston Street, Providence, RI, USA	FALSE	-71.3933657	41.8241474	street_address	rooftop	19 preston st, providence, ri 02906, usa	NA	NA	NA	NA	41.8241474	-71.3933657	High	28.4645576	Raw	NA	NA	NA	NA	FALSE	41.82425	-71.39368	2019	November
858	2019-11-07	802933	17:47:00	Pedestrian	1	NA	FALSE	FALSE	1	DOYLE AVE	PROCTOR PL	2019-11-07	Two-Way , Not Divided	Wet	Dark - Lighted	Rain	Not a Collision Between Two Motor Vehicles in Transport	Yes	No Controls	2	1	Pain Reported	NA	41.83877	-71.40094	FALSE	FALSE	Doyle Ave and Proctor Pl, Providence, RI, USA	FALSE	-71.4015404	41.8387821	intersection	geometric_center	proctor pl & doyle ave, providence, ri 02906, usa	NA	NA	NA	NA	41.8387821	-71.4015404	Med High	49.81285378	Raw	NA	NA	NA	NA	FALSE	41.83877	-71.40094	2019	November
859	2019-11-07	802957	15:55:00	Pedestrian	1	NA	FALSE	FALSE	1	Point	Eddy	2019-11-07	Two-Way , Not Divided	Dry	Daylight	Clear	Angle (Front - to - Side) Same Direction	No	Traffic Control Signal	2	1	Pain Reported	2	41.81655	-71.40727	FALSE	FALSE	Point and Eddy, Providence, RI, USA	FALSE	-71.4072274	41.8059506	route	geometric_center	eddy st, providence, ri, usa	Point Street & Eddy Street, Providence, RI, USA	Ei9Qb2ludCBTdHJlZXQgJiBFZGR5IFN0cmVldCwgUHJvdmlkZW5jZSwgUkksIFVTQSJmImQKFAoSCU_NqpxqReSJERnEYIFEf5rKEhQKEglPzaqcakXkiREZxGCBRH-ayhoUChIJG1Q6VmpF5IkRE9mobC4KEE8aFAoSCTtMeBlnReSJEW3HXVFa1ErIIgoNvMDsGBWdPXDV	41.816902	-71.4064483	41.816902	-71.4064483	Med	78.63088826	Raw	NA	NA	NA	NA	FALSE	41.81655	-71.40727	2019	November
856	2019-11-08	802963	01:23:00	Bicycle	NA	1	FALSE	FALSE	1	VALLEY ST	DELAINE ST	2019-11-08	Two-Way , Not Divided	Wet	Dark - Lighted	Rain	Not a Collision Between Two Motor Vehicles in Transport	No	Stop Signs	2	1	Non-Incapacitating	NA	41.8195	-71.4405	FALSE	FALSE	Valley Street and Delaine Street, Providence, RI, USA	FALSE	-71.4405034	41.8195248	intersection	geometric_center	delaine st & valley st, providence, ri 02909, usa	NA	NA	NA	NA	41.8195248	-71.4405034	Med High	2.775095502	Raw	NA	NA	NA	NA	FALSE	41.8195	-71.4405	2019	November
857	2019-11-08	803027	23:31:00	Pedestrian	1	NA	FALSE	FALSE	1	N MAIN ST	RANDALL ST	2019-11-09	Two-Way, Divided, Positive Median Barrier	Dry	Dusk	Clear	Angle - Direction Not Specified	No	No Controls	5	1	Non-Incapacitating	2	41.83888	-71.40937	FALSE	FALSE	N Main Street and Randall Street, Providence, RI, USA	FALSE	-71.4107138	41.837311	route	geometric_center	randall st, providence, ri, usa	North Main Street & Randall Street, Providence, RI, USA	EjdOb3J0aCBNYWluIFN0cmVldCAmIFJhbmRhbGwgU3RyZWV0LCBQcm92aWRlbmNlLCBSSSwgVVNBImYiZAoUChIJDY71Lh5F5IkRRD0q_3pm2QwSFAoSCQ2O9S4eReSJEUQ9Kv96ZtkMGhQKEgn5-kE93kTkiRFf162-DVwjPxoUChIJl4Ahbx5F5IkRBUfDXuGiS6oiCg2M9-8YFVXBb9U	41.837966	-71.4096299	41.837966	-71.4096299	Med	104.0042065	Raw	distance greater than 100m	NA	NA	NA	TRUE	41.83888	-71.40937	2019	November
855	2019-11-11	805194	16:30:00	Pedestrian	1	NA	FALSE	FALSE	1	OAKWOOD AVE	CHALKSTONE AVE	2019-11-11	Two-Way , Not Divided	Dry	Dark - Lighted	Cloudy	Not a Collision Between Two Motor Vehicles in Transport	No	No Controls	4	1	Incapacitating	NA	41.83316	-71.45964	FALSE	FALSE	Oakwood Ave and Chalkstone Ave, Providence, RI, USA	FALSE	-71.4596342	41.8331662	intersection	geometric_center	oakwood ave & chalkstone ave, providence, ri 02909, usa	NA	NA	NA	NA	41.8331662	-71.4596342	Med High	0.841295213	Raw	NA	NA	NA	NA	FALSE	41.83316	-71.45964	2019	November
853	2019-11-13	805387	15:57:00	Pedestrian	1	NA	FALSE	FALSE	1	UNION AVE	RICOM WAY	2019-11-13	Two-Way , Not Divided	Dry	Daylight	Clear	Not a Collision Between Two Motor Vehicles in Transport	No	No Controls	3	1	Pain Reported	NA	41.80829	-71.44198	FALSE	FALSE	Union Ave and Ricom Way, Providence, RI, USA	FALSE	-71.4421975	41.8109564	route	geometric_center	ricom way, providence, ri 02909, usa	Union Ave & Ricom Way, Providence, RI, USA	EipVbmlvbiBBdmUgJiBSaWNvbSBXYXksIFByb3ZpZGVuY2UsIFJJLCBVU0EiZiJkChQKEglNB5WCiEXkiRFtbJid9uWnnBIUChIJTQeVgohF5IkRbWyYnfblp5waFAoSCSOB6ziKReSJEZ7VnzCwxYgvGhQKEgklKeSsiEXkiRHQ8EQ1j3xdmSIKDedw6xgVjdFq1Q	41.8083047	-71.4419827	41.8083047	-71.4419827	Med	1.651661113	Raw	NA	NA	NA	NA	FALSE	41.80829	-71.44198	2019	November
854	2019-11-13	805704	15:16:00	Pedestrian	1	NA	FALSE	FALSE	1	BROAD ST	FRICKER ST	2019-11-13	Two-Way , Not Divided	Dry	Daylight	Clear	Not a Collision Between Two Motor Vehicles in Transport	No	Pavement Markings	3	1	Pain Reported	NA	41.81528	-71.42066	FALSE	FALSE	Broad Street and Fricker Street, Providence, RI, USA	FALSE	-71.42173	41.8165575	route	geometric_center	fricker st, providence, ri, usa	Broad Street & Fricker Street, Providence, RI, USA	EjJCcm9hZCBTdHJlZXQgJiBGcmlja2VyIFN0cmVldCwgUHJvdmlkZW5jZSwgUkksIFVTQSJmImQKFAoSCcsO7ptxReSJEe1RgLr0NWTvEhQKEgnLDu6bcUXkiRHtUYC69DVk7xoUChIJg9591YxP5IkRLKLKk5hLCKMaFAoSCaG8FtZzReSJESAHFPqNHvDOIgoNcoXsGBU0FG7V	41.8153842	-71.4206156	41.8153842	-71.4206156	Med	12.17036624	Raw	NA	NA	NA	NA	FALSE	41.81528	-71.42066	2019	November