row_number	crash_date	crash_report_id	crash_time	collision_type	count_pedestrian	count_bicycle	scooter	wheel_chair	number_of_vehicles	street_or_highway	nearest_intersection	report_date	type_of_roadway	road_surface_condition	light_condition	weather_condition	manner_of_impact	hit_and_run	traffic_control	person_count	injury_count	most_serious_injury	number_of_lanes	lat_raw	lon_raw	has_st_number	is_intersection_null	address_sent_to_geocoder	is_address_blank	lon_api_first_try	lat_api_first_try	type	loctype	address_returned_by_geocoder	address_returned_by_autocomplete	place_ids_autocompleted	lat_api_second_try	lon_api_second_try	lat_api_best	lon_api_best	api_coord_conf	distance_btwn_coords_meters	best_coordinate_set	reason_for_qa	correct_coordinates	corrected_lat	corrected_lon	manually_qaed_record	final_lat	final_lon	year	month
814	2020-01-01	809378	03:35:00	Pedestrian	1	NA	FALSE	FALSE	1	YALE AVE	LYNCH ST	2020-01-01	Two-Way , Not Divided	Dry	Dark - Lighted	Clear	Unknown	Yes	Stop Signs	1	1	Pain Reported	NA	41.82677	-71.45203	FALSE	FALSE	Yale Ave and Lynch Street, Providence, RI, USA	FALSE	-71.452187	41.8267669	intersection	geometric_center	yale ave & lynch st, providence, ri 02908, usa	NA	NA	NA	NA	41.8267669	-71.452187	Med High	13.02793078	Raw	NA	NA	NA	NA	FALSE	41.82677	-71.45203	2020	January
813	2020-01-02	809510	10:47:00	Pedestrian	1	NA	FALSE	FALSE	1	118 DUDLEY ST	NA	2020-01-02	Unknown	Dry	Daylight	Clear	Not a Collision Between Two Motor Vehicles in Transport	No	No Controls	2	1	Pain Reported	NA	NA	NA	TRUE	TRUE	118 Dudley Street, Providence, RI, USA	FALSE	-71.4118003	41.8096319	premise	rooftop	118 dudley st, providence, ri 02905, usa	NA	NA	NA	NA	41.8096319	-71.4118003	High	NA	Neither	raw coords null but geocoded coords found	41.81016, -71.41189	41.81016	-71.41189	TRUE	41.81016	-71.41189	2020	January
812	2020-01-03	809587	13:27:00	Pedestrian	1	NA	FALSE	FALSE	1	Bucklin Street	Whitmarsh Street	2020-01-03	Two-Way , Not Divided	Dry	Daylight	Clear	Not a Collision Between Two Motor Vehicles in Transport	No	No Controls	2	0	No Injury	1	NA	NA	FALSE	FALSE	Bucklin Street and Whitmarsh Street, Providence, RI, USA	FALSE	-71.4278013	41.8059079	intersection	geometric_center	bucklin st & whitmarsh st, providence, ri 02907, usa	NA	NA	NA	NA	41.8059079	-71.4278013	Med High	NA	Geocoded	raw coords null but geocoded coords found	NA	NA	NA	TRUE	41.8059079	-71.4278013	2020	January
811	2020-01-06	809737	15:30:00	Pedestrian	1	NA	FALSE	FALSE	1	PLAINFIELD ST	PLAINFIELD ST	2020-01-06	Two-Way , Not Divided	Dry	Daylight	Clear	Not a Collision Between Two Motor Vehicles in Transport	No	No Controls	3	1	Pain Reported	2	41.81444	-71.447	FALSE	FALSE	Plainfield Street and Plainfield Street, Providence, RI, USA	FALSE	-71.4643452	41.8067161	route	geometric_center	plainfield st, rhode island, usa	NA	NA	NA	NA	41.8067161	-71.4643452	Med	1676.456224	Raw	distance greater than 100m	NA	NA	NA	TRUE	41.81444	-71.447	2020	January
810	2020-01-08	809880	15:17:00	Pedestrian	1	NA	FALSE	FALSE	1	FRICKER STREET	CRANSTON ST	2020-01-08	One-Way Trafficway	Snow	Daylight	Snow	Not a Collision Between Two Motor Vehicles in Transport	Yes	No Controls	1	1	Pain Reported	NA	41.81657	-71.42176	FALSE	FALSE	Fricker Street and Cranston Street, Providence, RI, USA	FALSE	-71.4223096	41.817219	intersection	geometric_center	cranston st & fricker st, providence, ri 02903, usa	NA	NA	NA	NA	41.817219	-71.4223096	Med High	85.43201444	Raw	NA	NA	NA	NA	FALSE	41.81657	-71.42176	2020	January
809	2020-01-11	810317	12:28:00	Bicycle	NA	1	FALSE	FALSE	1	Manton Ave	Aleppo St	2020-01-15	Two-Way , Not Divided	Dry	Daylight	Clear	Other	No	No Controls	3	1	Pain Reported	NA	41.82019	-71.44695	FALSE	FALSE	Manton Ave and Aleppo Street, Providence, RI, USA	FALSE	-71.4462075	41.8193627	intersection	geometric_center	aleppo st & manton ave, providence, ri 02909, usa	NA	NA	NA	NA	41.8193627	-71.4462075	Med High	110.7959521	Raw	distance greater than 100m	NA	NA	NA	TRUE	41.82019	-71.44695	2020	January
808	2020-01-16	810423	14:57:00	Pedestrian	1	NA	FALSE	FALSE	1	CHALKSTONE AVE	RIVER AVE	2020-01-16	Two-Way , Not Divided	Dry	Daylight	Clear	Not a Collision Between Two Motor Vehicles in Transport	No	No Controls	5	1	Pain Reported	2	41.83252	-71.43882	FALSE	FALSE	Chalkstone Ave and River Ave, Providence, RI, USA	FALSE	-71.4385411	41.8325962	intersection	geometric_center	river ave & chalkstone ave, providence, ri 02908, usa	NA	NA	NA	NA	41.8325962	-71.4385411	Med High	24.6392142	Raw	NA	NA	NA	NA	FALSE	41.83252	-71.43882	2020	January
806	2020-01-17	810467	07:40:00	Pedestrian	1	NA	FALSE	FALSE	1	BROAD ST	THURBERS AVE	2020-01-17	Two-Way , Not Divided	Dry	Daylight	Clear	Not a Collision Between Two Motor Vehicles in Transport	No	Pavement Markings	4	1	Pain Reported	NA	41.79811	-71.41456	FALSE	FALSE	Broad Street and Thurbers Ave, Providence, RI, USA	FALSE	-71.4072534	41.7996465	route	geometric_center	thurbers ave, providence, ri 02905, usa	Broad Street & Thurbers Ave, Providence, RI, USA	EjBCcm9hZCBTdHJlZXQgJiBUaHVyYmVycyBBdmUsIFByb3ZpZGVuY2UsIFJJLCBVU0EiZiJkChQKEgnVbsoGiU_kiRFIi3UXtPpeWRIUChIJ1W7KBolP5IkRSIt1F7T6XlkaFAoSCYPefdWMT-SJESyiypOYSwijGhQKEgkroyggYEXkiRGzStN47BclxSIKDUjm6RgVr_xu1Q	41.7982024	-71.4146641	41.7982024	-71.4146641	Med	13.43257538	Raw	NA	NA	NA	NA	FALSE	41.79811	-71.41456	2020	January
807	2020-01-17	810505	18:05:00	Pedestrian	1	NA	FALSE	FALSE	1	THURBERS AVE	OCEAN ST	2020-01-17	Two-Way , Not Divided	Dry	Dark - Lighted	Clear	Not a Collision Between Two Motor Vehicles in Transport	No	No Controls	3	1	Pain Reported	NA	41.7993	-71.409	FALSE	FALSE	Thurbers Ave and Ocean Street, Providence, RI, USA	FALSE	-71.4089834	41.7993122	intersection	geometric_center	thurbers ave & ocean st, providence, ri 02905, usa	NA	NA	NA	NA	41.7993122	-71.4089834	Med High	1.934467263	Raw	NA	NA	NA	NA	FALSE	41.7993	-71.409	2020	January
804	2020-01-18	810614	22:10:00	Pedestrian	1	NA	FALSE	FALSE	1	oakland ave	SMITH ST	2020-01-18	Two-Way , Not Divided	Snow	Dark - Lighted	Snow	Not a Collision Between Two Motor Vehicles in Transport	Yes	No Controls	1	1	Pain Reported	NA	41.83606	-71.43046	FALSE	FALSE	Oakland Ave and Smith Street, Providence, RI, USA	FALSE	-71.430455	41.8362474	intersection	geometric_center	oakland ave & smith st, providence, ri 02908, usa	NA	NA	NA	NA	41.8362474	-71.430455	Med High	20.86539398	Raw	NA	NA	NA	NA	FALSE	41.83606	-71.43046	2020	January
805	2020-01-18	810635	23:03:00	Pedestrian	1	NA	FALSE	FALSE	1	Elmwood Ave	CARTER ST	2020-01-19	Two-Way , Not Divided	Snow	Dark - Lighted	Snow	Sideswipe, Same Direction	No	No Controls	3	1	Pain Reported	NA	41.80069	-71.42654	FALSE	FALSE	Elmwood Ave and Carter Street, Providence, RI, USA	FALSE	-71.426574	41.800197	intersection	geometric_center	carter st & elmwood ave, providence, ri 02907, usa	NA	NA	NA	NA	41.800197	-71.426574	Med High	54.95299039	Raw	NA	NA	NA	NA	FALSE	41.80069	-71.42654	2020	January
803	2020-01-21	810849	18:29:00	Pedestrian	1	NA	FALSE	FALSE	1	WILLARD AVE	PLAIN ST	2020-01-21	Two-Way , Not Divided	Dry	Dark - Lighted	Clear	Not a Collision Between Two Motor Vehicles in Transport	No	Stop Signs	3	1	Pain Reported	NA	41.80891	-71.41075	FALSE	FALSE	Willard Ave and Plain Street, Providence, RI, USA	FALSE	-71.4107596	41.8089396	intersection	geometric_center	willard ave & plain st, providence, ri 02905, usa	NA	NA	NA	NA	41.8089396	-71.4107596	Med High	3.38997044	Raw	NA	NA	NA	NA	FALSE	41.80891	-71.41075	2020	January
802	2020-01-23	810989	19:21:00	Pedestrian	1	NA	FALSE	FALSE	1	POCASSET AVE	MAGNOLIA ST	2020-01-23	Two-Way , Not Divided	Dry	Dark - Lighted	Clear	Not a Collision Between Two Motor Vehicles in Transport	Yes	No Controls	1	1	Pain Reported	2	41.81152	-71.4514	FALSE	FALSE	Pocasset Ave and Magnolia Street, Providence, RI, USA	FALSE	-71.4499342	41.8119098	intersection	geometric_center	pocasset ave & magnolia st, providence, ri 02909, usa	NA	NA	NA	NA	41.8119098	-71.4499342	Med High	129.1278102	Raw	distance greater than 100m	NA	NA	NA	TRUE	41.81152	-71.4514	2020	January
799	2020-01-24	811069	15:59:00	Pedestrian	1	NA	FALSE	FALSE	1	ELMWOOD AVE	POTTERS AVE	2020-01-24	Two-Way , Not Divided	Dry	Daylight	Clear	Not a Collision Between Two Motor Vehicles in Transport	Yes	Traffic Control Signal	2	1	Pain Reported	2	41.80121	-71.42643	FALSE	FALSE	Elmwood Ave and Potters Ave, Providence, RI, USA	FALSE	-71.4263655	41.8015172	intersection	geometric_center	potters ave & elmwood ave, providence, ri 02907, usa	NA	NA	NA	NA	41.8015172	-71.4263655	Med High	34.61369183	Raw	NA	NA	NA	NA	FALSE	41.80121	-71.42643	2020	January
800	2020-01-24	811082	19:25:00	Bicycle	NA	1	FALSE	FALSE	1	STEEPLE ST	CANAL ST	2020-01-24	Two-Way , Not Divided	Dry	Dark - Lighted	Cloudy	Angle (Front - to - Side) Right Angle (Includes Broadside)	No	Traffic Control Signal	2	1	Pain Reported	NA	41.82718	-71.40991	FALSE	FALSE	Steeple Street and Canal Street, Providence, RI, USA	FALSE	-71.409902	41.8271852	intersection	geometric_center	steeple st & canal st, providence, ri 02903, usa	NA	NA	NA	NA	41.8271852	-71.409902	Med High	0.880598601	Raw	NA	NA	NA	NA	FALSE	41.82718	-71.40991	2020	January
801	2020-01-24	811090	20:48:00	Pedestrian	1	NA	FALSE	FALSE	1	PEARL ST	PINE ST	2020-01-24	Two-Way , Not Divided	Dry	Dark - Lighted	Clear	Not a Collision Between Two Motor Vehicles in Transport	No	No Controls	2	1	Pain Reported	NA	41.81346	-71.41852	FALSE	FALSE	Pearl Street and Pine Street, Providence, RI, USA	FALSE	-71.4128343	41.8239891	locality	approximate	providence, ri, usa	Pearl Street & Pine Street, Providence, RI, USA	Ei9QZWFybCBTdHJlZXQgJiBQaW5lIFN0cmVldCwgUHJvdmlkZW5jZSwgUkksIFVTQSJmImQKFAoSCbnzLNNxReSJEeVCVuUiRrW0EhQKEgm58yzTcUXkiRHlQlblIka1tBoUChIJDZuFNG5F5IkRuqHtdeVKVQoaFAoSCTmTCVNsReSJEaApLPBv78I8IgoNbDzsGBV3Y27V	41.8135148	-71.4185865	41.8135148	-71.4185865	Med	8.225299329	Raw	NA	NA	NA	NA	FALSE	41.81346	-71.41852	2020	January
798	2020-01-25	811153	18:04:00	Pedestrian	1	NA	FALSE	FALSE	1	NARRAGANSETT BLVD	OHIO AVE	2020-01-25	Two-Way , Not Divided	Wet	Dark - Lighted	Rain	Not a Collision Between Two Motor Vehicles in Transport	No	No Controls	3	1	Incapacitating	NA	41.78986	-71.39628	FALSE	FALSE	Narragansett Blvd and Ohio Ave, Providence, RI, USA	FALSE	-71.3962874	41.7898851	intersection	geometric_center	ohio ave & narragansett blvd, providence, ri 02905, usa	NA	NA	NA	NA	41.7898851	-71.3962874	Med High	2.86082783	Raw	NA	NA	NA	NA	FALSE	41.78986	-71.39628	2020	January
797	2020-01-26	811190	15:34:00	Pedestrian	1	NA	FALSE	FALSE	1	WHIPPLE ST	ADMIRAL ST	2020-01-26	Two-Way , Not Divided	Dry	Daylight	Clear	Not a Collision Between Two Motor Vehicles in Transport	No	Traffic Control Signal	7	1	Incapacitating	NA	41.84068	-71.41897	FALSE	FALSE	Whipple Street and Admiral Street, Providence, RI, USA	FALSE	-71.4189756	41.8406503	intersection	geometric_center	admiral st & whipple st, providence, ri 02908, usa	NA	NA	NA	NA	41.8406503	-71.4189756	Med High	3.338648975	Raw	NA	NA	NA	NA	FALSE	41.84068	-71.41897	2020	January
796	2020-01-27	811272	08:32:00	Pedestrian	1	NA	FALSE	FALSE	1	EXCHANGE TER	EXCHANGE ST	2020-01-28	One-Way Trafficway	Dry	Daylight	Cloudy	Not a Collision Between Two Motor Vehicles in Transport	No	Stop Signs	3	1	Pain Reported	NA	41.82611	-71.4116	FALSE	FALSE	Exchange Ter and Exchange Street, Providence, RI, USA	FALSE	-71.4148047	41.8250247	intersection	geometric_center	exchange terrace & w exchange st, providence, ri 02903, usa	NA	NA	NA	NA	41.8250247	-71.4148047	Med High	292.0046525	Raw	distance greater than 100m	NA	NA	NA	TRUE	41.82611	-71.4116	2020	January
795	2020-01-29	811324	18:37:00	Pedestrian	1	NA	FALSE	FALSE	1	SERVICE ROAD 7	BROAD ST	2020-01-29	One-Way Trafficway	Dry	Dark - Lighted	Clear	Other	Yes	Traffic Control Signal	1	1	Pain Reported	NA	41.81737	-71.41698	FALSE	FALSE	Service Road 7 and Broad Street, Providence, RI, USA	FALSE	-71.4169529	41.8173732	intersection	geometric_center	service rd 1 & broad st, providence, ri 02903, usa	NA	NA	NA	NA	41.8173732	-71.4169529	Med High	2.276356103	Raw	NA	NA	NA	NA	FALSE	41.81737	-71.41698	2020	January
793	2020-02-01	811518	10:24:00	Pedestrian	1	NA	FALSE	FALSE	1	CHALKSTONE AVE	FALLON AVE	2020-02-01	Two-Way , Not Divided	Dry	Daylight	Clear	Not a Collision Between Two Motor Vehicles in Transport	Yes	Pavement Markings	1	1	Pain Reported	NA	41.83234	-71.44342	FALSE	FALSE	Chalkstone Ave and Fallon Ave, Providence, RI, USA	FALSE	-71.443344	41.832336	intersection	geometric_center	fallon ave & chalkstone ave, providence, ri 02908, usa	NA	NA	NA	NA	41.832336	-71.443344	Med High	6.319459922	Raw	NA	NA	NA	NA	FALSE	41.83234	-71.44342	2020	February
794	2020-02-01	811556	19:20:00	Bicycle	NA	1	FALSE	FALSE	1	CRANSTON ST	HUNTINGTON AVE	2020-02-01	Two-Way , Not Divided	Dry	Dark - Lighted	Clear	Not a Collision Between Two Motor Vehicles in Transport	No	Traffic Control Signal	2	0	No Injury	NA	41.80406	-71.43888	FALSE	FALSE	Cranston Street and Huntington Ave, Providence, RI, USA	FALSE	-71.4392216	41.8037523	intersection	geometric_center	cranston st & huntington ave, providence, ri 02907, usa	NA	NA	NA	NA	41.8037523	-71.4392216	Med High	44.46100325	Raw	NA	NA	NA	NA	FALSE	41.80406	-71.43888	2020	February
792	2020-02-04	811700	23:05:00	Pedestrian	1	NA	FALSE	TRUE	2	460 SMITH ST	CHALKSTONE AVE	2020-02-05	Two-Way , Not Divided	Wet	Dark - Lighted	Rain	Rear End(Front-to-Rear)	No	No Controls	4	1	Pain Reported	NA	41.83541	-71.42612	TRUE	FALSE	460 Smith Street, Providence, RI, USA	FALSE	-71.4264456	41.8352609	premise	rooftop	460 smith st, providence, ri 02908, usa	NA	NA	NA	NA	41.8352609	-71.4264456	High	31.69815819	Raw	NA	NA	NA	NA	FALSE	41.83541	-71.42612	2020	February
791	2020-02-05	811713	09:19:00	Pedestrian	1	NA	FALSE	FALSE	1	100 Butler Drive	100 Butler Drive	2020-02-05	Two-Way , Not Divided	Dry	Daylight	Clear	Not a Collision Between Two Motor Vehicles in Transport	No	No Controls	3	1	Pain Reported	1	NA	NA	TRUE	FALSE	100 Butler Drive, Providence, RI, USA	FALSE	-71.3798427	41.8418993	premise	rooftop	100 butler dr, providence, ri 02906, usa	NA	NA	NA	NA	41.8418993	-71.3798427	High	NA	Neither	raw coords null but geocoded coords found	41.84173, -71.37979	41.84173	-71.37979	TRUE	41.84173	-71.37979	2020	February
788	2020-02-11	812012	07:56:00	Pedestrian	1	NA	FALSE	FALSE	1	Sabin Street	West Exchange Street	2020-02-11	One-Way Trafficway	Wet	Daylight	Rain	Not a Collision Between Two Motor Vehicles in Transport	No	No Controls	4	1	Pain Reported	1	NA	NA	FALSE	FALSE	Sabin Street and West Exchange Street, Providence, RI, USA	FALSE	-71.4152876	41.8248645	intersection	geometric_center	sabin st & w exchange st, providence, ri 02903, usa	NA	NA	NA	NA	41.8248645	-71.4152876	Med High	NA	Geocoded	raw coords null but geocoded coords found	NA	NA	NA	TRUE	41.8248645	-71.4152876	2020	February
789	2020-02-11	812015	08:13:00	Pedestrian	1	NA	FALSE	FALSE	1	BROAD ST	ADELAIDE AVE	2020-02-11	Two-Way , Not Divided	Wet	Daylight	Rain	Not a Collision Between Two Motor Vehicles in Transport	No	Pavement Markings	3	1	Pain Reported	NA	41.79891	-71.41554	FALSE	FALSE	Broad Street and Adelaide Ave, Providence, RI, USA	FALSE	-71.4229955	41.7965181	route	geometric_center	adelaide ave, providence, ri 02907, usa	Broad Street & Adelaide Ave, Providence, RI, USA	EjBCcm9hZCBTdHJlZXQgJiBBZGVsYWlkZSBBdmUsIFByb3ZpZGVuY2UsIFJJLCBVU0EiZiJkChQKEgmHmKxWiE_kiRHEyK6zP1G3PRIUChIJh5isVohP5IkRxMiusz9Rtz0aFAoSCYPefdWMT-SJESyiypOYSwijGhQKEgn7ze1zhE_kiRG6QeI0WTshsiIKDUkA6hgV2dxu1Q	41.7988681	-71.4154791	41.7988681	-71.4154791	Med	6.877342115	Raw	NA	NA	NA	NA	FALSE	41.79891	-71.41554	2020	February
790	2020-02-11	812072	19:05:00	Pedestrian	1	NA	FALSE	FALSE	1	FRANCIS ST	FINANCE WAY	2020-02-11	Two-Way , Not Divided	Wet	Dark - Lighted	Rain	Not a Collision Between Two Motor Vehicles in Transport	No	Traffic Control Signal	3	1	Incapacitating	NA	41.82754	-71.41539	FALSE	FALSE	Francis Street and Finance Way, Providence, RI, USA	FALSE	-71.4141847	41.8276529	route	geometric_center	finance way, providence, ri 02903, usa	Francis Street & Finance Way, Providence, RI, USA	EjFGcmFuY2lzIFN0cmVldCAmIEZpbmFuY2UgV2F5LCBQcm92aWRlbmNlLCBSSSwgVVNBImYiZAoUChIJV0u8VBBF5IkRSbWudbN2R1USFAoSCVdLvFQQReSJEUm1rnWzdkdVGhQKEgnjCiVZEEXkiREJ12uSbA5CmxoUChIJTVXC7xBF5IkRh9pEKJ3E5UwiCg3zXO4YFdnfbtU	41.8274547	-71.4154023	41.8274547	-71.4154023	Med	9.550209934	Raw	NA	NA	NA	NA	FALSE	41.82754	-71.41539	2020	February
786	2020-02-13	812169	06:32:00	Pedestrian	1	NA	FALSE	FALSE	1	Plain Street	Lockwood Street	2020-02-13	Two-Way , Not Divided	Wet	Dark - Unknown Lighting	Rain	Not a Collision Between Two Motor Vehicles in Transport	No	No Controls	3	1	Incapacitating	NA	41.81238	-71.41199	FALSE	FALSE	Plain Street and Lockwood Street, Providence, RI, USA	FALSE	-71.4119241	41.8123839	intersection	geometric_center	lockwood st & plain st, providence, ri 02903, usa	NA	NA	NA	NA	41.8123839	-71.4119241	Med High	5.484930034	Raw	NA	NA	NA	NA	FALSE	41.81238	-71.41199	2020	February
787	2020-02-13	812260	21:09:00	Pedestrian	1	NA	FALSE	FALSE	1	Smith St	Orms St	2020-02-13	Two-Way, Divided, Unprotected (painted>4feet) Medium	Wet	Dark - Lighted	Cloudy	Not a Collision Between Two Motor Vehicles in Transport	Yes	No Controls	1	1	Pain Reported	NA	41.83377	-71.42198	FALSE	FALSE	Smith Street and Orms Street, Providence, RI, USA	FALSE	-71.4219437	41.8337775	intersection	geometric_center	orms st & smith st, providence, ri 02904, usa	NA	NA	NA	NA	41.8337775	-71.4219437	Med High	3.124418663	Raw	NA	NA	NA	NA	FALSE	41.83377	-71.42198	2020	February
785	2020-02-17	812530	23:50:00	Pedestrian	1	NA	FALSE	FALSE	1	NA	CRANSTON ST	2020-02-17	Two-Way , Not Divided	Dry	Dark - Lighted	Clear	Not a Collision Between Two Motor Vehicles in Transport	Yes	Traffic Control Signal	1	1	Pain Reported	NA	41.80316	-71.43987	NA	FALSE	NA and Cranston Street, Providence, RI, USA	FALSE	-71.4492555	41.7959835	route	geometric_center	cranston st, providence, ri, usa	NA	NA	NA	NA	41.7959835	-71.4492555	Med	1115.730813	Raw	distance greater than 100m	NA	NA	NA	TRUE	41.80316	-71.43987	2020	February
784	2020-02-19	812675	15:49:00	Pedestrian	1	NA	FALSE	FALSE	1	ROCHAMBEAU AVE	HOPE ST	2020-02-19	Two-Way , Not Divided	Dry	Daylight	Clear	Not a Collision Between Two Motor Vehicles in Transport	No	Traffic Control Signal	2	1	Pain Reported	NA	41.84691	-71.39599	FALSE	FALSE	Rochambeau Ave and Hope Street, Providence, RI, USA	FALSE	-71.3960532	41.8469319	intersection	geometric_center	hope st & rochambeau ave, providence, ri 02906, usa	NA	NA	NA	NA	41.8469319	-71.3960532	Med High	5.780146983	Raw	NA	NA	NA	NA	FALSE	41.84691	-71.39599	2020	February
783	2020-02-20	812757	18:49:00	Pedestrian	1	NA	FALSE	FALSE	1	Wayland Ave	Waterman St	2020-02-20	Two-Way , Not Divided	Dry	Dark - Lighted	Clear	Not a Collision Between Two Motor Vehicles in Transport	No	Traffic Control Signal	4	1	Pain Reported	2	41.8286	-71.38838	FALSE	FALSE	Wayland Ave and Waterman Street, Providence, RI, USA	FALSE	-71.3883533	41.8286345	intersection	geometric_center	wayland ave & waterman st, providence, ri 02906, usa	NA	NA	NA	NA	41.8286345	-71.3883533	Med High	4.433358893	Raw	NA	NA	NA	NA	FALSE	41.8286	-71.38838	2020	February
782	2020-02-21	812856	16:00:00	Bicycle	NA	1	FALSE	FALSE	1	SERVICE ROAD 3	WESTMINSTER ST	2020-02-22	Two-Way , Not Divided	Dry	Daylight	Clear	Sidwswipe, Opposite Direction	Yes	No Controls	1	1	Pain Reported	NA	41.81632	-71.44059	FALSE	FALSE	Service Road 3 and Westminster Street, Providence, RI, USA	FALSE	-71.4089265	41.8252921	street_address	range_interpolated	3 westminster st, providence, ri 02903, usa	NA	NA	NA	NA	41.8252921	-71.4089265	Med High	2810.246105	Raw	distance greater than 100m	NA	NA	NA	TRUE	41.81632	-71.44059	2020	February
779	2020-02-23	812899	00:15:00	Pedestrian	1	NA	FALSE	FALSE	1	987 NORTH MAIN ST	DEXTERDALE RD	2020-02-23	Two-Way, Divided, Positive Median Barrier	Dry	Dark - Lighted	Clear	Not a Collision Between Two Motor Vehicles in Transport	No	No Controls	3	1	Non-Incapacitating	NA	41.84849	-71.40412	TRUE	FALSE	987 North Main Street, Providence, RI, USA	FALSE	-71.4036364	41.8482753	premise	rooftop	987 n main st, providence, ri 02904, usa	NA	NA	NA	NA	41.8482753	-71.4036364	High	46.68374421	Raw	NA	NA	NA	NA	FALSE	41.84849	-71.40412	2020	February
780	2020-02-23	812906	02:19:00	Pedestrian	1	NA	FALSE	FALSE	1	Broad Street	Detroit Avenue	2020-02-23	Two-Way , Not Divided	Dry	Dark - Lighted	Clear	Not a Collision Between Two Motor Vehicles in Transport	Yes	No Controls	2	1	Non-Incapacitating	1	NA	NA	FALSE	FALSE	Broad Street and Detroit Avenue, Providence, RI, USA	FALSE	-71.4120396	41.7932779	route	geometric_center	detroit ave, providence, ri 02907, usa	Broad Street & Detroit Avenue, Providence, RI, USA	EjJCcm9hZCBTdHJlZXQgJiBEZXRyb2l0IEF2ZW51ZSwgUHJvdmlkZW5jZSwgUkksIFVTQSJmImQKFAoSCa0TWW-MT-SJEZOOXfqCQfLREhQKEgmtE1lvjE_kiRGTjl36gkHy0RoUChIJg9591YxP5IkRLKLKk5hLCKMaFAoSCRliwiuMT-SJEQt0lHPzfPUlIgoN7lDpGBVYtm_V	41.794379	-71.4099112	41.794379	-71.4099112	Med	NA	Geocoded	raw coords null but geocoded coords found	NA	NA	NA	TRUE	41.794379	-71.4099112	2020	February
781	2020-02-23	812957	21:11:00	Pedestrian	1	NA	FALSE	FALSE	1	BROAD ST	BROAD ST	2020-02-23	Two-Way , Not Divided	Dry	Daylight	Clear	Not a Collision Between Two Motor Vehicles in Transport	No	No Controls	2	1	Pain Reported	NA	41.81434	-71.42119	FALSE	FALSE	Broad Street and Broad Street, Providence, RI, USA	FALSE	-71.4101636	41.7945838	route	geometric_center	broad st, providence, ri, usa	NA	NA	NA	NA	41.7945838	-71.4101636	Med	2381.990146	Raw	distance greater than 100m	NA	NA	NA	TRUE	41.81434	-71.42119	2020	February
778	2020-02-26	813200	20:26:00	Pedestrian	1	NA	FALSE	FALSE	1	LIEGE ST	DOUGLAS AVE	2020-02-26	Two-Way, Divided, Unprotected (painted>4feet) Medium	Wet	Dark - Lighted	Clear	Unknown	No	No Controls	5	1	Pain Reported	NA	41.84161	-71.42747	FALSE	FALSE	Liege Street and Douglas Ave, Providence, RI, USA	FALSE	-71.4274607	41.841629	intersection	geometric_center	douglas ave & liege st, providence, ri 02908, usa	NA	NA	NA	NA	41.841629	-71.4274607	Med High	2.251305726	Raw	NA	NA	NA	NA	FALSE	41.84161	-71.42747	2020	February
776	2020-02-27	813232	09:11:00	Pedestrian	1	NA	FALSE	FALSE	1	RUGGLES ST	Smith Street	2020-02-27	Two-Way , Not Divided	Wet	Daylight	Rain	Not a Collision Between Two Motor Vehicles in Transport	No	Stop Signs	3	1	Pain Reported	NA	41.83624	-71.42825	FALSE	FALSE	Ruggles Street and Smith Street, Providence, RI, USA	FALSE	-71.4282411	41.8361735	intersection	geometric_center	smith st & ruggles st, providence, ri 02908, usa	NA	NA	NA	NA	41.8361735	-71.4282411	Med High	7.439457484	Raw	NA	NA	NA	NA	FALSE	41.83624	-71.42825	2020	February
777	2020-02-27	813256	19:25:00	Pedestrian	1	NA	FALSE	FALSE	1	4TH ST	HIGHLAND AVE	2020-02-27	Two-Way , Not Divided	Dry	Dark - Lighted	Clear	Not a Collision Between Two Motor Vehicles in Transport	No	Stop Signs	2	0	No Injury	NA	41.85116	-71.4001	FALSE	FALSE	4th Street and Highland Ave, Providence, RI, USA	FALSE	-71.3993489	41.852353	route	geometric_center	highland ave, providence, ri 02906, usa	4th Street & Highland Ave, Providence, RI, USA	Ei40dGggU3RyZWV0ICYgSGlnaGxhbmQgQXZlLCBQcm92aWRlbmNlLCBSSSwgVVNBImYiZAoUChIJa4VJAMRE5IkRcIqI3e1C7NoSFAoSCWuFSQDEROSJEXCKiN3tQuzaGhQKEgntCyrOxUTkiRF0nlQCmrtEnRoUChIJN6mjx8ZE5IkRDiQ61GID6s0iCg0Y-_EYFfg1cdU	41.851164	-71.4000904	41.851164	-71.4000904	Med	0.912104787	Raw	NA	NA	NA	NA	FALSE	41.85116	-71.4001	2020	February
775	2020-02-28	813355	16:12:00	Pedestrian	1	NA	FALSE	FALSE	1	douglas ave	DOUGLAS AVE	2020-02-28	Two-Way , Not Divided	Dry	Daylight	Clear	Not a Collision Between Two Motor Vehicles in Transport	No	No Controls	2	1	Pain Reported	NA	41.83605	-71.41962	FALSE	FALSE	Douglas Ave and Douglas Ave, Providence, RI, USA	FALSE	-71.4649957	41.8715442	intersection	geometric_center	douglas turnpike & douglas ave, north providence, ri 02904, usa	NA	NA	NA	NA	41.8715442	-71.4649957	Med High	5455.959475	Raw	distance greater than 100m	NA	NA	NA	TRUE	41.83605	-71.41962	2020	February