row_number	crash_date	crash_report_id	crash_time	collision_type	count_pedestrian	count_bicycle	scooter	wheel_chair	number_of_vehicles	street_or_highway	nearest_intersection	report_date	type_of_roadway	road_surface_condition	light_condition	weather_condition	manner_of_impact	hit_and_run	traffic_control	person_count	injury_count	most_serious_injury	number_of_lanes	lat_raw	lon_raw	has_st_number	is_intersection_null	address_sent_to_geocoder	is_address_blank	lon_api_first_try	lat_api_first_try	type	loctype	address_returned_by_geocoder	address_returned_by_autocomplete	place_ids_autocompleted	lat_api_second_try	lon_api_second_try	lat_api_best	lon_api_best	api_coord_conf	distance_btwn_coords_meters	best_coordinate_set	reason_for_qa	correct_coordinates	corrected_lat	corrected_lon	manually_qaed_record	final_lat	final_lon	year	month
652	2020-09-04	827893	10:25:00	Pedestrian	1	NA	FALSE	FALSE	1	BROAD ST	FRICKER ST	2020-09-04	Two-Way , Not Divided	Dry	Daylight	Clear	Not a Collision Between Two Motor Vehicles in Transport	Yes	No Controls	1	1	Pain Reported	NA	41.81528	-71.42066	FALSE	FALSE	Broad Street and Fricker Street, Providence, RI, USA	FALSE	-71.42173	41.8165575	route	geometric_center	fricker st, providence, ri, usa	Broad Street & Fricker Street, Providence, RI, USA	EjJCcm9hZCBTdHJlZXQgJiBGcmlja2VyIFN0cmVldCwgUHJvdmlkZW5jZSwgUkksIFVTQSJmImQKFAoSCcsO7ptxReSJEe1RgLr0NWTvEhQKEgnLDu6bcUXkiRHtUYC69DVk7xoUChIJg9591YxP5IkRLKLKk5hLCKMaFAoSCaG8FtZzReSJESAHFPqNHvDOIgoNcoXsGBU0FG7V	41.8153842	-71.4206156	41.8153842	-71.4206156	Med	12.17036624	Raw	NA	NA	NA	NA	FALSE	41.81528	-71.42066	2020	September
653	2020-09-04	827952	21:28:00	Bicycle	NA	1	FALSE	FALSE	1	271 RESERVOIR AVE	271 RESERVOIR AVE	2020-09-04	Two-Way, Divided, Unprotected (painted>4feet) Medium	Dry	Dark - Lighted	Clear	Not a Collision Between Two Motor Vehicles in Transport	Yes	No Controls	1	1	Pain Reported	NA	41.79216	-71.42783	TRUE	FALSE	271 Reservoir Ave, Providence, RI, USA	FALSE	-71.4300523	41.7894913	premise	rooftop	271 reservoir ave, providence, ri 02907, usa	NA	NA	NA	NA	41.7894913	-71.4300523	High	349.6797601	Geocoded	distance greater than 100m	NA	NA	NA	TRUE	41.7894913	-71.4300523	2020	September
651	2020-09-06	828056	02:43:00	Pedestrian	1	NA	FALSE	FALSE	1	BROAD ST	CENTRAL ST	2020-09-06	Two-Way , Not Divided	Dry	Dark - Lighted	Clear	Not a Collision Between Two Motor Vehicles in Transport	No	No Controls	3	1	Pain Reported	NA	41.81323	-71.42189	FALSE	FALSE	Broad Street and Central Street, Providence, RI, USA	FALSE	-71.3870525	41.8858281	intersection	geometric_center	broad st & central st, central falls, ri 02863, usa	NA	NA	NA	NA	41.8858281	-71.3870525	Med High	8582.371072	Geocoded	distance greater than 100m	NA	NA	NA	TRUE	41.8858281	-71.3870525	2020	September
650	2020-09-07	828143	03:22:00	Pedestrian	1	NA	FALSE	FALSE	1	NARRAGANSETT BLVD	WASHINGTON AVE	2020-09-07	Two-Way, Divided, Unprotected (painted>4feet) Medium	Dry	Dark - Lighted	Clear	Not a Collision Between Two Motor Vehicles in Transport	Yes	No Controls	1	1	Fatal	NA	41.78818	-71.39572	FALSE	FALSE	Narragansett Blvd and Washington Ave, Providence, RI, USA	FALSE	-71.3957084	41.7881718	intersection	geometric_center	washington ave & narragansett blvd, providence, ri 02905, usa	NA	NA	NA	NA	41.7881718	-71.3957084	Med High	1.326745393	Raw	NA	NA	NA	NA	FALSE	41.78818	-71.39572	2020	September
649	2020-09-10	828392	08:38:00	Pedestrian	1	NA	FALSE	FALSE	1	621 Academy Ave	SMITH ST	2020-09-10	Two-Way , Not Divided	Dry	Daylight	Clear	Not a Collision Between Two Motor Vehicles in Transport	No	Other	3	1	Pain Reported	1	41.84185	-71.44512	TRUE	FALSE	621 Academy Ave, Providence, RI, USA	FALSE	-71.4448945	41.8417893	premise	rooftop	621 academy ave, providence, ri 02908, usa	NA	NA	NA	NA	41.8417893	-71.4448945	High	19.88442818	Raw	NA	NA	NA	NA	FALSE	41.84185	-71.44512	2020	September
648	2020-09-11	828467	06:40:00	Bicycle	NA	1	FALSE	FALSE	1	N MAIN ST	5TH ST	2020-09-11	Two-Way , Not Divided	Dry	Daylight	Cloudy	Not a Collision Between Two Motor Vehicles in Transport	No	No Controls	3	1	Pain Reported	NA	41.85224	-71.4017	FALSE	FALSE	N Main Street and 5th Street, Providence, RI, USA	FALSE	-71.3966306	41.8506938	route	geometric_center	5th st, providence, ri 02906, usa	North Main Street & 5th Street, Providence, RI, USA	EjNOb3J0aCBNYWluIFN0cmVldCAmIDV0aCBTdHJlZXQsIFByb3ZpZGVuY2UsIFJJLCBVU0EiZiJkChQKEgl_PSFCwUTkiRFKUCtu1MEn-xIUChIJfz0hQsFE5IkRSlArbtTBJ_saFAoSCfn6QT3eROSJEV_Xrb4NXCM_GhQKEgldU4t3xkTkiRFWKUJwnAqkwiIKDbwq8hgVgftw1Q	41.8523836	-71.4015871	41.8523836	-71.4015871	Med	18.52491894	Raw	NA	NA	NA	NA	FALSE	41.85224	-71.4017	2020	September
647	2020-09-12	828565	07:00:00	Pedestrian	1	NA	FALSE	FALSE	1	CHALKSTONE AVE	GENEVA ST	2020-09-12	Two-Way , Not Divided	Dry	Daylight	Clear	Not a Collision Between Two Motor Vehicles in Transport	No	No Controls	2	1	Incapacitating	NA	41.83228	-71.44069	FALSE	FALSE	Chalkstone Ave and Geneva Street, Providence, RI, USA	FALSE	-71.4409323	41.832278	intersection	geometric_center	chalkstone ave & geneva st, providence, ri 02908, usa	NA	NA	NA	NA	41.832278	-71.4409323	Med High	20.09861141	Raw	NA	NA	NA	NA	FALSE	41.83228	-71.44069	2020	September
646	2020-09-16	828976	17:14:00	Bicycle	NA	1	FALSE	FALSE	1	DEXTER ST	WALDO ST	2020-09-16	Two-Way , Not Divided	Dry	Daylight	Clear	Not a Collision Between Two Motor Vehicles in Transport	No	No Controls	3	1	Pain Reported	NA	41.80434	-71.43004	FALSE	FALSE	Dexter Street and Waldo Street, Providence, RI, USA	FALSE	-71.4299549	41.80455	intersection	geometric_center	dexter st & waldo st, providence, ri 02907, usa	NA	NA	NA	NA	41.80455	-71.4299549	Med High	24.4203798	Raw	NA	NA	NA	NA	FALSE	41.80434	-71.43004	2020	September
645	2020-09-17	829010	12:13:00	Pedestrian	1	NA	FALSE	FALSE	1	JILLSON ST	EDDY ST	2020-09-17	Two-Way , Not Divided	Dry	Daylight	Clear	Not a Collision Between Two Motor Vehicles in Transport	Yes	No Controls	1	1	Pain Reported	NA	41.79132	-71.40397	FALSE	FALSE	Jillson Street and Eddy Street, Providence, RI, USA	FALSE	-71.4034455	41.7914259	intersection	geometric_center	eddy st & jillson st, providence, ri 02905, usa	NA	NA	NA	NA	41.7914259	-71.4034455	Med High	45.10001203	Raw	NA	NA	NA	NA	FALSE	41.79132	-71.40397	2020	September
644	2020-09-18	829095	23:29:00	Pedestrian	1	NA	FALSE	FALSE	1	GAY ST	DUDLEY ST	2020-09-18	Two-Way , Not Divided	Dry	Dark - Lighted	Clear	Not a Collision Between Two Motor Vehicles in Transport	Yes	Pavement Markings	1	1	Pain Reported	NA	41.81006	-71.4129	FALSE	FALSE	Gay Street and Dudley Street, Providence, RI, USA	FALSE	-71.4135956	41.8099609	route	geometric_center	dudley st, providence, ri, usa	Gay Street & Dudley Street, Providence, RI, USA	Ei9HYXkgU3RyZWV0ICYgRHVkbGV5IFN0cmVldCwgUHJvdmlkZW5jZSwgUkksIFVTQSJmImQKFAoSCTvqhfdlReSJEScc0Lk5bEfvEhQKEgk76oX3ZUXkiREnHNC5OWxH7xoUChIJdZhN92VF5IkRdum12wOdJjAaFAoSCd111l9vReSJETMtoxEgkfjyIgoNhrTrGBXLQW_V	41.8100358	-71.4128949	41.8100358	-71.4128949	Med	2.726964282	Raw	NA	NA	NA	NA	FALSE	41.81006	-71.4129	2020	September
642	2020-09-24	829638	12:40:00	Pedestrian	1	NA	FALSE	FALSE	1	Hope St	Rochambeau Ave	2020-09-24	Two-Way , Not Divided	Dry	Daylight	Clear	Not a Collision Between Two Motor Vehicles in Transport	No	Traffic Control Signal	2	1	Pain Reported	2	NA	NA	FALSE	FALSE	Hope Street and Rochambeau Ave, Providence, RI, USA	FALSE	-71.3960532	41.8469319	intersection	geometric_center	hope st & rochambeau ave, providence, ri 02906, usa	NA	NA	NA	NA	41.8469319	-71.3960532	Med High	NA	Geocoded	raw coords null but geocoded coords found	NA	NA	NA	TRUE	41.8469319	-71.3960532	2020	September
643	2020-09-24	829641	13:27:00	Pedestrian	1	NA	FALSE	FALSE	1	WHITMARSH ST	UPDIKE ST	2020-09-24	Two-Way , Not Divided	Dry	Daylight	Clear	Not a Collision Between Two Motor Vehicles in Transport	Yes	No Controls	1	1	Pain Reported	NA	41.80605	-71.42101	FALSE	FALSE	Whitmarsh Street and Updike Street, Providence, RI, USA	FALSE	-71.4224872	41.806023	intersection	geometric_center	updike st & whitmarsh st, providence, ri 02907, usa	NA	NA	NA	NA	41.806023	-71.4224872	Med High	122.6122281	Raw	distance greater than 100m	NA	NA	NA	TRUE	41.80605	-71.42101	2020	September
640	2020-09-25	829771	19:31:00	Pedestrian	1	NA	FALSE	FALSE	1	ORMS ST	BATH ST	2020-09-25	Two-Way , Not Divided	Dry	Dark - Lighted	Clear	Head-On (Front - to - Front)	No	Stop Signs	2	0	No Injury	NA	41.83322	-71.42549	FALSE	FALSE	Orms Street and Bath Street, Providence, RI, USA	FALSE	-71.4254527	41.8332163	intersection	geometric_center	bath st & orms st, providence, ri 02908, usa	NA	NA	NA	NA	41.8332163	-71.4254527	Med High	3.121070098	Raw	NA	NA	NA	NA	FALSE	41.83322	-71.42549	2020	September
641	2020-09-25	829781	22:45:00	Bicycle	NA	1	FALSE	FALSE	1	CARPENTER ST	KNIGHT ST	2020-09-25	Two-Way , Not Divided	Dry	Dark - Lighted	Clear	Not a Collision Between Two Motor Vehicles in Transport	No	Stop Signs	3	1	Incapacitating	NA	41.81825	-71.42752	FALSE	FALSE	Carpenter Street and Knight Street, Providence, RI, USA	FALSE	-71.4274842	41.8182728	intersection	geometric_center	knight st & carpenter st, providence, ri 02909, usa	NA	NA	NA	NA	41.8182728	-71.4274842	Med High	3.906799623	Raw	NA	NA	NA	NA	FALSE	41.81825	-71.42752	2020	September
639	2020-09-27	829916	19:32:00	Pedestrian	1	NA	FALSE	FALSE	1	ACADEMY AVE	HEALTH AVE	2020-09-27	Two-Way , Not Divided	Dry	Dark - Lighted	Clear	Not a Collision Between Two Motor Vehicles in Transport	No	No Controls	3	1	Incapacitating	NA	41.82759	-71.44377	FALSE	FALSE	Academy Ave and Health Ave, Providence, RI, USA	FALSE	-71.4438011	41.827781	intersection	geometric_center	health ave & academy ave, providence, ri 02908, usa	NA	NA	NA	NA	41.827781	-71.4438011	Med High	21.41795319	Raw	NA	NA	NA	NA	FALSE	41.82759	-71.44377	2020	September
637	2020-09-28	829968	07:26:00	Bicycle	NA	1	FALSE	FALSE	1	HOPE ST	BLACKSTONE BLVD	2020-09-28	One-Way Trafficway	Dry	Daylight	Clear	Not a Collision Between Two Motor Vehicles in Transport	No	Stop Signs	3	1	Pain Reported	NA	41.85605	-71.39132	FALSE	FALSE	Hope Street and Blackstone Blvd, Providence, RI, USA	FALSE	-71.3915342	41.8561535	intersection	geometric_center	hope st & blackstone blvd, providence, ri 02906, usa	NA	NA	NA	NA	41.8561535	-71.3915342	Med High	21.16991423	Raw	NA	NA	NA	NA	FALSE	41.85605	-71.39132	2020	September
638	2020-09-28	830022	19:31:00	Pedestrian	1	NA	FALSE	FALSE	1	MESSER ST	CRANSTON ST	2020-09-28	Two-Way , Not Divided	Dry	Dark - Lighted	Clear	Not a Collision Between Two Motor Vehicles in Transport	No	No Controls	2	1	Pain Reported	NA	41.80963	-71.43345	FALSE	FALSE	Messer Street and Cranston Street, Providence, RI, USA	FALSE	-71.4334345	41.809637	intersection	geometric_center	cranston st & messer st, providence, ri 02907, usa	NA	NA	NA	NA	41.809637	-71.4334345	Med High	1.503740757	Raw	NA	NA	NA	NA	FALSE	41.80963	-71.43345	2020	September
636	2020-09-29	830080	19:21:00	Pedestrian	1	NA	FALSE	FALSE	1	MEMORIAL BLVD	STEEPLE ST	2020-09-29	Two-Way, Divided, Unprotected (painted>4feet) Medium	Dry	Dark - Lighted	Clear	Not a Collision Between Two Motor Vehicles in Transport	No	Traffic Control Signal	4	1	Pain Reported	NA	41.82677	-71.41063	FALSE	FALSE	Memorial Blvd and Steeple Street, Providence, RI, USA	FALSE	-71.409299	41.8273889	route	geometric_center	steeple st, providence, ri 02903, usa	NA	NA	NA	NA	41.8273889	-71.409299	Med	130.1401791	Raw	distance greater than 100m	NA	NA	NA	TRUE	41.82677	-71.41063	2020	September
634	2020-10-01	830210	09:24:00	Pedestrian	1	NA	FALSE	FALSE	1	314 BROAD ST	BROAD ST	2020-10-01	Two-Way , Not Divided	Dry	Daylight	Clear	Not a Collision Between Two Motor Vehicles in Transport	No	No Controls	2	1	Pain Reported	NA	41.81443	-71.42115	TRUE	FALSE	314 Broad Street, Providence, RI, USA	FALSE	-71.4209817	41.8144604	street_address	rooftop	314 broad st, providence, ri 02907, usa	NA	NA	NA	NA	41.8144604	-71.4209817	High	14.3676254	Raw	NA	NA	NA	NA	FALSE	41.81443	-71.42115	2020	October
635	2020-10-01	830241	17:22:00	Other	NA	NA	TRUE	FALSE	2	502 HARTFORD AVE	MELISSA ST	2020-10-01	Two-Way , Not Divided	Dry	Dusk	Clear	Rear End(Front-to-Rear)	No	Pavement Markings	3	1	Non-Incapacitating	2	41.80864	-71.44081	TRUE	FALSE	502 Hartford Ave, Providence, RI, USA	FALSE	-71.460615	41.8187363	premise	rooftop	502 hartford ave, providence, ri 02909, usa	NA	NA	NA	NA	41.8187363	-71.460615	High	1990.790711	Geocoded	distance greater than 100m	NA	NA	NA	TRUE	41.8187363	-71.460615	2020	October
633	2020-10-03	830409	20:40:00	Pedestrian	1	NA	FALSE	FALSE	1	Broad Street	Gallup Street	2020-10-03	Two-Way , Not Divided	Dry	Dark - Lighted	Clear	Not a Collision Between Two Motor Vehicles in Transport	Yes	No Controls	2	1	Pain Reported	NA	41.79929	-71.41603	FALSE	FALSE	Broad Street and Gallup Street, Providence, RI, USA	FALSE	-71.411993	41.8001218	route	geometric_center	gallup st, providence, ri, usa	Broad Street & Gallup Street, Providence, RI, USA	EjFCcm9hZCBTdHJlZXQgJiBHYWxsdXAgU3RyZWV0LCBQcm92aWRlbmNlLCBSSSwgVVNBImYiZAoUChIJ2XXYRIhP5IkRXiA-zZQA7G0SFAoSCdl12ESIT-SJEV4gPs2UAOxtGhQKEgmD3n3VjE_kiREsosqTmEsIoxoUChIJ-fFsAYpP5IkRvEuDDpHvm-oiCg2rEeoYFanHbtU	41.7993131	-71.4160215	41.7993131	-71.4160215	Med	2.666474061	Raw	NA	NA	NA	NA	FALSE	41.79929	-71.41603	2020	October
631	2020-10-06	830802	17:48:00	Pedestrian	1	NA	FALSE	FALSE	1	WESTMINSTER ST	MESSER ST	2020-10-06	Two-Way , Not Divided	Dry	Daylight	Clear	Not a Collision Between Two Motor Vehicles in Transport	No	No Controls	3	1	Pain Reported	NA	41.81581	-71.43767	FALSE	FALSE	Westminster Street and Messer Street, Providence, RI, USA	FALSE	-71.437044	41.8158698	intersection	geometric_center	messer st & westminster st, providence, ri 02909, usa	NA	NA	NA	NA	41.8158698	-71.437044	Med High	52.36128228	Raw	NA	NA	NA	NA	FALSE	41.81581	-71.43767	2020	October
632	2020-10-06	830812	18:33:00	Pedestrian	1	NA	FALSE	FALSE	1	sackett st	HAMILTON ST	2020-10-06	Two-Way , Not Divided	Dry	Dark - Lighted	Clear	Not a Collision Between Two Motor Vehicles in Transport	No	No Controls	7	1	Non-Incapacitating	NA	41.7943	-71.41808	FALSE	FALSE	Sackett Street and Hamilton Street, Providence, RI, USA	FALSE	-71.4183646	41.7942259	intersection	geometric_center	hamilton st & sackett st, providence, ri 02907, usa	NA	NA	NA	NA	41.7942259	-71.4183646	Med High	25.01886254	Raw	NA	NA	NA	NA	FALSE	41.7943	-71.41808	2020	October
629	2020-10-08	830902	10:29:00	Bicycle	NA	1	FALSE	FALSE	1	HEATH ST	EASTWOOD AVE	2020-10-08	Two-Way , Not Divided	Dry	Daylight	Clear	Not a Collision Between Two Motor Vehicles in Transport	No	No Controls	3	1	Pain Reported	NA	41.8158	-71.45011	FALSE	FALSE	Heath Street and Eastwood Ave, Providence, RI, USA	FALSE	-71.450104	41.815826	intersection	geometric_center	heath st & eastwood ave, providence, ri 02909, usa	NA	NA	NA	NA	41.815826	-71.450104	Med High	2.936802626	Raw	NA	NA	NA	NA	FALSE	41.8158	-71.45011	2020	October
630	2020-10-08	831123	11:00:00	Bicycle	NA	1	FALSE	FALSE	1	53 Governor St	ARNOLD ST	2020-10-10	Two-Way , Not Divided	Dry	Daylight	Clear	Not a Collision Between Two Motor Vehicles in Transport	No	No Controls	2	1	Pain Reported	NA	41.82195	-71.39393	TRUE	FALSE	53 Governor Street, Providence, RI, USA	FALSE	-71.3937073	41.8219325	premise	rooftop	53 governor st, providence, ri 02906, usa	NA	NA	NA	NA	41.8219325	-71.3937073	High	18.57708094	Raw	NA	NA	NA	NA	FALSE	41.82195	-71.39393	2020	October
627	2020-10-09	831007	08:37:00	Other	NA	NA	TRUE	FALSE	2	Elmwood Ave	Bellevue Ave	2020-10-09	Two-Way , Not Divided	Dry	Daylight	Clear	Angle (Front - to - Side) Right Angle (Includes Broadside)	No	Traffic Control Signal	2	0	No Injury	2	NA	NA	FALSE	FALSE	Elmwood Ave and Bellevue Ave, Providence, RI, USA	FALSE	-71.4248921	41.8071094	intersection	geometric_center	bellevue ave & elmwood ave, providence, ri 02907, usa	NA	NA	NA	NA	41.8071094	-71.4248921	Med High	NA	Geocoded	raw coords null but geocoded coords found	NA	NA	NA	TRUE	41.8071094	-71.4248921	2020	October
628	2020-10-09	831103	22:38:00	Pedestrian	1	NA	FALSE	FALSE	1	575 Broad Street	Dartmouth Ave	2020-10-09	Two-Way , Not Divided	Dry	Dark - Lighted	Clear	Not a Collision Between Two Motor Vehicles in Transport	Yes	No Controls	2	1	Incapacitating	NA	41.80844	-71.42063	TRUE	FALSE	575 Broad Street, Providence, RI, USA	FALSE	-71.4207989	41.8083569	premise	rooftop	575 broad st, providence, ri 02907, usa	NA	NA	NA	NA	41.8083569	-71.4207989	High	16.79228165	Raw	NA	NA	NA	NA	FALSE	41.80844	-71.42063	2020	October
626	2020-10-10	831148	15:02:00	Bicycle	NA	1	FALSE	FALSE	1	GANO ST	PITMAN ST	2020-10-10	Two-Way , Not Divided	Dry	Daylight	Clear	Not a Collision Between Two Motor Vehicles in Transport	No	Traffic Control Signal	4	1	Non-Incapacitating	NA	41.82648	-71.3905	FALSE	FALSE	Gano Street and Pitman Street, Providence, RI, USA	FALSE	-71.3904973	41.8265437	intersection	geometric_center	gano st & pitman st, providence, ri 02906, usa	NA	NA	NA	NA	41.8265437	-71.3904973	Med High	7.094587699	Raw	NA	NA	NA	NA	FALSE	41.82648	-71.3905	2020	October
625	2020-10-14	831486	12:08:00	Pedestrian	1	NA	FALSE	FALSE	1	WASHINGTON ST	EMPIRE ST	2020-10-14	Two-Way , Not Divided	Dry	Daylight	Clear	Other	No	No Controls	2	1	Incapacitating	NA	41.82182	-71.41645	FALSE	FALSE	Washington Street and Empire Street, Providence, RI, USA	FALSE	-71.4157797	41.821349	route	geometric_center	empire st, providence, ri 02903, usa	Washington Street & Empire Street, Providence, RI, USA	EjZXYXNoaW5ndG9uIFN0cmVldCAmIEVtcGlyZSBTdHJlZXQsIFByb3ZpZGVuY2UsIFJJLCBVU0EiZiJkChQKEgmNpp3sEkXkiRHnvAEsqcaDvRIUChIJjaad7BJF5IkR57wBLKnGg70aFAoSCanazZwSReSJERoH0JajEjT2GhQKEgnHPO_pEkXkiRGhxI4iuiomFSIKDWmC7RgVI7hu1Q	41.8218601	-71.4164189	41.8218601	-71.4164189	Med	5.155853918	Raw	NA	NA	NA	NA	FALSE	41.82182	-71.41645	2020	October
623	2020-10-17	831798	13:15:00	Other	NA	1	TRUE	FALSE	1	Corinth St	Broad St	2020-10-17	Two-Way , Not Divided	Dry	Daylight	Clear	Not a Collision Between Two Motor Vehicles in Transport	No	Stop Signs	2	0	No Injury	1	NA	NA	FALSE	FALSE	Corinth Street and Broad Street, Providence, RI, USA	FALSE	-71.4104447	41.7948181	intersection	geometric_center	corinth st & broad st, providence, ri 02905, usa	NA	NA	NA	NA	41.7948181	-71.4104447	Med High	NA	Geocoded	raw coords null but geocoded coords found	NA	NA	NA	TRUE	41.7948181	-71.4104447	2020	October
624	2020-10-17	831806	14:11:00	Bicycle	NA	1	FALSE	FALSE	1	stokes st	WESTMINSTER ST	2020-10-17	Two-Way , Not Divided	Dry	Daylight	Clear	Not a Collision Between Two Motor Vehicles in Transport	No	No Controls	2	1	Non-Incapacitating	NA	41.81673	-71.44282	FALSE	FALSE	Stokes Street and Westminster Street, Providence, RI, USA	FALSE	-71.4428116	41.8167431	intersection	geometric_center	westminster st & stokes st, providence, ri 02909, usa	NA	NA	NA	NA	41.8167431	-71.4428116	Med High	1.616250674	Raw	NA	NA	NA	NA	FALSE	41.81673	-71.44282	2020	October
622	2020-10-18	831949	17:50:00	Other	NA	NA	TRUE	FALSE	2	ELMWOOD AVE	BISSELL ST	2020-10-18	Two-Way, Divided, Positive Median Barrier	Dry	Daylight	Clear	Other	No	No Controls	4	2	Incapacitating	NA	41.77744	-71.42118	FALSE	FALSE	Elmwood Ave and Bissell Street, Providence, RI, USA	FALSE	-71.4211644	41.7774396	intersection	geometric_center	bissell st & elmwood ave, providence, ri 02907, usa	NA	NA	NA	NA	41.7774396	-71.4211644	Med High	1.29580268	Raw	NA	NA	NA	NA	FALSE	41.77744	-71.42118	2020	October
621	2020-10-19	831971	15:00:00	Bicycle	NA	1	FALSE	FALSE	1	ANGELL ST	BROWN ST	2020-10-19	One-Way Trafficway	Dry	Daylight	Clear	Head-On (Front - to - Front)	No	Stop Signs	3	1	Non-Incapacitating	1	41.8279	-71.40283	FALSE	FALSE	Angell Street and Brown Street, Providence, RI, USA	FALSE	-71.4031595	41.8278662	intersection	geometric_center	brown st & angell st, providence, ri 02906, usa	NA	NA	NA	NA	41.8278662	-71.4031595	Med High	27.5897583	Raw	NA	NA	NA	NA	FALSE	41.8279	-71.40283	2020	October
619	2020-10-22	832157	23:22:00	Bicycle	NA	NA	FALSE	FALSE	1	GANO ST	I 195 E	2020-10-22	Two-Way , Not Divided	Dry	Dark - Lighted	Clear	Not a Collision Between Two Motor Vehicles in Transport	No	No Controls	2	0	Unknown	NA	41.81904	-71.38931	FALSE	FALSE	Gano Street and I 195 E, Providence, RI, USA	FALSE	-71.390238	41.8256891	street_address	range_interpolated	195 gano st, providence, ri 02906, usa	NA	NA	NA	NA	41.8256891	-71.390238	Med High	744.1671439	Raw	distance greater than 100m	NA	NA	NA	TRUE	41.81904	-71.38931	2020	October
620	2020-10-22	832181	13:00:00	Bicycle	NA	1	FALSE	FALSE	1	SOUTH WATER ST	NA	2020-10-22	One-Way Trafficway	Dry	Daylight	Clear	Sideswipe, Same Direction	No	No Controls	2	1	Non-Incapacitating	NA	41.81771	-71.40083	FALSE	TRUE	South Water Street, Providence, RI, USA	FALSE	-71.4039536	41.8202174	route	geometric_center	s water st, providence, ri 02903, usa	NA	NA	NA	NA	41.8202174	-71.4039536	Inaccurate	380.8701373	Unknown	distance greater than 100m	NA	NA	NA	TRUE	NA	NA	2020	October
618	2020-10-24	832302	00:43:00	Pedestrian	1	NA	FALSE	FALSE	1	133 PEMBROKE AVE	EATON ST	2020-10-24	Two-Way , Not Divided	Dry	Dark - Lighted	Clear	Not a Collision Between Two Motor Vehicles in Transport	Yes	No Controls	2	1	Non-Incapacitating	NA	41.8403	-71.42975	TRUE	FALSE	133 Pembroke Ave, Providence, RI, USA	FALSE	-71.4295733	41.8402331	street_address	rooftop	133 pembroke ave, providence, ri 02908, usa	NA	NA	NA	NA	41.8402331	-71.4295733	High	16.43817579	Raw	NA	NA	NA	NA	FALSE	41.8403	-71.42975	2020	October
617	2020-10-25	832371	14:02:00	Bicycle	NA	1	FALSE	FALSE	1	207 Wickenden St.	TRAVERSE ST	2020-10-25	Two-Way , Not Divided	Dry	Daylight	Clear	Not a Collision Between Two Motor Vehicles in Transport	No	No Controls	2	1	Pain Reported	NA	41.81943	-71.39905	TRUE	FALSE	207 Wickenden St., Providence, RI, USA	FALSE	-71.3990781	41.8192785	premise	rooftop	207 wickenden st, providence, ri 02903, usa	NA	NA	NA	NA	41.8192785	-71.3990781	High	17.02525926	Raw	NA	NA	NA	NA	FALSE	41.81943	-71.39905	2020	October
616	2020-10-29	832641	19:56:00	Pedestrian	1	NA	FALSE	FALSE	1	609 ELMWOOD AVE	LENOX AVE	2020-10-29	Two-Way, Divided, Positive Median Barrier	Wet	Dark - Lighted	Rain	Sidwswipe, Opposite Direction	No	No Controls	2	1	Incapacitating	NA	41.79545	-71.42488	TRUE	FALSE	609 Elmwood Ave, Providence, RI, USA	FALSE	-71.4249966	41.7954078	subpremise	rooftop	609 elmwood ave, providence, ri 02907, usa	NA	NA	NA	NA	41.7954078	-71.4249966	High	10.75684979	Raw	NA	NA	NA	NA	FALSE	41.79545	-71.42488	2020	October
615	2020-10-30	832735	18:17:00	Pedestrian	1	NA	FALSE	FALSE	1	CATHERDAL AVE	SMITH ST	2020-10-30	Two-Way , Not Divided	Wet	Dark - Lighted	Clear	Other	No	No Controls	3	1	Non-Incapacitating	NA	41.8132	-71.45548	FALSE	FALSE	Catherdal Ave and Smith Street, Providence, RI, USA	FALSE	-71.4491246	41.8444122	intersection	geometric_center	smith st & cathedral ave, providence, ri 02903, usa	NA	NA	NA	NA	41.8444122	-71.4491246	Med High	3514.291226	Geocoded	distance greater than 100m	NA	NA	NA	TRUE	41.8444122	-71.4491246	2020	October
613	2020-10-31	832761	05:35:00	Pedestrian	1	NA	FALSE	FALSE	1	UNION AVE	WEBSTER AVE	2020-10-31	Unknown	Ice/Frost	Dark - Lighted	Clear	Unknown	Yes	Traffic Control Signal	1	1	Pain Reported	NA	41.80683	-71.44755	FALSE	FALSE	Union Ave and Webster Ave, Providence, RI, USA	FALSE	-71.4484433	41.8087282	route	geometric_center	webster ave, providence, ri, usa	Union Ave & Webster Ave, Providence, RI, USA	EixVbmlvbiBBdmUgJiBXZWJzdGVyIEF2ZSwgUHJvdmlkZW5jZSwgUkksIFVTQSJmImQKFAoSCYGwTPiJReSJEdURK9jB___mEhQKEgmBsEz4iUXkiRHVESvYwf__5hoUChIJI4HrOIpF5IkRntWfMLDFiC8aFAoSCUtPViuKReSJEQVPEPvUiEI-IgoNUDfrGBUa-GnV	41.8068304	-71.4475494	41.8068304	-71.4475494	Med	0.066793713	Raw	NA	NA	NA	NA	FALSE	41.80683	-71.44755	2020	October