row_number	crash_date	crash_report_id	crash_time	collision_type	count_pedestrian	count_bicycle	scooter	wheel_chair	number_of_vehicles	street_or_highway	nearest_intersection	report_date	type_of_roadway	road_surface_condition	light_condition	weather_condition	manner_of_impact	hit_and_run	traffic_control	person_count	injury_count	most_serious_injury	number_of_lanes	lat_raw	lon_raw	has_st_number	is_intersection_null	address_sent_to_geocoder	is_address_blank	lon_api_first_try	lat_api_first_try	type	loctype	address_returned_by_geocoder	address_returned_by_autocomplete	place_ids_autocompleted	lat_api_second_try	lon_api_second_try	lat_api_best	lon_api_best	api_coord_conf	distance_btwn_coords_meters	best_coordinate_set	reason_for_qa	correct_coordinates	corrected_lat	corrected_lon	manually_qaed_record	final_lat	final_lon	year	month
614	2020-10-31	832779	10:24:00	Pedestrian	1	NA	FALSE	FALSE	1	SMITH STREET	PINEHURST AVE	2020-10-31	Two-Way , Not Divided	Wet	Daylight	Clear	Not a Collision Between Two Motor Vehicles in Transport	No	No Controls	2	1	Pain Reported	NA	41.8374	-71.43311	FALSE	FALSE	Smith Street and Pinehurst Ave, Providence, RI, USA	FALSE	-71.4328469	41.8372933	intersection	geometric_center	smith st & pinehurst ave, providence, ri 02908, usa	NA	NA	NA	NA	41.8372933	-71.4328469	Med High	24.84417667	Raw	NA	NA	NA	NA	FALSE	41.8374	-71.43311	2020	October
611	2020-11-04	833102	07:29:00	Pedestrian	1	NA	FALSE	FALSE	1	ONEIL ST	DOUGLAS AVE	2020-11-04	Two-Way , Not Divided	Dry	Daylight	Clear	Not a Collision Between Two Motor Vehicles in Transport	No	Pavement Markings	2	1	Pain Reported	NA	41.85282	-71.4367	FALSE	FALSE	Oneil Street and Douglas Ave, Providence, RI, USA	FALSE	-71.4371491	41.8527663	intersection	geometric_center	o neil st & douglas ave, providence, ri 02904, usa	NA	NA	NA	NA	41.8527663	-71.4371491	Med High	37.71505712	Raw	NA	NA	NA	NA	FALSE	41.85282	-71.4367	2020	November
612	2020-11-04	833155	16:05:00	Pedestrian	1	NA	FALSE	FALSE	1	CRANSTON ST	BRIDGHAM ST	2020-11-04	Two-Way , Not Divided	Dry	Daylight	Clear	Not a Collision Between Two Motor Vehicles in Transport	No	No Controls	3	1	Pain Reported	NA	41.81419	-71.42649	FALSE	FALSE	Cranston Street and Bridgham Street, Providence, RI, USA	FALSE	-71.426947	41.8139796	intersection	geometric_center	cranston st & bridgham st, providence, ri 02907, usa	NA	NA	NA	NA	41.8139796	-71.426947	Med High	44.566981	Raw	NA	NA	NA	NA	FALSE	41.81419	-71.42649	2020	November
610	2020-11-06	833322	18:31:00	Pedestrian	1	NA	FALSE	FALSE	1	Academy Ave	NEWARK ST	2020-11-06	Two-Way , Not Divided	Dry	Dark - Lighted	Clear	Not a Collision Between Two Motor Vehicles in Transport	No	No Controls	2	1	Pain Reported	NA	41.82544	-71.4434	FALSE	FALSE	Academy Ave and Newark Street, Providence, RI, USA	FALSE	-71.4434441	41.8254949	intersection	geometric_center	academy ave & newark st, providence, ri 02908, usa	NA	NA	NA	NA	41.8254949	-71.4434441	Med High	7.122663329	Raw	NA	NA	NA	NA	FALSE	41.82544	-71.4434	2020	November
609	2020-11-07	833364	19:45:00	Pedestrian	1	NA	FALSE	FALSE	1	Broad Street	OXFORD ST	2020-11-07	Two-Way , Not Divided	Dry	Dark - Lighted	Clear	Not a Collision Between Two Motor Vehicles in Transport	No	Traffic Control Signal	3	1	Pain Reported	NA	41.80038	-71.41736	FALSE	FALSE	Broad Street and Oxford Street, Providence, RI, USA	FALSE	-71.4098094	41.8023702	route	geometric_center	oxford st, providence, ri 02905, usa	Broad Street & Oxford Street, Providence, RI, USA	EjFCcm9hZCBTdHJlZXQgJiBPeGZvcmQgU3RyZWV0LCBQcm92aWRlbmNlLCBSSSwgVVNBImYiZAoUChIJh-FuDohP5IkRI2IsCmv-T0ESFAoSCYfhbg6IT-SJESNiLApr_k9BGhQKEgmD3n3VjE_kiREsosqTmEsIoxoUChIJGaMJqWFF5IkRUr1E8WrWZNciCg0WPuoYFfqPbtU	41.8004502	-71.417447	41.8004502	-71.417447	Med	10.63922001	Raw	NA	NA	NA	NA	FALSE	41.80038	-71.41736	2020	November
608	2020-11-12	833750	16:04:00	Bicycle	NA	1	FALSE	FALSE	1	Manton Ave	FRUIT HILL AVE	2020-11-12	Two-Way , Not Divided	Dry	Daylight	Clear	Not a Collision Between Two Motor Vehicles in Transport	No	Traffic Control Signal	3	1	Pain Reported	NA	41.83388	-71.46783	FALSE	FALSE	Manton Ave and Fruit Hill Ave, Providence, RI, USA	FALSE	-71.4677998	41.8339162	intersection	geometric_center	manton ave & fruit hill ave, providence, ri 02909, usa	NA	NA	NA	NA	41.8339162	-71.4677998	Med High	4.744817232	Raw	NA	NA	NA	NA	FALSE	41.83388	-71.46783	2020	November
607	2020-11-15	833975	19:54:00	Pedestrian	1	NA	FALSE	FALSE	1	280 BROAD STREET	NA	2020-11-15	Two-Way , Not Divided	Wet	Dark - Lighted	Rain	Not a Collision Between Two Motor Vehicles in Transport	No	No Controls	3	1	Pain Reported	NA	NA	NA	TRUE	TRUE	280 Broad Street, Providence, RI, USA	FALSE	-71.4202425	41.8149485	premise	rooftop	280 broad st, providence, ri 02907, usa	NA	NA	NA	NA	41.8149485	-71.4202425	High	NA	Neither	raw coords null but geocoded coords found	41.81514, -71.42076	41.81514	-71.42076	TRUE	41.81514	-71.42076	2020	November
603	2020-11-17	834055	07:16:00	Pedestrian	1	NA	FALSE	FALSE	1	820 HOPE ST	4TH ST	2020-11-17	Two-Way , Not Divided	Dry	Daylight	Clear	Not a Collision Between Two Motor Vehicles in Transport	No	No Controls	2	1	Pain Reported	NA	41.84949	-71.39479	TRUE	FALSE	820 Hope Street, Providence, RI, USA	FALSE	-71.3951038	41.84962	premise	rooftop	820 hope st, providence, ri 02906, usa	NA	NA	NA	NA	41.84962	-71.3951038	High	29.77432708	Raw	NA	NA	NA	NA	FALSE	41.84949	-71.39479	2020	November
604	2020-11-17	834062	08:40:00	Pedestrian	1	NA	FALSE	FALSE	1	WASHINGTON ST	DORRANCE ST	2020-11-17	Two-Way , Not Divided	Dry	Daylight	Clear	Not a Collision Between Two Motor Vehicles in Transport	Yes	Flashing Traffic Control Signal	1	1	Pain Reported	NA	41.82445	-71.41277	FALSE	FALSE	Washington Street and Dorrance Street, Providence, RI, USA	FALSE	-71.412777	41.8244607	intersection	geometric_center	washington st & dorrance st, providence, ri 02903, usa	NA	NA	NA	NA	41.8244607	-71.412777	Med High	1.325123782	Raw	NA	NA	NA	NA	FALSE	41.82445	-71.41277	2020	November
605	2020-11-17	834072	11:32:00	Pedestrian	1	NA	FALSE	FALSE	1	ADMIRAL ST	CHAD BROWN ST	2020-11-17	Two-Way , Not Divided	Dry	Daylight	Clear	Not a Collision Between Two Motor Vehicles in Transport	No	Person	4	1	Incapacitating	NA	41.84202	-71.42125	FALSE	FALSE	Admiral Street and Chad Brown Street, Providence, RI, USA	FALSE	-71.4213576	41.8421504	intersection	geometric_center	admiral st & chad brown st, providence, ri 02908, usa	NA	NA	NA	NA	41.8421504	-71.4213576	Med High	17.03947211	Raw	NA	NA	NA	NA	FALSE	41.84202	-71.42125	2020	November
606	2020-11-17	834089	17:51:00	Pedestrian	1	NA	TRUE	FALSE	1	WATERMAN ST	PROSPECT ST	2020-11-17	Two-Way , Not Divided	Dry	Dark - Lighted	Clear	Sidwswipe, Opposite Direction	No	Traffic Control Signal	4	1	Pain Reported	2	41.82691	-71.40472	FALSE	FALSE	Waterman Street and Prospect Street, Providence, RI, USA	FALSE	-71.4047103	41.8269107	intersection	geometric_center	waterman st & prospect st, providence, ri 02906, usa	NA	NA	NA	NA	41.8269107	-71.4047103	Med High	0.808390595	Raw	NA	NA	NA	NA	FALSE	41.82691	-71.40472	2020	November
602	2020-11-19	834147	05:43:00	Pedestrian	1	NA	FALSE	FALSE	1	460 Smith St	CHALKSTONE AVE	2020-11-19	Unknown	Dry	Dawn	Clear	Not a Collision Between Two Motor Vehicles in Transport	Yes	No Controls	1	0	No Injury	NA	41.83521	-71.42565	TRUE	FALSE	460 Smith Street, Providence, RI, USA	FALSE	-71.4264456	41.8352609	premise	rooftop	460 smith st, providence, ri 02908, usa	NA	NA	NA	NA	41.8352609	-71.4264456	High	66.23017537	Raw	NA	NA	NA	NA	FALSE	41.83521	-71.42565	2020	November
601	2020-11-20	834229	15:02:00	Other	NA	NA	TRUE	FALSE	1	ANGELL ST	BUTLER AVE	2020-11-20	Two-Way , Not Divided	Dry	Daylight	Clear	Not a Collision Between Two Motor Vehicles in Transport	No	Stop Signs	3	0	Unknown	NA	41.8308	-71.38459	FALSE	FALSE	Angell Street and Butler Ave, Providence, RI, USA	FALSE	-71.3845949	41.8308171	intersection	geometric_center	butler ave & angell st, providence, ri 02906, usa	NA	NA	NA	NA	41.8308171	-71.3845949	Med High	1.946469455	Raw	NA	NA	NA	NA	FALSE	41.8308	-71.38459	2020	November
600	2020-11-22	834334	16:50:00	Bicycle	NA	1	FALSE	FALSE	1	CHARLESFIELD ST	HOPE ST	2020-11-22	Two-Way , Not Divided	Dry	Dark - Lighted	Clear	Angle (Front - to - Side) Right Angle (Includes Broadside)	No	Stop Signs	3	1	Non-Incapacitating	NA	41.82414	-71.3972	FALSE	FALSE	Charlesfield Street and Hope Street, Providence, RI, USA	FALSE	-71.3971831	41.8241348	intersection	geometric_center	hope st & charlesfield st, providence, ri 02912, usa	NA	NA	NA	NA	41.8241348	-71.3971831	Med High	1.516740804	Raw	NA	NA	NA	NA	FALSE	41.82414	-71.3972	2020	November
599	2020-11-23	834347	06:57:00	Pedestrian	1	NA	FALSE	FALSE	1	DUDLEY ST	PRAIRIE AVE	2020-11-23	Two-Way , Not Divided	Wet	Daylight	Rain	Not a Collision Between Two Motor Vehicles in Transport	No	No Controls	2	1	Pain Reported	NA	41.80993	-71.41532	FALSE	FALSE	Dudley Street and Prairie Ave, Providence, RI, USA	FALSE	-71.4156774	41.809957	intersection	geometric_center	dudley st & prairie ave, providence, ri 02907, usa	NA	NA	NA	NA	41.809957	-71.4156774	Med High	29.80652454	Raw	NA	NA	NA	NA	FALSE	41.80993	-71.41532	2020	November
598	2020-11-24	834470	16:56:00	Pedestrian	1	NA	FALSE	FALSE	1	ORMS ST	JEFFERSON ST	2020-11-24	Two-Way , Not Divided	Dry	Dark - Lighted	Clear	Not a Collision Between Two Motor Vehicles in Transport	Yes	No Controls	3	1	Pain Reported	2	41.83446	-71.41748	FALSE	FALSE	Orms Street and Jefferson Street, Providence, RI, USA	FALSE	-71.4177345	41.8344318	intersection	geometric_center	jefferson st & orms st, providence, ri 02908, usa	NA	NA	NA	NA	41.8344318	-71.4177345	Med High	21.34073347	Raw	NA	NA	NA	NA	FALSE	41.83446	-71.41748	2020	November
596	2020-11-25	834503	16:54:00	Bicycle	NA	1	FALSE	FALSE	1	CAMBRIDGE ST	ACADEMY AVE	2020-11-25	Two-Way , Not Divided	Wet	Dark - Lighted	Rain	Not a Collision Between Two Motor Vehicles in Transport	Yes	Stop Signs	2	1	Pain Reported	NA	41.8255	-71.44342	FALSE	FALSE	Cambridge Street and Academy Ave, Providence, RI, USA	FALSE	-71.4434441	41.8254949	intersection	geometric_center	academy ave & cambridge st, providence, ri 02908, usa	NA	NA	NA	NA	41.8254949	-71.4434441	Med High	2.078216726	Raw	NA	NA	NA	NA	FALSE	41.8255	-71.44342	2020	November
597	2020-11-25	835002	16:59:00	Pedestrian	1	NA	FALSE	FALSE	1	EATON ST	SMITH ST	2020-12-04	Two-Way , Not Divided	Wet	Dark - Not Lighted	Cloudy	Not a Collision Between Two Motor Vehicles in Transport	No	No Controls	2	0	No Injury	NA	41.84365	-71.44758	FALSE	FALSE	Eaton Street and Smith Street, Providence, RI, USA	FALSE	-71.4475224	41.8436386	intersection	geometric_center	eaton st & smith st, providence, ri 02908, usa	NA	NA	NA	NA	41.8436386	-71.4475224	Med High	4.942437288	Raw	NA	NA	NA	NA	FALSE	41.84365	-71.44758	2020	November
595	2020-11-29	834726	15:36:00	Pedestrian	1	NA	FALSE	FALSE	1	BROAD STREET	NA	2020-11-29	Two-Way , Not Divided	Dry	Daylight	Clear	Not a Collision Between Two Motor Vehicles in Transport	Yes	No Controls	3	1	Incapacitating	NA	41.81455	-71.42107	FALSE	TRUE	Broad Street, Providence, RI, USA	FALSE	-71.4101636	41.7945838	route	geometric_center	broad st, providence, ri, usa	NA	NA	NA	NA	41.7945838	-71.4101636	Inaccurate	2399.817126	Unknown	distance greater than 100m	NA	NA	NA	TRUE	NA	NA	2020	November
594	2020-12-02	834888	08:26:00	Pedestrian	1	NA	FALSE	FALSE	1	CHALKSTONE AVE	ACADEMY AVE	2020-12-02	Two-Way, Divided, Unprotected (painted>4feet) Medium	Dry	Daylight	Clear	Not a Collision Between Two Motor Vehicles in Transport	No	Traffic Control Signal	3	0	No Injury	NA	41.83245	-71.44453	FALSE	FALSE	Chalkstone Ave and Academy Ave, Providence, RI, USA	FALSE	-71.4445249	41.8324538	intersection	geometric_center	academy ave & chalkstone ave, providence, ri 02908, usa	NA	NA	NA	NA	41.8324538	-71.4445249	Med High	0.598232359	Raw	NA	NA	NA	NA	FALSE	41.83245	-71.44453	2020	December
593	2020-12-04	835050	23:21:00	Pedestrian	1	NA	FALSE	FALSE	1	DOUGLAS AVE	DOUGLAS AVE	2020-12-04	Two-Way , Not Divided	Wet	Dark - Lighted	Rain	Not a Collision Between Two Motor Vehicles in Transport	Yes	No Controls	1	0	Unknown	NA	41.84183	-71.42751	FALSE	FALSE	Douglas Ave and Douglas Ave, Providence, RI, USA	FALSE	-71.4649957	41.8715442	intersection	geometric_center	douglas turnpike & douglas ave, north providence, ri 02904, usa	NA	NA	NA	NA	41.8715442	-71.4649957	Med High	4538.856933	Raw	distance greater than 100m	NA	NA	NA	TRUE	41.84183	-71.42751	2020	December
591	2020-12-05	835065	06:11:00	Pedestrian	1	NA	FALSE	FALSE	1	HUNTINGTON AVE	CRANSTON ST	2020-12-05	Two-Way, Divided, Positive Median Barrier	Wet	Dawn	Rain	Not a Collision Between Two Motor Vehicles in Transport	Yes	Traffic Control Signal	1	1	Non-Incapacitating	NA	41.80374	-71.43907	FALSE	FALSE	Huntington Ave and Cranston Street, Providence, RI, USA	FALSE	-71.4392216	41.8037523	intersection	geometric_center	cranston st & huntington ave, providence, ri 02907, usa	NA	NA	NA	NA	41.8037523	-71.4392216	Med High	12.65423909	Raw	NA	NA	NA	NA	FALSE	41.80374	-71.43907	2020	December
592	2020-12-05	835102	17:00:00	Pedestrian	1	NA	FALSE	FALSE	1	Angell St	Gano St	2020-12-05	Two-Way , Not Divided	Slush	Dark - Lighted	Sleet, Hail (Freezing Rain or Drizzle)	Not a Collision Between Two Motor Vehicles in Transport	Yes	Traffic Control Signal	2	1	Pain Reported	2	NA	NA	FALSE	FALSE	Angell Street and Gano Street, Providence, RI, USA	FALSE	-71.3909687	41.8295909	intersection	geometric_center	gano st & angell st, providence, ri 02906, usa	NA	NA	NA	NA	41.8295909	-71.3909687	Med High	NA	Geocoded	raw coords null but geocoded coords found	NA	NA	NA	TRUE	41.8295909	-71.3909687	2020	December
590	2020-12-07	835132	13:42:00	Pedestrian	1	NA	FALSE	FALSE	1	BUTLER AVE	ORIOLE AVE	2020-12-07	Two-Way , Not Divided	Dry	Daylight	Clear	Not a Collision Between Two Motor Vehicles in Transport	No	No Controls	2	1	Pain Reported	NA	41.83158	-71.38433	FALSE	FALSE	Butler Ave and Oriole Ave, Providence, RI, USA	FALSE	-71.3843365	41.8315872	intersection	geometric_center	butler ave & oriole ave, providence, ri 02906, usa	NA	NA	NA	NA	41.8315872	-71.3843365	Med High	0.965959673	Raw	NA	NA	NA	NA	FALSE	41.83158	-71.38433	2020	December
589	2020-12-10	835309	12:29:00	Pedestrian	1	NA	FALSE	FALSE	1	395 Admiral St	NA	2020-12-10	Two-Way , Not Divided	Dry	Daylight	Clear	Not a Collision Between Two Motor Vehicles in Transport	No	No Controls	3	1	Pain Reported	NA	NA	NA	TRUE	TRUE	395 Admiral Street, Providence, RI, USA	FALSE	-71.4288609	41.8468598	premise	rooftop	395 admiral st, providence, ri 02908, usa	NA	NA	NA	NA	41.8468598	-71.4288609	High	NA	Neither	raw coords null but geocoded coords found	41.8462, -71.42968	41.8462	-71.42968	TRUE	41.8462	-71.42968	2020	December
588	2020-12-11	837114	21:06:00	Pedestrian	1	NA	FALSE	FALSE	1	CARTER ST	ELMWOOD AVE	2021-01-10	Two-Way , Not Divided	Dry	Dark - Lighted	Clear	Other	No	No Controls	2	1	Pain Reported	NA	41.8002	-71.42657	FALSE	FALSE	Carter Street and Elmwood Ave, Providence, RI, USA	FALSE	-71.4229658	41.7920613	route	geometric_center	elmwood ave, providence, ri, usa	Carter Street & Elmwood Ave, Providence, RI, USA	EjBDYXJ0ZXIgU3RyZWV0ICYgRWxtd29vZCBBdmUsIFByb3ZpZGVuY2UsIFJJLCBVU0EiZiJkChQKEgkjZeADgU_kiRHjL4tuXiAEpxIUChIJI2XgA4FP5IkR4y-Lbl4gBKcaFAoSCaFldLqBT-SJEVu12wX01sDMGhQKEgl30G3to0_kiRHxPOkzB8-h7yIKDTI06hgVdCtt1Q	41.800197	-71.426574	41.800197	-71.426574	Med	0.470865608	Raw	NA	NA	NA	NA	FALSE	41.8002	-71.42657	2020	December
587	2020-12-14	835508	17:38:00	Pedestrian	1	NA	FALSE	FALSE	1	broad st	BROAD ST	2020-12-14	Two-Way , Not Divided	Wet	Daylight	Rain	Not a Collision Between Two Motor Vehicles in Transport	Yes	No Controls	1	1	Pain Reported	NA	41.79944	-71.4162	FALSE	FALSE	Broad Street and Broad Street, Providence, RI, USA	FALSE	-71.4101636	41.7945838	route	geometric_center	broad st, providence, ri, usa	NA	NA	NA	NA	41.7945838	-71.4101636	Med	737.0198488	Unknown	distance greater than 100m	NA	NA	NA	TRUE	NA	NA	2020	December
586	2020-12-15	835571	09:26:00	Pedestrian	1	NA	FALSE	FALSE	1	OLNEYVILLE SQ	MANTON AVE	2020-12-15	Two-Way, Divided, Unprotected (painted>4feet) Medium	Dry	Daylight	Clear	Head-On (Front - to - Front)	Yes	No Controls	1	1	Pain Reported	NA	41.81698	-71.44358	FALSE	FALSE	Olneyville Sq and Manton Ave, Providence, RI, USA	FALSE	-71.442835	41.816834	establishment	geometric_center	olneyville square, providence, ri 02909, usa	NA	NA	NA	NA	41.816834	-71.442835	Med	63.90938728	Raw	NA	NA	NA	NA	FALSE	41.81698	-71.44358	2020	December
585	2020-12-21	836068	12:47:00	Pedestrian	1	NA	FALSE	FALSE	1	spruce st	ACORN ST	2020-12-21	Two-Way , Not Divided	Dry	Daylight	Clear	Other	No	No Controls	3	1	Pain Reported	NA	41.82438	-71.42796	FALSE	FALSE	Spruce Street and Acorn Street, Providence, RI, USA	FALSE	-71.4276993	41.826323	route	geometric_center	acorn st, providence, ri, usa	Spruce Street & Acorn Street, Providence, RI, USA	EjFTcHJ1Y2UgU3RyZWV0ICYgQWNvcm4gU3RyZWV0LCBQcm92aWRlbmNlLCBSSSwgVVNBImYiZAoUChIJq6vN9gpF5IkR_rUNhpJn96QSFAoSCaurzfYKReSJEf61DYaSZ_ekGhQKEglLkpX-CkXkiRFPaoZnGLjj5xoUChIJax89PApF5IkRqGxj2NWRdiUiCg1C5e0YFZn1bNU	41.8243906	-71.4279527	41.8243906	-71.4279527	Med	1.326303177	Raw	NA	NA	NA	NA	FALSE	41.82438	-71.42796	2020	December
584	2020-12-24	836212	06:47:00	Pedestrian	1	NA	FALSE	FALSE	1	DIKE ST	TROY ST	2020-12-24	Two-Way , Not Divided	Dry	Daylight	Clear	Not a Collision Between Two Motor Vehicles in Transport	Yes	No Controls	1	1	Pain Reported	NA	41.81565	-71.44175	FALSE	FALSE	Dike Street and Troy Street, Providence, RI, USA	FALSE	-71.4414829	41.815613	intersection	geometric_center	troy st & dike st, providence, ri 02909, usa	NA	NA	NA	NA	41.815613	-71.4414829	Med High	22.53967986	Raw	NA	NA	NA	NA	FALSE	41.81565	-71.44175	2020	December
583	2021-01-03	836659	13:36:00	Pedestrian	1	NA	FALSE	TRUE	1	Glenbridge Ave	MANTON AVE	2021-01-03	Two-Way, Divided, Unprotected (painted>4feet) Medium	Dry	Daylight	Clear	Angle (Front - to - Side) Right Angle (Includes Broadside)	No	Traffic Control Signal	3	1	Pain Reported	NA	41.8259	-71.45828	FALSE	FALSE	Glenbridge Ave and Manton Ave, Providence, RI, USA	FALSE	-71.4582318	41.8259774	intersection	geometric_center	glenbridge ave & manton ave, providence, ri 02909, usa	NA	NA	NA	NA	41.8259774	-71.4582318	Med High	9.498637999	Raw	NA	NA	NA	NA	FALSE	41.8259	-71.45828	2021	January
582	2021-01-08	837006	20:19:00	Bicycle	NA	NA	FALSE	FALSE	2	BROADWAY	VINTON ST	2021-01-08	Two-Way , Not Divided	Dry	Dark - Lighted	Clear	Angle (Front - to - Side) Same Direction	No	No Controls	4	1	Non-Incapacitating	NA	41.82007	-71.42819	FALSE	FALSE	Broadway and Vinton Street, Providence, RI, USA	FALSE	-71.4285663	41.8207514	route	geometric_center	vinton st, providence, ri, usa	Broadway & Vinton Street, Providence, RI, USA	Ei1Ccm9hZHdheSAmIFZpbnRvbiBTdHJlZXQsIFByb3ZpZGVuY2UsIFJJLCBVU0EiZiJkChQKEglF5rYLdUXkiRHipmasZ-JhnRIUChIJRea2C3VF5IkR4qZmrGfiYZ0aFAoSCaW15YZ1ReSJERrCM7HXpG-zGhQKEgnN2QdAdUXkiRHzHzv0hMO0lyIKDVg97RgVUexs1Q	41.820092	-71.4281903	41.820092	-71.4281903	Med	2.449155255	Raw	NA	NA	NA	NA	FALSE	41.82007	-71.42819	2021	January
581	2021-01-13	837289	11:48:00	Pedestrian	1	NA	FALSE	TRUE	1	ELMWOOD AVE	LENOX AVE	2021-01-13	Two-Way, Divided, Positive Median Barrier	Dry	Daylight	Clear	Not a Collision Between Two Motor Vehicles in Transport	No	Stop Signs	3	1	Non-Incapacitating	NA	41.7952	-71.42474	FALSE	FALSE	Elmwood Ave and Lenox Ave, Providence, RI, USA	FALSE	-71.424723	41.7952146	intersection	geometric_center	lenox ave & elmwood ave, providence, ri 02907, usa	NA	NA	NA	NA	41.7952146	-71.424723	Med High	2.152215706	Raw	NA	NA	NA	NA	FALSE	41.7952	-71.42474	2021	January
580	2021-01-18	838538	03:12:00	Pedestrian	1	NA	FALSE	FALSE	1	Pocasset ave	PLAINFIELD ST	2021-01-18	Unknown	Dry	Dark - Lighted	Clear	Other	Yes	No Controls	1	1	Pain Reported	NA	41.8137	-71.44794	FALSE	FALSE	Pocasset Ave and Plainfield Street, Providence, RI, USA	FALSE	-71.4477942	41.8138447	intersection	geometric_center	pocasset ave & plainfield st, providence, ri 02909, usa	NA	NA	NA	NA	41.8138447	-71.4477942	Med High	20.14440383	Raw	NA	NA	NA	NA	FALSE	41.8137	-71.44794	2021	January
578	2021-01-19	838622	14:28:00	Pedestrian	1	NA	FALSE	FALSE	1	BROAD ST	HARVARD AVE	2021-01-19	Two-Way , Not Divided	Dry	Daylight	Clear	Not a Collision Between Two Motor Vehicles in Transport	No	No Controls	3	1	Pain Reported	NA	41.80856	-71.42067	FALSE	FALSE	Broad Street and Harvard Ave, Providence, RI, USA	FALSE	-71.4195976	41.8086139	route	geometric_center	harvard ave, providence, ri 02907, usa	Broad Street & Harvard Ave, Providence, RI, USA	Ei9Ccm9hZCBTdHJlZXQgJiBIYXJ2YXJkIEF2ZSwgUHJvdmlkZW5jZSwgUkksIFVTQSJmImQKFAoSCX17gAZ7ReSJEfAd7KV6lYkhEhQKEgl9e4AGe0XkiRHwHeylepWJIRoUChIJg9591YxP5IkRLKLKk5hLCKMaFAoSCRc_ESF7ReSJEZYBayjYu4EeIgoNcHzrGBUWEm7V	41.8086	-71.4206698	41.8086	-71.4206698	Med	4.452810555	Raw	NA	NA	NA	NA	FALSE	41.80856	-71.42067	2021	January
579	2021-01-19	838630	17:55:00	Pedestrian	1	NA	FALSE	FALSE	1	BROAD ST	CHESTNUT ST	2021-01-19	Two-Way , Not Divided	Wet	Dark - Lighted	Cloudy	Not a Collision Between Two Motor Vehicles in Transport	No	Traffic Control Signal	6	1	Pain Reported	NA	41.82003	-71.41432	FALSE	FALSE	Broad Street and Chestnut Street, Providence, RI, USA	FALSE	-71.3876733	41.8928375	intersection	geometric_center	chestnut st & broad st, central falls, ri 02863, usa	NA	NA	NA	NA	41.8928375	-71.3876733	Med High	8400.627974	Raw	distance greater than 100m	NA	NA	NA	TRUE	41.82003	-71.41432	2021	January
577	2021-01-20	838746	16:11:00	Pedestrian	1	NA	FALSE	FALSE	1	CUSTOM HOUSE ST	DYER ST	2021-01-21	Two-Way , Not Divided	Dry	Daylight	Clear	Not a Collision Between Two Motor Vehicles in Transport	No	No Controls	3	0	No Injury	NA	41.8242	-71.40843	FALSE	FALSE	Custom House Street and Dyer Street, Providence, RI, USA	FALSE	-71.4084187	41.8242128	intersection	geometric_center	dyer st & custom house st, providence, ri 02903, usa	NA	NA	NA	NA	41.8242128	-71.4084187	Med High	1.705580702	Raw	NA	NA	NA	NA	FALSE	41.8242	-71.40843	2021	January
575	2021-02-02	839629	18:02:00	Pedestrian	1	NA	FALSE	FALSE	1	CYR ST	BROAD STREET	2021-02-02	Two-Way , Not Divided	Dry	Dark - Lighted	Cloudy	Not a Collision Between Two Motor Vehicles in Transport	Yes	No Controls	1	0	No Injury	NA	41.78697	-71.40245	FALSE	FALSE	Cyr Street and Broad Street, Providence, RI, USA	FALSE	-71.4024245	41.7869638	intersection	geometric_center	cyr st & broad st, providence, ri 02905, usa	NA	NA	NA	NA	41.7869638	-71.4024245	Med High	2.226259913	Raw	NA	NA	NA	NA	FALSE	41.78697	-71.40245	2021	February
576	2021-02-02	839631	19:54:00	Pedestrian	1	NA	FALSE	FALSE	1	BRIDGHAM ST	ELMWOOD AVE	2021-02-02	Two-Way, Not Divided With a Continuous Left Turn Lane	Dry	Dark - Lighted	Clear	Not a Collision Between Two Motor Vehicles in Transport	Yes	Traffic Control Signal	2	1	Pain Reported	NA	41.81277	-71.42219	FALSE	FALSE	Bridgham Street and Elmwood Ave, Providence, RI, USA	FALSE	-71.4221436	41.8127945	intersection	geometric_center	bridgham st & elmwood ave, providence, ri 02907, usa	NA	NA	NA	NA	41.8127945	-71.4221436	Med High	4.717959502	Raw	NA	NA	NA	NA	FALSE	41.81277	-71.42219	2021	February
574	2021-02-03	839700	19:21:00	Pedestrian	1	NA	FALSE	FALSE	1	WESTMINSTER ST	WESTMINSTER ST EXIT	2021-02-03	Two-Way , Not Divided	Sand	Dark - Not Lighted	Cloudy	Not a Collision Between Two Motor Vehicles in Transport	No	No Controls	2	1	Non-Incapacitating	NA	41.81598	-71.43959	FALSE	FALSE	Westminster Street and Westminster St Exit, Providence, RI, USA	FALSE	-71.4257801	41.8171825	route	geometric_center	westminster st, providence, ri, usa	NA	NA	NA	NA	41.8171825	-71.4257801	Med	1153.525261	Raw	distance greater than 100m	NA	NA	NA	TRUE	41.81598	-71.43959	2021	February
573	2021-02-04	839740	17:46:00	Pedestrian	1	NA	FALSE	FALSE	1	Broadway	KNIGHT ST	2021-02-04	Two-Way , Not Divided	Dry	Dark - Lighted	Clear	Not a Collision Between Two Motor Vehicles in Transport	Yes	Traffic Control Signal	3	1	Incapacitating	NA	41.8198	-71.42936	FALSE	FALSE	Broadway and Knight Street, Providence, RI, USA	FALSE	-71.4298401	41.8202496	route	geometric_center	knight st, providence, ri, usa	Broadway & Knight Street, Providence, RI, USA	Ei1Ccm9hZHdheSAmIEtuaWdodCBTdHJlZXQsIFByb3ZpZGVuY2UsIFJJLCBVU0EiZiJkChQKEgmvZYGEdUXkiRHAVmwJ-u4XKRIUChIJr2WBhHVF5IkRwFZsCfruFykaFAoSCaW15YZ1ReSJERrCM7HXpG-zGhQKEgkPqvF6dUXkiRGsZxyELkktfCIKDcQy7RgVV79s1Q	41.8198212	-71.4293417	41.8198212	-71.4293417	Med	2.806123126	Raw	NA	NA	NA	NA	FALSE	41.8198	-71.42936	2021	February