row_number	crash_date	crash_report_id	crash_time	collision_type	count_pedestrian	count_bicycle	scooter	wheel_chair	number_of_vehicles	street_or_highway	nearest_intersection	report_date	type_of_roadway	road_surface_condition	light_condition	weather_condition	manner_of_impact	hit_and_run	traffic_control	person_count	injury_count	most_serious_injury	number_of_lanes	lat_raw	lon_raw	has_st_number	is_intersection_null	address_sent_to_geocoder	is_address_blank	lon_api_first_try	lat_api_first_try	type	loctype	address_returned_by_geocoder	address_returned_by_autocomplete	place_ids_autocompleted	lat_api_second_try	lon_api_second_try	lat_api_best	lon_api_best	api_coord_conf	distance_btwn_coords_meters	best_coordinate_set	reason_for_qa	correct_coordinates	corrected_lat	corrected_lon	manually_qaed_record	final_lat	final_lon	year	month
572	2021-02-09	841122	20:03:00	Pedestrian	1	NA	FALSE	FALSE	1	CHARLES ST	CHARLES ST	2021-02-09	One-Way Trafficway	Wet	Dark - Lighted	Sleet, Hail (Freezing Rain or Drizzle)	Not a Collision Between Two Motor Vehicles in Transport	Yes	No Controls	1	1	Pain Reported	NA	41.83673	-71.41283	FALSE	FALSE	Charles Street and Charles Street, Providence, RI, USA	FALSE	-71.419539	41.8474982	route	geometric_center	charles st, providence, ri, usa	NA	NA	NA	NA	41.8474982	-71.419539	Med	1321.54211	Unknown	distance greater than 100m	NA	NA	NA	TRUE	NA	NA	2021	February
571	2021-02-24	844340	18:58:00	Pedestrian	1	NA	FALSE	FALSE	1	WESTMINSTER ST	HAMMOND ST	2021-02-24	Two-Way , Not Divided	Dry	Dark - Lighted	Clear	Not a Collision Between Two Motor Vehicles in Transport	No	No Controls	2	1	Non-Incapacitating	NA	41.81681	-71.42939	FALSE	FALSE	Westminster Street and Hammond Street, Providence, RI, USA	FALSE	-71.4290701	41.816861	intersection	geometric_center	westminster st & hammond st, providence, ri 02909, usa	NA	NA	NA	NA	41.816861	-71.4290701	Med High	27.1406791	Raw	NA	NA	NA	NA	FALSE	41.81681	-71.42939	2021	February
569	2021-02-26	844417	10:02:00	Pedestrian	1	NA	FALSE	FALSE	1	PLAINFIELD ST	MERINO ST	2021-02-26	Two-Way , Not Divided	Dry	Daylight	Clear	Not a Collision Between Two Motor Vehicles in Transport	No	No Controls	3	1	Incapacitating	NA	41.81294	-71.45733	FALSE	FALSE	Plainfield Street and Merino Street, Providence, RI, USA	FALSE	-71.457397	41.8129452	intersection	geometric_center	merino st & plainfield st, providence, ri 02909, usa	NA	NA	NA	NA	41.8129452	-71.457397	Med High	5.588997099	Raw	NA	NA	NA	NA	FALSE	41.81294	-71.45733	2021	February
570	2021-02-26	844423	12:34:00	Pedestrian	2	NA	FALSE	FALSE	1	Bridgham St	Westminster St	2021-02-26	Two-Way , Not Divided	Dry	Daylight	Clear	Not a Collision Between Two Motor Vehicles in Transport	Yes	Traffic Control Signal	3	2	Pain Reported	2	NA	NA	FALSE	FALSE	Bridgham Street and Westminster Street, Providence, RI, USA	FALSE	-71.4284038	41.8169384	intersection	geometric_center	bridgham st & westminster st, providence, ri 02909, usa	NA	NA	NA	NA	41.8169384	-71.4284038	Med High	NA	Geocoded	raw coords null but geocoded coords found	NA	NA	NA	TRUE	41.8169384	-71.4284038	2021	February
567	2021-02-27	844466	12:44:00	Pedestrian	1	NA	FALSE	FALSE	1	ACADEMY AVE	HEALTH AVE	2021-02-27	Two-Way , Not Divided	Wet	Daylight	Rain	Not a Collision Between Two Motor Vehicles in Transport	Yes	No Controls	2	1	Pain Reported	NA	41.82753	-71.44376	FALSE	FALSE	Academy Ave and Health Ave, Providence, RI, USA	FALSE	-71.4438011	41.827781	intersection	geometric_center	health ave & academy ave, providence, ri 02908, usa	NA	NA	NA	NA	41.827781	-71.4438011	Med High	28.14841424	Raw	NA	NA	NA	NA	FALSE	41.82753	-71.44376	2021	February
568	2021-02-27	844485	17:04:00	Pedestrian	1	NA	FALSE	FALSE	1	WESTMINSTER ST	CAHIR ST	2021-02-27	Two-Way , Not Divided	Wet	Daylight	Cloudy	Not a Collision Between Two Motor Vehicles in Transport	No	Traffic Control Signal	3	1	Pain Reported	NA	41.81822	-71.42018	FALSE	FALSE	Westminster Street and Cahir Street, Providence, RI, USA	FALSE	-71.4201851	41.8182066	intersection	geometric_center	cahir st & westminster st, providence, ri 02903, usa	NA	NA	NA	NA	41.8182066	-71.4201851	Med High	1.550526811	Raw	NA	NA	NA	NA	FALSE	41.81822	-71.42018	2021	February
566	2021-03-01	844595	18:44:00	Pedestrian	1	NA	FALSE	FALSE	1	SMITH ST	NELSON ST	2021-03-01	Two-Way , Not Divided	Dry	Dark - Lighted	Clear	Not a Collision Between Two Motor Vehicles in Transport	No	Pavement Markings	4	1	Non-Incapacitating	NA	41.84214	-71.44412	FALSE	FALSE	Smith Street and Nelson Street, Providence, RI, USA	FALSE	-71.4442116	41.8422004	intersection	geometric_center	smith st & nelson st, providence, ri 02908, usa	NA	NA	NA	NA	41.8422004	-71.4442116	Med High	10.14470946	Raw	NA	NA	NA	NA	FALSE	41.84214	-71.44412	2021	March
565	2021-03-02	844644	06:32:00	Pedestrian	1	NA	FALSE	FALSE	1	West River St	CHARLES ST	2021-03-02	Two-Way , Not Divided	Dry	Daylight	Clear	Not a Collision Between Two Motor Vehicles in Transport	No	No Controls	3	1	Pain Reported	NA	41.8399	-71.41617	FALSE	FALSE	West River Street and Charles Street, Providence, RI, USA	FALSE	-71.4164329	41.8396195	intersection	geometric_center	charles st & w river st, providence, ri 02904, usa	NA	NA	NA	NA	41.8396195	-71.4164329	Med High	38.08411325	Raw	NA	NA	NA	NA	FALSE	41.8399	-71.41617	2021	March
564	2021-03-03	844784	15:23:00	Pedestrian	1	NA	FALSE	FALSE	1	BLACKSTONE ST	CULVER ST	2021-03-03	Two-Way , Not Divided	Dry	Daylight	Clear	Not a Collision Between Two Motor Vehicles in Transport	No	Stop Signs	2	1	Pain Reported	NA	41.80993	-71.4085	FALSE	FALSE	Blackstone Street and Culver Street, Providence, RI, USA	FALSE	-71.4084982	41.8099346	intersection	geometric_center	blackstone st & culver st, providence, ri 02905, usa	NA	NA	NA	NA	41.8099346	-71.4084982	Med High	0.533405336	Raw	NA	NA	NA	NA	FALSE	41.80993	-71.4085	2021	March
561	2021-03-04	844829	08:25:00	Pedestrian	1	NA	FALSE	FALSE	1	BRANCH AVE	TOURO ST	2021-03-04	Two-Way , Not Divided	Dry	Daylight	Clear	Not a Collision Between Two Motor Vehicles in Transport	No	No Controls	3	1	Pain Reported	NA	41.84999	-71.41935	FALSE	FALSE	Branch Ave and Touro Street, Providence, RI, USA	FALSE	-71.4190307	41.8498648	intersection	geometric_center	touro st & branch ave, providence, ri 02904, usa	NA	NA	NA	NA	41.8498648	-71.4190307	Med High	29.92098455	Raw	NA	NA	NA	NA	FALSE	41.84999	-71.41935	2021	March
562	2021-03-04	844862	16:02:00	Pedestrian	1	NA	FALSE	FALSE	1	Waldo Street	CRANSTON ST	2021-03-04	Two-Way , Not Divided	Dry	Daylight	Clear	Other	No	No Controls	6	1	Pain Reported	NA	41.80635	-71.43632	FALSE	FALSE	Waldo Street and Cranston Street, Providence, RI, USA	FALSE	-71.4363086	41.8063492	intersection	geometric_center	cranston st & waldo st, providence, ri 02909, usa	NA	NA	NA	NA	41.8063492	-71.4363086	Med High	0.950129549	Raw	NA	NA	NA	NA	FALSE	41.80635	-71.43632	2021	March
563	2021-03-04	844867	16:58:00	Pedestrian	1	NA	FALSE	FALSE	1	ANGELL ST	WAYLAND AVE	2021-03-04	Two-Way , Not Divided	Dry	Daylight	Clear	Head-On (Front - to - Front)	Yes	Traffic Control Signal	1	1	Pain Reported	NA	41.83015	-71.38792	FALSE	FALSE	Angell Street and Wayland Ave, Providence, RI, USA	FALSE	-71.3879538	41.8300494	intersection	geometric_center	wayland ave & angell st, providence, ri 02906, usa	NA	NA	NA	NA	41.8300494	-71.3879538	Med High	11.54435011	Raw	NA	NA	NA	NA	FALSE	41.83015	-71.38792	2021	March
560	2021-03-06	845096	17:56:00	Pedestrian	1	NA	FALSE	FALSE	1	BROAD ST	CAHIR ST	2021-03-06	Two-Way , Not Divided	Dry	Dark - Lighted	Clear	Not a Collision Between Two Motor Vehicles in Transport	Yes	Traffic Control Signal	1	1	Non-Incapacitating	NA	41.81692	-71.41795	FALSE	FALSE	Broad Street and Cahir Street, Providence, RI, USA	FALSE	-71.4189877	41.8178471	route	geometric_center	cahir st, providence, ri 02903, usa	Broad Street & Cahir Street, Providence, RI, USA	EjBCcm9hZCBTdHJlZXQgJiBDYWhpciBTdHJlZXQsIFByb3ZpZGVuY2UsIFJJLCBVU0EiZiJkChQKEglxchb1bUXkiRHx6X_pfAz-ChIUChIJcXIW9W1F5IkR8el_6XwM_goaFAoSCYPefdWMT-SJESyiypOYSwijGhQKEgmx_OtuckXkiRFRWF6nVg1mziIKDXPC7BgVlX5u1Q	41.8169459	-71.4178923	41.8169459	-71.4178923	Med	5.588231095	Raw	NA	NA	NA	NA	FALSE	41.81692	-71.41795	2021	March
559	2021-03-08	845231	12:28:00	Pedestrian	2	NA	FALSE	FALSE	1	MANTON AVE	ALEPPO ST	2021-03-08	Two-Way , Not Divided	Dry	Daylight	Clear	Not a Collision Between Two Motor Vehicles in Transport	Yes	No Controls	2	1	Incapacitating	NA	41.81932	-71.4462	FALSE	FALSE	Manton Ave and Aleppo Street, Providence, RI, USA	FALSE	-71.4462075	41.8193627	intersection	geometric_center	aleppo st & manton ave, providence, ri 02909, usa	NA	NA	NA	NA	41.8193627	-71.4462075	Med High	4.793892404	Raw	NA	NA	NA	NA	FALSE	41.81932	-71.4462	2021	March
558	2021-03-12	845577	15:10:00	Pedestrian	1	NA	FALSE	FALSE	1	257 THAYER ST	EUCLID AVE	2021-03-12	One-Way Trafficway	Dry	Daylight	Clear	Not a Collision Between Two Motor Vehicles in Transport	No	No Controls	2	0	No Injury	1	41.82868	-71.40073	TRUE	FALSE	257 Thayer Street, Providence, RI, USA	FALSE	-71.4001111	41.8288489	premise	rooftop	257 thayer st, providence, ri 02906, usa	NA	NA	NA	NA	41.8288489	-71.4001111	High	54.67170713	Raw	NA	NA	NA	NA	FALSE	41.82868	-71.40073	2021	March
557	2021-03-19	848085	16:49:00	Pedestrian	1	NA	FALSE	FALSE	1	165 Windmill St	Smart ST	2021-03-19	Two-Way , Not Divided	Dry	Daylight	Clear	Not a Collision Between Two Motor Vehicles in Transport	No	Stop Signs	3	1	Non-Incapacitating	NA	41.85799	-71.41766	TRUE	FALSE	165 Windmill Street, Providence, RI, USA	FALSE	-71.417436	41.8582162	premise	rooftop	165 windmill st, providence, ri 02904, usa	NA	NA	NA	NA	41.8582162	-71.417436	High	31.28858038	Raw	NA	NA	NA	NA	FALSE	41.85799	-71.41766	2021	March
556	2021-03-21	848228	15:20:00	Bicycle	NA	1	FALSE	FALSE	1	BAKER ST	OCONNOR ST	2021-03-21	Two-Way , Not Divided	Dry	Daylight	Clear	Not a Collision Between Two Motor Vehicles in Transport	Yes	No Controls	1	1	Non-Incapacitating	NA	41.79266	-71.40576	FALSE	FALSE	Baker Street and Oconnor Street, Providence, RI, USA	FALSE	-71.4057614	41.7926749	route	geometric_center	o'connor st, providence, ri 02905, usa	Baker Street & O'Connor Street, Providence, RI, USA	EjNCYWtlciBTdHJlZXQgJiBPJ0Nvbm5vciBTdHJlZXQsIFByb3ZpZGVuY2UsIFJJLCBVU0EiZiJkChQKEgl_UBIu80_kiREUDYavxK4kdRIUChIJf1ASLvNP5IkRFA2Gr8SuJHUaFAoSCWX9wJvzT-SJEWzQ9IzRdsO8GhQKEgkrOvgz80_kiRG9r20vJPZWLyIKDV0O6RgVclhw1Q	41.7926749	-71.4057614	41.7926749	-71.4057614	Med	1.662725276	Raw	NA	NA	NA	NA	FALSE	41.79266	-71.40576	2021	March
555	2021-03-22	848292	16:02:00	Pedestrian	1	NA	FALSE	FALSE	1	CANAL ST	SMITH ST	2021-03-22	One-Way Trafficway	Dry	Daylight	Clear	Not a Collision Between Two Motor Vehicles in Transport	No	No Controls	2	0	No Injury	NA	41.83185	-71.41131	FALSE	FALSE	Canal Street and Smith Street, Providence, RI, USA	FALSE	-71.4433053	41.8418141	route	geometric_center	smith st, providence, ri, usa	Canal Street & Smith Street, Providence, RI, USA	EjBDYW5hbCBTdHJlZXQgJiBTbWl0aCBTdHJlZXQsIFByb3ZpZGVuY2UsIFJJLCBVU0EiZiJkChQKEgmNIDqdGUXkiRF9HyMoQizAgRIUChIJjSA6nRlF5IkRfR8jKEIswIEaFAoSCcvUmNAZReSJEftrQiUQSQCyGhQKEgm1rnBMS0TkiREhtaMwuIyrhCIKDcn37hgV7n5v1Q	41.8314185	-71.4113298	41.8314185	-71.4113298	Med	48.06242768	Raw	NA	NA	NA	NA	FALSE	41.83185	-71.41131	2021	March
554	2021-03-23	848391	14:19:00	Other	NA	1	FALSE	FALSE	1	N MAIN STREET	7TH ST	2021-03-24	Two-Way, Divided, Positive Median Barrier	Dry	Daylight	Clear	Not a Collision Between Two Motor Vehicles in Transport	No	No Controls	2	0	No Injury	NA	41.85416	-71.40056	FALSE	FALSE	N Main Street and 7th Street, Providence, RI, USA	FALSE	-71.3980641	41.8526572	route	geometric_center	7th st, providence, ri 02906, usa	North Main Street & 7th Street, Providence, RI, USA	EjNOb3J0aCBNYWluIFN0cmVldCAmIDd0aCBTdHJlZXQsIFByb3ZpZGVuY2UsIFJJLCBVU0EiZiJkChQKEgkBX_oowUTkiRFs0OQsdn0PVxIUChIJAV_6KMFE5IkRbNDkLHZ9D1caFAoSCfn6QT3eROSJEV_Xrb4NXCM_GhQKEgmpxljvxkTkiRHimHB769eCliIKDVNa8hgV-Bdx1Q	41.8536019	-71.4008584	41.8536019	-71.4008584	Med	66.87294604	Raw	NA	NA	NA	NA	FALSE	41.85416	-71.40056	2021	March
553	2021-03-25	848492	20:47:00	Pedestrian	1	NA	FALSE	FALSE	1	MEMORIAL BLVD	FRANCIS ST	2021-03-25	Two-Way , Not Divided	Dry	Dark - Lighted	Clear	Not a Collision Between Two Motor Vehicles in Transport	No	Traffic Control Signal	3	1	Pain Reported	NA	41.82577	-71.41527	FALSE	FALSE	Memorial Blvd and Francis Street, Providence, RI, USA	FALSE	-71.4153098	41.8257791	intersection	geometric_center	memorial blvd & francis st, providence, ri 02903, usa	NA	NA	NA	NA	41.8257791	-71.4153098	Med High	3.453430327	Raw	NA	NA	NA	NA	FALSE	41.82577	-71.41527	2021	March
552	2021-03-26	848583	20:30:00	Pedestrian	1	NA	FALSE	FALSE	1	W RIVER ST	BRANCH AVE	2021-03-26	Two-Way , Not Divided	Dry	Dark - Lighted	Clear	Not a Collision Between Two Motor Vehicles in Transport	Yes	No Controls	1	1	Pain Reported	NA	41.84598	-71.41326	FALSE	FALSE	W River Street and Branch Ave, Providence, RI, USA	FALSE	-71.4126689	41.8468987	intersection	geometric_center	w river st & branch ave, providence, ri 02904, usa	NA	NA	NA	NA	41.8468987	-71.4126689	Med High	113.4094551	Raw	distance greater than 100m	NA	NA	NA	TRUE	41.84598	-71.41326	2021	March
551	2021-03-27	848640	11:53:00	Pedestrian	1	NA	FALSE	FALSE	1	850 Manton Ave	MANTON CT	2021-03-27	Two-Way , Not Divided	Dry	Daylight	Clear	Not a Collision Between Two Motor Vehicles in Transport	Yes	Unknown	1	1	Pain Reported	2	41.83358	-71.46604	TRUE	FALSE	850 Manton Ave, Providence, RI, USA	FALSE	-71.4659043	41.8329814	premise	rooftop	850 manton ave, providence, ri 02909, usa	NA	NA	NA	NA	41.8329814	-71.4659043	High	67.57972371	Raw	NA	NA	NA	NA	FALSE	41.83358	-71.46604	2021	March
549	2021-03-29	848788	12:54:00	Pedestrian	1	NA	FALSE	FALSE	1	WASHINGTON ST	DAVE GAVITT WAY	2021-03-29	Two-Way , Not Divided	Dry	Daylight	Clear	Not a Collision Between Two Motor Vehicles in Transport	No	Traffic Control Signal	3	1	Pain Reported	NA	41.82022	-71.41883	FALSE	FALSE	Washington Street and Dave Gavitt Way, Providence, RI, USA	FALSE	-71.418832	41.8202201	intersection	geometric_center	washington st & dave gavitt way, providence, ri 02903, usa	NA	NA	NA	NA	41.8202201	-71.418832	Med High	0.166292652	Raw	NA	NA	NA	NA	FALSE	41.82022	-71.41883	2021	March
550	2021-03-29	848792	12:56:00	Pedestrian	1	NA	FALSE	FALSE	1	ORMS ST	SMITH ST	2021-03-29	Two-Way , Not Divided	Dry	Daylight	Clear	Not a Collision Between Two Motor Vehicles in Transport	Yes	No Controls	1	1	Pain Reported	NA	41.83376	-71.422	FALSE	FALSE	Orms Street and Smith Street, Providence, RI, USA	FALSE	-71.4219437	41.8337775	intersection	geometric_center	orms st & smith st, providence, ri 02904, usa	NA	NA	NA	NA	41.8337775	-71.4219437	Med High	5.059711933	Raw	NA	NA	NA	NA	FALSE	41.83376	-71.422	2021	March
547	2021-03-31	848959	15:04:00	Bicycle	NA	1	FALSE	FALSE	1	BROOK ST	WILLIAMS ST	2021-03-31	Two-Way , Not Divided	Dry	Daylight	Clear	Angle (Front - to - Side) Right Angle (Includes Broadside)	No	Stop Signs	3	1	Pain Reported	2	41.82248	-71.3986	FALSE	FALSE	Brook Street and Williams Street, Providence, RI, USA	FALSE	-71.3972807	41.8225518	route	geometric_center	williams st, providence, ri, usa	Brook Street & Williams Street, Providence, RI, USA	EjNCcm9vayBTdHJlZXQgJiBXaWxsaWFtcyBTdHJlZXQsIFByb3ZpZGVuY2UsIFJJLCBVU0EiZiJkChQKEglDtn3eO0XkiRGjnWxp6ydaBhIUChIJQ7Z93jtF5IkRo51saesnWgYaFAoSCZtmfXI7ReSJEXWGhyEQeABoGhQKEgnPFWYtOkXkiRHW0StZazEqCyIKDeWZ7RgVg3Bx1Q	41.8224613	-71.3985917	41.8224613	-71.3985917	Med	2.192591873	Raw	NA	NA	NA	NA	FALSE	41.82248	-71.3986	2021	March
548	2021-03-31	848969	19:57:00	Pedestrian	1	NA	FALSE	FALSE	1	PLAINFIELD ST	WEBSTER AVE	2021-03-31	Two-Way, Divided, Unprotected (painted>4feet) Medium	Wet	Dark - Lighted	Rain	Head-On (Front - to - Front)	Yes	Traffic Control Signal	1	1	Pain Reported	NA	41.81366	-71.45081	FALSE	FALSE	Plainfield Street and Webster Ave, Providence, RI, USA	FALSE	-71.4507916	41.813667	intersection	geometric_center	webster ave & plainfield st, providence, ri 02909, usa	NA	NA	NA	NA	41.813667	-71.4507916	Med High	1.713992039	Raw	NA	NA	NA	NA	FALSE	41.81366	-71.45081	2021	March
546	2021-04-04	849204	16:35:00	Pedestrian	1	NA	FALSE	FALSE	1	ACADEMY AVENUE	NEWARK ST	2021-04-04	Two-Way, Divided, Unprotected (painted>4feet) Medium	Dry	Daylight	Clear	Not a Collision Between Two Motor Vehicles in Transport	No	No Controls	2	1	Pain Reported	NA	41.82544	-71.4434	FALSE	FALSE	Academy Avenue and Newark Street, Providence, RI, USA	FALSE	-71.4434441	41.8254949	intersection	geometric_center	academy ave & newark st, providence, ri 02908, usa	NA	NA	NA	NA	41.8254949	-71.4434441	Med High	7.122663329	Raw	NA	NA	NA	NA	FALSE	41.82544	-71.4434	2021	April
543	2021-04-06	849334	11:49:00	Bicycle	NA	1	FALSE	FALSE	1	VALLEY ST	HAROLD ST	2021-04-06	Two-Way , Not Divided	Dry	Daylight	Clear	Not a Collision Between Two Motor Vehicles in Transport	No	Stop Signs	2	1	Non-Incapacitating	NA	41.8269	-71.43756	FALSE	FALSE	Valley Street and Harold Street, Providence, RI, USA	FALSE	-71.4375676	41.826923	intersection	geometric_center	valley st & harold st, providence, ri 02908, usa	NA	NA	NA	NA	41.826923	-71.4375676	Med High	2.636820765	Raw	NA	NA	NA	NA	FALSE	41.8269	-71.43756	2021	April
544	2021-04-06	849373	20:00:00	Bicycle	NA	1	FALSE	FALSE	1	72 Goddard St	CANDACE ST	2021-04-06	Two-Way , Not Divided	Dry	Dark - Lighted	Clear	Not a Collision Between Two Motor Vehicles in Transport	No	No Controls	3	1	Incapacitating	NA	41.83463	-71.42069	TRUE	FALSE	72 Goddard Street, Providence, RI, USA	FALSE	-71.4206258	41.834517	premise	rooftop	72 goddard st, providence, ri 02908, usa	NA	NA	NA	NA	41.834517	-71.4206258	High	13.65970698	Raw	NA	NA	NA	NA	FALSE	41.83463	-71.42069	2021	April
545	2021-04-06	849381	20:52:00	Pedestrian	1	NA	TRUE	FALSE	1	BROAD ST	FRICKER ST	2021-04-06	Two-Way , Not Divided	Dry	Dark - Lighted	Clear	Not a Collision Between Two Motor Vehicles in Transport	No	Pavement Markings	2	1	Non-Incapacitating	NA	41.81528	-71.42066	FALSE	FALSE	Broad Street and Fricker Street, Providence, RI, USA	FALSE	-71.42173	41.8165575	route	geometric_center	fricker st, providence, ri, usa	Broad Street & Fricker Street, Providence, RI, USA	EjJCcm9hZCBTdHJlZXQgJiBGcmlja2VyIFN0cmVldCwgUHJvdmlkZW5jZSwgUkksIFVTQSJmImQKFAoSCcsO7ptxReSJEe1RgLr0NWTvEhQKEgnLDu6bcUXkiRHtUYC69DVk7xoUChIJg9591YxP5IkRLKLKk5hLCKMaFAoSCaG8FtZzReSJESAHFPqNHvDOIgoNcoXsGBU0FG7V	41.8153842	-71.4206156	41.8153842	-71.4206156	Med	12.17036624	Raw	NA	NA	NA	NA	FALSE	41.81528	-71.42066	2021	April
542	2021-04-07	849419	17:38:00	Bicycle	NA	1	FALSE	FALSE	1	NORTH MAIN STREET	CHURCH ST	2021-04-07	One-Way Trafficway	Dry	Daylight	Clear	Not a Collision Between Two Motor Vehicles in Transport	No	No Controls	6	1	Non-Incapacitating	NA	41.83071	-71.41035	FALSE	FALSE	North Main Street and Church Street, Providence, RI, USA	FALSE	-71.3912211	41.8755687	intersection	geometric_center	church st & main st, pawtucket, ri 02860, usa	NA	NA	NA	NA	41.8755687	-71.3912211	Med High	5239.491768	Raw	distance greater than 100m	NA	NA	NA	TRUE	41.83071	-71.41035	2021	April
541	2021-04-08	849507	17:21:00	Bicycle	NA	1	FALSE	FALSE	1	FLORAL AVE	CLADRASH'S AVE	2021-04-08	Two-Way , Not Divided	Dry	Daylight	Clear	Not a Collision Between Two Motor Vehicles in Transport	Yes	No Controls	2	1	Non-Incapacitating	2	41.78419	-71.40703	FALSE	FALSE	Floral Ave and Cladrash's Ave, Providence, RI, USA	FALSE	-71.4128343	41.8239891	locality	approximate	providence, ri, usa	NA	NA	NA	NA	41.8239891	-71.4128343	Med	4456.51924	Raw	distance greater than 100m	NA	NA	NA	TRUE	41.78419	-71.40703	2021	April
540	2021-04-12	849644	14:57:00	Bicycle	NA	1	FALSE	FALSE	1	BROAD ST	BROAD ST	2021-04-12	Two-Way , Not Divided	Dry	Daylight	Clear	Not a Collision Between Two Motor Vehicles in Transport	No	Pavement Markings	3	0	No Injury	NA	41.79929	-71.41603	FALSE	FALSE	Broad Street and Broad Street, Providence, RI, USA	FALSE	-71.4101636	41.7945838	route	geometric_center	broad st, providence, ri, usa	NA	NA	NA	NA	41.7945838	-71.4101636	Med	715.1837912	Unknown	distance greater than 100m	NA	NA	NA	TRUE	NA	NA	2021	April
538	2021-04-14	849748	16:05:00	Bicycle	NA	1	FALSE	FALSE	1	CLEVELAND ST	LAUREL HILL AVE	2021-04-14	Two-Way , Not Divided	Dry	Daylight	Clear	Not a Collision Between Two Motor Vehicles in Transport	No	No Controls	2	1	Non-Incapacitating	NA	41.81587	-71.45588	FALSE	FALSE	Cleveland Street and Laurel Hill Ave, Providence, RI, USA	FALSE	-71.4525408	41.8067975	route	geometric_center	laurel hill ave, providence, ri, usa	Cleveland Street & Laurel Hill Ave, Providence, RI, USA	EjdDbGV2ZWxhbmQgU3RyZWV0ICYgTGF1cmVsIEhpbGwgQXZlLCBQcm92aWRlbmNlLCBSSSwgVVNBImYiZAoUChIJ6x3x7fJF5IkRFnjfh3XZW_4SFAoSCesd8e3yReSJERZ434d12Vv-GhQKEgl1fnvx8kXkiRF-PztRmLLdUxoUChIJTVmu419P5IkR25zSrPUIG04iCg2AmOwYFbqyaNU	41.815872	-71.455879	41.815872	-71.455879	Med	0.237594997	Raw	NA	NA	NA	NA	FALSE	41.81587	-71.45588	2021	April
539	2021-04-14	849752	18:07:00	Bicycle	NA	1	FALSE	FALSE	1	VANDEWATER ST	BRANCH AVE	2021-04-14	Two-Way , Not Divided	Dry	Daylight	Clear	Not a Collision Between Two Motor Vehicles in Transport	No	No Controls	4	1	Pain Reported	NA	41.85367	-71.42883	FALSE	FALSE	Vandewater Street and Branch Ave, Providence, RI, USA	FALSE	-71.428823	41.8536926	intersection	geometric_center	vandewater st & branch ave, providence, ri 02904, usa	NA	NA	NA	NA	41.8536926	-71.428823	Med High	2.581905215	Raw	NA	NA	NA	NA	FALSE	41.85367	-71.42883	2021	April
536	2021-04-15	849775	11:25:00	Pedestrian	1	NA	FALSE	FALSE	1	BLACKSTONE ST	EDDY ST	2021-04-15	Two-Way , Not Divided	Dry	Daylight	Cloudy	Not a Collision Between Two Motor Vehicles in Transport	No	No Controls	2	1	Pain Reported	NA	41.81013	-71.40722	FALSE	FALSE	Blackstone Street and Eddy Street, Providence, RI, USA	FALSE	-71.4072137	41.8101324	intersection	geometric_center	eddy st & blackstone st, providence, ri 02905, usa	NA	NA	NA	NA	41.8101324	-71.4072137	Med High	0.587046756	Raw	NA	NA	NA	NA	FALSE	41.81013	-71.40722	2021	April
537	2021-04-15	849821	15:25:00	Pedestrian	1	NA	FALSE	FALSE	1	PUBLIC ST	BROAD ST	2021-04-16	Two-Way , Not Divided	Dry	Daylight	Cloudy	Not a Collision Between Two Motor Vehicles in Transport	Yes	No Controls	1	1	Pain Reported	NA	41.80442	-71.41935	FALSE	FALSE	Public Street and Broad Street, Providence, RI, USA	FALSE	-71.4193596	41.804449	intersection	geometric_center	public st & broad st, providence, ri 02907, usa	NA	NA	NA	NA	41.804449	-71.4193596	Med High	3.325099214	Raw	NA	NA	NA	NA	FALSE	41.80442	-71.41935	2021	April
534	2021-04-20	850109	14:43:00	Pedestrian	1	NA	FALSE	FALSE	1	DEXTER ST	CRANSTON ST	2021-04-20	Two-Way , Not Divided	Dry	Daylight	Clear	Not a Collision Between Two Motor Vehicles in Transport	No	No Controls	2	1	Non-Incapacitating	NA	41.81267	-71.42962	FALSE	FALSE	Dexter Street and Cranston Street, Providence, RI, USA	FALSE	-71.429588	41.8126029	intersection	geometric_center	cranston st & dexter st, providence, ri 02907, usa	NA	NA	NA	NA	41.8126029	-71.429588	Med High	7.927368547	Raw	NA	NA	NA	NA	FALSE	41.81267	-71.42962	2021	April
535	2021-04-20	850123	12:19:00	Bicycle	NA	1	FALSE	FALSE	1	5 BRANCH AVE	DRYDEN LN	2021-04-20	Two-Way , Not Divided	Dry	Daylight	Clear	Not a Collision Between Two Motor Vehicles in Transport	No	No Controls	3	0	No Injury	2	41.84252	-71.4083	TRUE	FALSE	5 Branch Ave, Providence, RI, USA	FALSE	-71.4074401	41.8438087	premise	rooftop	5 branch ave, providence, ri 02904, usa	NA	NA	NA	NA	41.8438087	-71.4074401	High	160.2041676	Raw	distance greater than 100m	NA	NA	NA	TRUE	41.84252	-71.4083	2021	April