row_number	crash_date	crash_report_id	crash_time	collision_type	count_pedestrian	count_bicycle	scooter	wheel_chair	number_of_vehicles	street_or_highway	nearest_intersection	report_date	type_of_roadway	road_surface_condition	light_condition	weather_condition	manner_of_impact	hit_and_run	traffic_control	person_count	injury_count	most_serious_injury	number_of_lanes	lat_raw	lon_raw	has_st_number	is_intersection_null	address_sent_to_geocoder	is_address_blank	lon_api_first_try	lat_api_first_try	type	loctype	address_returned_by_geocoder	address_returned_by_autocomplete	place_ids_autocompleted	lat_api_second_try	lon_api_second_try	lat_api_best	lon_api_best	api_coord_conf	distance_btwn_coords_meters	best_coordinate_set	reason_for_qa	correct_coordinates	corrected_lat	corrected_lon	manually_qaed_record	final_lat	final_lon	year	month
533	2021-04-22	850258	12:39:00	Pedestrian	1	NA	FALSE	FALSE	1	LISI LN	LANGDON ST	2021-04-22	Two-Way , Not Divided	Dry	Daylight	Clear	Not a Collision Between Two Motor Vehicles in Transport	No	No Controls	3	1	Pain Reported	NA	41.85832	-71.42405	FALSE	FALSE	Lisi Ln and Langdon Street, Providence, RI, USA	FALSE	-71.4243999	41.858299	intersection	geometric_center	langdon st & lisi ln, providence, ri 02904, usa	NA	NA	NA	NA	41.858299	-71.4243999	Med High	29.10440424	Raw	NA	NA	NA	NA	FALSE	41.85832	-71.42405	2021	April
532	2021-04-24	850317	14:30:00	Pedestrian	2	NA	FALSE	FALSE	1	WAVERLY ST	KENWOOD ST	2021-04-24	Two-Way , Not Divided	Dry	Daylight	Clear	Not a Collision Between Two Motor Vehicles in Transport	No	No Controls	4	1	Non-Incapacitating	2	41.80888	-71.43569	FALSE	FALSE	Waverly Street and Kenwood Street, Providence, RI, USA	FALSE	-71.4354099	41.8087389	intersection	geometric_center	kenwood st & waverly st, providence, ri 02907, usa	NA	NA	NA	NA	41.8087389	-71.4354099	Med High	28.05117115	Raw	NA	NA	NA	NA	FALSE	41.80888	-71.43569	2021	April
531	2021-04-27	850500	14:24:00	Bicycle	NA	1	FALSE	FALSE	1	VALLEY ST	HEMLOCK ST	2021-04-27	Two-Way , Not Divided	Dry	Daylight	Clear	Angle (Front - to - Side) Right Angle (Includes Broadside)	No	Stop Signs	3	1	Pain Reported	NA	41.83044	-71.43051	FALSE	FALSE	Valley Street and Hemlock Street, Providence, RI, USA	FALSE	-71.4304933	41.8304583	intersection	geometric_center	valley st & hemlock st, providence, ri 02908, usa	NA	NA	NA	NA	41.8304583	-71.4304933	Med High	2.463486718	Raw	NA	NA	NA	NA	FALSE	41.83044	-71.43051	2021	April
528	2021-05-04	851034	09:13:00	Pedestrian	1	NA	FALSE	FALSE	1	35 TERMINAL RD	NA	2021-05-04	Two-Way , Not Divided	Wet	Daylight	Rain	Not a Collision Between Two Motor Vehicles in Transport	No	No Controls	2	1	Pain Reported	NA	NA	NA	TRUE	TRUE	35 Terminal Rd, Providence, RI, USA	FALSE	-71.3890013	41.7966332	premise	rooftop	35 terminal rd, providence, ri 02905, usa	NA	NA	NA	NA	41.7966332	-71.3890013	High	NA	Neither	raw coords null but geocoded coords found	41.79618, -71.38915	41.79618	-71.38915	TRUE	41.79618	-71.38915	2021	May
529	2021-05-04	851049	13:28:00	Pedestrian	1	NA	FALSE	FALSE	1	601 N Main St	NA	2021-05-04	Two-Way , Not Divided	Dry	Daylight	Cloudy	Not a Collision Between Two Motor Vehicles in Transport	Yes	No Controls	1	1	Pain Reported	NA	NA	NA	TRUE	TRUE	601 N Main Street, Providence, RI, USA	FALSE	-71.4083214	41.8372393	subpremise	rooftop	601 n main st, providence, ri 02904, usa	NA	NA	NA	NA	41.8372393	-71.4083214	High	NA	Neither	raw coords null but geocoded coords found	41.8373, -71.40944	41.8373	-71.40944	TRUE	41.8373	-71.40944	2021	May
530	2021-05-04	851095	20:59:00	Pedestrian	1	NA	FALSE	FALSE	1	ATWELLS AVE AT DEAN ST	DEAN ST	2021-05-04	Two-Way , Not Divided	Dry	Dark - Lighted	Clear	Not a Collision Between Two Motor Vehicles in Transport	No	Traffic Control Signal	3	1	Incapacitating	NA	41.82339	-71.4242	FALSE	FALSE	Atwells Ave At Dean Street and Dean Street, Providence, RI, USA	FALSE	-71.4363598	41.8244829	route	geometric_center	atwells ave, providence, ri, usa	NA	NA	NA	NA	41.8244829	-71.4363598	Med	1016.026523	Raw	distance greater than 100m	NA	NA	NA	TRUE	41.82339	-71.4242	2021	May
527	2021-05-05	851151	17:10:00	Pedestrian	1	NA	FALSE	FALSE	1	BROADWAY	EMPIRE ST	2021-05-05	Two-Way , Not Divided	Wet	Daylight	Rain	Not a Collision Between Two Motor Vehicles in Transport	No	Pavement Markings	2	1	Pain Reported	NA	41.82257	-71.41747	FALSE	FALSE	Broadway and Empire Street, Providence, RI, USA	FALSE	-71.4157797	41.821349	route	geometric_center	empire st, providence, ri 02903, usa	Broadway & Empire Street, Providence, RI, USA	Ei1Ccm9hZHdheSAmIEVtcGlyZSBTdHJlZXQsIFByb3ZpZGVuY2UsIFJJLCBVU0EiZiJkChQKEglNlP-DEkXkiRHtQ_ofNG0sSxIUChIJTZT_gxJF5IkR7UP6HzRtLEsaFAoSCaW15YZ1ReSJERrCM7HXpG-zGhQKEgnHPO_pEkXkiRGhxI4iuiomFSIKDV6l7RgVloNu1Q	41.822755	-71.4177642	41.822755	-71.4177642	Med	31.9337219	Raw	NA	NA	NA	NA	FALSE	41.82257	-71.41747	2021	May
526	2021-05-06	851187	08:12:00	Other	NA	NA	TRUE	FALSE	1	POCASSET AVE	LOWELL AVE	2021-05-06	Two-Way , Not Divided	Dry	Daylight	Clear	Not a Collision Between Two Motor Vehicles in Transport	No	Stop Signs	2	1	Non-Incapacitating	NA	41.80976	-71.45478	FALSE	FALSE	Pocasset Ave and Lowell Ave, Providence, RI, USA	FALSE	-71.454773	41.809757	intersection	geometric_center	pocasset ave & lowell ave, providence, ri 02909, usa	NA	NA	NA	NA	41.809757	-71.454773	Med High	0.669979619	Raw	NA	NA	NA	NA	FALSE	41.80976	-71.45478	2021	May
525	2021-05-09	851493	23:00:00	Pedestrian	2	NA	FALSE	FALSE	1	160 Benedict St	CRANSTON ST	2021-05-10	Unknown	Wet	Dark - Lighted	Rain	Not a Collision Between Two Motor Vehicles in Transport	Yes	No Controls	2	2	Pain Reported	NA	41.80585	-71.43835	TRUE	FALSE	160 Benedict Street, Providence, RI, USA	FALSE	-71.4392845	41.8059127	premise	rooftop	160 benedict st, providence, ri 02909, usa	NA	NA	NA	NA	41.8059127	-71.4392845	High	77.85679903	Raw	NA	NA	NA	NA	FALSE	41.80585	-71.43835	2021	May
523	2021-05-10	851513	14:07:00	Pedestrian	1	NA	FALSE	FALSE	1	POTTERS AVE	BROAD ST	2021-05-10	Two-Way , Not Divided	Dry	Daylight	Clear	Not a Collision Between Two Motor Vehicles in Transport	No	Traffic Control Signal	2	0	No Injury	NA	41.80297	-71.41891	FALSE	FALSE	Potters Ave and Broad Street, Providence, RI, USA	FALSE	-71.4189101	41.802993	intersection	geometric_center	potters ave & broad st, providence, ri 02905, usa	NA	NA	NA	NA	41.802993	-71.4189101	Med High	2.560361737	Raw	NA	NA	NA	NA	FALSE	41.80297	-71.41891	2021	May
524	2021-05-10	851564	17:00:00	Bicycle	1	NA	FALSE	FALSE	1	MERINO ST	EASTWOOD AVE	2021-05-11	Two-Way , Not Divided	Dry	Daylight	Clear	Angle (Front - to - Side) Right Angle (Includes Broadside)	Yes	No Controls	2	1	Pain Reported	NA	41.81504	-71.45787	FALSE	FALSE	Merino Street and Eastwood Ave, Providence, RI, USA	FALSE	-71.4578779	41.815075	intersection	geometric_center	merino st & eastwood ave, providence, ri 02909, usa	NA	NA	NA	NA	41.815075	-71.4578779	Med High	3.950927881	Raw	NA	NA	NA	NA	FALSE	41.81504	-71.45787	2021	May
522	2021-05-11	851603	15:58:00	Pedestrian	1	NA	FALSE	TRUE	1	SORRENTO ST	WADSWORTH ST	2021-05-11	Two-Way , Not Divided	Dry	Daylight	Clear	Not a Collision Between Two Motor Vehicles in Transport	No	No Controls	2	1	Pain Reported	NA	41.80663	-71.43846	FALSE	FALSE	Sorrento Street and Wadsworth Street, Providence, RI, USA	FALSE	-71.4384539	41.806629	intersection	geometric_center	sorrento st & wadsworth st, providence, ri 02909, usa	NA	NA	NA	NA	41.806629	-71.4384539	Med High	0.518258896	Raw	NA	NA	NA	NA	FALSE	41.80663	-71.43846	2021	May
521	2021-05-12	851670	15:26:00	Bicycle	NA	1	FALSE	FALSE	1	Manton ave	TANYARD LN	2021-05-12	Two-Way, Divided, Unprotected (painted>4feet) Medium	Dry	Daylight	Clear	Sideswipe, Same Direction	No	No Controls	3	1	Pain Reported	NA	41.81729	-71.44379	FALSE	FALSE	Manton Ave and Tanyard Ln, Providence, RI, USA	FALSE	-71.4440975	41.8175419	intersection	geometric_center	tanyard ln & manton ave, providence, ri 02909, usa	NA	NA	NA	NA	41.8175419	-71.4440975	Med High	37.90967459	Raw	NA	NA	NA	NA	FALSE	41.81729	-71.44379	2021	May
520	2021-05-15	852927	19:44:00	Pedestrian	1	NA	FALSE	FALSE	1	Lowell Ave	NYE ST	2021-05-16	Two-Way , Not Divided	Dry	Dark - Lighted	Clear	Not a Collision Between Two Motor Vehicles in Transport	Yes	No Controls	2	0	No Injury	NA	41.81648	-71.46019	FALSE	FALSE	Lowell Ave and Nye Street, Providence, RI, USA	FALSE	-71.460381	41.817028	intersection	geometric_center	nye st & lowell ave, providence, ri 02909, usa	NA	NA	NA	NA	41.817028	-71.460381	Med High	63.02759237	Raw	NA	NA	NA	NA	FALSE	41.81648	-71.46019	2021	May
519	2021-05-16	852911	13:14:00	Pedestrian	1	NA	FALSE	FALSE	1	325 VALLEY ST	TURNER ST	2021-05-16	Two-Way , Not Divided	Dry	Daylight	Cloudy	Not a Collision Between Two Motor Vehicles in Transport	No	No Controls	3	1	Pain Reported	NA	41.82588	-71.43896	TRUE	FALSE	325 Valley Street, Providence, RI, USA	FALSE	-71.4379021	41.8259072	premise	rooftop	325 valley st, providence, ri 02908, usa	NA	NA	NA	NA	41.8259072	-71.4379021	High	87.80763711	Raw	NA	NA	NA	NA	FALSE	41.82588	-71.43896	2021	May
517	2021-05-20	853093	14:56:00	Pedestrian	1	NA	FALSE	FALSE	1	CLARENCE ST	WEBSTER AVE	2021-05-20	Two-Way , Not Divided	Dry	Daylight	Clear	Not a Collision Between Two Motor Vehicles in Transport	No	Pavement Markings	3	1	Pain Reported	NA	41.80999	-71.44906	FALSE	FALSE	Clarence Street and Webster Ave, Providence, RI, USA	FALSE	-71.4490339	41.809996	intersection	geometric_center	clarence st & webster ave, providence, ri 02909, usa	NA	NA	NA	NA	41.809996	-71.4490339	Med High	2.266257612	Raw	NA	NA	NA	NA	FALSE	41.80999	-71.44906	2021	May
518	2021-05-20	853135	19:54:00	Pedestrian	1	NA	FALSE	FALSE	1	Houghton St	Veazie St	2021-05-20	Two-Way , Not Divided	Dry	Daylight	Clear	Not a Collision Between Two Motor Vehicles in Transport	Yes	No Controls	1	1	Non-Incapacitating	NA	41.85651	-71.43483	FALSE	FALSE	Houghton Street and Veazie Street, Providence, RI, USA	FALSE	-71.43417	41.8561992	intersection	geometric_center	houghton st & veazie st, providence, ri 02904, usa	NA	NA	NA	NA	41.8561992	-71.43417	Med High	64.74247723	Raw	NA	NA	NA	NA	FALSE	41.85651	-71.43483	2021	May
515	2021-05-24	853281	14:41:00	Bicycle	NA	1	FALSE	FALSE	1	CAMP ST	DOYLE AVE	2021-05-24	Two-Way , Not Divided	Dry	Daylight	Clear	Not a Collision Between Two Motor Vehicles in Transport	No	Stop Signs	2	1	Pain Reported	NA	41.8388	-71.40419	FALSE	FALSE	Camp Street and Doyle Ave, Providence, RI, USA	FALSE	-71.4041847	41.838804	intersection	geometric_center	camp st & doyle ave, providence, ri 02906, usa	NA	NA	NA	NA	41.838804	-71.4041847	Med High	0.625687586	Raw	NA	NA	NA	NA	FALSE	41.8388	-71.40419	2021	May
516	2021-05-24	853283	16:23:00	Pedestrian	1	NA	TRUE	FALSE	1	N MAIN ST	DOYLE AVE	2021-05-24	Two-Way , Not Divided	Dry	Daylight	Clear	Not a Collision Between Two Motor Vehicles in Transport	No	Traffic Control Signal	2	1	Pain Reported	NA	41.83835	-71.40923	FALSE	FALSE	N Main Street and Doyle Ave, Providence, RI, USA	FALSE	-71.4000972	41.8387695	route	geometric_center	doyle ave, providence, ri 02906, usa	North Main Street & Doyle Ave, Providence, RI, USA	EjJOb3J0aCBNYWluIFN0cmVldCAmIERveWxlIEF2ZSwgUHJvdmlkZW5jZSwgUkksIFVTQSJmImQKFAoSCXf5vyseReSJETFnB8CyBmhQEhQKEgl3-b8rHkXkiRExZwfAsgZoUBoUChIJ-fpBPd5E5IkRX9etvg1cIz8aFAoSCTmA9zjfROSJEUS_S7ng1zRJIgoNQwfwGBUn0W_V	41.8383683	-71.4092249	41.8383683	-71.4092249	Med	2.080594779	Raw	NA	NA	NA	NA	FALSE	41.83835	-71.40923	2021	May
514	2021-05-25	853318	16:07:00	Pedestrian	1	NA	FALSE	FALSE	1	WASHINGTON ST	EDDY ST	2021-05-25	Two-Way , Not Divided	Dry	Daylight	Clear	Not a Collision Between Two Motor Vehicles in Transport	No	Pavement Markings	2	1	Non-Incapacitating	NA	41.82401	-71.4134	FALSE	FALSE	Washington Street and Eddy Street, Providence, RI, USA	FALSE	-71.4072274	41.8059506	route	geometric_center	eddy st, providence, ri, usa	Washington Street & Eddy Street, Providence, RI, USA	EjRXYXNoaW5ndG9uIFN0cmVldCAmIEVkZHkgU3RyZWV0LCBQcm92aWRlbmNlLCBSSSwgVVNBImYiZAoUChIJYTKH6BNF5IkR5kp7LeyaeroSFAoSCWEyh-gTReSJEeZKey3smnq6GhQKEgmp2s2cEkXkiREaB9CWoxI09hoUChIJO0x4GWdF5IkRbcddUVrUSsgiCg1e1-0YFXYtb9U	41.824035	-71.4134154	41.824035	-71.4134154	Med	3.062194969	Raw	NA	NA	NA	NA	FALSE	41.82401	-71.4134	2021	May
512	2021-05-27	853375	10:44:00	Pedestrian	1	NA	FALSE	FALSE	1	SMITH ST	ORMS ST	2021-05-27	Two-Way , Not Divided	Dry	Daylight	Clear	Other	No	Traffic Control Signal	3	1	Pain Reported	NA	41.8338	-71.42207	FALSE	FALSE	Smith Street and Orms Street, Providence, RI, USA	FALSE	-71.4219437	41.8337775	intersection	geometric_center	orms st & smith st, providence, ri 02904, usa	NA	NA	NA	NA	41.8337775	-71.4219437	Med High	10.77087541	Raw	NA	NA	NA	NA	FALSE	41.8338	-71.42207	2021	May
513	2021-05-27	853381	09:08:00	Bicycle	NA	1	FALSE	FALSE	1	Ledge St	Silver Spring St	2021-05-27	Two-Way , Not Divided	Dry	Daylight	Clear	Not a Collision Between Two Motor Vehicles in Transport	No	Stop Signs	5	1	Pain Reported	2	NA	NA	FALSE	FALSE	Ledge Street and Silver Spring Street, Providence, RI, USA	FALSE	-71.412629	41.8531992	intersection	geometric_center	silver spring st & ledge st, providence, ri 02904, usa	NA	NA	NA	NA	41.8531992	-71.412629	Med High	NA	Geocoded	raw coords null but geocoded coords found	NA	NA	NA	TRUE	41.8531992	-71.412629	2021	May
511	2021-05-30	853479	00:19:00	Pedestrian	1	NA	FALSE	FALSE	1	Francis Street	Fountain Street	2021-05-30	Two-Way , Not Divided	Wet	Dark - Lighted	Clear	Not a Collision Between Two Motor Vehicles in Transport	Yes	Traffic Control Signal	2	1	Incapacitating	NA	41.82492	-71.41462	FALSE	FALSE	Francis Street and Fountain Street, Providence, RI, USA	FALSE	-71.4161507	41.8232429	route	geometric_center	fountain st, providence, ri, usa	Francis Street & Fountain Street, Scranton, SC, USA	EjNGcmFuY2lzIFN0cmVldCAmIEZvdW50YWluIFN0cmVldCwgU2NyYW50b24sIFNDLCBVU0EiZiJkChQKEgmPjDUaT43_iBHX2ZixABOeIhIUChIJj4w1Gk-N_4gR19mYsQATniIaFAoSCVsPCwRPjf-IETFRxLfMAKuHGhQKEgl1IOXmTo3_iBHC06S-p07haSIKDftsNxQV_UZ30A	33.9176699	-79.7489411	33.9176699	-79.7489411	Med	1143864.24	Raw	distance greater than 100m	NA	NA	NA	TRUE	41.82492	-71.41462	2021	May
509	2021-06-02	853631	14:26:00	Pedestrian	1	NA	FALSE	TRUE	1	MANTON AVE	OLNEYVILLE SQ	2021-06-02	Two-Way, Divided, Positive Median Barrier	Dry	Daylight	Clear	Not a Collision Between Two Motor Vehicles in Transport	Yes	Pavement Markings	2	1	Pain Reported	NA	41.81677	-71.44322	FALSE	FALSE	Manton Ave and Olneyville Sq, Providence, RI, USA	FALSE	-71.4434849	41.8167835	route	geometric_center	olneyville square, providence, ri 02909, usa	NA	NA	NA	NA	41.8167835	-71.4434849	Med	22.02855915	Raw	NA	NA	NA	NA	FALSE	41.81677	-71.44322	2021	June
510	2021-06-02	853644	16:31:00	Bicycle	NA	1	FALSE	FALSE	1	BROADWAY	WESTMINSTER ST	2021-06-02	Two-Way , Not Divided	Dry	Daylight	Clear	Sideswipe, Same Direction	No	No Controls	2	1	Pain Reported	NA	41.81663	-71.44201	FALSE	FALSE	Broadway and Westminster Street, Providence, RI, USA	FALSE	-71.4257801	41.8171825	route	geometric_center	westminster st, providence, ri, usa	Broadway & Westminster Street, Providence, RI, USA	EjJCcm9hZHdheSAmIFdlc3RtaW5zdGVyIFN0cmVldCwgUHJvdmlkZW5jZSwgUkksIFVTQSJmImQKFAoSCU9CN4WaReSJEVrL1h0eYrSAEhQKEglPQjeFmkXkiRFay9YdHmK0gBoUChIJpbXlhnVF5IkRGsIzsdekb7MaFAoSCf17EuZ0ReSJEcWGNOX-huwAIgoNWb7sGBWC92rV	41.8168409	-71.441011	41.8168409	-71.441011	Med	86.14234691	Raw	NA	NA	NA	NA	FALSE	41.81663	-71.44201	2021	June
508	2021-06-03	853666	18:36:00	Pedestrian	1	NA	FALSE	FALSE	1	ROSEDALE ST	MESSER ST	2021-06-03	Two-Way , Not Divided	Dry	Daylight	Clear	Not a Collision Between Two Motor Vehicles in Transport	No	No Controls	4	0	No Injury	NA	41.81038	-71.4356	FALSE	FALSE	Rosedale Street and Messer Street, Providence, RI, USA	FALSE	-71.435204	41.8103679	intersection	geometric_center	rosedale st & messer st, providence, ri 02909, usa	NA	NA	NA	NA	41.8103679	-71.435204	Med High	32.88473651	Raw	NA	NA	NA	NA	FALSE	41.81038	-71.4356	2021	June
507	2021-06-05	853749	06:29:00	Pedestrian	2	NA	FALSE	FALSE	1	CRANSTON ST	POTTERS AVE	2021-06-05	Two-Way, Divided, Unprotected (painted>4feet) Medium	Dry	Daylight	Clear	Not a Collision Between Two Motor Vehicles in Transport	Yes	No Controls	3	2	Incapacitating	2	41.80471	-71.43816	FALSE	FALSE	Cranston Street and Potters Ave, Providence, RI, USA	FALSE	-71.4377905	41.8050672	intersection	geometric_center	potters ave & cranston st, providence, ri 02909, usa	NA	NA	NA	NA	41.8050672	-71.4377905	Med High	50.21173317	Raw	NA	NA	NA	NA	FALSE	41.80471	-71.43816	2021	June
506	2021-06-06	853801	01:53:00	Pedestrian	1	NA	FALSE	FALSE	1	SILVER SPRING ST	CHARLES ST	2021-06-06	Two-Way, Not Divided With a Continuous Left Turn Lane	Dry	Dark - Lighted	Clear	Not a Collision Between Two Motor Vehicles in Transport	Yes	Traffic Control Signal	3	1	Pain Reported	NA	41.84501	-71.41842	FALSE	FALSE	Silver Spring Street and Charles Street, Providence, RI, USA	FALSE	-71.4187064	41.8448189	intersection	geometric_center	silver spring st & charles st, providence, ri 02904, usa	NA	NA	NA	NA	41.8448189	-71.4187064	Med High	31.88470887	Raw	NA	NA	NA	NA	FALSE	41.84501	-71.41842	2021	June
505	2021-06-08	853952	19:13:00	Bicycle	NA	1	FALSE	FALSE	1	CHAFFEE ST	BAILEY CT	2021-06-08	Two-Way , Not Divided	Dry	Daylight	Clear	Not a Collision Between Two Motor Vehicles in Transport	No	No Controls	2	1	Non-Incapacitating	NA	41.81931	-71.44445	FALSE	FALSE	Chaffee Street and Bailey Ct, Providence, RI, USA	FALSE	-71.4444054	41.8193356	intersection	geometric_center	bailey ct & chaffee st, providence, ri 02909, usa	NA	NA	NA	NA	41.8193356	-71.4444054	Med High	4.670297881	Raw	NA	NA	NA	NA	FALSE	41.81931	-71.44445	2021	June
504	2021-06-12	854148	22:48:00	Pedestrian	1	NA	FALSE	FALSE	1	Broad Street	Stewart Street	2021-06-12	Two-Way , Not Divided	Dry	Dark - Lighted	Clear	Not a Collision Between Two Motor Vehicles in Transport	Yes	Traffic Control Signal	1	1	Pain Reported	NA	41.81692	-71.41795	FALSE	FALSE	Broad Street and Stewart Street, Providence, RI, USA	FALSE	-71.4178923	41.8169459	route	geometric_center	stewart st, providence, ri 02903, usa	Broad Street & Stewart Street, Providence, RI, USA	EjJCcm9hZCBTdHJlZXQgJiBTdGV3YXJ0IFN0cmVldCwgUHJvdmlkZW5jZSwgUkksIFVTQSJmImQKFAoSCXFyFvVtReSJEfHpf-l8DP4KEhQKEglxchb1bUXkiRHx6X_pfAz-ChoUChIJg9591YxP5IkRLKLKk5hLCKMaFAoSCTcC0IxtReSJEWSrw6cSaSzgIgoNc8LsGBWVfm7V	41.8169459	-71.4178923	41.8169459	-71.4178923	Med	5.588231095	Raw	NA	NA	NA	NA	FALSE	41.81692	-71.41795	2021	June
503	2021-06-14	854220	15:06:00	Pedestrian	1	NA	FALSE	FALSE	1	River Ave.	Smith St.	2021-06-14	Two-Way , Not Divided	Wet	Daylight	Rain	Not a Collision Between Two Motor Vehicles in Transport	No	Traffic Control Signal	2	1	Pain Reported	NA	41.84058	-71.44055	FALSE	FALSE	River Ave. and Smith St., Providence, RI, USA	FALSE	-71.4405875	41.8406638	intersection	geometric_center	river ave & smith st, providence, ri 02908, usa	NA	NA	NA	NA	41.8406638	-71.4405875	Med High	9.833330656	Raw	NA	NA	NA	NA	FALSE	41.84058	-71.44055	2021	June
500	2021-06-18	854337	02:10:00	Pedestrian	1	NA	FALSE	FALSE	1	51 Silver Spring Street	Charles Street	2021-06-18	Unknown	Dry	Dark - Lighted	Clear	Not a Collision Between Two Motor Vehicles in Transport	Yes	No Controls	1	1	Incapacitating	NA	41.84501	-71.41842	TRUE	FALSE	51 Silver Spring Street, Providence, RI, USA	FALSE	-71.4166633	41.8454522	premise	rooftop	51 silver spring st, providence, ri 02904, usa	NA	NA	NA	NA	41.8454522	-71.4166633	High	153.7705954	Raw	distance greater than 100m	NA	NA	NA	TRUE	41.84501	-71.41842	2021	June
501	2021-06-18	854356	20:06:00	Pedestrian	1	NA	FALSE	FALSE	1	FRANCIS ST	AMERICAN EXPRESS PLZ	2021-06-18	Two-Way , Not Divided	Dry	Dark - Lighted	Clear	Head-On (Front - to - Front)	Yes	No Controls	1	1	Pain Reported	NA	41.82745	-71.41541	FALSE	FALSE	Francis Street and American Express Plz, Providence, RI, USA	FALSE	-71.4128343	41.8239891	locality	approximate	providence, ri, usa	NA	NA	NA	NA	41.8239891	-71.4128343	Med	440.545949	Raw	distance greater than 100m	NA	NA	NA	TRUE	41.82745	-71.41541	2021	June
502	2021-06-18	854362	23:05:00	Pedestrian	1	NA	FALSE	FALSE	1	Broad Street	Fricker Street	2021-06-18	Two-Way , Not Divided	Dry	Dark - Lighted	Clear	Not a Collision Between Two Motor Vehicles in Transport	Yes	No Controls	1	1	Pain Reported	NA	41.81528	-71.42066	FALSE	FALSE	Broad Street and Fricker Street, Providence, RI, USA	FALSE	-71.42173	41.8165575	route	geometric_center	fricker st, providence, ri, usa	Broad Street & Fricker Street, Providence, RI, USA	EjJCcm9hZCBTdHJlZXQgJiBGcmlja2VyIFN0cmVldCwgUHJvdmlkZW5jZSwgUkksIFVTQSJmImQKFAoSCcsO7ptxReSJEe1RgLr0NWTvEhQKEgnLDu6bcUXkiRHtUYC69DVk7xoUChIJg9591YxP5IkRLKLKk5hLCKMaFAoSCaG8FtZzReSJESAHFPqNHvDOIgoNcoXsGBU0FG7V	41.8153842	-71.4206156	41.8153842	-71.4206156	Med	12.17036624	Raw	NA	NA	NA	NA	FALSE	41.81528	-71.42066	2021	June
498	2021-06-22	854527	06:27:00	Pedestrian	1	NA	FALSE	FALSE	1	PROMENADE ST	KINSLEY AVE	2021-06-22	Two-Way , Not Divided	Dry	Daylight	Clear	Not a Collision Between Two Motor Vehicles in Transport	No	Stop Signs	2	1	Pain Reported	NA	41.82937	-71.4241	FALSE	FALSE	Promenade Street and Kinsley Ave, Providence, RI, USA	FALSE	-71.4231696	41.8292321	intersection	geometric_center	promenade st & kinsley ave, providence, ri 02908, usa	NA	NA	NA	NA	41.8292321	-71.4231696	Med High	78.68679832	Raw	NA	NA	NA	NA	FALSE	41.82937	-71.4241	2021	June
499	2021-06-22	854593	14:03:00	Pedestrian	1	NA	FALSE	FALSE	1	ABBOTT ST	ROYAL ST	2021-06-23	One-Way Trafficway	Wet	Daylight	Rain	Not a Collision Between Two Motor Vehicles in Transport	No	No Controls	2	1	Pain Reported	NA	41.81911	-71.3893	FALSE	FALSE	Abbott Street and Royal Street, Providence, RI, USA	FALSE	-71.4056432	41.8434195	route	geometric_center	royal st, providence, ri 02906, usa	NA	NA	NA	NA	41.8434195	-71.4056432	Med	3026.669711	Geocoded	distance greater than 100m	NA	NA	NA	TRUE	41.8434195	-71.4056432	2021	June
496	2021-06-23	854579	10:41:00	Bicycle	NA	1	FALSE	FALSE	1	IRVING AVE	BLACKSTONE BLVD	2021-06-23	Two-Way, Divided, Positive Median Barrier	Dry	Daylight	Clear	Not a Collision Between Two Motor Vehicles in Transport	No	Pavement Markings	4	1	Incapacitating	NA	41.83413	-71.38419	FALSE	FALSE	Irving Ave and Blackstone Blvd, Providence, RI, USA	FALSE	-71.3837393	41.8342209	intersection	geometric_center	irving ave & blackstone blvd, providence, ri 02906, usa	NA	NA	NA	NA	41.8342209	-71.3837393	Med High	38.72718681	Raw	NA	NA	NA	NA	FALSE	41.83413	-71.38419	2021	June
497	2021-06-23	854584	12:45:00	Pedestrian	1	NA	FALSE	FALSE	1	POTTERS AVE	ELMWOOD AVE	2021-06-23	Two-Way , Not Divided	Dry	Daylight	Clear	Not a Collision Between Two Motor Vehicles in Transport	No	Traffic Control Signal	3	1	Incapacitating	NA	41.80151	-71.42635	FALSE	FALSE	Potters Ave and Elmwood Ave, Providence, RI, USA	FALSE	-71.4263655	41.8015172	intersection	geometric_center	potters ave & elmwood ave, providence, ri 02907, usa	NA	NA	NA	NA	41.8015172	-71.4263655	Med High	1.515535855	Raw	NA	NA	NA	NA	FALSE	41.80151	-71.42635	2021	June
495	2021-06-24	854647	13:21:00	Pedestrian	1	NA	FALSE	FALSE	1	POTTERS AVE	BROAD ST	2021-06-24	Two-Way , Not Divided	Dry	Daylight	Clear	Not a Collision Between Two Motor Vehicles in Transport	No	Traffic Control Signal	4	1	Non-Incapacitating	NA	41.80297	-71.41891	FALSE	FALSE	Potters Ave and Broad Street, Providence, RI, USA	FALSE	-71.4189101	41.802993	intersection	geometric_center	potters ave & broad st, providence, ri 02905, usa	NA	NA	NA	NA	41.802993	-71.4189101	Med High	2.560361737	Raw	NA	NA	NA	NA	FALSE	41.80297	-71.41891	2021	June
494	2021-06-27	854775	01:00:00	Pedestrian	1	NA	FALSE	FALSE	1	POWER ST	POWER ST	2021-06-27	One-Way Trafficway	Dry	Dark - Lighted	Clear	Not a Collision Between Two Motor Vehicles in Transport	Yes	No Controls	3	0	Unknown	NA	41.82266	-71.40536	FALSE	FALSE	Power Street and Power Street, Providence, RI, USA	FALSE	-71.3970049	41.8232025	route	geometric_center	power st, providence, ri, usa	NA	NA	NA	NA	41.8232025	-71.3970049	Med	695.7341975	Unknown	distance greater than 100m	NA	NA	NA	TRUE	NA	NA	2021	June