row_number	crash_date	crash_report_id	crash_time	collision_type	count_pedestrian	count_bicycle	scooter	wheel_chair	number_of_vehicles	street_or_highway	nearest_intersection	report_date	type_of_roadway	road_surface_condition	light_condition	weather_condition	manner_of_impact	hit_and_run	traffic_control	person_count	injury_count	most_serious_injury	number_of_lanes	lat_raw	lon_raw	has_st_number	is_intersection_null	address_sent_to_geocoder	is_address_blank	lon_api_first_try	lat_api_first_try	type	loctype	address_returned_by_geocoder	address_returned_by_autocomplete	place_ids_autocompleted	lat_api_second_try	lon_api_second_try	lat_api_best	lon_api_best	api_coord_conf	distance_btwn_coords_meters	best_coordinate_set	reason_for_qa	correct_coordinates	corrected_lat	corrected_lon	manually_qaed_record	final_lat	final_lon	year	month
493	2021-06-28	854829	10:53:00	Bicycle	NA	1	FALSE	FALSE	2	LENOX AVE	NIAGARA ST	2021-06-28	Two-Way , Not Divided	Dry	Daylight	Clear	Not a Collision Between Two Motor Vehicles in Transport	No	Stop Signs	4	2	Incapacitating	NA	41.79732	-71.41793	FALSE	FALSE	Lenox Ave and Niagara Street, Providence, RI, USA	FALSE	-71.4179306	41.7973363	intersection	geometric_center	lenox ave & niagara st, providence, ri 02907, usa	NA	NA	NA	NA	41.7973363	-71.4179306	Med High	1.815190789	Raw	NA	NA	NA	NA	FALSE	41.79732	-71.41793	2021	June
492	2021-06-29	854911	22:44:00	Bicycle	NA	1	FALSE	FALSE	1	Smith Street	Chalkstone Ave	2021-06-29	Two-Way , Not Divided	Dry	Dark - Lighted	Clear	Not a Collision Between Two Motor Vehicles in Transport	Yes	Traffic Control Signal	1	1	Pain Reported	NA	41.83521	-71.42565	FALSE	FALSE	Smith Street and Chalkstone Ave, Providence, RI, USA	FALSE	-71.4256425	41.8352214	intersection	geometric_center	chalkstone ave & smith st, providence, ri 02908, usa	NA	NA	NA	NA	41.8352214	-71.4256425	Med High	1.413300365	Raw	NA	NA	NA	NA	FALSE	41.83521	-71.42565	2021	June
491	2021-06-30	854967	16:59:00	Pedestrian	2	NA	TRUE	FALSE	1	ATWELLS AVE	WEEDEN ST	2021-06-30	Two-Way , Not Divided	Dry	Daylight	Clear	Not a Collision Between Two Motor Vehicles in Transport	Yes	No Controls	3	1	Non-Incapacitating	NA	41.8234	-71.42431	FALSE	FALSE	Atwells Ave and Weeden Street, Providence, RI, USA	FALSE	-71.424769	41.8234469	intersection	geometric_center	weeden st & atwells ave, providence, ri 02903, usa	NA	NA	NA	NA	41.8234469	-71.424769	Med High	38.43291613	Raw	NA	NA	NA	NA	FALSE	41.8234	-71.42431	2021	June
489	2021-07-06	855177	15:04:00	Bicycle	NA	1	FALSE	FALSE	1	CRANSTON ST	FRICKER ST	2021-07-06	Two-Way , Not Divided	Dry	Daylight	Clear	Angle (Front - to - Side) Same Direction	No	No Controls	3	1	Pain Reported	2	41.81695	-71.4226	FALSE	FALSE	Cranston Street and Fricker Street, Providence, RI, USA	FALSE	-71.4223096	41.817219	intersection	geometric_center	cranston st & fricker st, providence, ri 02903, usa	NA	NA	NA	NA	41.817219	-71.4223096	Med High	38.43381756	Raw	NA	NA	NA	NA	FALSE	41.81695	-71.4226	2021	July
490	2021-07-06	855180	17:54:00	Pedestrian	1	NA	FALSE	FALSE	1	ATWELLS AVE	JULIAN ST	2021-07-06	Two-Way , Not Divided	Dry	Daylight	Cloudy	Not a Collision Between Two Motor Vehicles in Transport	No	No Controls	3	1	Non-Incapacitating	NA	41.82484	-71.44448	FALSE	FALSE	Atwells Ave and Julian Street, Providence, RI, USA	FALSE	-71.4446179	41.8248635	intersection	geometric_center	atwells ave & julian st, providence, ri 02909, usa	NA	NA	NA	NA	41.8248635	-71.4446179	Med High	11.73464114	Raw	NA	NA	NA	NA	FALSE	41.82484	-71.44448	2021	July
488	2021-07-07	855195	01:06:00	Pedestrian	1	NA	FALSE	FALSE	1	Hartford Ave	Olneyville Sq	2021-07-07	One-Way Trafficway	Dry	Dark - Lighted	Clear	Not a Collision Between Two Motor Vehicles in Transport	Yes	No Controls	1	1	Pain Reported	NA	41.81673	-71.44427	FALSE	FALSE	Hartford Ave and Olneyville Sq, Providence, RI, USA	FALSE	-71.4434849	41.8167835	route	geometric_center	olneyville square, providence, ri 02909, usa	NA	NA	NA	NA	41.8167835	-71.4434849	Med	65.40698174	Raw	NA	NA	NA	NA	FALSE	41.81673	-71.44427	2021	July
487	2021-07-08	855272	18:50:00	Pedestrian	1	NA	FALSE	FALSE	1	HAWKINS ST	BRANCH AVE	2021-07-08	Two-Way , Not Divided	Wet	Dusk	Rain	Not a Collision Between Two Motor Vehicles in Transport	No	Traffic Control Signal	4	1	Incapacitating	NA	41.8509	-71.42142	FALSE	FALSE	Hawkins Street and Branch Ave, Providence, RI, USA	FALSE	-71.4214171	41.8509231	intersection	geometric_center	hawkins st & branch ave, providence, ri 02904, usa	NA	NA	NA	NA	41.8509231	-71.4214171	Med High	2.582699273	Raw	NA	NA	NA	NA	FALSE	41.8509	-71.42142	2021	July
486	2021-07-10	855348	13:09:00	Pedestrian	1	NA	FALSE	FALSE	1	CRANSTON ST	ALTHEA ST	2021-07-10	Two-Way , Not Divided	Dry	Daylight	Clear	Not a Collision Between Two Motor Vehicles in Transport	No	No Controls	2	1	Pain Reported	NA	41.80773	-71.43508	FALSE	FALSE	Cranston Street and Althea Street, Providence, RI, USA	FALSE	-71.4350772	41.807752	intersection	geometric_center	althea st & cranston st, providence, ri 02907, usa	NA	NA	NA	NA	41.807752	-71.4350772	Med High	2.460024504	Raw	NA	NA	NA	NA	FALSE	41.80773	-71.43508	2021	July
485	2021-07-11	855394	09:28:00	Bicycle	NA	1	FALSE	FALSE	1	LEDGE ST	CHARLES ST	2021-07-11	Two-Way , Not Divided	Dry	Daylight	Cloudy	Not a Collision Between Two Motor Vehicles in Transport	Yes	No Controls	2	1	Pain Reported	NA	41.85325	-71.41996	FALSE	FALSE	Ledge Street and Charles Street, Providence, RI, USA	FALSE	-71.4204021	41.8531487	intersection	geometric_center	charles st & ledge st, providence, ri 02904, usa	NA	NA	NA	NA	41.8531487	-71.4204021	Med High	38.35291124	Raw	NA	NA	NA	NA	FALSE	41.85325	-71.41996	2021	July
483	2021-07-12	855448	20:36:00	Bicycle	NA	1	FALSE	FALSE	1	Broad St	Potters Ave	2021-07-12	Two-Way , Not Divided	Dry	Dark - Lighted	Clear	Angle (Front - to - Side) Right Angle (Includes Broadside)	No	Traffic Control Signal	2	1	Pain Reported	NA	41.80297	-71.41891	FALSE	FALSE	Broad Street and Potters Ave, Providence, RI, USA	FALSE	-71.4218273	41.8021016	route	geometric_center	potters ave, providence, ri, usa	Broad Street & Potters Ave, Providence, RI, USA	Ei9Ccm9hZCBTdHJlZXQgJiBQb3R0ZXJzIEF2ZSwgUHJvdmlkZW5jZSwgUkksIFVTQSJmImQKFAoSCauAkzl9ReSJEY3tO4gYhWQKEhQKEgmrgJM5fUXkiRGN7TuIGIVkChoUChIJg9591YxP5IkRLKLKk5hLCKMaFAoSCaWCY799ReSJERKc-8AFuCoEIgoNaqHqGBXTVm7V	41.802993	-71.4189101	41.802993	-71.4189101	Med	2.560361737	Raw	NA	NA	NA	NA	FALSE	41.80297	-71.41891	2021	July
484	2021-07-12	855449	19:43:00	Pedestrian	1	NA	FALSE	FALSE	1	BENEDICT ST	SORRENTO ST	2021-07-12	Two-Way , Not Divided	Dry	Daylight	Cloudy	Not a Collision Between Two Motor Vehicles in Transport	Yes	No Controls	1	1	Pain Reported	NA	41.80607	-71.43881	FALSE	FALSE	Benedict Street and Sorrento Street, Providence, RI, USA	FALSE	-71.4389153	41.8061355	intersection	geometric_center	sorrento st & benedict st, providence, ri 02909, usa	NA	NA	NA	NA	41.8061355	-71.4389153	Med High	11.38026624	Raw	NA	NA	NA	NA	FALSE	41.80607	-71.43881	2021	July
480	2021-07-14	855537	15:44:00	Pedestrian	1	NA	FALSE	FALSE	1	ARLINGTON AVE	IRVING AVE	2021-07-14	Two-Way , Not Divided	Dry	Daylight	Clear	Not a Collision Between Two Motor Vehicles in Transport	Yes	No Controls	4	1	Incapacitating	NA	41.83169	-71.39327	FALSE	FALSE	Arlington Ave and Irving Ave, Providence, RI, USA	FALSE	-71.3936154	41.8323355	intersection	geometric_center	arlington ave & irving ave, providence, ri 02906, usa	NA	NA	NA	NA	41.8323355	-71.3936154	Med High	77.35733674	Raw	NA	NA	NA	NA	FALSE	41.83169	-71.39327	2021	July
481	2021-07-14	855554	22:05:00	Bicycle	NA	1	FALSE	FALSE	1	99 KENNEDY PLAZA	DORRANCE ST	2021-07-14	Two-Way , Not Divided	Dry	Dark - Lighted	Clear	Unknown	Yes	No Controls	1	1	Pain Reported	NA	41.82428	-71.41216	TRUE	FALSE	99 Kennedy Plaza, Providence, RI, USA	FALSE	-71.4123453	41.8244292	premise	rooftop	99 kennedy plaza, providence, ri 02903, usa	NA	NA	NA	NA	41.8244292	-71.4123453	High	22.63042941	Raw	NA	NA	NA	NA	FALSE	41.82428	-71.41216	2021	July
482	2021-07-14	855555	22:50:00	Bicycle	NA	1	FALSE	FALSE	1	CRANSTON ST	DEXTER ST	2021-07-14	Two-Way , Not Divided	Dry	Dark - Lighted	Clear	Unknown	Yes	No Controls	1	1	Non-Incapacitating	NA	41.81264	-71.42951	FALSE	FALSE	Cranston Street and Dexter Street, Providence, RI, USA	FALSE	-71.429588	41.8126029	intersection	geometric_center	cranston st & dexter st, providence, ri 02907, usa	NA	NA	NA	NA	41.8126029	-71.429588	Med High	7.677144944	Raw	NA	NA	NA	NA	FALSE	41.81264	-71.42951	2021	July
477	2021-07-16	855638	13:29:00	Pedestrian	1	NA	FALSE	FALSE	1	BRANCH AVE	OPPER ST	2021-07-16	Two-Way, Divided, Unprotected (painted>4feet) Medium	Dry	Daylight	Clear	Not a Collision Between Two Motor Vehicles in Transport	No	Traffic Control Signal	2	1	Pain Reported	NA	41.85173	-71.42336	FALSE	FALSE	Branch Ave and Opper Street, Providence, RI, USA	FALSE	-71.42337	41.8517435	intersection	geometric_center	opper st & branch ave, providence, ri 02904, usa	NA	NA	NA	NA	41.8517435	-71.42337	Med High	1.71639242	Raw	NA	NA	NA	NA	FALSE	41.85173	-71.42336	2021	July
478	2021-07-16	855639	14:49:00	Pedestrian	1	1	FALSE	FALSE	2	BROAD ST	PEARL ST	2021-07-16	Two-Way , Not Divided	Dry	Daylight	Clear	Not a Collision Between Two Motor Vehicles in Transport	Yes	No Controls	3	2	Incapacitating	NA	41.81475	-71.42095	FALSE	FALSE	Broad Street and Pearl Street, Providence, RI, USA	FALSE	-71.4128343	41.8239891	locality	approximate	providence, ri, usa	Broad Street & Pearl Street, Providence, RI, USA	EjBCcm9hZCBTdHJlZXQgJiBQZWFybCBTdHJlZXQsIFByb3ZpZGVuY2UsIFJJLCBVU0EiZiJkChQKEgk1O0-ncUXkiRHr2v1gzR_JJxIUChIJNTtPp3FF5IkR69r9YM0fyScaFAoSCYPefdWMT-SJESyiypOYSwijGhQKEgkNm4U0bkXkiRG6oe115UpVCiIKDYVt7BgVkQZu1Q	41.8147717	-71.4209647	41.8147717	-71.4209647	Med	2.706056011	Raw	NA	NA	NA	NA	FALSE	41.81475	-71.42095	2021	July
479	2021-07-16	855689	23:24:00	Bicycle	NA	1	FALSE	FALSE	1	PLAINFIELD ST	WEBSTER AVE	2021-07-17	Two-Way , Not Divided	Dry	Dark - Lighted	Clear	Angle (Front - to - Side) Right Angle (Includes Broadside)	No	Traffic Control Signal	5	1	Fatal	NA	41.81366	-71.45082	FALSE	FALSE	Plainfield Street and Webster Ave, Providence, RI, USA	FALSE	-71.4507916	41.813667	intersection	geometric_center	webster ave & plainfield st, providence, ri 02909, usa	NA	NA	NA	NA	41.813667	-71.4507916	Med High	2.481805675	Raw	NA	NA	NA	NA	FALSE	41.81366	-71.45082	2021	July
476	2021-07-18	855728	23:21:00	Pedestrian	1	NA	FALSE	FALSE	1	451 SMITH ST	CHALKSTONE AVE	2021-07-19	Two-Way, Divided, Unprotected (painted>4feet) Medium	Dry	Dark - Lighted	Clear	Other	No	Traffic Control Signal	2	1	Fatal	NA	41.83531	-71.4259	TRUE	FALSE	451 Smith Street, Providence, RI, USA	FALSE	-71.4260286	41.8354975	subpremise	rooftop	451 smith st, providence, ri 02908, usa	NA	NA	NA	NA	41.8354975	-71.4260286	High	23.43977424	Raw	NA	NA	NA	NA	FALSE	41.83531	-71.4259	2021	July
475	2021-07-21	855831	14:36:00	Bicycle	NA	1	FALSE	FALSE	1	Cranston St	POTTERS AVE	2021-07-21	Two-Way, Divided, Positive Median Barrier	Dry	Daylight	Clear	Other	No	No Controls	5	1	Pain Reported	NA	41.80506	-71.43777	FALSE	FALSE	Cranston Street and Potters Ave, Providence, RI, USA	FALSE	-71.4377905	41.8050672	intersection	geometric_center	potters ave & cranston st, providence, ri 02909, usa	NA	NA	NA	NA	41.8050672	-71.4377905	Med High	1.880444544	Raw	NA	NA	NA	NA	FALSE	41.80506	-71.43777	2021	July
474	2021-07-23	855913	22:52:00	Pedestrian	1	NA	FALSE	FALSE	1	HARTFORD AVE	BODELL AVE	2021-07-23	Two-Way, Divided, Unprotected (painted>4feet) Medium	Wet	Dark - Lighted	Clear	Not a Collision Between Two Motor Vehicles in Transport	Yes	Traffic Control Signal	1	1	Pain Reported	NA	41.81768	-71.45395	FALSE	FALSE	Hartford Ave and Bodell Ave, Providence, RI, USA	FALSE	-71.4539423	41.8176793	intersection	geometric_center	bodell ave & hartford ave, providence, ri 02909, usa	NA	NA	NA	NA	41.8176793	-71.4539423	Med High	0.643551013	Raw	NA	NA	NA	NA	FALSE	41.81768	-71.45395	2021	July
473	2021-07-24	855959	21:30:00	Bicycle	NA	1	FALSE	FALSE	1	CHALKSTONE AVE	SMITH ST	2021-07-24	Two-Way , Not Divided	Dry	Dark - Lighted	Clear	Not a Collision Between Two Motor Vehicles in Transport	Yes	Traffic Control Signal	1	0	No Injury	NA	41.83521	-71.42565	FALSE	FALSE	Chalkstone Ave and Smith Street, Providence, RI, USA	FALSE	-71.4256425	41.8352214	intersection	geometric_center	chalkstone ave & smith st, providence, ri 02908, usa	NA	NA	NA	NA	41.8352214	-71.4256425	Med High	1.413300365	Raw	NA	NA	NA	NA	FALSE	41.83521	-71.42565	2021	July
472	2021-07-30	856179	20:55:00	Pedestrian	1	NA	FALSE	FALSE	1	Broad Street	FRICKER ST	2021-07-30	Two-Way , Not Divided	Dry	Dark - Lighted	Clear	Not a Collision Between Two Motor Vehicles in Transport	No	No Controls	3	1	Pain Reported	NA	41.81478	-71.42094	FALSE	FALSE	Broad Street and Fricker Street, Providence, RI, USA	FALSE	-71.42173	41.8165575	route	geometric_center	fricker st, providence, ri, usa	Broad Street & Fricker Street, Providence, RI, USA	EjJCcm9hZCBTdHJlZXQgJiBGcmlja2VyIFN0cmVldCwgUHJvdmlkZW5jZSwgUkksIFVTQSJmImQKFAoSCcsO7ptxReSJEe1RgLr0NWTvEhQKEgnLDu6bcUXkiRHtUYC69DVk7xoUChIJg9591YxP5IkRLKLKk5hLCKMaFAoSCaG8FtZzReSJESAHFPqNHvDOIgoNcoXsGBU0FG7V	41.8153842	-71.4206156	41.8153842	-71.4206156	Med	72.44436297	Raw	NA	NA	NA	NA	FALSE	41.81478	-71.42094	2021	July
470	2021-07-31	856204	13:04:00	Pedestrian	1	NA	FALSE	FALSE	1	FREMONT ST	IVES ST	2021-07-31	Two-Way , Not Divided	Dry	Daylight	Clear	Not a Collision Between Two Motor Vehicles in Transport	No	Other	3	1	Non-Incapacitating	NA	41.82231	-71.39212	FALSE	FALSE	Fremont Street and Ives Street, Providence, RI, USA	FALSE	-71.3920868	41.8223189	intersection	geometric_center	fremont st & ives st, providence, ri 02906, usa	NA	NA	NA	NA	41.8223189	-71.3920868	Med High	2.926953615	Raw	NA	NA	NA	NA	FALSE	41.82231	-71.39212	2021	July
471	2021-07-31	856207	16:09:00	Other	NA	1	TRUE	FALSE	1	LOCKWOOD ST	HAYWARD ST	2021-07-31	Unknown	Dry	Daylight	Clear	Unknown	Unknown	Unknown	2	1	Pain Reported	NA	41.81473	-71.41935	FALSE	FALSE	Lockwood Street and Hayward Street, Providence, RI, USA	FALSE	-71.4194178	41.8147559	intersection	geometric_center	lockwood st & hayward st, providence, ri 02907, usa	NA	NA	NA	NA	41.8147559	-71.4194178	Med High	6.321003522	Raw	NA	NA	NA	NA	FALSE	41.81473	-71.41935	2021	July
469	2021-08-02	856314	21:10:00	Pedestrian	1	NA	FALSE	FALSE	1	BROAD ST	SACKETT ST	2021-08-02	Two-Way , Not Divided	Dry	Dark - Lighted	Clear	Not a Collision Between Two Motor Vehicles in Transport	No	Traffic Control Signal	4	1	Fatal	NA	41.79614	-71.4121	FALSE	FALSE	Broad Street and Sackett Street, Providence, RI, USA	FALSE	-71.4183646	41.7942259	route	geometric_center	sackett st, providence, ri, usa	Broad Street & Sackett Street, Providence, RI, USA	EjJCcm9hZCBTdHJlZXQgJiBTYWNrZXR0IFN0cmVldCwgUHJvdmlkZW5jZSwgUkksIFVTQSJmImQKFAoSCWd7_VeJT-SJEYpZL4NwfcCcEhQKEglne_1XiU_kiRGKWS-DcH3AnBoUChIJg9591YxP5IkRLKLKk5hLCKMaFAoSCZdEqH6PT-SJEbKg-cvhkLFFIgoNIJfpGBXOX2_V	41.796176	-71.4121266	41.796176	-71.4121266	Med	4.575302344	Raw	NA	NA	NA	NA	FALSE	41.79614	-71.4121	2021	August
468	2021-08-03	856367	17:04:00	Bicycle	NA	1	FALSE	FALSE	1	Academy Ave	HEALTH AVE	2021-08-03	Two-Way , Not Divided	Dry	Daylight	Clear	Head-On (Front - to - Front)	No	No Controls	4	1	Pain Reported	NA	41.82778	-71.4438	FALSE	FALSE	Academy Ave and Health Ave, Providence, RI, USA	FALSE	-71.4438011	41.827781	intersection	geometric_center	health ave & academy ave, providence, ri 02908, usa	NA	NA	NA	NA	41.827781	-71.4438011	Med High	0.143936388	Raw	NA	NA	NA	NA	FALSE	41.82778	-71.4438	2021	August
467	2021-08-06	856439	09:38:00	Pedestrian	1	NA	FALSE	FALSE	1	775 Cranston Street	NA	2021-08-06	Unknown	Dry	Daylight	Clear	Other	No	No Controls	3	1	Pain Reported	NA	NA	NA	TRUE	TRUE	775 Cranston Street, Providence, RI, USA	FALSE	-71.4391271	41.8042947	premise	rooftop	775 cranston st, providence, ri 02907, usa	NA	NA	NA	NA	41.8042947	-71.4391271	High	NA	Neither	raw coords null but geocoded coords found	41.80413, -71.43886	41.80413	-71.43886	TRUE	41.80413	-71.43886	2021	August
466	2021-08-07	856479	14:43:00	Pedestrian	1	NA	FALSE	FALSE	1	N MAIN ST	DOYLE AVE	2021-08-07	Two-Way, Divided, Positive Median Barrier	Dry	Daylight	Clear	Not a Collision Between Two Motor Vehicles in Transport	Yes	Traffic Control Signal	1	1	Pain Reported	NA	41.83823	-71.40925	FALSE	FALSE	N Main Street and Doyle Ave, Providence, RI, USA	FALSE	-71.4000972	41.8387695	route	geometric_center	doyle ave, providence, ri 02906, usa	North Main Street & Doyle Ave, Providence, RI, USA	EjJOb3J0aCBNYWluIFN0cmVldCAmIERveWxlIEF2ZSwgUHJvdmlkZW5jZSwgUkksIFVTQSJmImQKFAoSCXf5vyseReSJETFnB8CyBmhQEhQKEgl3-b8rHkXkiRExZwfAsgZoUBoUChIJ-fpBPd5E5IkRX9etvg1cIz8aFAoSCTmA9zjfROSJEUS_S7ng1zRJIgoNQwfwGBUn0W_V	41.8383683	-71.4092249	41.8383683	-71.4092249	Med	15.53558707	Raw	NA	NA	NA	NA	FALSE	41.83823	-71.40925	2021	August
465	2021-08-08	856518	20:43:00	Pedestrian	1	NA	FALSE	FALSE	1	24 MORNING STAR ROAD	NA	2021-08-08	Two-Way , Not Divided	Dry	Dark - Lighted	Clear	Not a Collision Between Two Motor Vehicles in Transport	Yes	No Controls	1	1	Non-Incapacitating	NA	NA	NA	TRUE	TRUE	24 Morning Star Road, Providence, RI, USA	FALSE	-71.4128343	41.8239891	locality	approximate	providence, ri, usa	NA	NA	NA	NA	41.8239891	-71.4128343	High	NA	Neither	raw coords null but geocoded coords found	41.81166, -71.42018	41.81166	-71.42018	TRUE	41.81166	-71.42018	2021	August
464	2021-08-10	856563	13:46:00	Pedestrian	1	NA	FALSE	FALSE	1	CUSHING ST	BROOK STREET	2021-08-10	Two-Way , Not Divided	Dry	Daylight	Clear	Head-On (Front - to - Front)	No	Stop Signs	5	1	Pain Reported	2	41.83018	-71.39876	FALSE	FALSE	Cushing Street and Brook Street, Providence, RI, USA	FALSE	-71.3997146	41.8301183	intersection	geometric_center	cushing st & brook st, providence, ri 02906, usa	NA	NA	NA	NA	41.8301183	-71.3997146	Med High	79.47849746	Raw	NA	NA	NA	NA	FALSE	41.83018	-71.39876	2021	August
462	2021-08-11	856619	19:39:00	Pedestrian	1	NA	FALSE	FALSE	1	MEMORIAL BLVD	FRACIS STREET	2021-08-11	Two-Way, Divided, Positive Median Barrier	Dry	Dusk	Clear	Not a Collision Between Two Motor Vehicles in Transport	No	Traffic Control Signal	3	1	Non-Incapacitating	NA	41.82578	-71.41524	FALSE	FALSE	Memorial Blvd and Fracis Street, Providence, RI, USA	FALSE	-71.4153098	41.8257791	intersection	geometric_center	memorial blvd & francis st, providence, ri 02903, usa	NA	NA	NA	NA	41.8257791	-71.4153098	Med High	5.790959302	Raw	NA	NA	NA	NA	FALSE	41.82578	-71.41524	2021	August
463	2021-08-11	856622	21:09:00	Pedestrian	1	NA	FALSE	FALSE	1	ADELAIDE AVE	BROAD ST	2021-08-11	Two-Way , Not Divided	Dry	Dark - Lighted	Clear	Not a Collision Between Two Motor Vehicles in Transport	Yes	No Controls	2	1	Non-Incapacitating	NA	41.79871	-71.41591	FALSE	FALSE	Adelaide Ave and Broad Street, Providence, RI, USA	FALSE	-71.4154791	41.7988681	intersection	geometric_center	adelaide ave & broad st, providence, ri 02905, usa	NA	NA	NA	NA	41.7988681	-71.4154791	Med High	39.8557049	Raw	NA	NA	NA	NA	FALSE	41.79871	-71.41591	2021	August
459	2021-08-12	856630	00:44:00	Pedestrian	1	NA	FALSE	FALSE	1	NIANTIC AVE	NA	2021-08-12	Unknown	Dry	Dark - Lighted	Clear	Other	No	No Controls	3	1	Pain Reported	NA	41.79468	-71.43867	FALSE	TRUE	Niantic Ave, Providence, RI, USA	FALSE	-71.4388718	41.7954757	route	geometric_center	niantic ave, providence, ri, usa	NA	NA	NA	NA	41.7954757	-71.4388718	Inaccurate	90.14633357	Raw	NA	NA	NA	NA	FALSE	41.79468	-71.43867	2021	August
460	2021-08-12	856644	10:37:00	Bicycle	NA	1	FALSE	FALSE	1	Blackstone Bluv	Upton Ave	2021-08-12	Two-Way , Not Divided	Dry	Daylight	Clear	Not a Collision Between Two Motor Vehicles in Transport	Yes	No Controls	2	1	Pain Reported	2	NA	NA	FALSE	FALSE	Blackstone Bluv and Upton Ave, Providence, RI, USA	FALSE	-71.385763	41.8395728	intersection	geometric_center	upton ave & blackstone blvd, providence, ri 02906, usa	NA	NA	NA	NA	41.8395728	-71.385763	Med High	NA	Geocoded	raw coords null but geocoded coords found	NA	NA	NA	TRUE	41.8395728	-71.385763	2021	August
461	2021-08-12	856661	15:00:00	Pedestrian	1	NA	FALSE	FALSE	2	CAMP ST	DOYLE AVE	2021-08-12	Two-Way , Not Divided	Dry	Daylight	Clear	Not a Collision Between Two Motor Vehicles in Transport	No	Stop Signs	4	0	No Injury	NA	41.83877	-71.4042	FALSE	FALSE	Camp Street and Doyle Ave, Providence, RI, USA	FALSE	-71.4041847	41.838804	intersection	geometric_center	camp st & doyle ave, providence, ri 02906, usa	NA	NA	NA	NA	41.838804	-71.4041847	Med High	3.991908849	Raw	NA	NA	NA	NA	FALSE	41.83877	-71.4042	2021	August
458	2021-08-13	856699	10:00:00	Pedestrian	1	NA	FALSE	FALSE	1	BROADWAY	VALLEY ST	2021-08-13	Two-Way, Divided, Unprotected (painted>4feet) Medium	Dry	Daylight	Clear	Other	No	No Controls	2	1	Pain Reported	NA	41.81689	-71.44083	FALSE	FALSE	Broadway and Valley Street, Providence, RI, USA	FALSE	-71.4361571	41.8275287	route	geometric_center	valley st, providence, ri, usa	Broadway & Valley Street, Providence, RI, USA	Ei1Ccm9hZHdheSAmIFZhbGxleSBTdHJlZXQsIFByb3ZpZGVuY2UsIFJJLCBVU0EiZiJkChQKEglPQjeFmkXkiRFay9YdHmK0gBIUChIJT0I3hZpF5IkRWsvWHR5itIAaFAoSCaW15YZ1ReSJERrCM7HXpG-zGhQKEgn71PW-oUXkiRFACHbbKx7jfCIKDVm-7BgVgvdq1Q	41.8168409	-71.441011	41.8168409	-71.441011	Med	15.98031641	Raw	NA	NA	NA	NA	FALSE	41.81689	-71.44083	2021	August
456	2021-08-14	856729	01:53:00	Pedestrian	1	NA	FALSE	FALSE	1	HAYES STREET	FRANCIS ST	2021-08-14	Unknown	Dry	Dark - Lighted	Clear	Not a Collision Between Two Motor Vehicles in Transport	Yes	No Controls	1	0	No Injury	2	41.82925	-71.41635	FALSE	FALSE	Hayes Street and Francis Street, Providence, RI, USA	FALSE	-71.415279	41.8291896	intersection	geometric_center	hayes st & francis st, providence, ri 02903, usa	NA	NA	NA	NA	41.8291896	-71.415279	Med High	89.09155689	Raw	NA	NA	NA	NA	FALSE	41.82925	-71.41635	2021	August
457	2021-08-14	856789	21:13:00	Pedestrian	1	NA	FALSE	FALSE	1	CRANSTON ST	HANOVER ST	2021-08-14	Two-Way , Not Divided	Dry	Dark - Lighted	Clear	Not a Collision Between Two Motor Vehicles in Transport	No	Pavement Markings	3	1	Pain Reported	NA	41.80947	-71.43356	FALSE	FALSE	Cranston Street and Hanover Street, Providence, RI, USA	FALSE	-71.4335598	41.809491	intersection	geometric_center	cranston st & hanover st, providence, ri 02907, usa	NA	NA	NA	NA	41.809491	-71.4335598	Med High	2.337768208	Raw	NA	NA	NA	NA	FALSE	41.80947	-71.43356	2021	August
455	2021-08-16	856850	16:05:00	Bicycle	NA	1	FALSE	FALSE	1	BROAD ST	EARLY ST	2021-08-16	Two-Way , Not Divided	Dry	Daylight	Cloudy	Not a Collision Between Two Motor Vehicles in Transport	No	Pavement Markings	2	1	Pain Reported	NA	41.7955	-71.41131	FALSE	FALSE	Broad Street and Early Street, Providence, RI, USA	FALSE	-71.4132727	41.7947406	route	geometric_center	early st, providence, ri, usa	Broad Street & Early Street, Providence, RI, USA	EjBCcm9hZCBTdHJlZXQgJiBFYXJseSBTdHJlZXQsIFByb3ZpZGVuY2UsIFJJLCBVU0EiZiJkChQKEgmXU933i0_kiREGVbKb8h8HNxIUChIJl1Pd94tP5IkRBlWym_IfBzcaFAoSCYPefdWMT-SJESyiypOYSwijGhQKEgnvKWa8jk_kiRGRtjQvItEbESIKDWN86RgVooBv1Q	41.7954915	-71.4112862	41.7954915	-71.4112862	Med	2.190151172	Raw	NA	NA	NA	NA	FALSE	41.7955	-71.41131	2021	August
452	2021-08-17	856892	12:38:00	Bicycle	NA	1	FALSE	FALSE	1	355 Reservoir Ave	PONTIAC AVE	2021-08-17	Two-Way , Not Divided	Dry	Daylight	Clear	Not a Collision Between Two Motor Vehicles in Transport	No	Traffic Control Signal	3	1	Pain Reported	3	41.78819	-71.43152	TRUE	FALSE	355 Reservoir Ave, Providence, RI, USA	FALSE	-71.4327425	41.7887759	subpremise	rooftop	355 reservoir ave, providence, ri 02910, usa	NA	NA	NA	NA	41.7887759	-71.4327425	High	120.6225649	Raw	distance greater than 100m	NA	NA	NA	TRUE	41.78819	-71.43152	2021	August
453	2021-08-17	856893	12:20:00	Pedestrian	1	NA	TRUE	FALSE	1	BARBARA LEONARD WAY	N MAIN ST	2021-08-17	Two-Way , Not Divided	Dry	Daylight	Clear	Not a Collision Between Two Motor Vehicles in Transport	No	Traffic Control Signal	4	0	No Injury	2	41.84063	-71.40879	FALSE	FALSE	Barbara Leonard Way and N Main Street, Providence, RI, USA	FALSE	-71.3702575	41.8264716	establishment	rooftop	105 wilmarth ave, east providence, ri 02914, usa	Barbara Leonard Way & North Main Street, Providence, RI, USA	EjxCYXJiYXJhIExlb25hcmQgV2F5ICYgTm9ydGggTWFpbiBTdHJlZXQsIFByb3ZpZGVuY2UsIFJJLCBVU0EiZiJkChQKEgkDezJW4ETkiRG9xnXQ5dwU2BIUChIJA3syVuBE5IkRvcZ10OXcFNgaFAoSCXnPQqDhROSJEVKSYDSAo98BGhQKEgn5-kE93kTkiRFf162-DVwjPyIKDURg8BgV7uVv1Q	41.8406468	-71.408693	41.8406468	-71.408693	Med	8.259060849	Raw	NA	NA	NA	NA	FALSE	41.84063	-71.40879	2021	August