row_number	crash_date	crash_report_id	crash_time	collision_type	count_pedestrian	count_bicycle	scooter	wheel_chair	number_of_vehicles	street_or_highway	nearest_intersection	report_date	type_of_roadway	road_surface_condition	light_condition	weather_condition	manner_of_impact	hit_and_run	traffic_control	person_count	injury_count	most_serious_injury	number_of_lanes	lat_raw	lon_raw	has_st_number	is_intersection_null	address_sent_to_geocoder	is_address_blank	lon_api_first_try	lat_api_first_try	type	loctype	address_returned_by_geocoder	address_returned_by_autocomplete	place_ids_autocompleted	lat_api_second_try	lon_api_second_try	lat_api_best	lon_api_best	api_coord_conf	distance_btwn_coords_meters	best_coordinate_set	reason_for_qa	correct_coordinates	corrected_lat	corrected_lon	manually_qaed_record	final_lat	final_lon	year	month
454	2021-08-17	856906	21:58:00	Bicycle	NA	1	FALSE	FALSE	1	BROAD ST	BAKER ST	2021-08-17	Two-Way , Not Divided	Dry	Dark - Lighted	Clear	Not a Collision Between Two Motor Vehicles in Transport	Yes	Traffic Control Signal	4	1	Non-Incapacitating	NA	41.79275	-71.40789	FALSE	FALSE	Broad Street and Baker Street, Providence, RI, USA	FALSE	-71.4026283	41.7929206	route	geometric_center	baker st, providence, ri 02905, usa	Broad Street & Baker Street, Providence, RI, USA	EjBCcm9hZCBTdHJlZXQgJiBCYWtlciBTdHJlZXQsIFByb3ZpZGVuY2UsIFJJLCBVU0EiZiJkChQKEglPriThjE_kiREVXMdY8BOpCRIUChIJT64k4YxP5IkRFVzHWPATqQkaFAoSCYPefdWMT-SJESyiypOYSwijGhQKEgll_cCb80_kiRFs0PSM0XbDvCIKDSMR6RgVBgZw1Q	41.7927459	-71.4078714	41.7927459	-71.4078714	Med	1.6097714890000001	Raw	NA	NA	NA	NA	FALSE	41.79275	-71.40789	2021	August
451	2021-08-18	856941	14:53:00	Pedestrian	1	NA	FALSE	FALSE	1	ORMS ST	SMITH ST	2021-08-18	Two-Way , Not Divided	Dry	Daylight	Clear	Not a Collision Between Two Motor Vehicles in Transport	No	Traffic Control Signal	4	1	Pain Reported	NA	41.83372	-71.42229	FALSE	FALSE	Orms Street and Smith Street, Providence, RI, USA	FALSE	-71.4219437	41.8337775	intersection	geometric_center	orms st & smith st, providence, ri 02904, usa	NA	NA	NA	NA	41.8337775	-71.4219437	Med High	29.42748692	Raw	NA	NA	NA	NA	FALSE	41.83372	-71.42229	2021	August
450	2021-08-23	857149	12:31:00	Pedestrian	1	NA	FALSE	FALSE	1	274 BENEFIT ST	GEORGE ST	2021-08-23	Two-Way , Not Divided	Dry	Daylight	Clear	Not a Collision Between Two Motor Vehicles in Transport	Yes	No Controls	2	1	Pain Reported	NA	41.8251	-71.40615	TRUE	FALSE	274 Benefit Street, Providence, RI, USA	FALSE	-71.4061675	41.8248928	premise	rooftop	274 benefit st, providence, ri 02903, usa	NA	NA	NA	NA	41.8248928	-71.4061675	High	23.11103648	Raw	NA	NA	NA	NA	FALSE	41.8251	-71.40615	2021	August
448	2021-08-26	857265	06:33:00	Pedestrian	1	NA	FALSE	FALSE	1	CHAPIN AVE	PARADE ST	2021-08-26	Two-Way , Not Divided	Dry	Daylight	Clear	Not a Collision Between Two Motor Vehicles in Transport	No	Stop Signs	2	1	Non-Incapacitating	NA	41.81189	-71.43122	FALSE	FALSE	Chapin Ave and Parade Street, Providence, RI, USA	FALSE	-71.4311711	41.8119296	intersection	geometric_center	chapin ave & parade st, providence, ri 02909, usa	NA	NA	NA	NA	41.8119296	-71.4311711	Med High	5.991164784	Raw	NA	NA	NA	NA	FALSE	41.81189	-71.43122	2021	August
449	2021-08-26	857301	19:15:00	Pedestrian	1	NA	FALSE	FALSE	1	BROAD ST	PARKIS AVE	2021-08-26	Two-Way , Not Divided	Dry	Dusk	Clear	Not a Collision Between Two Motor Vehicles in Transport	Yes	No Controls	1	1	Pain Reported	NA	41.80925	-71.42087	FALSE	FALSE	Broad Street and Parkis Ave, Providence, RI, USA	FALSE	-71.4216175	41.8091566	route	geometric_center	parkis ave, providence, ri 02907, usa	Broad Street & Parkis Ave, Providence, RI, USA	Ei5Ccm9hZCBTdHJlZXQgJiBQYXJraXMgQXZlLCBQcm92aWRlbmNlLCBSSSwgVVNBImYiZAoUChIJRzM1_npF5IkRjtZmKd5_CBoSFAoSCUczNf56ReSJEY7WZinefwgaGhQKEgmD3n3VjE_kiREsosqTmEsIoxoUChIJMX42yntF5IkRzmf6NFIaq3EiCg0FkusYFZ8LbtU	41.8091525	-71.4208353	41.8091525	-71.4208353	Med	11.22904824	Raw	NA	NA	NA	NA	FALSE	41.80925	-71.42087	2021	August
445	2021-08-30	857475	17:15:00	Pedestrian	1	NA	FALSE	FALSE	1	HOPE STREET	4TH ST	2021-08-30	Two-Way , Not Divided	Dry	Daylight	Clear	Not a Collision Between Two Motor Vehicles in Transport	No	No Controls	3	1	Pain Reported	NA	41.84909	-71.39498	FALSE	FALSE	Hope Street and 4th Street, Providence, RI, USA	FALSE	-71.3948887	41.8492949	intersection	geometric_center	hope st & 4th st, providence, ri 02906, usa	NA	NA	NA	NA	41.8492949	-71.3948887	Med High	24.03298021	Raw	NA	NA	NA	NA	FALSE	41.84909	-71.39498	2021	August
446	2021-08-30	857480	19:17:00	Bicycle	NA	1	FALSE	FALSE	1	MEMORIAL BLVD	FRANCIS ST	2021-08-30	Two-Way , Not Divided	Dry	Daylight	Clear	Not a Collision Between Two Motor Vehicles in Transport	No	Traffic Control Signal	2	1	Non-Incapacitating	NA	41.82577	-71.41527	FALSE	FALSE	Memorial Blvd and Francis Street, Providence, RI, USA	FALSE	-71.4153098	41.8257791	intersection	geometric_center	memorial blvd & francis st, providence, ri 02903, usa	NA	NA	NA	NA	41.8257791	-71.4153098	Med High	3.453430327	Raw	NA	NA	NA	NA	FALSE	41.82577	-71.41527	2021	August
447	2021-08-30	857484	21:28:00	Bicycle	NA	1	FALSE	FALSE	1	Cranston Street	DEXTER ST	2021-08-30	Two-Way , Not Divided	Dry	Dark - Lighted	Clear	Not a Collision Between Two Motor Vehicles in Transport	No	Traffic Control Signal	2	0	No Injury	NA	41.81257	-71.42965	FALSE	FALSE	Cranston Street and Dexter Street, Providence, RI, USA	FALSE	-71.429588	41.8126029	intersection	geometric_center	cranston st & dexter st, providence, ri 02907, usa	NA	NA	NA	NA	41.8126029	-71.429588	Med High	6.314684926	Raw	NA	NA	NA	NA	FALSE	41.81257	-71.42965	2021	August
444	2021-08-31	857498	12:45:00	Bicycle	NA	1	FALSE	FALSE	1	BOWDITCH PL	DEAN ST	2021-08-31	Two-Way , Not Divided	Dry	Daylight	Clear	Other	No	No Controls	2	1	Pain Reported	2	41.81988	-71.4213	FALSE	FALSE	Bowditch Pl and Dean Street, Providence, RI, USA	FALSE	-71.4213822	41.8200143	intersection	geometric_center	bowditch pl & dean st, providence, ri 02903, usa	NA	NA	NA	NA	41.8200143	-71.4213822	Med High	16.43203934	Raw	NA	NA	NA	NA	FALSE	41.81988	-71.4213	2021	August
443	2021-09-02	857612	11:07:00	Other	NA	NA	FALSE	FALSE	1	391 CHARLES ST	SILVER SPRING ST	2021-09-02	Two-Way , Not Divided	Dry	Daylight	Clear	Not a Collision Between Two Motor Vehicles in Transport	No	No Controls	4	1	Pain Reported	NA	41.84476	-71.41869	TRUE	FALSE	391 Charles Street, Providence, RI, USA	FALSE	-71.418266	41.8447294	premise	rooftop	391 charles st, providence, ri 02904, usa	NA	NA	NA	NA	41.8447294	-71.418266	High	35.32610474	Raw	NA	NA	NA	NA	FALSE	41.84476	-71.41869	2021	September
442	2021-09-03	857672	20:52:00	Pedestrian	1	NA	TRUE	FALSE	1	PLEASANT ST	PLEASANT CT	2021-09-03	One-Way Trafficway	Dry	Daylight	Clear	Not a Collision Between Two Motor Vehicles in Transport	Yes	Warning Signs	2	0	No Injury	NA	41.8396	-71.40514	FALSE	FALSE	Pleasant Street and Pleasant Ct, Providence, RI, USA	FALSE	-71.4726318	41.8596697	intersection	geometric_center	pleasant ave & s pleasant st, north providence, ri 02911, usa	NA	NA	NA	NA	41.8596697	-71.4726318	Med High	6025.995359	Unknown	distance greater than 100m	NA	NA	NA	TRUE	NA	NA	2021	September
441	2021-09-08	857830	17:43:00	Bicycle	NA	1	FALSE	FALSE	1	S WATER ST	NA	2021-09-08	One-Way Trafficway	Dry	Daylight	Clear	Angle - Direction Not Specified	No	Traffic Control Signal	2	1	Pain Reported	NA	41.81877	-71.4019	FALSE	TRUE	S Water Street, Providence, RI, USA	FALSE	-71.4039536	41.8202174	route	geometric_center	s water st, providence, ri 02903, usa	NA	NA	NA	NA	41.8202174	-71.4039536	Inaccurate	234.4914025	Raw	distance greater than 100m	NA	NA	NA	TRUE	41.81877	-71.4019	2021	September
439	2021-09-11	857914	10:38:00	Pedestrian	1	NA	FALSE	FALSE	1	ATWELLS AVE	EAGLE ST	2021-09-11	Unknown	Dry	Daylight	Clear	Other	Yes	No Controls	1	0	No Injury	NA	41.82446	-71.4355	FALSE	FALSE	Atwells Ave and Eagle Street, Providence, RI, USA	FALSE	-71.4354014	41.8244572	intersection	geometric_center	atwells ave & eagle st, providence, ri 02909, usa	NA	NA	NA	NA	41.8244572	-71.4354014	Med High	8.185233499	Raw	NA	NA	NA	NA	FALSE	41.82446	-71.4355	2021	September
440	2021-09-11	857917	16:36:00	Pedestrian	1	NA	FALSE	FALSE	1	MEMORIAL BLVD	WASHINGTON ST	2021-09-11	Two-Way, Divided, Positive Median Barrier	Dry	Daylight	Clear	Other	No	Traffic Control Signal	3	1	Pain Reported	NA	41.82637	-71.41019	FALSE	FALSE	Memorial Blvd and Washington Street, Providence, RI, USA	FALSE	-71.4101626	41.8263513	intersection	geometric_center	memorial blvd & washington st, providence, ri 02903, usa	NA	NA	NA	NA	41.8263513	-71.4101626	Med High	3.08210267	Raw	NA	NA	NA	NA	FALSE	41.82637	-71.41019	2021	September
437	2021-09-12	857938	13:15:00	Bicycle	NA	1	FALSE	FALSE	1	Killingly st	PLAINFIELD ST	2021-09-12	Two-Way, Divided, Unprotected (painted>4feet) Medium	Dry	Daylight	Clear	Not a Collision Between Two Motor Vehicles in Transport	No	No Controls	2	1	Pain Reported	NA	41.81313	-71.459460000000007	FALSE	FALSE	Killingly Street and Plainfield Street, Providence, RI, USA	FALSE	-71.4589726	41.8126703	intersection	geometric_center	killingly st & plainfield st, providence, ri 02909, usa	NA	NA	NA	NA	41.8126703	-71.4589726	Med High	65.22320268	Raw	NA	NA	NA	NA	FALSE	41.81313	-71.459460000000007	2021	September
438	2021-09-12	857942	14:43:00	Pedestrian	1	NA	FALSE	FALSE	1	1049 ATWELLS AVENUE	LYNCH ST	2021-09-12	Two-Way, Divided, Unprotected (painted>4feet) Medium	Dry	Daylight	Clear	Not a Collision Between Two Motor Vehicles in Transport	No	No Controls	3	1	Incapacitating	NA	41.82525	-71.45239	TRUE	FALSE	1049 Atwells Avenue, Providence, RI, USA	FALSE	-71.4526074	41.8254514	premise	rooftop	1049 atwells ave, providence, ri 02909, usa	NA	NA	NA	NA	41.8254514	-71.4526074	High	28.77274481	Raw	NA	NA	NA	NA	FALSE	41.82525	-71.45239	2021	September
435	2021-09-13	858004	21:57:00	Pedestrian	1	NA	FALSE	FALSE	1	Douglas Ave	Fillmore St	2021-09-13	Two-Way , Not Divided	Dry	Dark - Lighted	Clear	Other	No	No Controls	2	1	Pain Reported	NA	NA	NA	FALSE	FALSE	Douglas Ave and Fillmore Street, Providence, RI, USA	FALSE	-71.422311	41.8371944	intersection	geometric_center	fillmore st & douglas ave, providence, ri 02908, usa	NA	NA	NA	NA	41.8371944	-71.422311	Med High	NA	Geocoded	raw coords null but geocoded coords found	NA	NA	NA	TRUE	41.8371944	-71.422311	2021	September
436	2021-09-13	858005	21:43:00	Pedestrian	1	NA	FALSE	FALSE	1	N MAIN ST	CEMETERY ST	2021-09-13	Two-Way, Divided, Positive Median Barrier	Dry	Dark - Lighted	Clear	Other	Yes	No Controls	1	1	Pain Reported	NA	41.84859	-71.40405	FALSE	FALSE	N Main Street and Cemetery Street, Providence, RI, USA	FALSE	-71.4043938	41.851482	route	geometric_center	cemetery st, providence, ri 02904, usa	North Main Street & Cemetery Street, Providence, RI, USA	EjhOb3J0aCBNYWluIFN0cmVldCAmIENlbWV0ZXJ5IFN0cmVldCwgUHJvdmlkZW5jZSwgUkksIFVTQSJmImQKFAoSCQXq4fjCROSJEWmmy9KX7dmWEhQKEgkF6uH4wkTkiRFppsvSl-3ZlhoUChIJ-fpBPd5E5IkRX9etvg1cIz8aFAoSCf3n8BbCROSJEatTgueuydGOIgoNAqnxGBX-pnDV	41.8490626	-71.4037506	41.8490626	-71.4037506	Med	58.17346948	Raw	NA	NA	NA	NA	FALSE	41.84859	-71.40405	2021	September
433	2021-09-15	858083	18:42:00	Pedestrian	1	NA	FALSE	FALSE	1	CHARLES ST	W RIVER ST	2021-09-15	Two-Way, Divided, Unprotected (painted>4feet) Medium	Dry	Dark - Lighted	Clear	Not a Collision Between Two Motor Vehicles in Transport	No	Stop Signs	5	1	Incapacitating	NA	41.83961	-71.4164	FALSE	FALSE	Charles Street and W River Street, Providence, RI, USA	FALSE	-71.4140946	41.8434958	route	geometric_center	w river st, providence, ri 02904, usa	Charles Street & West River Street, Providence, RI, USA	EjdDaGFybGVzIFN0cmVldCAmIFdlc3QgUml2ZXIgU3RyZWV0LCBQcm92aWRlbmNlLCBSSSwgVVNBImYiZAoUChIJn_PVYR1F5IkRV_lekQ3QEwQSFAoSCZ_z1WEdReSJEVf5XpEN0BMEGhQKEgl1C85s8UTkiRHLZMsuNVX9MhoUChIJgxzLm-NE5IkRpKt9jzlEBwUiCg0jOPAYFZe3btU	41.8396195	-71.4164329	41.8396195	-71.4164329	Med	2.926324045	Raw	NA	NA	NA	NA	FALSE	41.83961	-71.4164	2021	September
434	2021-09-15	858208	15:49:00	Bicycle	NA	1	FALSE	FALSE	1	STEEPLE ST	CANAL ST	2021-09-19	One-Way Trafficway	Dry	Daylight	Clear	Not a Collision Between Two Motor Vehicles in Transport	Yes	Traffic Control Signal	1	0	No Injury	NA	41.82718	-71.40991	FALSE	FALSE	Steeple Street and Canal Street, Providence, RI, USA	FALSE	-71.409902	41.8271852	intersection	geometric_center	steeple st & canal st, providence, ri 02903, usa	NA	NA	NA	NA	41.8271852	-71.409902	Med High	0.880598601	Raw	NA	NA	NA	NA	FALSE	41.82718	-71.40991	2021	September
432	2021-09-16	858115	23:32:00	Bicycle	NA	1	FALSE	FALSE	1	BENEVOLENT ST	BROOK ST	2021-09-17	Two-Way , Not Divided	Dry	Dark - Lighted	Clear	Not a Collision Between Two Motor Vehicles in Transport	Yes	Stop Signs	1	1	Pain Reported	NA	41.8249	-71.39892	FALSE	FALSE	Benevolent Street and Brook Street, Providence, RI, USA	FALSE	-71.3989516	41.8248965	intersection	geometric_center	benevolent st & brook st, providence, ri 02906, usa	NA	NA	NA	NA	41.8248965	-71.3989516	Med High	2.650135686	Raw	NA	NA	NA	NA	FALSE	41.8249	-71.39892	2021	September
431	2021-09-18	858172	21:15:00	Bicycle	NA	1	FALSE	FALSE	1	THURBERS AVE	PRAIRIE AVE	2021-09-18	Two-Way , Not Divided	Dry	Dark - Lighted	Clear	Angle (Front - to - Side) Right Angle (Includes Broadside)	No	Traffic Control Signal	2	0	No Injury	NA	41.79873	-71.41191	FALSE	FALSE	Thurbers Ave and Prairie Ave, Providence, RI, USA	FALSE	-71.4119105	41.7987434	intersection	geometric_center	thurbers ave & prairie ave, providence, ri 02905, usa	NA	NA	NA	NA	41.7987434	-71.4119105	Med High	1.492258178	Raw	NA	NA	NA	NA	FALSE	41.79873	-71.41191	2021	September
430	2021-09-19	858210	18:00:00	Bicycle	NA	1	FALSE	FALSE	1	NORTH MAIN ST	DOYLE AVE	2021-09-19	Two-Way, Divided, Positive Median Barrier	Dry	Daylight	Clear	Angle (Front - to - Side) Right Angle (Includes Broadside)	No	Traffic Control Signal	9	1	Non-Incapacitating	NA	41.83835	-71.40923	FALSE	FALSE	North Main Street and Doyle Ave, Providence, RI, USA	FALSE	-71.4000972	41.8387695	route	geometric_center	doyle ave, providence, ri 02906, usa	North Main Street & Doyle Ave, Providence, RI, USA	EjJOb3J0aCBNYWluIFN0cmVldCAmIERveWxlIEF2ZSwgUHJvdmlkZW5jZSwgUkksIFVTQSJmImQKFAoSCXf5vyseReSJETFnB8CyBmhQEhQKEgl3-b8rHkXkiRExZwfAsgZoUBoUChIJ-fpBPd5E5IkRX9etvg1cIz8aFAoSCTmA9zjfROSJEUS_S7ng1zRJIgoNQwfwGBUn0W_V	41.8383683	-71.4092249	41.8383683	-71.4092249	Med	2.080594779	Raw	NA	NA	NA	NA	FALSE	41.83835	-71.40923	2021	September
429	2021-09-20	858283	19:16:00	Pedestrian	1	NA	FALSE	FALSE	1	BROAD ST	COLFAX ST	2021-09-20	Two-Way , Not Divided	Dry	Daylight	Clear	Not a Collision Between Two Motor Vehicles in Transport	Yes	No Controls	1	1	Pain Reported	NA	41.79888	-71.4155	FALSE	FALSE	Broad Street and Colfax Street, Providence, RI, USA	FALSE	-71.4113103	41.7997204	route	geometric_center	colfax st, providence, ri 02905, usa	Broad Street & Colfax Street, Providence, RI, USA	EjFCcm9hZCBTdHJlZXQgJiBDb2xmYXggU3RyZWV0LCBQcm92aWRlbmNlLCBSSSwgVVNBImYiZAoUChIJh5isVohP5IkRxMiusz9Rtz0SFAoSCYeYrFaIT-SJEcTIrrM_Ubc9GhQKEgmD3n3VjE_kiREsosqTmEsIoxoUChIJWUPFGopP5IkRprcHRHnzEIAiCg1JAOoYFdncbtU	41.7988681	-71.4154791	41.7988681	-71.4154791	Med	2.182455177	Raw	NA	NA	NA	NA	FALSE	41.79888	-71.4155	2021	September
428	2021-09-21	858324	12:19:00	Other	NA	NA	FALSE	FALSE	1	CHALKSTONE AVE	ROSEBANK AVE	2021-09-21	Two-Way , Not Divided	Dry	Daylight	Clear	Not a Collision Between Two Motor Vehicles in Transport	Yes	Stop Signs	3	1	Non-Incapacitating	NA	41.8339	-71.43335	FALSE	FALSE	Chalkstone Ave and Rosebank Ave, Providence, RI, USA	FALSE	-71.4333511	41.8339277	intersection	geometric_center	chalkstone ave & rosebank ave, providence, ri 02908, usa	NA	NA	NA	NA	41.8339277	-71.4333511	Med High	3.084899352	Raw	NA	NA	NA	NA	FALSE	41.8339	-71.43335	2021	September
427	2021-09-23	858444	05:43:00	Pedestrian	1	NA	FALSE	FALSE	1	Grosvenor Ave	Chalkstone Ave	2021-09-23	Two-Way , Not Divided	Dry	Dark - Lighted	Clear	Not a Collision Between Two Motor Vehicles in Transport	No	Stop Signs	3	1	Pain Reported	NA	41.83239	-71.43954	FALSE	FALSE	Grosvenor Ave and Chalkstone Ave, Providence, RI, USA	FALSE	-71.439537	41.8323976	intersection	geometric_center	grosvenor ave & chalkstone ave, providence, ri 02908, usa	NA	NA	NA	NA	41.8323976	-71.439537	Med High	0.881862251	Raw	NA	NA	NA	NA	FALSE	41.83239	-71.43954	2021	September
425	2021-09-27	860540	07:26:00	Pedestrian	1	NA	FALSE	FALSE	1	ATWELLS AVE	BRADFORD ST	2021-09-27	Two-Way , Not Divided	Dry	Daylight	Clear	Not a Collision Between Two Motor Vehicles in Transport	No	Flashing Traffic Control Signal	4	1	Incapacitating	NA	41.82324	-71.42195	FALSE	FALSE	Atwells Ave and Bradford Street, Providence, RI, USA	FALSE	-71.4217897	41.8232404	intersection	geometric_center	atwells ave & bradford st, providence, ri 02903, usa	NA	NA	NA	NA	41.8232404	-71.4217897	Med High	13.29790625	Raw	NA	NA	NA	NA	FALSE	41.82324	-71.42195	2021	September
426	2021-09-27	860604	22:22:00	Pedestrian	1	NA	FALSE	FALSE	1	Plain St	PUBLIC ST	2021-09-27	Two-Way , Not Divided	Dry	Dark - Lighted	Clear	Unknown	Yes	Stop Signs	1	1	Non-Incapacitating	NA	41.80666	-71.40998	FALSE	FALSE	Plain Street and Public Street, Providence, RI, USA	FALSE	-71.40998	41.8066822	intersection	geometric_center	public st & plain st, providence, ri 02905, usa	NA	NA	NA	NA	41.8066822	-71.40998	Med High	2.471292696	Raw	NA	NA	NA	NA	FALSE	41.80666	-71.40998	2021	September
421	2021-10-01	860829	16:53:00	Pedestrian	1	NA	FALSE	FALSE	1	FRANCIS ST	GASPEE ST	2021-10-01	Two-Way, Divided, Positive Median Barrier	Dry	Daylight	Clear	Not a Collision Between Two Motor Vehicles in Transport	No	Traffic Control Signal	2	0	No Injury	NA	41.82897	-71.4153	FALSE	FALSE	Francis Street and Gaspee Street, Providence, RI, USA	FALSE	-71.413218	41.8298918	route	geometric_center	gaspee st, providence, ri 02903, usa	NA	NA	NA	NA	41.8298918	-71.413218	Med	200.8833518	Raw	distance greater than 100m	NA	NA	NA	TRUE	41.82897	-71.4153	2021	October
422	2021-10-01	860830	16:48:00	Pedestrian	1	NA	FALSE	FALSE	1	EXIT 22A (RT )	FRANCIS ST	2021-10-01	Two-Way, Divided, Positive Median Barrier	Dry	Daylight	Clear	Not a Collision Between Two Motor Vehicles in Transport	Yes	Traffic Control Signal	1	1	Pain Reported	NA	41.82577	-71.41527	FALSE	FALSE	Exit 22a (Rt ) and Francis Street, Providence, RI, USA	FALSE	-71.4153409	41.8284747	route	geometric_center	francis st, providence, ri, usa	NA	NA	NA	NA	41.8284747	-71.4153409	Med	301.1432612	Raw	distance greater than 100m	NA	NA	NA	TRUE	41.82577	-71.41527	2021	October
423	2021-10-01	860837	20:40:00	Bicycle	NA	1	FALSE	FALSE	1	WESTMINSTER ST	BATTEY ST	2021-10-01	Two-Way , Not Divided	Dry	Dark - Lighted	Clear	Not a Collision Between Two Motor Vehicles in Transport	Yes	No Controls	2	1	Incapacitating	NA	41.81724	-71.42463	FALSE	FALSE	Westminster Street and Battey Street, Providence, RI, USA	FALSE	-71.4246276	41.8172544	intersection	geometric_center	battey st & westminster st, providence, ri 02903, usa	NA	NA	NA	NA	41.8172544	-71.4246276	Med High	1.615319489	Raw	NA	NA	NA	NA	FALSE	41.81724	-71.42463	2021	October
424	2021-10-01	860842	22:36:00	Pedestrian	1	NA	FALSE	FALSE	1	Smith st	CHALKSTONE AVE	2021-10-02	Two-Way , Not Divided	Dry	Dark - Lighted	Clear	Not a Collision Between Two Motor Vehicles in Transport	No	Traffic Control Signal	2	1	Pain Reported	NA	41.83521	-71.42565	FALSE	FALSE	Smith Street and Chalkstone Ave, Providence, RI, USA	FALSE	-71.4256425	41.8352214	intersection	geometric_center	chalkstone ave & smith st, providence, ri 02908, usa	NA	NA	NA	NA	41.8352214	-71.4256425	Med High	1.413300365	Raw	NA	NA	NA	NA	FALSE	41.83521	-71.42565	2021	October
420	2021-10-02	860857	15:46:00	Pedestrian	1	NA	FALSE	FALSE	1	DOUGLAS AVE	WHIPPLE ST	2021-10-02	Two-Way , Not Divided	Dry	Daylight	Clear	Not a Collision Between Two Motor Vehicles in Transport	No	Pavement Markings	2	1	Non-Incapacitating	NA	41.83685	-71.42154	FALSE	FALSE	Douglas Ave and Whipple Street, Providence, RI, USA	FALSE	-71.4215517	41.8368745	intersection	geometric_center	whipple st & douglas ave, providence, ri 02908, usa	NA	NA	NA	NA	41.8368745	-71.4215517	Med High	2.894813997	Raw	NA	NA	NA	NA	FALSE	41.83685	-71.42154	2021	October
419	2021-10-05	861020	19:09:00	Bicycle	NA	1	FALSE	FALSE	1	VALLEY ST	RIVER AVE	2021-10-05	Two-Way, Divided, Unprotected (painted>4feet) Medium	Dry	Dark - Lighted	Clear	Not a Collision Between Two Motor Vehicles in Transport	Yes	No Controls	1	1	Pain Reported	NA	41.82796	-71.43516	FALSE	FALSE	Valley Street and River Ave, Providence, RI, USA	FALSE	-71.435152	41.827984	intersection	geometric_center	valley st & river ave, providence, ri 02908, usa	NA	NA	NA	NA	41.827984	-71.435152	Med High	2.752847851	Raw	NA	NA	NA	NA	FALSE	41.82796	-71.43516	2021	October
418	2021-10-08	861146	18:32:00	Pedestrian	1	NA	TRUE	FALSE	2	COLLEGE ST	SOUTH MAIN ST	2021-10-08	Two-Way , Not Divided	Dry	Daylight	Clear	Sideswipe, Same Direction	Yes	Pavement Markings	6	1	Non-Incapacitating	NA	41.82564	-71.40785	FALSE	FALSE	College Street and South Main Street, Providence, RI, USA	FALSE	-71.4037098	41.8208275	route	geometric_center	s main st, providence, ri 02903, usa	College Street & South Main Street, Providence, RI, USA	EjdDb2xsZWdlIFN0cmVldCAmIFNvdXRoIE1haW4gU3RyZWV0LCBQcm92aWRlbmNlLCBSSSwgVVNBImYiZAoUChIJD1urSRZF5IkRzGbOghZosXsSFAoSCQ9bq0kWReSJEcxmzoIWaLF7GhQKEgnR5cstFkXkiRH1TvxbNfBkPhoUChIJxfz7Uz5F5IkRx3FZv-YChPQiCg2TF-4YFdUHcNU	41.8256787	-71.4078251	41.8256787	-71.4078251	Med	4.777636172	Raw	NA	NA	NA	NA	FALSE	41.82564	-71.40785	2021	October
417	2021-10-12	861288	19:02:00	Pedestrian	1	NA	FALSE	FALSE	1	ELMWOOD AVE	DARTMOUTH AVE	2021-10-12	Two-Way , Not Divided	Dry	Dark - Lighted	Clear	Not a Collision Between Two Motor Vehicles in Transport	No	No Controls	2	0	No Injury	NA	41.80839	-71.42469	FALSE	FALSE	Elmwood Ave and Dartmouth Ave, Providence, RI, USA	FALSE	-71.4247037	41.8084548	intersection	geometric_center	dartmouth ave & elmwood ave, providence, ri 02907, usa	NA	NA	NA	NA	41.8084548	-71.4247037	Med High	7.302523285	Raw	NA	NA	NA	NA	FALSE	41.80839	-71.42469	2021	October
415	2021-10-13	861308	13:33:00	Pedestrian	1	NA	FALSE	FALSE	1	WICKHAM ST	BROAD ST	2021-10-13	Two-Way , Not Divided	Dry	Daylight	Clear	Not a Collision Between Two Motor Vehicles in Transport	No	Stop Signs	3	1	Pain Reported	NA	41.81579	-71.41998	FALSE	FALSE	Wickham Street and Broad Street, Providence, RI, USA	FALSE	-71.4200845	41.8159698	intersection	geometric_center	wickham st & broad st, providence, ri 02903, usa	NA	NA	NA	NA	41.8159698	-71.4200845	Med High	21.81231254	Raw	NA	NA	NA	NA	FALSE	41.81579	-71.41998	2021	October
416	2021-10-13	861328	16:39:00	Other	NA	1	TRUE	FALSE	1	PUBLIC ST	TAYLOR ST	2021-10-13	Two-Way , Not Divided	Dry	Daylight	Clear	Not a Collision Between Two Motor Vehicles in Transport	No	No Controls	2	1	Pain Reported	NA	41.80503	-71.41708	FALSE	FALSE	Public Street and Taylor Street, Providence, RI, USA	FALSE	-71.4170642	41.805035	intersection	geometric_center	taylor st & public st, providence, ri 02907, usa	NA	NA	NA	NA	41.805035	-71.4170642	Med High	1.42433174	Raw	NA	NA	NA	NA	FALSE	41.80503	-71.41708	2021	October
414	2021-10-14	861388	18:24:00	Bicycle	NA	1	FALSE	FALSE	1	CRANSTON ST	WAVERLY ST	2021-10-14	Two-Way , Not Divided	Dry	Dark - Lighted	Clear	Not a Collision Between Two Motor Vehicles in Transport	No	Pavement Markings	4	1	Non-Incapacitating	NA	41.80845	-71.43444	FALSE	FALSE	Cranston Street and Waverly Street, Providence, RI, USA	FALSE	-71.4345674	41.8083361	intersection	geometric_center	cranston st & waverly st, providence, ri 02907, usa	NA	NA	NA	NA	41.8083361	-71.4345674	Med High	16.50791104	Raw	NA	NA	NA	NA	FALSE	41.80845	-71.43444	2021	October