row_number	crash_date	crash_report_id	crash_time	collision_type	count_pedestrian	count_bicycle	scooter	wheel_chair	number_of_vehicles	street_or_highway	nearest_intersection	report_date	type_of_roadway	road_surface_condition	light_condition	weather_condition	manner_of_impact	hit_and_run	traffic_control	person_count	injury_count	most_serious_injury	number_of_lanes	lat_raw	lon_raw	has_st_number	is_intersection_null	address_sent_to_geocoder	is_address_blank	lon_api_first_try	lat_api_first_try	type	loctype	address_returned_by_geocoder	address_returned_by_autocomplete	place_ids_autocompleted	lat_api_second_try	lon_api_second_try	lat_api_best	lon_api_best	api_coord_conf	distance_btwn_coords_meters	best_coordinate_set	reason_for_qa	correct_coordinates	corrected_lat	corrected_lon	manually_qaed_record	final_lat	final_lon	year	month
413	2021-10-16	861449	17:49:00	Pedestrian	1	NA	FALSE	FALSE	1	74 CONCORD ST	CONCORD ST	2021-10-16	Two-Way , Not Divided	Dry	Daylight	Cloudy	Not a Collision Between Two Motor Vehicles in Transport	No	No Controls	2	1	Non-Incapacitating	NA	41.85337	-71.40322	TRUE	FALSE	74 Concord Street, Providence, RI, USA	FALSE	-71.4032925	41.85355	premise	rooftop	74 concord st, providence, ri 02904, usa	NA	NA	NA	NA	41.85355	-71.4032925	High	20.91983359	Raw	NA	NA	NA	NA	FALSE	41.85337	-71.40322	2021	October
412	2021-10-17	861508	21:39:00	Pedestrian	1	NA	FALSE	FALSE	1	Dexter Street	SPRAGUE ST	2021-10-17	Two-Way , Not Divided	Dry	Dark - Lighted	Clear	Not a Collision Between Two Motor Vehicles in Transport	Yes	No Controls	1	1	Pain Reported	NA	41.80977	-71.42834	FALSE	FALSE	Dexter Street and Sprague Street, Providence, RI, USA	FALSE	-71.428322	41.809742	intersection	geometric_center	sprague st & dexter st, providence, ri 02907, usa	NA	NA	NA	NA	41.809742	-71.428322	Med High	3.456292076	Raw	NA	NA	NA	NA	FALSE	41.80977	-71.42834	2021	October
409	2021-10-18	861534	13:05:00	Pedestrian	1	NA	FALSE	TRUE	1	ELMWOOD AVE	ROGER WILLIAMS AVE	2021-10-18	Two-Way, Divided, Positive Median Barrier	Dry	Daylight	Clear	Not a Collision Between Two Motor Vehicles in Transport	No	Traffic Control Signal	3	1	Pain Reported	NA	41.78878	-71.42116	FALSE	FALSE	Elmwood Ave and Roger Williams Ave, Providence, RI, USA	FALSE	-71.4209033	41.7885278	intersection	geometric_center	roger williams ave & elmwood ave, providence, ri 02907, usa	NA	NA	NA	NA	41.7885278	-71.4209033	Med High	35.24415669	Raw	NA	NA	NA	NA	FALSE	41.78878	-71.42116	2021	October
410	2021-10-18	861536	14:24:00	Bicycle	NA	1	FALSE	FALSE	1	ELMWOOD AVE	PRINCETON AVE	2021-10-18	Two-Way , Not Divided	Dry	Daylight	Clear	Not a Collision Between Two Motor Vehicles in Transport	No	No Controls	3	1	Pain Reported	NA	41.80556	-71.42517	FALSE	FALSE	Elmwood Ave and Princeton Ave, Providence, RI, USA	FALSE	-71.4252446	41.8053667	intersection	geometric_center	princeton ave & elmwood ave, providence, ri 02907, usa	NA	NA	NA	NA	41.8053667	-71.4252446	Med High	22.39075098	Raw	NA	NA	NA	NA	FALSE	41.80556	-71.42517	2021	October
411	2021-10-18	861566	18:01:00	Pedestrian	1	NA	FALSE	FALSE	1	ROGER WILLIAMS AVE	ELMWOOD AVE	2021-10-18	Two-Way , Not Divided	Dry	Dusk	Clear	Not a Collision Between Two Motor Vehicles in Transport	Yes	Traffic Control Signal	1	1	Pain Reported	NA	41.78851	-71.42102	FALSE	FALSE	Roger Williams Ave and Elmwood Ave, Providence, RI, USA	FALSE	-71.4209033	41.7885278	intersection	geometric_center	roger williams ave & elmwood ave, providence, ri 02907, usa	NA	NA	NA	NA	41.7885278	-71.4209033	Med High	9.8867993770000009	Raw	NA	NA	NA	NA	FALSE	41.78851	-71.42102	2021	October
408	2021-10-20	861659	17:51:00	Pedestrian	1	NA	FALSE	FALSE	1	WASHINGTON ST	EMPIRE ST	2021-10-20	Two-Way , Not Divided	Dry	Dark - Lighted	Clear	Sideswipe, Same Direction	No	Traffic Control Signal	2	1	Pain Reported	NA	41.82198	-71.41623	FALSE	FALSE	Washington Street and Empire Street, Providence, RI, USA	FALSE	-71.4157797	41.821349	route	geometric_center	empire st, providence, ri 02903, usa	Washington Street & Empire Street, Providence, RI, USA	EjZXYXNoaW5ndG9uIFN0cmVldCAmIEVtcGlyZSBTdHJlZXQsIFByb3ZpZGVuY2UsIFJJLCBVU0EiZiJkChQKEgmNpp3sEkXkiRHnvAEsqcaDvRIUChIJjaad7BJF5IkR57wBLKnGg70aFAoSCanazZwSReSJERoH0JajEjT2GhQKEgnHPO_pEkXkiRGhxI4iuiomFSIKDWmC7RgVI7hu1Q	41.8218601	-71.4164189	41.8218601	-71.4164189	Med	20.58442552	Raw	NA	NA	NA	NA	FALSE	41.82198	-71.41623	2021	October
407	2021-10-22	861720	21:03:00	Pedestrian	1	NA	FALSE	FALSE	1	THAYER ST	ANGELL ST	2021-10-22	One-Way Trafficway	Dry	Dark - Lighted	Clear	Not a Collision Between Two Motor Vehicles in Transport	Yes	Traffic Control Signal	1	1	Pain Reported	NA	41.82812	-71.40066	FALSE	FALSE	Thayer Street and Angell Street, Providence, RI, USA	FALSE	-71.4006581	41.8280973	intersection	geometric_center	thayer st & angell st, providence, ri 02906, usa	NA	NA	NA	NA	41.8280973	-71.4006581	Med High	2.531862502	Raw	NA	NA	NA	NA	FALSE	41.82812	-71.40066	2021	October
406	2021-10-23	861454	20:14:00	Bicycle	NA	1	FALSE	FALSE	1	WESTMINSTER ST	DEXTER ST	2021-10-16	Two-Way , Not Divided	Dry	Dark - Lighted	Clear	Not a Collision Between Two Motor Vehicles in Transport	No	Other	2	1	Non-Incapacitating	NA	41.81659	-71.43134	FALSE	FALSE	Westminster Street and Dexter Street, Providence, RI, USA	FALSE	-71.4313462	41.8166033	intersection	geometric_center	dexter st & westminster st, providence, ri 02909, usa	NA	NA	NA	NA	41.8166033	-71.4313462	Med High	1.567358535	Raw	NA	NA	NA	NA	FALSE	41.81659	-71.43134	2021	October
405	2021-10-29	863666	13:00:00	Pedestrian	1	NA	FALSE	FALSE	1	BRANCH AVE	SILVER SPRING ST	2021-11-25	Two-Way , Not Divided	Dry	Daylight	Clear	Other	Yes	No Controls	2	1	Pain Reported	NA	41.84782	-71.41467	FALSE	FALSE	Branch Ave and Silver Spring Street, Providence, RI, USA	FALSE	-71.4147046	41.8478499	intersection	geometric_center	silver spring st & branch ave, providence, ri 02904, usa	NA	NA	NA	NA	41.8478499	-71.4147046	Med High	4.394399083	Raw	NA	NA	NA	NA	FALSE	41.84782	-71.41467	2021	October
403	2021-10-30	862064	18:33:00	Pedestrian	1	NA	FALSE	FALSE	1	OAKLAND AVE	SMITH ST	2021-10-30	Two-Way , Not Divided	Wet	Dark - Lighted	Rain	Not a Collision Between Two Motor Vehicles in Transport	No	Traffic Control Signal	2	1	Pain Reported	NA	41.83623	-71.43046	FALSE	FALSE	Oakland Ave and Smith Street, Providence, RI, USA	FALSE	-71.430455	41.8362474	intersection	geometric_center	oakland ave & smith st, providence, ri 02908, usa	NA	NA	NA	NA	41.8362474	-71.430455	Med High	1.980854086	Raw	NA	NA	NA	NA	FALSE	41.83623	-71.43046	2021	October
404	2021-10-30	862096	22:54:00	Pedestrian	1	NA	FALSE	FALSE	1	SMITHFIELD AVE	SMITHFIELD AVE	2021-10-31	One-Way Trafficway	Wet	Dark - Lighted	Rain	Not a Collision Between Two Motor Vehicles in Transport	Yes	Traffic Control Signal	1	1	Pain Reported	NA	41.8558	-71.40766	FALSE	FALSE	Smithfield Ave and Smithfield Ave, Providence, RI, USA	FALSE	-71.4524031	41.8563993	intersection	geometric_center	smithfield rd & smithfield ave, north providence, ri 02904, usa	NA	NA	NA	NA	41.8563993	-71.4524031	Med High	3710.398732	Unknown	distance greater than 100m	NA	NA	NA	TRUE	NA	NA	2021	October
401	2021-11-01	862162	15:18:00	Pedestrian	1	NA	FALSE	FALSE	1	KILLINGLY ST	HARTFORD AVE	2021-11-01	Two-Way , Not Divided	Dry	Daylight	Clear	Not a Collision Between Two Motor Vehicles in Transport	No	No Controls	3	0	No Injury	NA	41.81984	-71.46884	FALSE	FALSE	Killingly Street and Hartford Ave, Providence, RI, USA	FALSE	-71.4689352	41.8200273	intersection	geometric_center	killingly st & hartford ave, providence, ri 02909, usa	NA	NA	NA	NA	41.8200273	-71.4689352	Med High	22.295824	Raw	NA	NA	NA	NA	FALSE	41.81984	-71.46884	2021	November
402	2021-11-01	862164	16:01:00	Pedestrian	1	NA	FALSE	FALSE	1	HARVARD AVE	TAYLOR ST	2021-11-01	Two-Way , Not Divided	Dry	Daylight	Clear	Not a Collision Between Two Motor Vehicles in Transport	Yes	No Controls	3	1	Non-Incapacitating	NA	41.80862	-71.4188	FALSE	FALSE	Harvard Ave and Taylor Street, Providence, RI, USA	FALSE	-71.4179224	41.8086357	intersection	geometric_center	taylor st & harvard ave, providence, ri 02907, usa	NA	NA	NA	NA	41.8086357	-71.4179224	Med High	72.83968529	Raw	NA	NA	NA	NA	FALSE	41.80862	-71.4188	2021	November
400	2021-11-03	862247	11:29:00	Pedestrian	1	NA	FALSE	FALSE	1	HOPKINS ST	BENEFIT ST	2021-11-03	Two-Way , Not Divided	Dry	Daylight	Clear	Not a Collision Between Two Motor Vehicles in Transport	No	No Controls	3	1	Pain Reported	NA	41.82533	-71.40635	FALSE	FALSE	Hopkins Street and Benefit Street, Providence, RI, USA	FALSE	-71.4063437	41.8253424	intersection	geometric_center	hopkins st & benefit st, providence, ri 02903, usa	NA	NA	NA	NA	41.8253424	-71.4063437	Med High	1.475979156	Raw	NA	NA	NA	NA	FALSE	41.82533	-71.40635	2021	November
399	2021-11-05	862376	21:06:00	Pedestrian	1	NA	FALSE	FALSE	1	SAYLES ST	PRAIRIE AVE	2021-11-05	Two-Way , Not Divided	Dry	Dark - Lighted	Clear	Not a Collision Between Two Motor Vehicles in Transport	No	No Controls	3	1	Pain Reported	NA	41.80264	-71.41358	FALSE	FALSE	Sayles Street and Prairie Ave, Providence, RI, USA	FALSE	-71.4135678	41.8026518	intersection	geometric_center	sayles st & prairie ave, providence, ri 02905, usa	NA	NA	NA	NA	41.8026518	-71.4135678	Med High	1.658431361	Raw	NA	NA	NA	NA	FALSE	41.80264	-71.41358	2021	November
398	2021-11-06	862395	15:40:00	Pedestrian	1	NA	FALSE	FALSE	1	EDGEHILL RD	SUMMIT AVE	2021-11-06	Two-Way , Not Divided	Dry	Daylight	Clear	Angle (Front - to - Side) Right Angle (Includes Broadside)	No	No Controls	3	1	Pain Reported	NA	41.84876	-71.39794	FALSE	FALSE	Edgehill Rd and Summit Ave, Providence, RI, USA	FALSE	-71.3978943	41.8487776	intersection	geometric_center	edgehill rd & summit ave, providence, ri 02906, usa	NA	NA	NA	NA	41.8487776	-71.3978943	Med High	4.266077653	Raw	NA	NA	NA	NA	FALSE	41.84876	-71.39794	2021	November
397	2021-11-07	862410	08:29:00	Pedestrian	1	NA	FALSE	FALSE	1	ATWELLS AVE	DEAN ST	2021-11-07	Two-Way , Not Divided	Dry	Daylight	Clear	Not a Collision Between Two Motor Vehicles in Transport	No	Traffic Control Signal	2	1	Incapacitating	NA	41.82339	-71.4242	FALSE	FALSE	Atwells Ave and Dean Street, Providence, RI, USA	FALSE	-71.4242155	41.8234078	intersection	geometric_center	atwells ave & dean st, providence, ri 02903, usa	NA	NA	NA	NA	41.8234078	-71.4242155	Med High	2.36211906	Raw	NA	NA	NA	NA	FALSE	41.82339	-71.4242	2021	November
396	2021-11-08	862467	08:10:00	Pedestrian	1	NA	FALSE	FALSE	1	BLACKSTONE BLVD	EAST AVE	2021-11-08	Two-Way, Divided, Positive Median Barrier	Dry	Daylight	Clear	Not a Collision Between Two Motor Vehicles in Transport	No	No Controls	3	1	Pain Reported	NA	41.85657	-71.39103	FALSE	FALSE	Blackstone Blvd and East Ave, Providence, RI, USA	FALSE	-71.3870926	41.8450883	route	geometric_center	blackstone blvd, providence, ri 02906, usa	NA	NA	NA	NA	41.8450883	-71.3870926	Med	1319.17769	Raw	distance greater than 100m	NA	NA	NA	TRUE	41.85657	-71.39103	2021	November
392	2021-11-09	862511	06:04:00	Other	1	NA	TRUE	FALSE	1	Hartford Ave	Plainfield Street	2021-11-09	Two-Way , Not Divided	Dry	Dawn	Clear	Not a Collision Between Two Motor Vehicles in Transport	No	No Controls	3	1	Pain Reported	NA	41.81668	-71.44385	FALSE	FALSE	Hartford Ave and Plainfield Street, Providence, RI, USA	FALSE	-71.4439262	41.8166626	intersection	geometric_center	plainfield st & hartford ave, providence, ri 02909, usa	NA	NA	NA	NA	41.8166626	-71.4439262	Med High	6.61196527	Raw	NA	NA	NA	NA	FALSE	41.81668	-71.44385	2021	November
393	2021-11-09	862555	17:47:00	Pedestrian	1	NA	FALSE	FALSE	1	ADELAIDE AVE	HAMILTON ST	2021-11-09	Two-Way , Not Divided	Dry	Dark - Not Lighted	Clear	Not a Collision Between Two Motor Vehicles in Transport	No	Stop Signs	3	1	Pain Reported	NA	41.80357	-71.42571	FALSE	FALSE	Adelaide Ave and Hamilton Street, Providence, RI, USA	FALSE	-71.4201379	41.7973969	intersection	geometric_center	adelaide ave & hamilton st, providence, ri 02907, usa	NA	NA	NA	NA	41.7973969	-71.4201379	Med High	828.2762058	Geocoded	distance greater than 100m	NA	NA	NA	TRUE	41.7973969	-71.4201379	2021	November
394	2021-11-09	862561	20:51:00	Pedestrian	1	NA	FALSE	FALSE	1	7 Pemberton St.	Roanoke St.	2021-11-09	Two-Way , Not Divided	Dry	Dark - Lighted	Clear	Not a Collision Between Two Motor Vehicles in Transport	Yes	No Controls	2	1	Pain Reported	NA	41.83136	-71.44589	TRUE	FALSE	7 Pemberton St., Providence, RI, USA	FALSE	-71.4460263	41.8311672	premise	rooftop	7 pemberton st, providence, ri 02908, usa	NA	NA	NA	NA	41.8311672	-71.4460263	High	24.2579521	Raw	NA	NA	NA	NA	FALSE	41.83136	-71.44589	2021	November
395	2021-11-09	862566	21:45:00	Pedestrian	1	NA	FALSE	FALSE	1	HAGAN ST	MENDON ST	2021-11-09	Two-Way , Not Divided	Dry	Dark - Lighted	Clear	Not a Collision Between Two Motor Vehicles in Transport	Yes	No Controls	1	1	Pain Reported	NA	41.85692	-71.4224	FALSE	FALSE	Hagan Street and Mendon Street, Providence, RI, USA	FALSE	-71.4226281	41.8556752	route	geometric_center	mendon st, providence, ri 02904, usa	NA	NA	NA	NA	41.8556752	-71.4226281	Med	139.8551593	Raw	distance greater than 100m	NA	NA	NA	TRUE	41.85692	-71.4224	2021	November
391	2021-11-10	862644	17:22:00	Pedestrian	1	NA	FALSE	FALSE	1	Waterman St	WAYLAND AVE	2021-11-10	Two-Way , Not Divided	Dry	Dark - Lighted	Clear	Not a Collision Between Two Motor Vehicles in Transport	Yes	Traffic Control Signal	1	1	Non-Incapacitating	NA	41.8286	-71.38838	FALSE	FALSE	Waterman Street and Wayland Ave, Providence, RI, USA	FALSE	-71.3883533	41.8286345	intersection	geometric_center	wayland ave & waterman st, providence, ri 02906, usa	NA	NA	NA	NA	41.8286345	-71.3883533	Med High	4.433358893	Raw	NA	NA	NA	NA	FALSE	41.8286	-71.38838	2021	November
388	2021-11-17	863090	08:53:00	Pedestrian	1	NA	FALSE	FALSE	1	POINT ST	CHESTNUT ST	2021-11-17	Two-Way , Not Divided	Dry	Daylight	Clear	Not a Collision Between Two Motor Vehicles in Transport	No	Stop Signs	3	1	Pain Reported	NA	41.81626	-71.408	FALSE	FALSE	Point Street and Chestnut Street, Providence, RI, USA	FALSE	-71.4080073	41.8162631	intersection	geometric_center	point st & chestnut st, providence, ri 02903, usa	NA	NA	NA	NA	41.8162631	-71.4080073	Med High	0.697059672	Raw	NA	NA	NA	NA	FALSE	41.81626	-71.408	2021	November
389	2021-11-17	863106	09:52:00	Pedestrian	1	NA	FALSE	FALSE	1	Empire St	Broad St	2021-11-17	Two-Way , Not Divided	Dry	Daylight	Clear	Not a Collision Between Two Motor Vehicles in Transport	No	Traffic Control Signal	3	1	Pain Reported	2	NA	NA	FALSE	FALSE	Empire Street and Broad Street, Providence, RI, USA	FALSE	-71.4143573	41.8200721	intersection	geometric_center	empire st & broad st, providence, ri 02903, usa	NA	NA	NA	NA	41.8200721	-71.4143573	Med High	NA	Geocoded	raw coords null but geocoded coords found	NA	NA	NA	TRUE	41.8200721	-71.4143573	2021	November
390	2021-11-17	863136	19:24:00	Pedestrian	1	NA	FALSE	FALSE	1	ELMWOOD AVE	ARCH ST	2021-11-18	Two-Way , Not Divided	Dry	Dark - Lighted	Clear	Not a Collision Between Two Motor Vehicles in Transport	Yes	No Controls	1	1	Pain Reported	2	41.81206	-71.42258	FALSE	FALSE	Elmwood Ave and Arch Street, Providence, RI, USA	FALSE	-71.4225885	41.8120767	intersection	geometric_center	arch st & elmwood ave, providence, ri 02907, usa	NA	NA	NA	NA	41.8120767	-71.4225885	Med High	1.988312858	Raw	NA	NA	NA	NA	FALSE	41.81206	-71.42258	2021	November
387	2021-11-18	863175	08:28:00	Pedestrian	1	NA	FALSE	FALSE	1	POWER ST	THAYER ST	2021-11-18	Two-Way , Not Divided	Dry	Daylight	Clear	Not a Collision Between Two Motor Vehicles in Transport	No	Stop Signs	3	1	Pain Reported	NA	41.82295	-71.40009	FALSE	FALSE	Power Street and Thayer Street, Providence, RI, USA	FALSE	-71.4000173	41.8229706	intersection	geometric_center	thayer st & power st, providence, ri 02912, usa	NA	NA	NA	NA	41.8229706	-71.4000173	Med High	6.4521846	Raw	NA	NA	NA	NA	FALSE	41.82295	-71.40009	2021	November
386	2021-11-19	863301	22:40:00	Pedestrian	1	NA	FALSE	FALSE	1	Broad Street	Central Street	2021-11-19	Two-Way, Divided, Positive Median Barrier	Dry	Dark - Lighted	Clear	Not a Collision Between Two Motor Vehicles in Transport	No	No Controls	5	1	Incapacitating	2	NA	NA	FALSE	FALSE	Broad Street and Central Street, Providence, RI, USA	FALSE	-71.3870525	41.8858281	intersection	geometric_center	broad st & central st, central falls, ri 02863, usa	NA	NA	NA	NA	41.8858281	-71.3870525	Med High	NA	Geocoded	raw coords null but geocoded coords found	NA	NA	NA	TRUE	41.8858281	-71.3870525	2021	November
385	2021-11-20	863341	14:05:00	Pedestrian	1	NA	FALSE	FALSE	1	ACADEMY AVE	LINTON ST	2021-11-20	Two-Way , Not Divided	Dry	Daylight	Clear	Not a Collision Between Two Motor Vehicles in Transport	No	No Controls	3	1	Pain Reported	NA	41.83114	-71.44434	FALSE	FALSE	Academy Ave and Linton Street, Providence, RI, USA	FALSE	-71.4443852	41.831444	intersection	geometric_center	linton st & academy ave, providence, ri 02908, usa	NA	NA	NA	NA	41.831444	-71.4443852	Med High	34.04816839	Raw	NA	NA	NA	NA	FALSE	41.83114	-71.44434	2021	November
384	2021-11-22	863478	08:28:00	Pedestrian	1	NA	FALSE	FALSE	1	Broadway	Knight St	2021-11-22	Two-Way , Not Divided	Wet	Daylight	Rain	Not a Collision Between Two Motor Vehicles in Transport	No	No Controls	2	1	Pain Reported	2	NA	NA	FALSE	FALSE	Broadway and Knight Street, Providence, RI, USA	FALSE	-71.4298401	41.8202496	route	geometric_center	knight st, providence, ri, usa	Broadway & Knight Street, Providence, RI, USA	Ei1Ccm9hZHdheSAmIEtuaWdodCBTdHJlZXQsIFByb3ZpZGVuY2UsIFJJLCBVU0EiZiJkChQKEgmvZYGEdUXkiRHAVmwJ-u4XKRIUChIJr2WBhHVF5IkRwFZsCfruFykaFAoSCaW15YZ1ReSJERrCM7HXpG-zGhQKEgkPqvF6dUXkiRGsZxyELkktfCIKDcQy7RgVV79s1Q	41.8198212	-71.4293417	41.8198212	-71.4293417	Med	NA	Geocoded	raw coords null but geocoded coords found	NA	NA	NA	TRUE	41.8198212	-71.4293417	2021	November
381	2021-11-24	863608	14:12:00	Pedestrian	1	NA	FALSE	FALSE	1	DORRANCE ST	EXCHANGE TER	2021-11-24	Two-Way , Not Divided	Dry	Daylight	Clear	Other	Yes	Traffic Control Signal	2	1	Pain Reported	NA	41.82482	-71.41415	FALSE	FALSE	Dorrance Street and Exchange Ter, Providence, RI, USA	FALSE	-71.4127397	41.825713	route	geometric_center	exchange terrace, providence, ri 02903, usa	NA	NA	NA	NA	41.825713	-71.4127397	Med	153.5201614	Raw	distance greater than 100m	NA	NA	NA	TRUE	41.82482	-71.41415	2021	November
382	2021-11-24	863626	15:37:00	Pedestrian	1	NA	FALSE	FALSE	1	Broad St	FENNER ST	2021-11-24	Two-Way , Not Divided	Dry	Daylight	Clear	Not a Collision Between Two Motor Vehicles in Transport	No	No Controls	4	1	Pain Reported	NA	41.81816	-71.41608	FALSE	FALSE	Broad Street and Fenner Street, Providence, RI, USA	FALSE	-71.4162027	41.8185258	route	geometric_center	fenner st, providence, ri 02903, usa	Broad Street & Fenner Street, Providence, RI, USA	EjFCcm9hZCBTdHJlZXQgJiBGZW5uZXIgU3RyZWV0LCBQcm92aWRlbmNlLCBSSSwgVVNBImYiZAoUChIJXW-QD21F5IkRj2j7Ylz7zgMSFAoSCV1vkA9tReSJEY9o-2Jc-84DGhQKEgmD3n3VjE_kiREsosqTmEsIoxoUChIJi2QME21F5IkRIBJK4OPOUY8iCg1n-ewYFcXMbtU	41.8183527	-71.4158907	41.8183527	-71.4158907	Med	26.58564975	Raw	NA	NA	NA	NA	FALSE	41.81816	-71.41608	2021	November
383	2021-11-24	863655	20:15:00	Pedestrian	1	NA	FALSE	FALSE	1	POINT ST	CHESTNUT ST	2021-11-24	Two-Way , Not Divided	Dry	Dark - Lighted	Clear	Not a Collision Between Two Motor Vehicles in Transport	No	Traffic Control Signal	2	1	Pain Reported	2	41.81655	-71.40729	FALSE	FALSE	Point Street and Chestnut Street, Providence, RI, USA	FALSE	-71.4080073	41.8162631	intersection	geometric_center	point st & chestnut st, providence, ri 02903, usa	NA	NA	NA	NA	41.8162631	-71.4080073	Med High	67.53904004	Raw	NA	NA	NA	NA	FALSE	41.81655	-71.40729	2021	November
380	2021-11-26	863720	20:56:00	Bicycle	NA	2	FALSE	FALSE	1	PUBLIC ST	BROAD ST	2021-11-26	Two-Way , Not Divided	Dry	Dark - Lighted	Clear	Not a Collision Between Two Motor Vehicles in Transport	Yes	Traffic Control Signal	2	2	Pain Reported	NA	41.80442	-71.41935	FALSE	FALSE	Public Street and Broad Street, Providence, RI, USA	FALSE	-71.4193596	41.804449	intersection	geometric_center	public st & broad st, providence, ri 02907, usa	NA	NA	NA	NA	41.804449	-71.4193596	Med High	3.325099214	Raw	NA	NA	NA	NA	FALSE	41.80442	-71.41935	2021	November
379	2021-11-30	863985	17:21:00	Pedestrian	1	NA	FALSE	FALSE	1	CHARLES ST	EXIT  (RT 146N )	2021-11-30	Two-Way , Not Divided	Dry	Dark - Lighted	Clear	Not a Collision Between Two Motor Vehicles in Transport	No	Pavement Markings	3	1	Non-Incapacitating	NA	41.8422	-71.41799	FALSE	FALSE	Charles Street and Exit  (Rt 146n ), Providence, RI, USA	FALSE	-71.4128343	41.8239891	locality	approximate	providence, ri, usa	NA	NA	NA	NA	41.8239891	-71.4128343	Med	2071.840048	Raw	distance greater than 100m	NA	NA	NA	TRUE	41.8422	-71.41799	2021	November
378	2021-12-01	864037	15:23:00	Pedestrian	1	NA	FALSE	FALSE	1	HARTFORD AVE	LAUREL HILL AVE	2021-12-01	Two-Way , Not Divided	Dry	Daylight	Clear	Not a Collision Between Two Motor Vehicles in Transport	No	School Zone Signs	3	1	Pain Reported	NA	41.81795	-71.45532	FALSE	FALSE	Hartford Ave and Laurel Hill Ave, Providence, RI, USA	FALSE	-71.4553076	41.8179635	intersection	geometric_center	laurel hill ave & hartford ave, providence, ri 02909, usa	NA	NA	NA	NA	41.8179635	-71.4553076	Med High	1.821194494	Raw	NA	NA	NA	NA	FALSE	41.81795	-71.45532	2021	December
376	2021-12-03	864151	18:26:00	Pedestrian	1	NA	FALSE	FALSE	1	1 AVENUE OF THE ARTS	NA	2021-12-03	Two-Way , Not Divided	Dry	Dark - Lighted	Clear	Not a Collision Between Two Motor Vehicles in Transport	No	No Controls	2	1	Pain Reported	NA	NA	NA	TRUE	TRUE	1 Avenue Of The Arts, Providence, RI, USA	FALSE	-71.4169972	41.8301662	street_address	rooftop	1 ave of the arts, providence, ri 02903, usa	NA	NA	NA	NA	41.8301662	-71.4169972	High	NA	Neither	raw coords null but geocoded coords found	41.83028, -71.41707	41.83028	-71.41707	TRUE	41.83028	-71.41707	2021	December
377	2021-12-03	864160	16:16:00	Pedestrian	1	NA	FALSE	FALSE	1	Atwells Ave/ Valley Street	NA	2021-12-03	Two-Way , Not Divided	Dry	Dark - Lighted	Clear	Other	No	Unknown	2	0	No Injury	NA	NA	NA	FALSE	TRUE	Atwells Ave/ Valley Street, Providence, RI, USA	FALSE	-71.4394736	41.8245768	intersection	geometric_center	valley st & atwells ave, providence, ri 02908, usa	NA	NA	NA	NA	41.8245768	-71.4394736	Inaccurate	NA	Geocoded	raw coords null but geocoded coords found	NA	NA	NA	TRUE	41.8245768	-71.4394736	2021	December
375	2021-12-06	864350	21:37:00	Pedestrian	1	NA	FALSE	FALSE	1	ANGELL ST	BROOK ST	2021-12-06	Two-Way , Not Divided	Wet	Dark - Lighted	Rain	Not a Collision Between Two Motor Vehicles in Transport	Yes	Pavement Markings	1	1	Non-Incapacitating	NA	41.82823	-71.39931	FALSE	FALSE	Angell Street and Brook Street, Providence, RI, USA	FALSE	-71.3994627	41.8282166	intersection	geometric_center	brook st & angell st, providence, ri 02906, usa	NA	NA	NA	NA	41.8282166	-71.3994627	Med High	12.75391385	Raw	NA	NA	NA	NA	FALSE	41.82823	-71.39931	2021	December
374	2021-12-07	864372	14:06:00	Pedestrian	1	NA	FALSE	FALSE	1	ELMWOOD AVE	ADELAIDE AVE	2021-12-07	Two-Way, Divided, Positive Median Barrier	Dry	Daylight	Clear	Not a Collision Between Two Motor Vehicles in Transport	No	Traffic Control Signal	2	1	Pain Reported	NA	41.79583	-71.42508	FALSE	FALSE	Elmwood Ave and Adelaide Ave, Providence, RI, USA	FALSE	-71.424995	41.795887	intersection	geometric_center	adelaide ave & elmwood ave, providence, ri 02907, usa	NA	NA	NA	NA	41.795887	-71.424995	Med High	9.488117806	Raw	NA	NA	NA	NA	FALSE	41.79583	-71.42508	2021	December
373	2021-12-08	864434	16:55:00	Pedestrian	1	NA	FALSE	FALSE	1	FRUIT HILL AVE	EDENDALE AVE	2021-12-08	Two-Way, Divided, Unprotected (painted>4feet) Medium	Dry	Dark - Lighted	Clear	Not a Collision Between Two Motor Vehicles in Transport	No	Pavement Markings	3	1	Pain Reported	NA	41.83672	-71.46839	FALSE	FALSE	Fruit Hill Ave and Edendale Ave, Providence, RI, USA	FALSE	-71.4684131	41.8367343	intersection	geometric_center	edendale ave & fruit hill ave, providence, ri 02909, usa	NA	NA	NA	NA	41.8367343	-71.4684131	Med High	2.490910175	Raw	NA	NA	NA	NA	FALSE	41.83672	-71.46839	2021	December