row_number	crash_date	crash_report_id	crash_time	collision_type	count_pedestrian	count_bicycle	scooter	wheel_chair	number_of_vehicles	street_or_highway	nearest_intersection	report_date	type_of_roadway	road_surface_condition	light_condition	weather_condition	manner_of_impact	hit_and_run	traffic_control	person_count	injury_count	most_serious_injury	number_of_lanes	lat_raw	lon_raw	has_st_number	is_intersection_null	address_sent_to_geocoder	is_address_blank	lon_api_first_try	lat_api_first_try	type	loctype	address_returned_by_geocoder	address_returned_by_autocomplete	place_ids_autocompleted	lat_api_second_try	lon_api_second_try	lat_api_best	lon_api_best	api_coord_conf	distance_btwn_coords_meters	best_coordinate_set	reason_for_qa	correct_coordinates	corrected_lat	corrected_lon	manually_qaed_record	final_lat	final_lon	year	month
371	2021-12-10	864553	14:56:00	Bicycle	NA	1	FALSE	FALSE	1	BAINBRIDGE AVE	BROADWAY	2021-12-10	Two-Way, Divided, Unprotected (painted>4feet) Medium	Dry	Daylight	Clear	Not a Collision Between Two Motor Vehicles in Transport	No	No Controls	3	1	Pain Reported	NA	41.81824	-71.43594	FALSE	FALSE	Bainbridge Ave and Broadway, Providence, RI, USA	FALSE	-71.435939200000007	41.8182697	intersection	geometric_center	bainbridge ave & broadway, providence, ri 02909, usa	NA	NA	NA	NA	41.8182697	-71.435939200000007	Med High	3.306854976	Raw	NA	NA	NA	NA	FALSE	41.81824	-71.43594	2021	December
372	2021-12-10	864567	18:07:00	Pedestrian	1	NA	TRUE	FALSE	1	GEORGE ST	BROOK ST	2021-12-10	Two-Way, Divided, Unprotected (painted>4feet) Medium	Dry	Dark - Lighted	Clear	Not a Collision Between Two Motor Vehicles in Transport	No	Stop Signs	3	1	Pain Reported	NA	41.82561	-71.39906	FALSE	FALSE	George Street and Brook Street, Providence, RI, USA	FALSE	-71.3989869	41.825126	route	geometric_center	brook st, providence, ri, usa	George Street & Brook Street, Providence, RI, USA	EjFHZW9yZ2UgU3RyZWV0ICYgQnJvb2sgU3RyZWV0LCBQcm92aWRlbmNlLCBSSSwgVVNBImYiZAoUChIJj8XBaztF5IkRXiCnKg8LB84SFAoSCY_FwWs7ReSJEV4gpyoPCwfOGhQKEgnH6iRjO0XkiRGyZ442LkmUZRoUChIJm2Z9cjtF5IkRdYaHIRB4AGgiCg3oFe4YFURecdU	41.825636	-71.3990588	41.825636	-71.3990588	Med	2.896018044	Raw	NA	NA	NA	NA	FALSE	41.82561	-71.39906	2021	December
370	2021-12-11	864693	22:49:00	Pedestrian	1	NA	FALSE	FALSE	1	Atwells Avenue	DEAN ST	2021-12-12	Two-Way , Not Divided	Wet	Dark - Lighted	Rain	Other	No	Flashing Traffic Control Signal	5	1	Incapacitating	NA	41.82339	-71.4242	FALSE	FALSE	Atwells Avenue and Dean Street, Providence, RI, USA	FALSE	-71.4242155	41.8234078	intersection	geometric_center	atwells ave & dean st, providence, ri 02903, usa	NA	NA	NA	NA	41.8234078	-71.4242155	Med High	2.36211906	Raw	NA	NA	NA	NA	FALSE	41.82339	-71.4242	2021	December
369	2021-12-14	864850	17:20:00	Pedestrian	1	NA	FALSE	FALSE	1	WESTMINSTER ST	STOKES ST	2021-12-14	Two-Way , Not Divided	Dry	Dark - Lighted	Clear	Not a Collision Between Two Motor Vehicles in Transport	No	No Controls	2	0	No Injury	NA	41.81671	-71.44262	FALSE	FALSE	Westminster Street and Stokes Street, Providence, RI, USA	FALSE	-71.4428116	41.8167431	intersection	geometric_center	westminster st & stokes st, providence, ri 02909, usa	NA	NA	NA	NA	41.8167431	-71.4428116	Med High	16.31743365	Raw	NA	NA	NA	NA	FALSE	41.81671	-71.44262	2021	December
368	2021-12-17	869745	09:48:00	Bicycle	NA	1	FALSE	FALSE	1	BROADWAY	VALLEY ST	2022-03-01	Unknown	Dry	Daylight	Clear	Not a Collision Between Two Motor Vehicles in Transport	No	Traffic Control Signal	2	1	Pain Reported	NA	41.81684	-71.441	FALSE	FALSE	Broadway and Valley Street, Providence, RI, USA	FALSE	-71.4361571	41.8275287	route	geometric_center	valley st, providence, ri, usa	Broadway & Valley Street, Providence, RI, USA	Ei1Ccm9hZHdheSAmIFZhbGxleSBTdHJlZXQsIFByb3ZpZGVuY2UsIFJJLCBVU0EiZiJkChQKEglPQjeFmkXkiRFay9YdHmK0gBIUChIJT0I3hZpF5IkRWsvWHR5itIAaFAoSCaW15YZ1ReSJERrCM7HXpG-zGhQKEgn71PW-oUXkiRFACHbbKx7jfCIKDVm-7BgVgvdq1Q	41.8168409	-71.441011	41.8168409	-71.441011	Med	0.918089077	Raw	NA	NA	NA	NA	FALSE	41.81684	-71.441	2021	December
366	2021-12-18	865034	01:15:00	Pedestrian	1	NA	FALSE	FALSE	1	WASHINGTON ST	DORRANCE ST	2021-12-18	One-Way Trafficway	Dry	Dark - Lighted	Clear	Not a Collision Between Two Motor Vehicles in Transport	Yes	Unknown	1	1	Pain Reported	NA	41.82447	-71.41274	FALSE	FALSE	Washington Street and Dorrance Street, Providence, RI, USA	FALSE	-71.412777	41.8244607	intersection	geometric_center	washington st & dorrance st, providence, ri 02903, usa	NA	NA	NA	NA	41.8244607	-71.412777	Med High	3.239205015	Raw	NA	NA	NA	NA	FALSE	41.82447	-71.41274	2021	December
367	2021-12-18	865091	18:47:00	Pedestrian	1	NA	FALSE	FALSE	1	PUBLIC ST	BROAD ST	2021-12-18	Two-Way , Not Divided	Wet	Dark - Lighted	Rain	Other	No	No Controls	2	1	Pain Reported	NA	41.8044	-71.41939	FALSE	FALSE	Public Street and Broad Street, Providence, RI, USA	FALSE	-71.4193596	41.804449	intersection	geometric_center	public st & broad st, providence, ri 02907, usa	NA	NA	NA	NA	41.804449	-71.4193596	Med High	6.009723359	Raw	NA	NA	NA	NA	FALSE	41.8044	-71.41939	2021	December
363	2021-12-20	865167	10:15:00	Pedestrian	2	NA	FALSE	FALSE	1	GREENWICH ST	BUCKLIN ST	2021-12-20	Two-Way , Not Divided	Dry	Daylight	Clear	Not a Collision Between Two Motor Vehicles in Transport	No	Stop Signs	3	2	Pain Reported	NA	41.80232	-71.42765	FALSE	FALSE	Greenwich Street and Bucklin Street, Providence, RI, USA	FALSE	-71.4276553	41.8023399	intersection	geometric_center	bucklin st & greenwich st, providence, ri 02907, usa	NA	NA	NA	NA	41.8023399	-71.4276553	Med High	2.258495101	Raw	NA	NA	NA	NA	FALSE	41.80232	-71.42765	2021	December
364	2021-12-20	865191	19:04:00	Pedestrian	1	NA	FALSE	FALSE	1	academy ave	HEALTH AVE	2021-12-20	Two-Way, Divided, Unprotected (painted>4feet) Medium	Dry	Dark - Lighted	Clear	Other	Yes	No Controls	1	1	Pain Reported	NA	41.82775	-71.4438	FALSE	FALSE	Academy Ave and Health Ave, Providence, RI, USA	FALSE	-71.4438011	41.827781	intersection	geometric_center	health ave & academy ave, providence, ri 02908, usa	NA	NA	NA	NA	41.827781	-71.4438011	Med High	3.452110305	Raw	NA	NA	NA	NA	FALSE	41.82775	-71.4438	2021	December
365	2021-12-20	865202	21:48:00	Pedestrian	1	NA	FALSE	FALSE	1	BELLEVUE AVE	CRANSTON ST	2021-12-20	Two-Way, Divided, Unprotected (painted>4feet) Medium	Dry	Dark - Lighted	Clear	Not a Collision Between Two Motor Vehicles in Transport	Yes	No Controls	1	1	Pain Reported	NA	41.8088	-71.43373	FALSE	FALSE	Bellevue Ave and Cranston Street, Providence, RI, USA	FALSE	-71.434059	41.8089239	intersection	geometric_center	cranston st & bellevue ave, providence, ri 02907, usa	NA	NA	NA	NA	41.8089239	-71.434059	Med High	30.58508362	Raw	NA	NA	NA	NA	FALSE	41.8088	-71.43373	2021	December
362	2021-12-21	865229	13:04:00	Pedestrian	1	NA	FALSE	FALSE	1	BROAD ST	BROAD ST	2021-12-21	Two-Way , Not Divided	Dry	Daylight	Cloudy	Not a Collision Between Two Motor Vehicles in Transport	Yes	Pavement Markings	1	1	Non-Incapacitating	NA	41.78805	-71.40335	FALSE	FALSE	Broad Street and Broad Street, Providence, RI, USA	FALSE	-71.4101636	41.7945838	route	geometric_center	broad st, providence, ri, usa	NA	NA	NA	NA	41.7945838	-71.4101636	Med	921.3164977	Unknown	distance greater than 100m	NA	NA	NA	TRUE	NA	NA	2021	December
359	2021-12-22	865261	06:43:00	Pedestrian	1	NA	FALSE	FALSE	1	elmwood ave	CADILLAC DR	2021-12-22	Two-Way , Not Divided	Dry	Dawn	Clear	Other	No	No Controls	2	1	Pain Reported	NA	41.78916	-71.42126	FALSE	FALSE	Elmwood Ave and Cadillac Dr, Providence, RI, USA	FALSE	-71.4212577	41.78916	intersection	geometric_center	cadillac dr & elmwood ave, providence, ri 02907, usa	NA	NA	NA	NA	41.78916	-71.4212577	Med High	0.190900104	Raw	NA	NA	NA	NA	FALSE	41.78916	-71.42126	2021	December
360	2021-12-22	865287	17:38:00	Pedestrian	1	NA	FALSE	FALSE	1	90 Westminster Street	WEYBOSSET ST	2021-12-22	One-Way Trafficway	Dry	Dark - Lighted	Clear	Not a Collision Between Two Motor Vehicles in Transport	No	No Controls	2	1	Pain Reported	NA	41.82516	-71.40953	TRUE	FALSE	90 Westminster Street, Providence, RI, USA	FALSE	-71.4102758	41.8247943	street_address	rooftop	90 westminster st, providence, ri 02903, usa	NA	NA	NA	NA	41.8247943	-71.4102758	High	74.05924578	Raw	NA	NA	NA	NA	FALSE	41.82516	-71.40953	2021	December
361	2021-12-22	865295	17:54:00	Pedestrian	1	NA	FALSE	FALSE	1	51 SILVER SPRING ST	CHATHAM ST	2021-12-22	Two-Way , Not Divided	Dry	Dark - Lighted	Clear	Not a Collision Between Two Motor Vehicles in Transport	No	No Controls	2	1	Pain Reported	NA	41.84618	-71.41688	TRUE	FALSE	51 Silver Spring Street, Providence, RI, USA	FALSE	-71.4166633	41.8454522	premise	rooftop	51 silver spring st, providence, ri 02904, usa	NA	NA	NA	NA	41.8454522	-71.4166633	High	82.9873323	Raw	NA	NA	NA	NA	FALSE	41.84618	-71.41688	2021	December
357	2021-12-24	865378	23:42:00	Pedestrian	1	NA	FALSE	FALSE	1	SILVER LAKE AVE	UNION AVE	2021-12-24	Two-Way , Not Divided	Wet	Daylight	Cloudy	Not a Collision Between Two Motor Vehicles in Transport	No	Stop Signs	3	1	Non-Incapacitating	NA	41.80746	-71.45974	FALSE	FALSE	Silver Lake Ave and Union Ave, Providence, RI, USA	FALSE	-71.4597575	41.8074643	intersection	geometric_center	union ave & silver lake ave, providence, ri 02909, usa	NA	NA	NA	NA	41.8074643	-71.4597575	Med High	1.528948151	Raw	NA	NA	NA	NA	FALSE	41.80746	-71.45974	2021	December
358	2021-12-24	865397	16:49:00	Pedestrian	1	NA	FALSE	FALSE	1	HAYES ST	FRANCIS ST	2021-12-24	Two-Way , Not Divided	Snow	Daylight	Snow	Not a Collision Between Two Motor Vehicles in Transport	No	Traffic Control Signal	2	0	No Injury	NA	41.8293	-71.41559	FALSE	FALSE	Hayes Street and Francis Street, Providence, RI, USA	FALSE	-71.415279	41.8291896	intersection	geometric_center	hayes st & francis st, providence, ri 02903, usa	NA	NA	NA	NA	41.8291896	-71.415279	Med High	28.57471586	Raw	NA	NA	NA	NA	FALSE	41.8293	-71.41559	2021	December
356	2022-01-01	865747	01:24:00	Pedestrian	1	NA	FALSE	FALSE	1	ACORN ST	SPRUCE ST	2022-01-01	Two-Way , Not Divided	Wet	Dark - Lighted	Clear	Not a Collision Between Two Motor Vehicles in Transport	Yes	No Controls	1	1	Pain Reported	NA	41.82435	-71.42796	FALSE	FALSE	Acorn Street and Spruce Street, Providence, RI, USA	FALSE	-71.4279527	41.8243906	intersection	geometric_center	acorn st & spruce st, providence, ri 02903, usa	NA	NA	NA	NA	41.8243906	-71.4279527	Med High	4.559960183	Raw	NA	NA	NA	NA	FALSE	41.82435	-71.42796	2022	January
355	2022-01-05	865966	16:53:00	Pedestrian	1	NA	FALSE	FALSE	1	N MAIN ST	3RD ST	2022-01-05	Two-Way , Not Divided	Wet	Dark - Lighted	Sleet, Hail (Freezing Rain or Drizzle)	Not a Collision Between Two Motor Vehicles in Transport	Yes	Traffic Control Signal	1	0	No Injury	NA	41.85119	-71.40231	FALSE	FALSE	N Main Street and 3rd Street, Providence, RI, USA	FALSE	-71.4006213	41.8506232	route	geometric_center	3rd st, providence, ri, usa	North Main Street & 3rd Street, Providence, RI, USA	EjNOb3J0aCBNYWluIFN0cmVldCAmIDNyZCBTdHJlZXQsIFByb3ZpZGVuY2UsIFJJLCBVU0EiZiJkChQKEgn5q1zaw0TkiRHud9WzUdaiDxIUChIJ-atc2sNE5IkR7nfVs1HWog8aFAoSCfn6QT3eROSJEV_Xrb4NXCM_GhQKEgnLk9_2w0TkiRHMnBiD2XYpDSIKDXv98RgVh9pw1Q	41.8512251	-71.4024313	41.8512251	-71.4024313	Med	10.79043952	Raw	NA	NA	NA	NA	FALSE	41.85119	-71.40231	2022	January
354	2022-01-10	866350	22:26:00	Pedestrian	1	NA	FALSE	FALSE	1	PLAINFIELD ST	PLAINFIELD ST	2022-01-10	Two-Way , Not Divided	Dry	Dark - Lighted	Clear	Not a Collision Between Two Motor Vehicles in Transport	No	No Controls	2	1	Pain Reported	NA	41.8146	-71.44679	FALSE	FALSE	Plainfield Street and Plainfield Street, Providence, RI, USA	FALSE	-71.4643452	41.8067161	route	geometric_center	plainfield st, rhode island, usa	NA	NA	NA	NA	41.8067161	-71.4643452	Med	1700.559471	Unknown	distance greater than 100m	NA	NA	NA	TRUE	NA	NA	2022	January
353	2022-01-14	866501	16:07:00	Pedestrian	1	NA	FALSE	FALSE	1	CAMBRIDGE ST	ACADEMY AVE	2022-01-14	Two-Way, Divided, Unprotected (painted>4feet) Medium	Dry	Daylight	Clear	Not a Collision Between Two Motor Vehicles in Transport	Yes	No Controls	2	1	Pain Reported	NA	41.8255	-71.44342	FALSE	FALSE	Cambridge Street and Academy Ave, Providence, RI, USA	FALSE	-71.4434441	41.8254949	intersection	geometric_center	academy ave & cambridge st, providence, ri 02908, usa	NA	NA	NA	NA	41.8254949	-71.4434441	Med High	2.078216726	Raw	NA	NA	NA	NA	FALSE	41.8255	-71.44342	2022	January
352	2022-01-19	866716	17:42:00	Pedestrian	1	NA	FALSE	FALSE	1	BROADWAY	DEAN ST	2022-01-19	Two-Way , Not Divided	Dry	Dark - Lighted	Clear	Not a Collision Between Two Motor Vehicles in Transport	No	Traffic Control Signal	3	1	Pain Reported	NA	41.8214	-71.42253	FALSE	FALSE	Broadway and Dean Street, Providence, RI, USA	FALSE	-71.4242155	41.8234078	route	geometric_center	dean st, providence, ri, usa	Broadway & Dean Street, Providence, RI, USA	EitCcm9hZHdheSAmIERlYW4gU3RyZWV0LCBQcm92aWRlbmNlLCBSSSwgVVNBImYiZAoUChIJCcRZtQxF5IkRWJynngBsfzMSFAoSCQnEWbUMReSJEVicp54AbH8zGhQKEgmlteWGdUXkiREawjOx16RvsxoUChIJWwZsfgxF5IkRyLSf36DnQOQiCg38cO0YFWLJbdU	41.821414	-71.422531	41.821414	-71.422531	Med	1.560679265	Raw	NA	NA	NA	NA	FALSE	41.8214	-71.42253	2022	January
350	2022-01-20	866738	14:40:00	Pedestrian	1	NA	FALSE	FALSE	1	CHARLES ST	BRANCH AVE	2022-01-20	Two-Way , Not Divided	Wet	Daylight	Cloudy	Not a Collision Between Two Motor Vehicles in Transport	No	No Controls	4	0	No Injury	NA	41.85069	-71.42004	FALSE	FALSE	Charles Street and Branch Ave, Providence, RI, USA	FALSE	-71.4128343	41.8239891	locality	approximate	providence, ri, usa	Charles Street & Branch Ave, Providence, RI, USA	EjBDaGFybGVzIFN0cmVldCAmIEJyYW5jaCBBdmUsIFByb3ZpZGVuY2UsIFJJLCBVU0EiZiJkChQKEgmX1pBx8ETkiRFt3W_DezHjNhIUChIJl9aQcfBE5IkRbd1vw3sx4zYaFAoSCXULzmzxROSJEctkyy41Vf0yGhQKEgnptPOF-UTkiRG6fR7eUkO2qCIKDYfZ8RgVmixu1Q	41.8503047	-71.419991	41.8503047	-71.419991	Med	43.08341941	Raw	NA	NA	NA	NA	FALSE	41.85069	-71.42004	2022	January
351	2022-01-20	866740	15:44:00	Pedestrian	1	NA	FALSE	FALSE	1	36 POTTERS AVE	TEMPLE ST	2022-01-20	Two-Way , Not Divided	Wet	Daylight	Clear	Other	No	No Controls	3	1	Pain Reported	NA	41.80545	-71.40852	TRUE	FALSE	36 Potters Ave, Providence, RI, USA	FALSE	-71.4084563	41.8053334	premise	rooftop	36 potters ave, providence, ri 02905, usa	NA	NA	NA	NA	41.8053334	-71.4084563	High	14.0148448	Raw	NA	NA	NA	NA	FALSE	41.80545	-71.40852	2022	January
349	2022-01-25	868006	21:18:00	Pedestrian	1	NA	FALSE	FALSE	1	STEEPLE ST	N MAIN ST	2022-01-25	One-Way Trafficway	Dry	Dark - Lighted	Clear	Not a Collision Between Two Motor Vehicles in Transport	No	Traffic Control Signal	3	1	Pain Reported	NA	41.82748	-71.40907	FALSE	FALSE	Steeple Street and N Main Street, Providence, RI, USA	FALSE	-71.3702575	41.8264716	establishment	rooftop	105 wilmarth ave, east providence, ri 02914, usa	Steeple Street & North Main Street, Providence, RI, USA	EjdTdGVlcGxlIFN0cmVldCAmIE5vcnRoIE1haW4gU3RyZWV0LCBQcm92aWRlbmNlLCBSSSwgVVNBImYiZAoUChIJUS88oBdF5IkRhG9IWd2q99wSFAoSCVEvPKAXReSJEYRvSFndqvfcGhQKEgln0uQLF0XkiRFQpCIGGQGeZRoUChIJ-fpBPd5E5IkRX9etvg1cIz8iCg2wXe4YFQzYb9U	41.8274736	-71.4090484	41.8274736	-71.4090484	Med	1.928177979	Raw	NA	NA	NA	NA	FALSE	41.82748	-71.40907	2022	January
347	2022-01-27	868050	07:44:00	Pedestrian	1	NA	FALSE	FALSE	1	SMITH ST	CALVERLY ST	2022-01-27	Two-Way , Not Divided	Dry	Daylight	Clear	Not a Collision Between Two Motor Vehicles in Transport	No	No Controls	2	1	Pain Reported	NA	41.833	-71.42006	FALSE	FALSE	Smith Street and Calverly Street, Providence, RI, USA	FALSE	-71.4205609	41.8332067	intersection	geometric_center	calverly st & smith st, providence, ri 02908, usa	NA	NA	NA	NA	41.8332067	-71.4205609	Med High	47.49248143	Raw	NA	NA	NA	NA	FALSE	41.833	-71.42006	2022	January
348	2022-01-27	868061	11:26:00	Other	NA	1	TRUE	FALSE	1	LLOYD AVE	TABER AVE	2022-01-27	Two-Way, Divided, Unprotected (painted>4feet) Medium	Dry	Daylight	Clear	Head-On (Front - to - Front)	No	Stop Signs	3	1	Pain Reported	NA	41.83385	-71.39245	FALSE	FALSE	Lloyd Ave and Taber Ave, Providence, RI, USA	FALSE	-71.3924405	41.8338566	intersection	geometric_center	taber ave & lloyd ave, providence, ri 02906, usa	NA	NA	NA	NA	41.8338566	-71.3924405	Med High	1.077340577	Raw	NA	NA	NA	NA	FALSE	41.83385	-71.39245	2022	January
346	2022-02-06	868664	15:53:00	Pedestrian	1	NA	FALSE	FALSE	1	375 RESERVOIR AVE	NA	2022-02-06	Unknown	Dry	Daylight	Clear	Not a Collision Between Two Motor Vehicles in Transport	No	No Controls	2	1	Pain Reported	NA	41.78809	-71.43165	TRUE	TRUE	375 Reservoir Ave, Providence, RI, USA	FALSE	-71.433156	41.788643	street_address	rooftop	375 reservoir ave, providence, ri 02907, usa	NA	NA	NA	NA	41.788643	-71.433156	High	139.3359169	Raw	distance greater than 100m	NA	NA	NA	TRUE	41.78809	-71.43165	2022	February
345	2022-02-07	868690	09:53:00	Pedestrian	1	NA	FALSE	FALSE	1	Harvest St	rIVER aVE	2022-02-07	Two-Way , Not Divided	Ice/Frost	Daylight	Cloudy	Not a Collision Between Two Motor Vehicles in Transport	Yes	Stop Signs	1	1	Pain Reported	2	NA	NA	FALSE	FALSE	Harvest Street and River Ave, Providence, RI, USA	FALSE	-71.4373567	41.830978	intersection	geometric_center	river ave & harvest st, providence, ri 02908, usa	NA	NA	NA	NA	41.830978	-71.4373567	Med High	NA	Geocoded	raw coords null but geocoded coords found	NA	NA	NA	TRUE	41.830978	-71.4373567	2022	February
344	2022-02-10	868807	14:05:00	Pedestrian	1	NA	FALSE	FALSE	1	POWER ST	HOPE ST	2022-02-10	Two-Way , Not Divided	Dry	Daylight	Clear	Not a Collision Between Two Motor Vehicles in Transport	No	Stop Signs	3	1	Pain Reported	NA	41.82318	-71.39705	FALSE	FALSE	Power Street and Hope Street, Providence, RI, USA	FALSE	-71.3970049	41.8232025	intersection	geometric_center	hope st & power st, providence, ri 02912, usa	NA	NA	NA	NA	41.8232025	-71.3970049	Med High	4.502321259	Raw	NA	NA	NA	NA	FALSE	41.82318	-71.39705	2022	February
342	2022-02-11	868867	10:15:00	Pedestrian	1	NA	FALSE	FALSE	1	PLAIN ST	BLACKSTONE ST	2022-02-11	Unknown	Dry	Daylight	Clear	Not a Collision Between Two Motor Vehicles in Transport	No	No Controls	3	1	Pain Reported	NA	41.80939	-71.4109	FALSE	FALSE	Plain Street and Blackstone Street, Providence, RI, USA	FALSE	-71.4109722	41.8095772	intersection	geometric_center	plain st & blackstone st, providence, ri 02905, usa	NA	NA	NA	NA	41.8095772	-71.4109722	Med High	21.6830073	Raw	NA	NA	NA	NA	FALSE	41.80939	-71.4109	2022	February
343	2022-02-11	868901	19:31:00	Pedestrian	1	NA	FALSE	FALSE	1	WEYBOSSET ST	GREENE ST	2022-02-11	Two-Way , Not Divided	Dry	Dark - Not Lighted	Clear	Not a Collision Between Two Motor Vehicles in Transport	Yes	Pavement Markings	1	1	Pain Reported	NA	41.81936	-71.41495	FALSE	FALSE	Weybosset Street and Greene Street, Providence, RI, USA	FALSE	-71.4168727	41.8210088	route	geometric_center	greene st, providence, ri 02903, usa	NA	NA	NA	NA	41.8210088	-71.4168727	Med	243.1680607	Raw	distance greater than 100m	NA	NA	NA	TRUE	41.81936	-71.41495	2022	February
341	2022-02-12	868935	16:17:00	Bicycle	NA	1	FALSE	FALSE	1	CRANSTON ST	WAVERLY ST	2022-02-12	Two-Way , Not Divided	Dry	Daylight	Clear	Not a Collision Between Two Motor Vehicles in Transport	No	Pavement Markings	2	1	Pain Reported	NA	41.80832	-71.43454	FALSE	FALSE	Cranston Street and Waverly Street, Providence, RI, USA	FALSE	-71.4345674	41.8083361	intersection	geometric_center	cranston st & waverly st, providence, ri 02907, usa	NA	NA	NA	NA	41.8083361	-71.4345674	Med High	2.895001913	Raw	NA	NA	NA	NA	FALSE	41.80832	-71.43454	2022	February
339	2022-02-16	869166	00:25:00	Pedestrian	1	NA	FALSE	FALSE	1	Hope St	Olney St	2022-02-16	Two-Way , Not Divided	Dry	Dark - Lighted	Clear	Not a Collision Between Two Motor Vehicles in Transport	Yes	No Controls	4	1	Pain Reported	NA	NA	NA	FALSE	FALSE	Hope Street and Olney Street, Providence, RI, USA	FALSE	-71.4015677	41.8357179	intersection	geometric_center	hope st & olney st, providence, ri 02906, usa	NA	NA	NA	NA	41.8357179	-71.4015677	Med High	NA	Geocoded	raw coords null but geocoded coords found	NA	NA	NA	TRUE	41.8357179	-71.4015677	2022	February
340	2022-02-16	869187	12:19:00	Pedestrian	1	NA	FALSE	FALSE	1	DOUGLAS AVE	VANDEWATER ST	2022-02-16	Two-Way , Not Divided	Dry	Daylight	Clear	Not a Collision Between Two Motor Vehicles in Transport	No	No Controls	2	1	Pain Reported	NA	41.849850000000004	-71.43339	FALSE	FALSE	Douglas Ave and Vandewater Street, Providence, RI, USA	FALSE	-71.4333766	41.8498395	intersection	geometric_center	vandewater st & douglas ave, providence, ri 02908, usa	NA	NA	NA	NA	41.8498395	-71.4333766	Med High	1.612721045	Raw	NA	NA	NA	NA	FALSE	41.849850000000004	-71.43339	2022	February
337	2022-02-17	869231	02:38:00	Pedestrian	1	NA	FALSE	FALSE	1	CRANSTON ST	ALTHEA ST	2022-02-17	Two-Way , Not Divided	Wet	Dark - Lighted	Clear	Not a Collision Between Two Motor Vehicles in Transport	Yes	No Controls	2	1	Incapacitating	NA	41.80742	-71.43535	FALSE	FALSE	Cranston Street and Althea Street, Providence, RI, USA	FALSE	-71.4350772	41.807752	intersection	geometric_center	althea st & cranston st, providence, ri 02907, usa	NA	NA	NA	NA	41.807752	-71.4350772	Med High	43.33916374	Raw	NA	NA	NA	NA	FALSE	41.80742	-71.43535	2022	February
338	2022-02-17	869239	12:05:00	Pedestrian	1	NA	FALSE	FALSE	1	579 ATWELLS AVE	ATWELLS AVE	2022-02-17	Two-Way , Not Divided	Dry	Daylight	Clear	Not a Collision Between Two Motor Vehicles in Transport	No	No Controls	3	0	No Injury	NA	41.82447	-71.43641	TRUE	FALSE	579 Atwells Ave, Providence, RI, USA	FALSE	-71.4363784	41.8246124	premise	rooftop	579 atwells ave, providence, ri 02909, usa	NA	NA	NA	NA	41.8246124	-71.4363784	High	16.06717412	Raw	NA	NA	NA	NA	FALSE	41.82447	-71.43641	2022	February
336	2022-02-21	869360	13:01:00	Bicycle	NA	1	FALSE	FALSE	1	IRVING AVE	BLACKSTONE BLVD	2022-02-21	Two-Way , Not Divided	Dry	Daylight	Clear	Not a Collision Between Two Motor Vehicles in Transport	No	No Controls	2	0	No Injury	NA	41.83413	-71.3842	FALSE	FALSE	Irving Ave and Blackstone Blvd, Providence, RI, USA	FALSE	-71.3837393	41.8342209	intersection	geometric_center	irving ave & blackstone blvd, providence, ri 02906, usa	NA	NA	NA	NA	41.8342209	-71.3837393	Med High	39.52838508	Raw	NA	NA	NA	NA	FALSE	41.83413	-71.3842	2022	February
335	2022-02-22	869403	20:00:00	Bicycle	NA	1	FALSE	FALSE	1	CHAD BROWN ST	ADMIRAL ST	2022-02-22	Two-Way , Not Divided	Wet	Dark - Lighted	Rain	Not a Collision Between Two Motor Vehicles in Transport	No	No Controls	3	0	No Injury	NA	41.84213	-71.42138	FALSE	FALSE	Chad Brown Street and Admiral Street, Providence, RI, USA	FALSE	-71.4213576	41.8421504	intersection	geometric_center	admiral st & chad brown st, providence, ri 02908, usa	NA	NA	NA	NA	41.8421504	-71.4213576	Med High	2.933936124	Raw	NA	NA	NA	NA	FALSE	41.84213	-71.42138	2022	February
333	2022-02-23	869422	13:51:00	Pedestrian	1	NA	FALSE	FALSE	1	SMITH ST	RUGGLES ST	2022-02-23	Two-Way , Not Divided	Dry	Daylight	Clear	Not a Collision Between Two Motor Vehicles in Transport	No	Stop Signs	2	1	Non-Incapacitating	NA	41.83616	-71.42827	FALSE	FALSE	Smith Street and Ruggles Street, Providence, RI, USA	FALSE	-71.4282411	41.8361735	intersection	geometric_center	smith st & ruggles st, providence, ri 02908, usa	NA	NA	NA	NA	41.8361735	-71.4282411	Med High	2.829094624	Raw	NA	NA	NA	NA	FALSE	41.83616	-71.42827	2022	February
334	2022-02-23	869438	14:45:00	Bicycle	NA	1	FALSE	FALSE	1	393 Prarie Avenue	NA	2022-02-23	Two-Way , Not Divided	Dry	Daylight	Clear	Sidwswipe, Opposite Direction	Yes	No Controls	1	1	Pain Reported	NA	41.81403	-71.40623	TRUE	TRUE	393 Prarie Avenue, Providence, RI, USA	FALSE	-71.4141359	41.8034309	premise	rooftop	393 prairie ave, providence, ri 02905, usa	NA	NA	NA	NA	41.8034309	-71.4141359	High	1349.983121	Geocoded	distance greater than 100m	NA	NA	NA	TRUE	41.8034309	-71.4141359	2022	February
331	2022-02-26	869570	13:41:00	Pedestrian	1	NA	FALSE	FALSE	1	Brown St	Angel St	2022-02-26	Two-Way , Not Divided	Wet	Daylight	Clear	Not a Collision Between Two Motor Vehicles in Transport	Yes	Stop Signs	1	1	Pain Reported	2	NA	NA	FALSE	FALSE	Brown Street and Angel Street, Providence, RI, USA	FALSE	-71.3859393	41.8296461	intersection	geometric_center	moses brown st & s angell st, providence, ri 02906, usa	NA	NA	NA	NA	41.8296461	-71.3859393	Med High	NA	Neither	raw coords null but geocoded coords found	41.82791, -71.40318	41.82791	-71.40318	TRUE	41.82791	-71.40318	2022	February