row_number	crash_date	crash_report_id	crash_time	collision_type	count_pedestrian	count_bicycle	scooter	wheel_chair	number_of_vehicles	street_or_highway	nearest_intersection	report_date	type_of_roadway	road_surface_condition	light_condition	weather_condition	manner_of_impact	hit_and_run	traffic_control	person_count	injury_count	most_serious_injury	number_of_lanes	lat_raw	lon_raw	has_st_number	is_intersection_null	address_sent_to_geocoder	is_address_blank	lon_api_first_try	lat_api_first_try	type	loctype	address_returned_by_geocoder	address_returned_by_autocomplete	place_ids_autocompleted	lat_api_second_try	lon_api_second_try	lat_api_best	lon_api_best	api_coord_conf	distance_btwn_coords_meters	best_coordinate_set	reason_for_qa	correct_coordinates	corrected_lat	corrected_lon	manually_qaed_record	final_lat	final_lon	year	month
332	2022-02-26	869580	20:55:00	Pedestrian	1	NA	FALSE	FALSE	1	MEMORIAL BLVD	FRANCIS ST	2022-02-26	Two-Way , Not Divided	Dry	Dark - Lighted	Clear	Not a Collision Between Two Motor Vehicles in Transport	Yes	Traffic Control Signal	2	1	Pain Reported	NA	41.8259	-71.41535	FALSE	FALSE	Memorial Blvd and Francis Street, Providence, RI, USA	FALSE	-71.4153098	41.8257791	intersection	geometric_center	memorial blvd & francis st, providence, ri 02903, usa	NA	NA	NA	NA	41.8257791	-71.4153098	Med High	13.86550052	Raw	NA	NA	NA	NA	FALSE	41.8259	-71.41535	2022	February
330	2022-02-28	869677	19:03:00	Pedestrian	1	NA	FALSE	FALSE	1	NORTH MAIN STREET	CYPRESS ST	2022-02-28	Two-Way, Divided, Positive Median Barrier	Dry	Dark - Lighted	Clear	Not a Collision Between Two Motor Vehicles in Transport	No	Traffic Control Signal	3	0	No Injury	NA	41.84197	-71.40783	FALSE	FALSE	North Main Street and Cypress Street, Providence, RI, USA	FALSE	-71.4019729	41.841889	route	geometric_center	cypress st, providence, ri, usa	North Main Street & Cypress Street, Providence, RI, USA	EjdOb3J0aCBNYWluIFN0cmVldCAmIEN5cHJlc3MgU3RyZWV0LCBQcm92aWRlbmNlLCBSSSwgVVNBImYiZAoUChIJb9SHxuBE5IkRrHjPeWDDHKgSFAoSCW_Uh8bgROSJEax4z3lgwxyoGhQKEgn5-kE93kTkiRFf162-DVwjPxoUChIJd8X1hd5E5IkRUdBDgMYo3IAiCg1KlfAYFfUJcNU	41.8420042	-71.4077707	41.8420042	-71.4077707	Med	6.2192772	Raw	NA	NA	NA	NA	FALSE	41.84197	-71.40783	2022	February
329	2022-03-02	869794	10:40:00	Pedestrian	1	NA	FALSE	FALSE	1	6 Brush Hill Road	6 Brush Hill Road	2022-03-02	Two-Way , Not Divided	Dry	Daylight	Clear	Other	No	No Controls	2	2	Pain Reported	1	NA	NA	TRUE	FALSE	6 Brush Hill Road, Providence, RI, USA	FALSE	-71.458655	41.8262014	street_address	range_interpolated	6 brush hill rd, providence, ri 02909, usa	NA	NA	NA	NA	41.8262014	-71.458655	High	NA	Neither	raw coords null but geocoded coords found	41.82618, -71.45848	41.82618	-71.45848	TRUE	41.82618	-71.45848	2022	March
328	2022-03-03	869854	18:59:00	Pedestrian	1	NA	FALSE	FALSE	1	HARTFORD AVE	ALVERSON AVE	2022-03-03	Two-Way , Not Divided	Dry	Dark - Lighted	Clear	Not a Collision Between Two Motor Vehicles in Transport	No	No Controls	4	1	Non-Incapacitating	NA	41.81878	-71.46013	FALSE	FALSE	Hartford Ave and Alverson Ave, Providence, RI, USA	FALSE	-71.4600789	41.8187914	intersection	geometric_center	alverson ave & hartford ave, providence, ri 02909, usa	NA	NA	NA	NA	41.8187914	-71.4600789	Med High	4.425210276	Raw	NA	NA	NA	NA	FALSE	41.81878	-71.46013	2022	March
327	2022-03-04	870723	19:00:00	Pedestrian	1	NA	FALSE	FALSE	1	BROAD ST	BROAD ST	2022-03-21	Two-Way , Not Divided	Dry	Dark - Lighted	Clear	Not a Collision Between Two Motor Vehicles in Transport	Yes	Pavement Markings	1	1	Non-Incapacitating	NA	41.78746	-71.40285	FALSE	FALSE	Broad Street and Broad Street, Providence, RI, USA	FALSE	-71.4101636	41.7945838	route	geometric_center	broad st, providence, ri, usa	NA	NA	NA	NA	41.7945838	-71.4101636	Med	998.6691995	Unknown	distance greater than 100m	NA	NA	NA	TRUE	NA	NA	2022	March
326	2022-03-07	869986	18:24:00	Bicycle	NA	1	FALSE	FALSE	1	WASHINGTON ST	EMPIRE ST	2022-03-07	Two-Way , Not Divided	Wet	Dark - Lighted	Rain	Head-On (Front - to - Front)	No	Traffic Control Signal	3	1	Non-Incapacitating	NA	41.82182	-71.41645	FALSE	FALSE	Washington Street and Empire Street, Providence, RI, USA	FALSE	-71.4157797	41.821349	route	geometric_center	empire st, providence, ri 02903, usa	Washington Street & Empire Street, Providence, RI, USA	EjZXYXNoaW5ndG9uIFN0cmVldCAmIEVtcGlyZSBTdHJlZXQsIFByb3ZpZGVuY2UsIFJJLCBVU0EiZiJkChQKEgmNpp3sEkXkiRHnvAEsqcaDvRIUChIJjaad7BJF5IkR57wBLKnGg70aFAoSCanazZwSReSJERoH0JajEjT2GhQKEgnHPO_pEkXkiRGhxI4iuiomFSIKDWmC7RgVI7hu1Q	41.8218601	-71.4164189	41.8218601	-71.4164189	Med	5.155853918	Raw	NA	NA	NA	NA	FALSE	41.82182	-71.41645	2022	March
325	2022-03-09	870140	19:01:00	Pedestrian	1	NA	FALSE	FALSE	1	NORTHUP AVE	SILVER SPRING ST	2022-03-09	Two-Way, Divided, Unprotected (painted>4feet) Medium	Snow	Dark - Lighted	Snow	Not a Collision Between Two Motor Vehicles in Transport	Yes	Traffic Control Signal	1	1	Pain Reported	NA	41.85177	-71.41301	FALSE	FALSE	Northup Ave and Silver Spring Street, Providence, RI, USA	FALSE	-71.4130154	41.8517801	intersection	geometric_center	silver spring st & northrup ave, providence, ri 02904, usa	NA	NA	NA	NA	41.8517801	-71.4130154	Med High	1.210207366	Raw	NA	NA	NA	NA	FALSE	41.85177	-71.41301	2022	March
324	2022-03-10	870172	10:30:00	Pedestrian	1	NA	TRUE	FALSE	1	PEACE ST	UPDIKE ST	2022-03-10	Two-Way , Not Divided	Dry	Daylight	Clear	Not a Collision Between Two Motor Vehicles in Transport	No	Pavement Markings	3	1	Pain Reported	NA	41.80662	-71.42006	FALSE	FALSE	Peace Street and Updike Street, Providence, RI, USA	FALSE	-71.4225083	41.8065937	intersection	geometric_center	updike st & peace st, providence, ri 02907, usa	NA	NA	NA	NA	41.8065937	-71.4225083	Med High	203.1747912	Raw	distance greater than 100m	NA	NA	NA	TRUE	41.80662	-71.42006	2022	March
323	2022-03-11	870227	16:57:00	Bicycle	NA	1	FALSE	FALSE	1	BROADWAY	VALLEY ST	2022-03-11	Two-Way , Not Divided	Dry	Dusk	Clear	Not a Collision Between Two Motor Vehicles in Transport	No	No Controls	3	1	Pain Reported	NA	41.81684	-71.441	FALSE	FALSE	Broadway and Valley Street, Providence, RI, USA	FALSE	-71.4361571	41.8275287	route	geometric_center	valley st, providence, ri, usa	Broadway & Valley Street, Providence, RI, USA	Ei1Ccm9hZHdheSAmIFZhbGxleSBTdHJlZXQsIFByb3ZpZGVuY2UsIFJJLCBVU0EiZiJkChQKEglPQjeFmkXkiRFay9YdHmK0gBIUChIJT0I3hZpF5IkRWsvWHR5itIAaFAoSCaW15YZ1ReSJERrCM7HXpG-zGhQKEgn71PW-oUXkiRFACHbbKx7jfCIKDVm-7BgVgvdq1Q	41.8168409	-71.441011	41.8168409	-71.441011	Med	0.918089077	Raw	NA	NA	NA	NA	FALSE	41.81684	-71.441	2022	March
322	2022-03-20	870628	00:48:00	Pedestrian	1	NA	FALSE	FALSE	1	ELMWOOD AVE	HANOVER ST	2022-03-20	Two-Way , Not Divided	Wet	Dark - Lighted	Rain	Not a Collision Between Two Motor Vehicles in Transport	No	No Controls	4	1	Incapacitating	NA	41.80736	-71.42484	FALSE	FALSE	Elmwood Ave and Hanover Street, Providence, RI, USA	FALSE	-71.4248101	41.8076452	intersection	geometric_center	hanover st & elmwood ave, providence, ri 02907, usa	NA	NA	NA	NA	41.8076452	-71.4248101	Med High	31.84511049	Raw	NA	NA	NA	NA	FALSE	41.80736	-71.42484	2022	March
321	2022-03-21	870717	16:11:00	Pedestrian	1	NA	FALSE	FALSE	1	PROSPECT ST	OLIVE ST	2022-03-21	Two-Way , Not Divided	Dry	Daylight	Cloudy	Not a Collision Between Two Motor Vehicles in Transport	Yes	Unknown	1	1	Pain Reported	NA	41.82816	-71.40487	FALSE	FALSE	Prospect Street and Olive Street, Providence, RI, USA	FALSE	-71.4032483	41.8283103	route	geometric_center	olive st, providence, ri 02906, usa	Prospect Street & Olive Street, Providence, RI, USA	EjNQcm9zcGVjdCBTdHJlZXQgJiBPbGl2ZSBTdHJlZXQsIFByb3ZpZGVuY2UsIFJJLCBVU0EiZiJkChQKEgm9swa1IkXkiRHOAb7WfmqLKRIUChIJvbMGtSJF5IkRzgG-1n5qiykaFAoSCf3MkoUiReSJEXnsEW5gGPVjGhQKEglhL8IlI0XkiRHll-1pvSMyjSIKDa147hgVeXtw1Q	41.8281645	-71.4048647	41.8281645	-71.4048647	Med	0.666494805	Raw	NA	NA	NA	NA	FALSE	41.82816	-71.40487	2022	March
320	2022-03-22	870741	12:29:00	Bicycle	NA	1	FALSE	FALSE	1	Prospect Street	MEETING ST	2022-03-22	Two-Way , Not Divided	Dry	Daylight	Clear	Sideswipe, Same Direction	No	No Controls	2	1	Pain Reported	2	41.82891	-71.40498	FALSE	FALSE	Prospect Street and Meeting Street, Providence, RI, USA	FALSE	-71.4038461	41.8289622	route	geometric_center	meeting st, providence, ri, usa	Prospect Street & Meeting Street, Providence, RI, USA	EjVQcm9zcGVjdCBTdHJlZXQgJiBNZWV0aW5nIFN0cmVldCwgUHJvdmlkZW5jZSwgUkksIFVTQSJmImQKFAoSCbMhOLkiReSJERPb6MKRABWTEhQKEgmzITi5IkXkiRET2-jCkQAVkxoUChIJ_cyShSJF5IkReewRbmAY9WMaFAoSCXNjPN0iReSJEZwdFaXb3DO7IgoN1pXuGBUnd3DV	41.828911	-71.4049753	41.828911	-71.4049753	Med	0.405439842	Raw	NA	NA	NA	NA	FALSE	41.82891	-71.40498	2022	March
319	2022-03-24	870814	12:22:00	Pedestrian	1	NA	FALSE	FALSE	1	CLADRASH'S AVE	FLORAL AVE	2022-03-24	Two-Way , Not Divided	Wet	Daylight	Rain	Not a Collision Between Two Motor Vehicles in Transport	Yes	No Controls	1	1	Pain Reported	NA	41.78383	-71.4095	FALSE	FALSE	Cladrash's Ave and Floral Ave, Providence, RI, USA	FALSE	-71.4085028	41.7827984	route	geometric_center	floral ave, providence, ri 02905, usa	NA	NA	NA	NA	41.7827984	-71.4085028	Med	141.5602764	Raw	distance greater than 100m	NA	NA	NA	TRUE	41.78383	-71.4095	2022	March
318	2022-03-26	870919	14:51:00	Bicycle	NA	1	FALSE	FALSE	1	BROADWAY	VALLEY ST	2022-03-26	Two-Way, Divided, Positive Median Barrier	Dry	Daylight	Cloudy	Not a Collision Between Two Motor Vehicles in Transport	No	No Controls	4	1	Pain Reported	NA	41.81683	-71.44101	FALSE	FALSE	Broadway and Valley Street, Providence, RI, USA	FALSE	-71.4361571	41.8275287	route	geometric_center	valley st, providence, ri, usa	Broadway & Valley Street, Providence, RI, USA	Ei1Ccm9hZHdheSAmIFZhbGxleSBTdHJlZXQsIFByb3ZpZGVuY2UsIFJJLCBVU0EiZiJkChQKEglPQjeFmkXkiRFay9YdHmK0gBIUChIJT0I3hZpF5IkRWsvWHR5itIAaFAoSCaW15YZ1ReSJERrCM7HXpG-zGhQKEgn71PW-oUXkiRFACHbbKx7jfCIKDVm-7BgVgvdq1Q	41.8168409	-71.441011	41.8168409	-71.441011	Med	1.216215453	Raw	NA	NA	NA	NA	FALSE	41.81683	-71.44101	2022	March
317	2022-03-30	871168	17:47:00	Pedestrian	1	NA	FALSE	FALSE	1	BLACKSTONE BLVD	ROCHAMBEAU AVE	2022-03-30	Two-Way , Not Divided	Dry	Daylight	Clear	Not a Collision Between Two Motor Vehicles in Transport	No	No Controls	3	1	Pain Reported	NA	41.84593	-71.38725	FALSE	FALSE	Blackstone Blvd and Rochambeau Ave, Providence, RI, USA	FALSE	-71.3867339	41.8455643	intersection	geometric_center	blackstone blvd & rochambeau ave, providence, ri 02906, usa	NA	NA	NA	NA	41.8455643	-71.3867339	Med High	59.06756506	Raw	NA	NA	NA	NA	FALSE	41.84593	-71.38725	2022	March
316	2022-04-04	872453	21:55:00	Pedestrian	1	NA	FALSE	FALSE	1	Cranston St.	PARADE ST	2022-04-04	Two-Way , Not Divided	Dry	Dark - Lighted	Clear	Not a Collision Between Two Motor Vehicles in Transport	Yes	No Controls	1	1	Pain Reported	NA	41.81202	-71.43073	FALSE	FALSE	Cranston St. and Parade Street, Providence, RI, USA	FALSE	-71.4310747	41.8118451	intersection	geometric_center	cranston st & parade st, providence, ri 02907, usa	NA	NA	NA	NA	41.8118451	-71.4310747	Med High	34.59811316	Raw	NA	NA	NA	NA	FALSE	41.81202	-71.43073	2022	April
315	2022-04-07	873169	04:28:00	Pedestrian	1	NA	FALSE	FALSE	1	BORDEN	EDDY	2022-04-22	Unknown	Dry	Daylight	Clear	Other	Yes	No Controls	1	1	Pain Reported	NA	41.81378	-71.41085	FALSE	FALSE	Borden and Eddy, Providence, RI, USA	FALSE	-71.4070223	41.8121992	intersection	geometric_center	eddy st & borden st, providence, ri 02903, usa	NA	NA	NA	NA	41.8121992	-71.4070223	Med High	363.0765521	Geocoded	distance greater than 100m	NA	NA	NA	TRUE	41.8121992	-71.4070223	2022	April
313	2022-04-08	872593	12:08:00	Bicycle	NA	1	FALSE	FALSE	1	N MAIN ST	7TH ST	2022-04-08	Two-Way, Divided, Positive Median Barrier	Dry	Daylight	Clear	Sidwswipe, Opposite Direction	No	No Controls	2	1	Non-Incapacitating	2	41.85357	-71.40087	FALSE	FALSE	N Main Street and 7th Street, Providence, RI, USA	FALSE	-71.3980641	41.8526572	route	geometric_center	7th st, providence, ri 02906, usa	North Main Street & 7th Street, Providence, RI, USA	EjNOb3J0aCBNYWluIFN0cmVldCAmIDd0aCBTdHJlZXQsIFByb3ZpZGVuY2UsIFJJLCBVU0EiZiJkChQKEgkBX_oowUTkiRFs0OQsdn0PVxIUChIJAV_6KMFE5IkRbNDkLHZ9D1caFAoSCfn6QT3eROSJEV_Xrb4NXCM_GhQKEgmpxljvxkTkiRHimHB769eCliIKDVNa8hgV-Bdx1Q	41.8536019	-71.4008584	41.8536019	-71.4008584	Med	3.679045265	Raw	NA	NA	NA	NA	FALSE	41.85357	-71.40087	2022	April
314	2022-04-08	872636	20:03:00	Pedestrian	1	NA	FALSE	FALSE	1	CRANSTON ST	HARRISON ST	2022-04-08	Two-Way , Not Divided	Dry	Dark - Lighted	Clear	Not a Collision Between Two Motor Vehicles in Transport	Yes	Stop Signs	1	1	Pain Reported	NA	41.81308	-71.42864	FALSE	FALSE	Cranston Street and Harrison Street, Providence, RI, USA	FALSE	-71.4286583	41.8130997	intersection	geometric_center	cranston st & harrison st, providence, ri 02907, usa	NA	NA	NA	NA	41.8130997	-71.4286583	Med High	2.667313218	Raw	NA	NA	NA	NA	FALSE	41.81308	-71.42864	2022	April
312	2022-04-09	872657	16:15:00	Pedestrian	1	NA	FALSE	FALSE	1	RANDALL SQ	RANDALL SQ	2022-04-09	One-Way Trafficway	Dry	Daylight	Cloudy	Not a Collision Between Two Motor Vehicles in Transport	No	No Controls	2	1	Pain Reported	NA	41.83677	-71.40993	FALSE	FALSE	Randall Sq and Randall Sq, Providence, RI, USA	FALSE	-71.4113179	41.8368179	intersection	geometric_center	randall st & randall square, providence, ri 02904, usa	NA	NA	NA	NA	41.8368179	-71.4113179	Med High	115.2335615	Neither	distance greater than 100m	41.836795, -71.411275	41.836795	-71.411275	TRUE	41.836795	-71.411275	2022	April
311	2022-04-12	872804	17:59:00	Bicycle	NA	1	FALSE	FALSE	1	PUBLIC STREET	PRAIRIE AVE	2022-04-12	Two-Way, Divided, Unprotected (painted>4feet) Medium	Dry	Daylight	Clear	Not a Collision Between Two Motor Vehicles in Transport	No	No Controls	3	1	Pain Reported	NA	41.80547	-71.41519	FALSE	FALSE	Public Street and Prairie Ave, Providence, RI, USA	FALSE	-71.414812	41.8055601	intersection	geometric_center	public st & prairie ave, providence, ri 02907, usa	NA	NA	NA	NA	41.8055601	-71.414812	Med High	32.93061327	Raw	NA	NA	NA	NA	FALSE	41.80547	-71.41519	2022	April
310	2022-04-14	872909	13:57:00	Other	NA	1	TRUE	FALSE	1	330 EDDY ST	SHIP ST	2022-04-15	Two-Way , Not Divided	Dry	Daylight	Clear	Not a Collision Between Two Motor Vehicles in Transport	No	No Controls	3	1	Pain Reported	2	NA	NA	TRUE	FALSE	330 Eddy Street, Providence, RI, USA	FALSE	-71.407692	41.818861	street_address	rooftop	330 eddy st, providence, ri 02903, usa	NA	NA	NA	NA	41.818861	-71.407692	High	NA	Geocoded	raw coords null but geocoded coords found	NA	NA	NA	TRUE	41.818861	-71.407692	2022	April
308	2022-04-15	872915	11:48:00	Pedestrian	1	NA	FALSE	FALSE	1	CUSHING ST	HOPE ST	2022-04-15	Two-Way , Not Divided	Dry	Daylight	Clear	Not a Collision Between Two Motor Vehicles in Transport	No	No Controls	5	1	Pain Reported	NA	41.83018	-71.39871	FALSE	FALSE	Cushing Street and Hope Street, Providence, RI, USA	FALSE	-71.3987121	41.8301906	intersection	geometric_center	hope st & cushing st, providence, ri 02906, usa	NA	NA	NA	NA	41.8301906	-71.3987121	Med High	1.192774083	Raw	NA	NA	NA	NA	FALSE	41.83018	-71.39871	2022	April
309	2022-04-15	872936	17:10:00	Pedestrian	1	NA	FALSE	FALSE	1	COLE AVE	ROCHAMBEAU AVE	2022-04-15	Two-Way , Not Divided	Dry	Daylight	Clear	Not a Collision Between Two Motor Vehicles in Transport	No	Stop Signs	2	1	Pain Reported	NA	41.8458	-71.38919	FALSE	FALSE	Cole Ave and Rochambeau Ave, Providence, RI, USA	FALSE	-71.3891825	41.8457995	intersection	geometric_center	cole ave & rochambeau ave, providence, ri 02906, usa	NA	NA	NA	NA	41.8457995	-71.3891825	Med High	0.62443563	Raw	NA	NA	NA	NA	FALSE	41.8458	-71.38919	2022	April
306	2022-04-16	872954	12:20:00	Pedestrian	1	NA	FALSE	FALSE	1	Potters Avenue	CRANSTON ST	2022-04-16	Two-Way, Divided, Unprotected (painted>4feet) Medium	Dry	Daylight	Clear	Not a Collision Between Two Motor Vehicles in Transport	No	No Controls	5	0	No Injury	NA	41.80497	-71.43756	FALSE	FALSE	Potters Avenue and Cranston Street, Providence, RI, USA	FALSE	-71.4377905	41.8050672	intersection	geometric_center	potters ave & cranston st, providence, ri 02909, usa	NA	NA	NA	NA	41.8050672	-71.4377905	Med High	21.97524748	Raw	NA	NA	NA	NA	FALSE	41.80497	-71.43756	2022	April
307	2022-04-16	872959	16:59:00	Pedestrian	1	NA	TRUE	FALSE	1	Candace St	CHALKSTONE AVE	2022-04-16	Two-Way , Not Divided	Dry	Daylight	Clear	Other	No	No Controls	4	1	Pain Reported	NA	41.836	-71.42261	FALSE	FALSE	Candace Street and Chalkstone Ave, Providence, RI, USA	FALSE	-71.4226306	41.8360642	intersection	geometric_center	candace st & chalkstone ave, providence, ri 02908, usa	NA	NA	NA	NA	41.8360642	-71.4226306	Med High	7.34810359	Raw	NA	NA	NA	NA	FALSE	41.836	-71.42261	2022	April
305	2022-04-18	873036	20:53:00	Pedestrian	1	NA	FALSE	FALSE	1	WASHINGTON ST	EXCHANGE ST	2022-04-18	One-Way Trafficway	Dry	Dark - Lighted	Clear	Not a Collision Between Two Motor Vehicles in Transport	Yes	Traffic Control Signal	2	1	Pain Reported	NA	41.82571	-71.41103	FALSE	FALSE	Washington Street and Exchange Street, Providence, RI, USA	FALSE	-71.4118704	41.8265115	route	geometric_center	exchange st, providence, ri 02903, usa	Washington Street & Exchange Street, Providence, RI, USA	EjhXYXNoaW5ndG9uIFN0cmVldCAmIEV4Y2hhbmdlIFN0cmVldCwgUHJvdmlkZW5jZSwgUkksIFVTQSJmImQKFAoSCX8SrsYWReSJEW5MQFQ5jjSiEhQKEgl_Eq7GFkXkiRFuTEBUOY40ohoUChIJqdrNnBJF5IkRGgfQlqMSNPYaFAoSCdFSn9cWReSJERdKzs-n0Y0OIgoNZxnuGBVVim_V	41.8257255	-71.4110379	41.8257255	-71.4110379	Med	1.845707867	Raw	NA	NA	NA	NA	FALSE	41.82571	-71.41103	2022	April
304	2022-04-19	873055	11:58:00	Pedestrian	1	NA	FALSE	FALSE	1	Chalkstone Avenue	Van Ausdall Street	2022-04-19	Two-Way , Not Divided	Dry	Daylight	Clear	Not a Collision Between Two Motor Vehicles in Transport	No	No Controls	3	1	Pain Reported	1	NA	NA	FALSE	FALSE	Chalkstone Avenue and Van Ausdall Street, Providence, RI, USA	FALSE	-71.4662518	41.8339432	intersection	geometric_center	van ausdall st & chalkstone ave, providence, ri 02909, usa	NA	NA	NA	NA	41.8339432	-71.4662518	Med High	NA	Geocoded	raw coords null but geocoded coords found	NA	NA	NA	TRUE	41.8339432	-71.4662518	2022	April
303	2022-04-20	873121	23:12:00	Bicycle	NA	1	FALSE	FALSE	1	PARK ROW E	CANAL ST	2022-04-21	One-Way Trafficway	Dry	Dark - Lighted	Clear	Angle (Front - to - Side) Right Angle (Includes Broadside)	No	Traffic Control Signal	3	1	Pain Reported	NA	41.82847	-71.41069	FALSE	FALSE	Park Row E and Canal Street, Providence, RI, USA	FALSE	-71.4106907	41.8284695	intersection	geometric_center	park row w & canal st, providence, ri 02903, usa	NA	NA	NA	NA	41.8284695	-71.4106907	Med High	0.080433083	Raw	NA	NA	NA	NA	FALSE	41.82847	-71.41069	2022	April
302	2022-04-22	873266	18:10:00	Pedestrian	1	NA	FALSE	FALSE	1	ANGELL ST	THAYER ST	2022-04-22	One-Way Trafficway	Dry	Daylight	Clear	Not a Collision Between Two Motor Vehicles in Transport	Yes	No Controls	4	1	Pain Reported	NA	41.82815	-71.40008	FALSE	FALSE	Angell Street and Thayer Street, Providence, RI, USA	FALSE	-71.4006581	41.8280973	intersection	geometric_center	thayer st & angell st, providence, ri 02906, usa	NA	NA	NA	NA	41.8280973	-71.4006581	Med High	48.31067153	Raw	NA	NA	NA	NA	FALSE	41.82815	-71.40008	2022	April
300	2022-04-27	873458	21:16:00	Bicycle	NA	1	FALSE	FALSE	1	CANAL ST	MILL ST	2022-04-27	Two-Way, Divided, Positive Median Barrier	Dry	Dark - Lighted	Clear	Not a Collision Between Two Motor Vehicles in Transport	No	No Controls	2	1	Non-Incapacitating	NA	41.8323	-71.41095	FALSE	FALSE	Canal Street and Mill Street, Providence, RI, USA	FALSE	-71.5342119	42.0140642	intersection	geometric_center	mill st & canal st, north smithfield, ri 02896, usa	NA	NA	NA	NA	42.0140642	-71.5342119	Med High	22663.64202	Raw	distance greater than 100m	NA	NA	NA	TRUE	41.8323	-71.41095	2022	April
301	2022-04-27	873499	22:56:00	Pedestrian	1	NA	TRUE	FALSE	1	ACADEMY AVE	SMITH ST	2022-04-28	Two-Way , Not Divided	Dry	Dark - Unknown Lighting	Cloudy	Sideswipe, Same Direction	Yes	Traffic Control Signal	1	1	Non-Incapacitating	NA	41.84258	-71.44515	FALSE	FALSE	Academy Ave and Smith Street, Providence, RI, USA	FALSE	-71.4451406	41.8425939	intersection	geometric_center	academy ave & smith st, providence, ri 02908, usa	NA	NA	NA	NA	41.8425939	-71.4451406	Med High	1.732617068	Raw	NA	NA	NA	NA	FALSE	41.84258	-71.44515	2022	April
298	2022-04-28	873494	15:34:00	Pedestrian	1	NA	FALSE	FALSE	1	HOPE ST	GEORGE ST	2022-04-28	Two-Way , Not Divided	Dry	Daylight	Clear	Not a Collision Between Two Motor Vehicles in Transport	Yes	Stop Signs	3	1	Pain Reported	NA	41.82579	-71.3973	FALSE	FALSE	Hope Street and George Street, Providence, RI, USA	FALSE	-71.3972697	41.8257801	intersection	geometric_center	hope st & george st, providence, ri 02906, usa	NA	NA	NA	NA	41.8257801	-71.3972697	Med High	2.744457005	Raw	NA	NA	NA	NA	FALSE	41.82579	-71.3973	2022	April
299	2022-04-28	873496	17:40:00	Bicycle	NA	1	FALSE	FALSE	1	broadway	KNIGHT ST	2022-04-28	Two-Way , Not Divided	Dry	Daylight	Clear	Angle (Front - to - Side) Same Direction	Yes	Flashing Traffic Control Signal	1	1	Pain Reported	NA	41.8198	-71.42936	FALSE	FALSE	Broadway and Knight Street, Providence, RI, USA	FALSE	-71.4298401	41.8202496	route	geometric_center	knight st, providence, ri, usa	Broadway & Knight Street, Providence, RI, USA	Ei1Ccm9hZHdheSAmIEtuaWdodCBTdHJlZXQsIFByb3ZpZGVuY2UsIFJJLCBVU0EiZiJkChQKEgmvZYGEdUXkiRHAVmwJ-u4XKRIUChIJr2WBhHVF5IkRwFZsCfruFykaFAoSCaW15YZ1ReSJERrCM7HXpG-zGhQKEgkPqvF6dUXkiRGsZxyELkktfCIKDcQy7RgVV79s1Q	41.8198212	-71.4293417	41.8198212	-71.4293417	Med	2.806123126	Raw	NA	NA	NA	NA	FALSE	41.8198	-71.42936	2022	April
297	2022-04-30	873588	16:49:00	Pedestrian	1	NA	FALSE	FALSE	1	UNION AVE EXIT	SERVICE RD NO. 1	2022-04-30	One-Way Trafficway	Dry	Daylight	Clear	Not a Collision Between Two Motor Vehicles in Transport	Yes	Traffic Control Signal	4	1	Fatal	NA	41.80904	-71.44017	FALSE	FALSE	Union Ave Exit and Service Rd No. 1, Providence, RI, USA	FALSE	-71.3907409	41.7942452	premise	rooftop	1 service rd, providence, ri 02905, usa	NA	NA	NA	NA	41.7942452	-71.3907409	Med High	4420.108352	Raw	distance greater than 100m	NA	NA	NA	TRUE	41.80904	-71.44017	2022	April
295	2022-05-01	874626	19:09:00	Bicycle	NA	1	FALSE	FALSE	1	NELSON ST	Smith St	2022-05-01	Two-Way, Divided, Unprotected (painted>4feet) Medium	Dry	Dusk	Clear	Not a Collision Between Two Motor Vehicles in Transport	Yes	Stop Signs	1	1	Pain Reported	NA	41.8423	-71.44422	FALSE	FALSE	Nelson Street and Smith Street, Providence, RI, USA	FALSE	-71.4442116	41.8422004	intersection	geometric_center	smith st & nelson st, providence, ri 02908, usa	NA	NA	NA	NA	41.8422004	-71.4442116	Med High	11.10928413	Raw	NA	NA	NA	NA	FALSE	41.8423	-71.44422	2022	May
296	2022-05-01	874633	21:59:00	Pedestrian	2	NA	FALSE	FALSE	1	Manton Ave	SISSON ST	2022-05-01	Two-Way , Not Divided	Dry	Dark - Lighted	Clear	Not a Collision Between Two Motor Vehicles in Transport	Yes	No Controls	3	2	Pain Reported	NA	41.82548	-71.45539	FALSE	FALSE	Manton Ave and Sisson Street, Providence, RI, USA	FALSE	-71.4553928	41.8254879	intersection	geometric_center	manton ave & sisson st, providence, ri 02909, usa	NA	NA	NA	NA	41.8254879	-71.4553928	Med High	0.90957965	Raw	NA	NA	NA	NA	FALSE	41.82548	-71.45539	2022	May
294	2022-05-02	874644	07:48:00	Pedestrian	1	NA	FALSE	FALSE	1	354 MANTON AVE	OWEN ST	2022-05-02	Two-Way , Not Divided	Dry	Daylight	Clear	Not a Collision Between Two Motor Vehicles in Transport	No	No Controls	5	1	Pain Reported	NA	41.82398	-71.45197	TRUE	FALSE	354 Manton Ave, Providence, RI, USA	FALSE	-71.4519884	41.8238204	street_address	rooftop	354 manton ave, providence, ri 02909, usa	NA	NA	NA	NA	41.8238204	-71.4519884	High	17.83203748	Raw	NA	NA	NA	NA	FALSE	41.82398	-71.45197	2022	May
292	2022-05-08	874859	20:33:00	Bicycle	NA	1	FALSE	FALSE	1	LONGFELLOW ST	ELMWOOD AVE	2022-05-08	Two-Way, Divided, Positive Median Barrier	Dry	Dark - Lighted	Cloudy	Angle (Front - to - Side) Opposite Direction	No	Stop Signs	2	1	Pain Reported	NA	41.79078	-71.42225	FALSE	FALSE	Longfellow Street and Elmwood Ave, Providence, RI, USA	FALSE	-71.4221645	41.7908152	intersection	geometric_center	longfellow st & elmwood ave, providence, ri 02907, usa	NA	NA	NA	NA	41.7908152	-71.4221645	Med High	8.106294689	Raw	NA	NA	NA	NA	FALSE	41.79078	-71.42225	2022	May