row_number	crash_date	crash_report_id	crash_time	collision_type	count_pedestrian	count_bicycle	scooter	wheel_chair	number_of_vehicles	street_or_highway	nearest_intersection	report_date	type_of_roadway	road_surface_condition	light_condition	weather_condition	manner_of_impact	hit_and_run	traffic_control	person_count	injury_count	most_serious_injury	number_of_lanes	lat_raw	lon_raw	has_st_number	is_intersection_null	address_sent_to_geocoder	is_address_blank	lon_api_first_try	lat_api_first_try	type	loctype	address_returned_by_geocoder	address_returned_by_autocomplete	place_ids_autocompleted	lat_api_second_try	lon_api_second_try	lat_api_best	lon_api_best	api_coord_conf	distance_btwn_coords_meters	best_coordinate_set	reason_for_qa	correct_coordinates	corrected_lat	corrected_lon	manually_qaed_record	final_lat	final_lon	year	month
293	2022-05-08	874862	23:56:00	Pedestrian	1	NA	FALSE	FALSE	1	BROAD STREET	THURBERS AVE	2022-05-09	Two-Way , Not Divided	Dry	Dark - Lighted	Clear	Not a Collision Between Two Motor Vehicles in Transport	No	No Controls	6	1	Pain Reported	NA	41.79806	-71.4145	FALSE	FALSE	Broad Street and Thurbers Ave, Providence, RI, USA	FALSE	-71.4072534	41.7996465	route	geometric_center	thurbers ave, providence, ri 02905, usa	Broad Street & Thurbers Ave, Providence, RI, USA	EjBCcm9hZCBTdHJlZXQgJiBUaHVyYmVycyBBdmUsIFByb3ZpZGVuY2UsIFJJLCBVU0EiZiJkChQKEgnVbsoGiU_kiRFIi3UXtPpeWRIUChIJ1W7KBolP5IkRSIt1F7T6XlkaFAoSCYPefdWMT-SJESyiypOYSwijGhQKEgkroyggYEXkiRGzStN47BclxSIKDUjm6RgVr_xu1Q	41.7982024	-71.4146641	41.7982024	-71.4146641	Med	20.89840761	Raw	NA	NA	NA	NA	FALSE	41.79806	-71.4145	2022	May
291	2022-05-09	874883	17:33:00	Bicycle	NA	1	FALSE	FALSE	1	BROADWAY	RINGGOLD ST	2022-05-09	Two-Way , Not Divided	Dry	Daylight	Clear	Not a Collision Between Two Motor Vehicles in Transport	No	Pavement Markings	2	1	Pain Reported	NA	41.82121	-71.42335	FALSE	FALSE	Broadway and Ringgold Street, Providence, RI, USA	FALSE	-71.4233535	41.8212225	route	geometric_center	ringgold st, providence, ri 02903, usa	Broadway & Ringgold Street, Providence, RI, USA	Ei9Ccm9hZHdheSAmIFJpbmdnb2xkIFN0cmVldCwgUHJvdmlkZW5jZSwgUkksIFVTQSJmImQKFAoSCQHFIVJzReSJEZc0Z-2f-JoPEhQKEgkBxSFSc0XkiRGXNGftn_iaDxoUChIJpbXlhnVF5IkRGsIzsdekb7MaFAoSCa1x6FFzReSJEfxS86mAer7HIgoNgWntGBVBqW3V	41.8212225	-71.4233535	41.8212225	-71.4233535	Med	1.4214642	Raw	NA	NA	NA	NA	FALSE	41.82121	-71.42335	2022	May
290	2022-05-10	874900	08:56:00	Pedestrian	1	NA	FALSE	FALSE	1	WESTMINSTER ST	COLLEGE ST	2022-05-10	One-Way Trafficway	Dry	Daylight	Clear	Other	No	Traffic Control Signal	2	1	Pain Reported	NA	41.82528	-71.409	FALSE	FALSE	Westminster Street and College Street, Providence, RI, USA	FALSE	-71.4088081	41.8253077	intersection	geometric_center	westminster st & college st, providence, ri 02903, usa	NA	NA	NA	NA	41.8253077	-71.4088081	Med High	16.21462835	Raw	NA	NA	NA	NA	FALSE	41.82528	-71.409	2022	May
287	2022-05-12	874956	11:49:00	Pedestrian	1	NA	FALSE	FALSE	1	BRANCH AVE	OLMSTEAD WAY	2022-05-12	Unknown	Dry	Daylight	Clear	Not a Collision Between Two Motor Vehicles in Transport	Yes	No Controls	1	1	Pain Reported	NA	41.85383	-71.42946	FALSE	FALSE	Branch Ave and Olmstead Way, Providence, RI, USA	FALSE	-71.4300706	41.8540109	intersection	geometric_center	branch ave & olmsted way, providence, ri 02904, usa	NA	NA	NA	NA	41.8540109	-71.4300706	Med High	54.48652807	Raw	NA	NA	NA	NA	FALSE	41.85383	-71.42946	2022	May
288	2022-05-12	875000	17:18:00	Bicycle	NA	1	FALSE	FALSE	1	IRVING AVE	BLACKSTONE BLVD	2022-05-12	One-Way Trafficway	Dry	Daylight	Clear	Not a Collision Between Two Motor Vehicles in Transport	No	No Controls	2	1	Pain Reported	NA	41.83422	-71.38371	FALSE	FALSE	Irving Ave and Blackstone Blvd, Providence, RI, USA	FALSE	-71.3837393	41.8342209	intersection	geometric_center	irving ave & blackstone blvd, providence, ri 02906, usa	NA	NA	NA	NA	41.8342209	-71.3837393	Med High	2.432255476	Raw	NA	NA	NA	NA	FALSE	41.83422	-71.38371	2022	May
289	2022-05-12	875046	20:00:00	Pedestrian	1	NA	FALSE	FALSE	1	ALDRICH ST	BROAD ST	2022-05-13	Two-Way , Not Divided	Dry	Dark - Lighted	Clear	Other	Yes	No Controls	1	1	Pain Reported	NA	41.79368	-71.40884	FALSE	FALSE	Aldrich Street and Broad Street, Providence, RI, USA	FALSE	-71.4089741	41.793628	intersection	geometric_center	aldrich st & broad st, providence, ri 02905, usa	NA	NA	NA	NA	41.793628	-71.4089741	Med High	12.54489497	Raw	NA	NA	NA	NA	FALSE	41.79368	-71.40884	2022	May
286	2022-05-13	875057	15:17:00	Bicycle	NA	1	FALSE	FALSE	1	294 ADMIRAL ST	NEWCOMB ST	2022-05-13	Two-Way , Not Divided	Dry	Daylight	Clear	Not a Collision Between Two Motor Vehicles in Transport	No	No Controls	2	1	Pain Reported	NA	41.84541	-71.42622	TRUE	FALSE	294 Admiral Street, Providence, RI, USA	FALSE	-71.4259246	41.8451967	premise	rooftop	294 admiral st, providence, ri 02908, usa	NA	NA	NA	NA	41.8451967	-71.4259246	High	34.11581018	Raw	NA	NA	NA	NA	FALSE	41.84541	-71.42622	2022	May
285	2022-05-14	875098	12:27:00	Pedestrian	1	NA	FALSE	FALSE	1	ELMWOOD AVE	ADELAIDE AVE	2022-05-14	Two-Way , Not Divided	Dry	Daylight	Clear	Not a Collision Between Two Motor Vehicles in Transport	No	No Controls	3	1	Non-Incapacitating	NA	41.79564	-71.42486	FALSE	FALSE	Elmwood Ave and Adelaide Ave, Providence, RI, USA	FALSE	-71.424995	41.795887	intersection	geometric_center	adelaide ave & elmwood ave, providence, ri 02907, usa	NA	NA	NA	NA	41.795887	-71.424995	Med High	29.69093454	Raw	NA	NA	NA	NA	FALSE	41.79564	-71.42486	2022	May
284	2022-05-16	875172	14:53:00	Other	NA	NA	TRUE	FALSE	1	CRANSTON ST	BENEDICT ST	2022-05-16	Two-Way , Not Divided	Dry	Daylight	Clear	Not a Collision Between Two Motor Vehicles in Transport	No	No Controls	2	0	No Injury	NA	41.80537	-71.43736	FALSE	FALSE	Cranston Street and Benedict Street, Providence, RI, USA	FALSE	-71.4372857	41.805444	intersection	geometric_center	cranston st & benedict st, providence, ri 02907, usa	NA	NA	NA	NA	41.805444	-71.4372857	Med High	10.28932312	Raw	NA	NA	NA	NA	FALSE	41.80537	-71.43736	2022	May
283	2022-05-18	875244	16:55:00	Pedestrian	1	NA	FALSE	FALSE	1	BELLEVUE AVE	CRANSTON ST	2022-05-18	Two-Way , Not Divided	Dry	Daylight	Clear	Not a Collision Between Two Motor Vehicles in Transport	Yes	Stop Signs	2	1	Pain Reported	NA	41.80886	-71.43392	FALSE	FALSE	Bellevue Ave and Cranston Street, Providence, RI, USA	FALSE	-71.434059	41.8089239	intersection	geometric_center	cranston st & bellevue ave, providence, ri 02907, usa	NA	NA	NA	NA	41.8089239	-71.434059	Med High	13.55063943	Raw	NA	NA	NA	NA	FALSE	41.80886	-71.43392	2022	May
282	2022-05-20	875325	20:18:00	Bicycle	NA	1	FALSE	FALSE	1	DEAN ST	FEDERAL ST	2022-05-20	Two-Way , Not Divided	Dry	Dark - Lighted	Cloudy	Sideswipe, Same Direction	No	Stop Signs	5	0	No Injury	NA	41.82228	-71.42327	FALSE	FALSE	Dean Street and Federal Street, Providence, RI, USA	FALSE	-71.4232716	41.8222988	intersection	geometric_center	dean st & federal st, providence, ri 02903, usa	NA	NA	NA	NA	41.8222988	-71.4232716	Med High	2.097011294	Raw	NA	NA	NA	NA	FALSE	41.82228	-71.42327	2022	May
281	2022-05-21	875346	06:30:00	Pedestrian	1	NA	FALSE	FALSE	1	CHAD BROWN ST	RUGGLES ST	2022-05-21	Two-Way , Not Divided	Wet	Daylight	Clear	Not a Collision Between Two Motor Vehicles in Transport	Yes	No Controls	4	1	Incapacitating	NA	41.83874	-71.42738	FALSE	FALSE	Chad Brown Street and Ruggles Street, Providence, RI, USA	FALSE	-71.4280511	41.8386096	intersection	geometric_center	chad brown st & ruggles st, providence, ri 02908, usa	NA	NA	NA	NA	41.8386096	-71.4280511	Med High	57.52009123	Raw	NA	NA	NA	NA	FALSE	41.83874	-71.42738	2022	May
280	2022-05-22	875423	20:43:00	Other	NA	1	FALSE	FALSE	1	VALLEY ST	HEMLOCK ST	2022-05-22	Two-Way , Not Divided	Dry	Dark - Lighted	Clear	Not a Collision Between Two Motor Vehicles in Transport	Yes	No Controls	1	1	Non-Incapacitating	NA	41.82994	-71.43162	FALSE	FALSE	Valley Street and Hemlock Street, Providence, RI, USA	FALSE	-71.4304933	41.8304583	intersection	geometric_center	valley st & hemlock st, providence, ri 02908, usa	NA	NA	NA	NA	41.8304583	-71.4304933	Med High	109.8317072	Raw	distance greater than 100m	NA	NA	NA	TRUE	41.82994	-71.43162	2022	May
279	2022-05-25	875494	17:43:00	Bicycle	1	NA	FALSE	FALSE	1	BROADWAY	VINTON ST	2022-05-25	Two-Way , Not Divided	Dry	Daylight	Clear	Not a Collision Between Two Motor Vehicles in Transport	Yes	Pavement Markings	1	1	Pain Reported	NA	41.82009	-71.4281	FALSE	FALSE	Broadway and Vinton Street, Providence, RI, USA	FALSE	-71.4285663	41.8207514	route	geometric_center	vinton st, providence, ri, usa	Broadway & Vinton Street, Providence, RI, USA	Ei1Ccm9hZHdheSAmIFZpbnRvbiBTdHJlZXQsIFByb3ZpZGVuY2UsIFJJLCBVU0EiZiJkChQKEglF5rYLdUXkiRHipmasZ-JhnRIUChIJRea2C3VF5IkR4qZmrGfiYZ0aFAoSCaW15YZ1ReSJERrCM7HXpG-zGhQKEgnN2QdAdUXkiRHzHzv0hMO0lyIKDVg97RgVUexs1Q	41.820092	-71.4281903	41.820092	-71.4281903	Med	7.494594365	Raw	NA	NA	NA	NA	FALSE	41.82009	-71.4281	2022	May
278	2022-05-26	875531	20:45:00	Bicycle	NA	1	FALSE	FALSE	1	PUBLIC ST	BROAD ST	2022-05-26	Two-Way, Divided, Unprotected (painted>4feet) Medium	Dry	Dark - Lighted	Clear	Angle (Front - to - Side) Same Direction	Yes	Traffic Control Signal	1	1	Pain Reported	NA	41.80441	-71.41937	FALSE	FALSE	Public Street and Broad Street, Providence, RI, USA	FALSE	-71.4193596	41.804449	intersection	geometric_center	public st & broad st, providence, ri 02907, usa	NA	NA	NA	NA	41.804449	-71.4193596	Med High	4.426402177	Raw	NA	NA	NA	NA	FALSE	41.80441	-71.41937	2022	May
277	2022-05-27	875552	14:55:00	Bicycle	NA	1	TRUE	FALSE	1	BENEFIT ST	ANGELL ST	2022-05-27	Two-Way , Not Divided	Dry	Daylight	Clear	Not a Collision Between Two Motor Vehicles in Transport	No	Traffic Control Signal	3	1	Non-Incapacitating	NA	41.82751	-71.40765	FALSE	FALSE	Benefit Street and Angell Street, Providence, RI, USA	FALSE	-71.4076581	41.827518	intersection	geometric_center	benefit st & angell st, providence, ri 02903, usa	NA	NA	NA	NA	41.827518	-71.4076581	Med High	1.115588078	Raw	NA	NA	NA	NA	FALSE	41.82751	-71.40765	2022	May
276	2022-05-31	875655	09:18:00	Bicycle	NA	1	FALSE	FALSE	1	DOUGLAS AVE/RIVER AVE	DOUGLAS AVE	2022-05-31	Two-Way , Not Divided	Dry	Daylight	Clear	Rear End(Front-to-Rear)	No	No Controls	2	1	Pain Reported	NA	41.85275	-71.43714	FALSE	FALSE	Douglas Ave/River Ave and Douglas Ave, Providence, RI, USA	FALSE	-71.438829	41.85386	establishment	geometric_center	douglas ns seamans, providence, ri, usa	River Ave & Douglas Ave, Providence, RI, USA	EixSaXZlciBBdmUgJiBEb3VnbGFzIEF2ZSwgUHJvdmlkZW5jZSwgUkksIFVTQSJmImQKFAoSCY3uUApaROSJEWnaLVhdVdhQEhQKEgmN7lAKWkTkiRFp2i1YXVXYUBoUChIJj3GC66pF5IkR9y-1EWW4axsaFAoSCQf0aAlQROSJES7TmsGM2dutIgoNrznyGBVdjmvV	41.8527663	-71.4371491	41.8527663	-71.4371491	Med	1.96514245	Raw	NA	NA	NA	NA	FALSE	41.85275	-71.43714	2022	May
275	2022-06-02	875741	16:32:00	Pedestrian	1	NA	FALSE	FALSE	1	BROAD ST	THURBERS AVE	2022-06-02	Two-Way , Not Divided	Dry	Daylight	Clear	Not a Collision Between Two Motor Vehicles in Transport	No	Traffic Control Signal	3	1	Pain Reported	NA	41.79811	-71.41457	FALSE	FALSE	Broad Street and Thurbers Ave, Providence, RI, USA	FALSE	-71.4072534	41.7996465	route	geometric_center	thurbers ave, providence, ri 02905, usa	Broad Street & Thurbers Ave, Providence, RI, USA	EjBCcm9hZCBTdHJlZXQgJiBUaHVyYmVycyBBdmUsIFByb3ZpZGVuY2UsIFJJLCBVU0EiZiJkChQKEgnVbsoGiU_kiRFIi3UXtPpeWRIUChIJ1W7KBolP5IkRSIt1F7T6XlkaFAoSCYPefdWMT-SJESyiypOYSwijGhQKEgkroyggYEXkiRGzStN47BclxSIKDUjm6RgVr_xu1Q	41.7982024	-71.4146641	41.7982024	-71.4146641	Med	12.91448415	Raw	NA	NA	NA	NA	FALSE	41.79811	-71.41457	2022	June
274	2022-06-03	875762	09:09:00	Pedestrian	1	NA	FALSE	FALSE	1	736 BRANCH AVENUE	NA	2022-06-03	Two-Way , Not Divided	Dry	Daylight	Cloudy	Other	No	No Controls	7	1	Pain Reported	NA	41.83582	-71.41572	TRUE	TRUE	736 Branch Avenue, Providence, RI, USA	FALSE	-71.4285913	41.8532706	premise	rooftop	736 branch ave, providence, ri 02904, usa	NA	NA	NA	NA	41.8532706	-71.4285913	High	2216.52777	Geocoded	distance greater than 100m	NA	NA	NA	TRUE	41.8532706	-71.4285913	2022	June
273	2022-06-06	876868	14:58:00	Other	NA	NA	TRUE	FALSE	2	GREENWICH ST	ELMWOOD AVENUE	2022-06-06	Two-Way , Not Divided	Dry	Daylight	Clear	Angle (Front - to - Side) Opposite Direction	Yes	Traffic Control Signal	1	0	No Injury	NA	41.80237	-71.42608	FALSE	FALSE	Greenwich Street and Elmwood Avenue, Providence, RI, USA	FALSE	-71.4260732	41.8023814	intersection	geometric_center	greenwich st & elmwood ave, providence, ri 02907, usa	NA	NA	NA	NA	41.8023814	-71.4260732	Med High	1.388842848	Raw	NA	NA	NA	NA	FALSE	41.80237	-71.42608	2022	June
272	2022-06-07	876875	07:50:00	Bicycle	NA	1	FALSE	FALSE	1	CRANSTON ST	LINWOOD AVE	2022-06-07	Two-Way , Not Divided	Dry	Daylight	Clear	Not a Collision Between Two Motor Vehicles in Transport	No	Traffic Control Signal	4	1	Pain Reported	NA	41.80701	-71.43571	FALSE	FALSE	Cranston Street and Linwood Ave, Providence, RI, USA	FALSE	-71.4356998	41.8070369	intersection	geometric_center	cranston st & linwood ave, providence, ri 02909, usa	NA	NA	NA	NA	41.8070369	-71.4356998	Med High	3.111804784	Raw	NA	NA	NA	NA	FALSE	41.80701	-71.43571	2022	June
270	2022-06-08	876918	18:56:00	Bicycle	NA	1	FALSE	FALSE	1	286 INDIANA AVE	VIRGINIA AVE	2022-06-08	Two-Way , Not Divided	Dry	Dark - Lighted	Clear	Not a Collision Between Two Motor Vehicles in Transport	No	No Controls	3	1	Pain Reported	NA	41.7896	-71.401	TRUE	FALSE	286 Indiana Ave, Providence, RI, USA	FALSE	-71.4016714	41.7893266	premise	rooftop	286 indiana ave, providence, ri 02905, usa	NA	NA	NA	NA	41.7893266	-71.4016714	High	63.49533276	Raw	NA	NA	NA	NA	FALSE	41.7896	-71.401	2022	June
271	2022-06-08	876924	18:26:00	Bicycle	NA	1	FALSE	FALSE	1	NEBRASKA ST	EDDY ST	2022-06-08	Two-Way , Not Divided	Dry	Dusk	Clear	Not a Collision Between Two Motor Vehicles in Transport	No	No Controls	2	0	No Injury	NA	41.79829	-71.40538	FALSE	FALSE	Nebraska Street and Eddy Street, Providence, RI, USA	FALSE	-71.40537	41.7982916	intersection	geometric_center	eddy st & nebraska st, providence, ri 02905, usa	NA	NA	NA	NA	41.7982916	-71.40537	Med High	0.848780358	Raw	NA	NA	NA	NA	FALSE	41.79829	-71.40538	2022	June
267	2022-06-09	876943	12:37:00	Pedestrian	1	NA	TRUE	FALSE	1	BROAD ST	VERNDALE ST	2022-06-09	Two-Way , Not Divided	Dry	Daylight	Clear	Not a Collision Between Two Motor Vehicles in Transport	No	No Controls	4	1	Pain Reported	NA	41.79158	-71.40644	FALSE	FALSE	Broad Street and Verndale Street, Providence, RI, USA	FALSE	-71.4094732	41.7897944	route	geometric_center	verndale ave, providence, ri 02905, usa	NA	NA	NA	NA	41.7897944	-71.4094732	Med	320.7620175	Raw	distance greater than 100m	NA	NA	NA	TRUE	41.79158	-71.40644	2022	June
268	2022-06-09	876950	14:04:00	Pedestrian	1	NA	FALSE	FALSE	1	387 CHARLES ST	SILVER SPRING ST	2022-06-09	Two-Way , Not Divided	Dry	Daylight	Clear	Not a Collision Between Two Motor Vehicles in Transport	No	No Controls	2	1	Pain Reported	NA	41.84371	-71.41835	TRUE	FALSE	387 Charles Street, Providence, RI, USA	FALSE	-71.417562	41.843616	street_address	rooftop	387 charles st, providence, ri 02904, usa	NA	NA	NA	NA	41.843616	-71.417562	High	66.18088308	Raw	NA	NA	NA	NA	FALSE	41.84371	-71.41835	2022	June
269	2022-06-09	876994	18:14:00	Other	NA	1	TRUE	FALSE	1	CAMP ST	DOYLE AVE	2022-06-10	Two-Way , Not Divided	Dry	Daylight	Clear	Unknown	No	Stop Signs	2	1	Pain Reported	NA	41.83879	-71.4042	FALSE	FALSE	Camp Street and Doyle Ave, Providence, RI, USA	FALSE	-71.4041847	41.838804	intersection	geometric_center	camp st & doyle ave, providence, ri 02906, usa	NA	NA	NA	NA	41.838804	-71.4041847	Med High	2.009723335	Raw	NA	NA	NA	NA	FALSE	41.83879	-71.4042	2022	June
265	2022-06-10	876982	06:38:00	Pedestrian	1	NA	FALSE	FALSE	1	Broad	Oxford	2022-06-10	Two-Way , Not Divided	Dry	Dawn	Clear	Not a Collision Between Two Motor Vehicles in Transport	No	No Controls	3	0	No Injury	NA	NA	NA	FALSE	FALSE	Broad and Oxford, Providence, RI, USA	FALSE	-71.4098094	41.8023702	route	geometric_center	oxford st, providence, ri 02905, usa	Broad Street & Oxford Street, Providence, RI, USA	EjFCcm9hZCBTdHJlZXQgJiBPeGZvcmQgU3RyZWV0LCBQcm92aWRlbmNlLCBSSSwgVVNBImYiZAoUChIJh-FuDohP5IkRI2IsCmv-T0ESFAoSCYfhbg6IT-SJESNiLApr_k9BGhQKEgmD3n3VjE_kiREsosqTmEsIoxoUChIJGaMJqWFF5IkRUr1E8WrWZNciCg0WPuoYFfqPbtU	41.8004502	-71.417447	41.8004502	-71.417447	Med	NA	Geocoded	raw coords null but geocoded coords found	NA	NA	NA	TRUE	41.8004502	-71.417447	2022	June
266	2022-06-10	876998	15:38:00	Bicycle	NA	1	FALSE	FALSE	1	Smith and Canal St	SMITH ST	2022-06-10	Two-Way , Not Divided	Dry	Daylight	Clear	Angle (Front - to - Side) Opposite Direction	No	No Controls	2	1	Non-Incapacitating	NA	41.83108	-71.4113	FALSE	FALSE	Smith And Canal Street and Smith Street, Providence, RI, USA	FALSE	-71.4433053	41.8418141	route	geometric_center	smith st, providence, ri, usa	Canal Street & Smith Street, Providence, RI, USA	EjBDYW5hbCBTdHJlZXQgJiBTbWl0aCBTdHJlZXQsIFByb3ZpZGVuY2UsIFJJLCBVU0EiZiJkChQKEgmNIDqdGUXkiRF9HyMoQizAgRIUChIJjSA6nRlF5IkRfR8jKEIswIEaFAoSCcvUmNAZReSJEftrQiUQSQCyGhQKEgm1rnBMS0TkiREhtaMwuIyrhCIKDcn37hgV7n5v1Q	41.8314185	-71.4113298	41.8314185	-71.4113298	Med	37.76263032	Raw	NA	NA	NA	NA	FALSE	41.83108	-71.4113	2022	June
264	2022-06-11	877034	12:55:00	Bicycle	NA	1	FALSE	FALSE	1	POINT ST	PRAIRIE AVE	2022-06-11	One-Way Trafficway	Dry	Daylight	Clear	Not a Collision Between Two Motor Vehicles in Transport	Yes	No Controls	1	1	Pain Reported	NA	41.81457	-71.41507	FALSE	FALSE	Point Street and Prairie Ave, Providence, RI, USA	FALSE	-71.415311	41.8145184	intersection	geometric_center	point st & prairie ave, providence, ri 02903, usa	NA	NA	NA	NA	41.8145184	-71.415311	Med High	20.80379956	Raw	NA	NA	NA	NA	FALSE	41.81457	-71.41507	2022	June
262	2022-06-12	877060	09:48:00	Pedestrian	1	NA	FALSE	FALSE	1	981 BROAD ST	SUMTER ST	2022-06-12	Two-Way , Not Divided	Dry	Daylight	Clear	Not a Collision Between Two Motor Vehicles in Transport	No	No Controls	2	1	Pain Reported	NA	41.79776	-71.41414	TRUE	FALSE	981 Broad Street, Providence, RI, USA	FALSE	-71.4144826	41.7978325	premise	rooftop	981 broad st, providence, ri 02905, usa	NA	NA	NA	NA	41.7978325	-71.4144826	High	29.55525897	Raw	NA	NA	NA	NA	FALSE	41.79776	-71.41414	2022	June
263	2022-06-12	877069	16:32:00	Bicycle	NA	1	FALSE	FALSE	1	MURRAY ST	SIBYL ST	2022-06-12	Two-Way , Not Divided	Dry	Daylight	Clear	Not a Collision Between Two Motor Vehicles in Transport	No	No Controls	2	1	Pain Reported	NA	41.80873	-71.45947	FALSE	FALSE	Murray Street and Sibyl Street, Providence, RI, USA	FALSE	-71.459465	41.808735	intersection	geometric_center	murray st & sibyl st, providence, ri 02909, usa	NA	NA	NA	NA	41.808735	-71.459465	Med High	0.694205116	Raw	NA	NA	NA	NA	FALSE	41.80873	-71.45947	2022	June
261	2022-06-13	877114	19:35:00	Bicycle	NA	1	FALSE	FALSE	1	NORTH AVE	BLACKSTONE BLVD	2022-06-13	One-Way Trafficway	Dry	Daylight	Clear	Not a Collision Between Two Motor Vehicles in Transport	No	No Controls	4	1	Non-Incapacitating	NA	41.85415	-71.39026	FALSE	FALSE	North Ave and Blackstone Blvd, Providence, RI, USA	FALSE	-71.3902317	41.8541661	intersection	geometric_center	north ave & blackstone blvd, providence, ri 02906, usa	NA	NA	NA	NA	41.8541661	-71.3902317	Med High	2.952674285	Raw	NA	NA	NA	NA	FALSE	41.85415	-71.39026	2022	June
258	2022-06-14	877136	08:43:00	Pedestrian	1	NA	FALSE	FALSE	1	CHALKSTONE AVENUE	ACADEMY AVENUE	2022-06-14	Two-Way , Not Divided	Dry	Daylight	Clear	Not a Collision Between Two Motor Vehicles in Transport	No	Traffic Control Signal	2	0	No Injury	NA	41.82422	-71.43364	FALSE	FALSE	Chalkstone Avenue and Academy Avenue, Providence, RI, USA	FALSE	-71.4445249	41.8324538	intersection	geometric_center	academy ave & chalkstone ave, providence, ri 02908, usa	NA	NA	NA	NA	41.8324538	-71.4445249	Med High	1286.601127	Geocoded	distance greater than 100m	NA	NA	NA	TRUE	41.8324538	-71.4445249	2022	June
259	2022-06-14	877137	11:30:00	Pedestrian	1	NA	FALSE	FALSE	1	PLAIN ST	BLACKSTONE ST	2022-06-14	Unknown	Dry	Daylight	Clear	Not a Collision Between Two Motor Vehicles in Transport	No	No Controls	3	1	Non-Incapacitating	NA	41.80942	-71.41091	FALSE	FALSE	Plain Street and Blackstone Street, Providence, RI, USA	FALSE	-71.4109722	41.8095772	intersection	geometric_center	plain st & blackstone st, providence, ri 02905, usa	NA	NA	NA	NA	41.8095772	-71.4109722	Med High	18.24459904	Raw	NA	NA	NA	NA	FALSE	41.80942	-71.41091	2022	June
260	2022-06-14	877144	15:34:00	Pedestrian	1	NA	FALSE	FALSE	1	HANNAH ST	ATWELLS AVE	2022-06-14	Unknown	Dry	Daylight	Clear	Other	Yes	No Controls	1	1	Pain Reported	NA	41.82506	-71.44863	FALSE	FALSE	Hannah Street and Atwells Ave, Providence, RI, USA	FALSE	-71.4486537	41.8250697	intersection	geometric_center	hannah st & atwells ave, providence, ri 02909, usa	NA	NA	NA	NA	41.8250697	-71.4486537	Med High	2.243015346	Raw	NA	NA	NA	NA	FALSE	41.82506	-71.44863	2022	June
256	2022-06-20	877362	16:42:00	Bicycle	NA	1	FALSE	FALSE	1	NORTH MAIN ST	EVERGREEN ST	2022-06-20	Two-Way , Not Divided	Dry	Daylight	Clear	Not a Collision Between Two Motor Vehicles in Transport	No	Pavement Markings	2	1	Non-Incapacitating	NA	41.84488	-71.40615	FALSE	FALSE	North Main Street and Evergreen Street, Providence, RI, USA	FALSE	-71.4027343	41.8448794	route	geometric_center	evergreen st, providence, ri, usa	North Main Street & Evergreen Street, Providence, RI, USA	EjlOb3J0aCBNYWluIFN0cmVldCAmIEV2ZXJncmVlbiBTdHJlZXQsIFByb3ZpZGVuY2UsIFJJLCBVU0EiZiJkChQKEgm7-2KA3UTkiRGGpVWSwcnYIBIUChIJu_tigN1E5IkRhqVVksHJ2CAaFAoSCfn6QT3eROSJEV_Xrb4NXCM_GhQKEglJ0az43ETkiRHnr0rNpn5bmyIKDfEG8RgVh0lw1Q	41.8449137	-71.4061433	41.8449137	-71.4061433	Med	3.79238885	Raw	NA	NA	NA	NA	FALSE	41.84488	-71.40615	2022	June
257	2022-06-20	877364	18:01:00	Bicycle	NA	1	TRUE	FALSE	1	HOPE ST	WILLIAMS ST	2022-06-20	Two-Way, Divided, Unprotected (painted>4feet) Medium	Dry	Daylight	Clear	Not a Collision Between Two Motor Vehicles in Transport	No	Stop Signs	3	1	Pain Reported	NA	41.82254	-71.39682	FALSE	FALSE	Hope Street and Williams Street, Providence, RI, USA	FALSE	-71.3968006	41.8225892	intersection	geometric_center	hope st & williams st, providence, ri 02906, usa	NA	NA	NA	NA	41.8225892	-71.3968006	Med High	5.708474908	Raw	NA	NA	NA	NA	FALSE	41.82254	-71.39682	2022	June
255	2022-06-22	877418	12:49:00	Pedestrian	1	NA	FALSE	FALSE	1	81 WASHINGTON ST	CLEMENCE ST	2022-06-22	Two-Way , Not Divided	Dry	Daylight	Clear	Not a Collision Between Two Motor Vehicles in Transport	Yes	Pavement Markings	1	1	Pain Reported	NA	41.82346	-71.4142	TRUE	FALSE	81 Washington Street, Providence, RI, USA	FALSE	-71.4141969	41.8236656	street_address	rooftop	81 washington st, providence, ri 02903, usa	NA	NA	NA	NA	41.8236656	-71.4141969	High	22.888732	Raw	NA	NA	NA	NA	FALSE	41.82346	-71.4142	2022	June
254	2022-06-23	877447	11:12:00	Bicycle	NA	1	FALSE	FALSE	1	Congress Ave	HAMILTON ST	2022-06-23	Two-Way , Not Divided	Dry	Daylight	Clear	Not a Collision Between Two Motor Vehicles in Transport	No	Stop Signs	2	1	Pain Reported	NA	41.79994	-71.42156	FALSE	FALSE	Congress Ave and Hamilton Street, Providence, RI, USA	FALSE	-71.4215639	41.7999493	intersection	geometric_center	congress ave & hamilton st, providence, ri 02907, usa	NA	NA	NA	NA	41.7999493	-71.4215639	Med High	1.084681124	Raw	NA	NA	NA	NA	FALSE	41.79994	-71.42156	2022	June
253	2022-06-24	877485	01:41:00	Pedestrian	1	NA	FALSE	FALSE	1	Steeple St	CANAL ST	2022-06-24	One-Way Trafficway	Dry	Dark - Lighted	Clear	Not a Collision Between Two Motor Vehicles in Transport	No	Traffic Control Signal	2	0	No Injury	NA	41.82715	-71.40997	FALSE	FALSE	Steeple Street and Canal Street, Providence, RI, USA	FALSE	-71.409902	41.8271852	intersection	geometric_center	steeple st & canal st, providence, ri 02903, usa	NA	NA	NA	NA	41.8271852	-71.409902	Med High	6.868130385	Raw	NA	NA	NA	NA	FALSE	41.82715	-71.40997	2022	June