row_number	crash_date	crash_report_id	crash_time	collision_type	count_pedestrian	count_bicycle	scooter	wheel_chair	number_of_vehicles	street_or_highway	nearest_intersection	report_date	type_of_roadway	road_surface_condition	light_condition	weather_condition	manner_of_impact	hit_and_run	traffic_control	person_count	injury_count	most_serious_injury	number_of_lanes	lat_raw	lon_raw	has_st_number	is_intersection_null	address_sent_to_geocoder	is_address_blank	lon_api_first_try	lat_api_first_try	type	loctype	address_returned_by_geocoder	address_returned_by_autocomplete	place_ids_autocompleted	lat_api_second_try	lon_api_second_try	lat_api_best	lon_api_best	api_coord_conf	distance_btwn_coords_meters	best_coordinate_set	reason_for_qa	correct_coordinates	corrected_lat	corrected_lon	manually_qaed_record	final_lat	final_lon	year	month
252	2022-06-25	877546	13:48:00	Bicycle	NA	1	FALSE	FALSE	1	VALLEY STREET	NEWARK ST	2022-06-25	Two-Way, Divided, Unprotected (painted>4feet) Medium	Dry	Daylight	Clear	Not a Collision Between Two Motor Vehicles in Transport	Yes	No Controls	1	1	Pain Reported	NA	41.82531	-71.43927	FALSE	FALSE	Valley Street and Newark Street, Providence, RI, USA	FALSE	-71.4393041	41.8252323	intersection	geometric_center	valley st & newark st, providence, ri 02908, usa	NA	NA	NA	NA	41.8252323	-71.4393041	Med High	9.10032166	Raw	NA	NA	NA	NA	FALSE	41.82531	-71.43927	2022	June
251	2022-06-27	877627	20:56:00	Pedestrian	1	NA	FALSE	FALSE	1	CRANSTON ST	DEXTER ST	2022-06-27	Two-Way , Not Divided	Wet	Dark - Lighted	Clear	Not a Collision Between Two Motor Vehicles in Transport	Yes	No Controls	1	1	Pain Reported	NA	41.81284	-71.42912	FALSE	FALSE	Cranston Street and Dexter Street, Providence, RI, USA	FALSE	-71.429588	41.8126029	intersection	geometric_center	cranston st & dexter st, providence, ri 02907, usa	NA	NA	NA	NA	41.8126029	-71.429588	Med High	46.95086987	Raw	NA	NA	NA	NA	FALSE	41.81284	-71.42912	2022	June
250	2022-06-28	877641	11:36:00	Pedestrian	3	NA	FALSE	FALSE	1	Atwells Ave	Valley St	2022-06-28	Two-Way , Not Divided	Dry	Daylight	Clear	Not a Collision Between Two Motor Vehicles in Transport	No	Traffic Control Signal	6	1	Pain Reported	2	NA	NA	FALSE	FALSE	Atwells Ave and Valley Street, Providence, RI, USA	FALSE	-71.4394736	41.8245768	intersection	geometric_center	valley st & atwells ave, providence, ri 02908, usa	NA	NA	NA	NA	41.8245768	-71.4394736	Med High	NA	Geocoded	raw coords null but geocoded coords found	NA	NA	NA	TRUE	41.8245768	-71.4394736	2022	June
248	2022-07-01	877794	14:22:00	Pedestrian	1	NA	FALSE	FALSE	1	HARTFORD AVE	HARTFORD AVE	2022-07-01	Two-Way, Divided, Unprotected (painted>4feet) Medium	Dry	Daylight	Clear	Not a Collision Between Two Motor Vehicles in Transport	No	No Controls	2	1	Pain Reported	NA	41.81889	-71.46093	FALSE	FALSE	Hartford Ave and Hartford Ave, Providence, RI, USA	FALSE	-71.4587339	41.8185901	route	geometric_center	hartford ave, providence, ri, usa	Hartford Ave Service Rd & Hartford Ave, Johnston, Providence, RI, USA	EkVIYXJ0Zm9yZCBBdmUgU2VydmljZSBSZCAmIEhhcnRmb3JkIEF2ZSwgSm9obnN0b24sIFByb3ZpZGVuY2UsIFJJLCBVU0EiZiJkChQKEgmP4Jty0EfkiRFZT82Cwq1hZxIUChIJj-CbctBH5IkRWU_NgsKtYWcaFAoSCUk2WRTQR-SJEffJJKBODzFaGhQKEgkvAx61JEbkiRGCwC0vu7gN1iIKDdap7hgVnoNc1Q	41.829423	-71.5357282	41.829423	-71.5357282	Med	6314.67753	Unknown	distance greater than 100m	NA	NA	NA	TRUE	NA	NA	2022	July
249	2022-07-01	877799	18:15:00	Pedestrian	1	NA	TRUE	FALSE	1	DEXTER ST	SPRAGUE ST	2022-07-01	Two-Way , Not Divided	Dry	Daylight	Clear	Not a Collision Between Two Motor Vehicles in Transport	No	No Controls	2	1	Pain Reported	NA	41.80987	-71.42838	FALSE	FALSE	Dexter Street and Sprague Street, Providence, RI, USA	FALSE	-71.428322	41.809742	intersection	geometric_center	sprague st & dexter st, providence, ri 02907, usa	NA	NA	NA	NA	41.809742	-71.428322	Med High	15.03963753	Raw	NA	NA	NA	NA	FALSE	41.80987	-71.42838	2022	July
246	2022-07-03	878869	18:47:00	Pedestrian	1	NA	FALSE	FALSE	1	ELMWOOD AVE	DABOLL ST	2022-07-03	Two-Way , Not Divided	Dry	Daylight	Clear	Not a Collision Between Two Motor Vehicles in Transport	Yes	No Controls	3	1	Pain Reported	NA	41.80409	-71.42558	FALSE	FALSE	Elmwood Ave and Daboll Street, Providence, RI, USA	FALSE	-71.4255688	41.8041436	intersection	geometric_center	daboll st & elmwood ave, providence, ri 02907, usa	NA	NA	NA	NA	41.8041436	-71.4255688	Med High	6.038671838	Raw	NA	NA	NA	NA	FALSE	41.80409	-71.42558	2022	July
247	2022-07-03	878930	15:43:00	Other	NA	NA	TRUE	FALSE	2	CUSTOM HOUSE ST	DYER ST	2022-07-05	One-Way Trafficway	Dry	Daylight	Clear	Not a Collision Between Two Motor Vehicles in Transport	Yes	No Controls	1	0	No Injury	1	41.82425	-71.40894	FALSE	FALSE	Custom House Street and Dyer Street, Providence, RI, USA	FALSE	-71.4084187	41.8242128	intersection	geometric_center	dyer st & custom house st, providence, ri 02903, usa	NA	NA	NA	NA	41.8242128	-71.4084187	Med High	43.44206769	Raw	NA	NA	NA	NA	FALSE	41.82425	-71.40894	2022	July
244	2022-07-05	878925	14:10:00	Bicycle	NA	1	FALSE	FALSE	1	Broadway	KNIGHT ST	2022-07-05	Two-Way, Divided, Unprotected (painted>4feet) Medium	Dry	Daylight	Clear	Not a Collision Between Two Motor Vehicles in Transport	No	No Controls	3	1	Pain Reported	NA	41.81991	-71.42888	FALSE	FALSE	Broadway and Knight Street, Providence, RI, USA	FALSE	-71.4298401	41.8202496	route	geometric_center	knight st, providence, ri, usa	Broadway & Knight Street, Providence, RI, USA	Ei1Ccm9hZHdheSAmIEtuaWdodCBTdHJlZXQsIFByb3ZpZGVuY2UsIFJJLCBVU0EiZiJkChQKEgmvZYGEdUXkiRHAVmwJ-u4XKRIUChIJr2WBhHVF5IkRwFZsCfruFykaFAoSCaW15YZ1ReSJERrCM7HXpG-zGhQKEgkPqvF6dUXkiRGsZxyELkktfCIKDcQy7RgVV79s1Q	41.8198212	-71.4293417	41.8198212	-71.4293417	Med	39.55778106	Raw	NA	NA	NA	NA	FALSE	41.81991	-71.42888	2022	July
245	2022-07-05	878927	15:57:00	Bicycle	NA	1	FALSE	FALSE	1	BUCKLIN ST	BELLEVUE AVE	2022-07-05	Two-Way , Not Divided	Dry	Daylight	Cloudy	Not a Collision Between Two Motor Vehicles in Transport	No	Pavement Markings	3	1	Pain Reported	NA	41.80724	-71.42787	FALSE	FALSE	Bucklin Street and Bellevue Ave, Providence, RI, USA	FALSE	-71.4278656	41.8072493	intersection	geometric_center	bucklin st & bellevue ave, providence, ri 02907, usa	NA	NA	NA	NA	41.8072493	-71.4278656	Med High	1.097762508	Raw	NA	NA	NA	NA	FALSE	41.80724	-71.42787	2022	July
241	2022-07-06	878944	17:30:00	Bicycle	NA	1	FALSE	FALSE	1	WESTMINSTER ST	COURTLAND ST	2022-07-06	Two-Way , Not Divided	Dry	Daylight	Clear	Sideswipe, Same Direction	No	No Controls	2	1	Pain Reported	NA	41.81669	-71.43043	FALSE	FALSE	Westminster Street and Courtland Street, Providence, RI, USA	FALSE	-71.4304862	41.816707	intersection	geometric_center	westminster st & courtland st, providence, ri 02909, usa	NA	NA	NA	NA	41.816707	-71.4304862	Med High	5.032009366	Raw	NA	NA	NA	NA	FALSE	41.81669	-71.43043	2022	July
242	2022-07-06	878953	14:48:00	Bicycle	NA	1	FALSE	FALSE	1	EAGLE ST	VALLEY ST	2022-07-06	Two-Way , Not Divided	Dry	Daylight	Clear	Not a Collision Between Two Motor Vehicles in Transport	No	No Controls	2	1	Pain Reported	NA	41.82703	-71.43611	FALSE	FALSE	Eagle Street and Valley Street, Providence, RI, USA	FALSE	-71.4364099	41.8274251	intersection	geometric_center	valley st & eagle st, providence, ri 02908, usa	NA	NA	NA	NA	41.8274251	-71.4364099	Med High	50.53025739	Raw	NA	NA	NA	NA	FALSE	41.82703	-71.43611	2022	July
243	2022-07-06	881461	19:41:00	Other	NA	NA	TRUE	FALSE	2	HARTFORD AVE	HARTFORD AVE	2022-09-26	Two-Way, Divided, Unprotected (painted>4feet) Medium	Dry	Daylight	Clear	Sideswipe, Same Direction	No	Stop Signs	4	0	No Injury	NA	41.81835	-71.45738	FALSE	FALSE	Hartford Ave and Hartford Ave, Providence, RI, USA	FALSE	-71.4587339	41.8185901	route	geometric_center	hartford ave, providence, ri, usa	Hartford Ave Service Rd & Hartford Ave, Johnston, Providence, RI, USA	EkVIYXJ0Zm9yZCBBdmUgU2VydmljZSBSZCAmIEhhcnRmb3JkIEF2ZSwgSm9obnN0b24sIFByb3ZpZGVuY2UsIFJJLCBVU0EiZiJkChQKEgmP4Jty0EfkiRFZT82Cwq1hZxIUChIJj-CbctBH5IkRWU_NgsKtYWcaFAoSCUk2WRTQR-SJEffJJKBODzFaGhQKEgkvAx61JEbkiRGCwC0vu7gN1iIKDdap7hgVnoNc1Q	41.829423	-71.5357282	41.829423	-71.5357282	Med	6615.235746	Unknown	distance greater than 100m	NA	NA	NA	TRUE	NA	NA	2022	July
240	2022-07-12	879080	06:33:00	Other	1	NA	TRUE	FALSE	1	Canal St/ Steeple St	CANAL ST	2022-07-12	One-Way Trafficway	Dry	Daylight	Clear	Not a Collision Between Two Motor Vehicles in Transport	No	Traffic Control Signal	2	1	Incapacitating	NA	41.82718	-71.40991	FALSE	FALSE	Canal St/ Steeple Street and Canal Street, Providence, RI, USA	FALSE	-71.409902	41.8271852	intersection	geometric_center	steeple st & canal st, providence, ri 02903, usa	NA	NA	NA	NA	41.8271852	-71.409902	Med High	0.880598601	Raw	NA	NA	NA	NA	FALSE	41.82718	-71.40991	2022	July
239	2022-07-13	879112	01:41:00	Pedestrian	1	NA	FALSE	FALSE	1	COMMODORE ST	BRANCH AVE	2022-07-13	Two-Way, Divided, Unprotected (painted>4feet) Medium	Wet	Dark - Lighted	Cloudy	Not a Collision Between Two Motor Vehicles in Transport	Yes	Pavement Markings	2	1	Pain Reported	NA	41.84955	-71.41837	FALSE	FALSE	Commodore Street and Branch Ave, Providence, RI, USA	FALSE	-71.4183292	41.8495491	intersection	geometric_center	branch ave & commodore st, providence, ri 02904, usa	NA	NA	NA	NA	41.8495491	-71.4183292	Med High	3.384692998	Raw	NA	NA	NA	NA	FALSE	41.84955	-71.41837	2022	July
237	2022-07-14	879154	16:26:00	Pedestrian	1	NA	TRUE	FALSE	1	WICKENDEN ST	Wickenden St	2022-07-14	Two-Way , Not Divided	Dry	Daylight	Clear	Not a Collision Between Two Motor Vehicles in Transport	No	Traffic Control Signal	2	0	No Injury	NA	41.81893	-71.40082	FALSE	FALSE	Wickenden Street and Wickenden Street, Providence, RI, USA	FALSE	-71.3960063	41.8196128	route	geometric_center	wickenden st, providence, ri, usa	NA	NA	NA	NA	41.8196128	-71.3960063	Med	406.5187065	Unknown	distance greater than 100m	NA	NA	NA	TRUE	NA	NA	2022	July
238	2022-07-14	879158	15:55:00	Bicycle	NA	1	FALSE	FALSE	1	INDUSTRIAL DR	N MAIN ST	2022-07-14	Two-Way, Divided, Positive Median Barrier	Dry	Daylight	Clear	Not a Collision Between Two Motor Vehicles in Transport	No	Traffic Control Signal	2	1	Pain Reported	NA	41.84063	-71.40872	FALSE	FALSE	Industrial Dr and N Main Street, Providence, RI, USA	FALSE	-71.3702575	41.8264716	establishment	rooftop	105 wilmarth ave, east providence, ri 02914, usa	Industrial Dr & North Main Street, Providence, RI, USA	EjZJbmR1c3RyaWFsIERyICYgTm9ydGggTWFpbiBTdHJlZXQsIFByb3ZpZGVuY2UsIFJJLCBVU0EiZiJkChQKEgkDezJW4ETkiRG9xnXQ5dwU2BIUChIJA3syVuBE5IkRvcZ10OXcFNgaFAoSCXnPQqDhROSJEYo636_w5uWZGhQKEgn5-kE93kTkiRFf162-DVwjPyIKDURg8BgV7uVv1Q	41.8406468	-71.408693	41.8406468	-71.408693	Med	2.917455443	Raw	NA	NA	NA	NA	FALSE	41.84063	-71.40872	2022	July
235	2022-07-15	879206	18:04:00	Bicycle	NA	1	FALSE	FALSE	1	PUBLIC ST	GORDON AVE	2022-07-15	Two-Way , Not Divided	Dry	Daylight	Clear	Not a Collision Between Two Motor Vehicles in Transport	No	No Controls	4	1	Pain Reported	NA	41.80519	-71.41634	FALSE	FALSE	Public Street and Gordon Ave, Providence, RI, USA	FALSE	-71.416363	41.8051973	intersection	geometric_center	gordon ave & public st, providence, ri 02907, usa	NA	NA	NA	NA	41.8051973	-71.416363	Med High	2.074327161	Raw	NA	NA	NA	NA	FALSE	41.80519	-71.41634	2022	July
236	2022-07-15	879219	21:53:00	Pedestrian	1	NA	FALSE	FALSE	1	WARRINGTON ST	BROAD STREET	2022-07-15	Two-Way, Divided, Unprotected (painted>4feet) Medium	Dry	Dark - Lighted	Cloudy	Not a Collision Between Two Motor Vehicles in Transport	Yes	No Controls	6	1	Incapacitating	NA	41.79667	-71.41277	FALSE	FALSE	Warrington Street and Broad Street, Providence, RI, USA	FALSE	-71.4127794	41.7967017	intersection	geometric_center	warrington st & broad st, providence, ri 02905, usa	NA	NA	NA	NA	41.7967017	-71.4127794	Med High	3.614027647	Raw	NA	NA	NA	NA	FALSE	41.79667	-71.41277	2022	July
233	2022-07-16	879257	21:23:00	Pedestrian	1	NA	FALSE	FALSE	1	ATWELLS AVE	CUTLER ST	2022-07-16	Two-Way, Divided, Positive Median Barrier	Dry	Dark - Lighted	Cloudy	Not a Collision Between Two Motor Vehicles in Transport	No	No Controls	4	1	Incapacitating	NA	41.82468	-71.44157	FALSE	FALSE	Atwells Ave and Cutler Street, Providence, RI, USA	FALSE	-71.4415532	41.8246953	intersection	geometric_center	cutler st & atwells ave, providence, ri 02908, usa	NA	NA	NA	NA	41.8246953	-71.4415532	Med High	2.20069268	Raw	NA	NA	NA	NA	FALSE	41.82468	-71.44157	2022	July
234	2022-07-16	879259	01:41:00	Pedestrian	1	NA	FALSE	FALSE	1	UNION AVE	CUMERFORD ST	2022-07-16	Two-Way , Not Divided	Dry	Dark - Lighted	Clear	Not a Collision Between Two Motor Vehicles in Transport	Yes	Traffic Control Signal	2	1	Pain Reported	NA	41.80796	-71.44322	FALSE	FALSE	Union Ave and Cumerford Street, Providence, RI, USA	FALSE	-71.443046	41.8080312	intersection	geometric_center	cumerford st & union ave, providence, ri 02909, usa	NA	NA	NA	NA	41.8080312	-71.443046	Med High	16.47026621	Raw	NA	NA	NA	NA	FALSE	41.80796	-71.44322	2022	July
232	2022-07-18	879312	09:55:00	Pedestrian	1	NA	FALSE	FALSE	1	BRANCH AVE	HAWKINS ST	2022-07-18	Two-Way , Not Divided	Dry	Daylight	Clear	Not a Collision Between Two Motor Vehicles in Transport	Yes	Traffic Control Signal	1	1	Pain Reported	NA	41.85096	-71.42157	FALSE	FALSE	Branch Ave and Hawkins Street, Providence, RI, USA	FALSE	-71.4214171	41.8509231	intersection	geometric_center	hawkins st & branch ave, providence, ri 02904, usa	NA	NA	NA	NA	41.8509231	-71.4214171	Med High	13.32729106	Raw	NA	NA	NA	NA	FALSE	41.85096	-71.42157	2022	July
230	2022-07-22	879425	13:01:00	Pedestrian	1	NA	FALSE	FALSE	1	280 Atwells Ave	CROUT ST	2022-07-22	Unknown	Dry	Daylight	Clear	Not a Collision Between Two Motor Vehicles in Transport	Yes	No Controls	1	1	Pain Reported	NA	41.82364	-71.42752	TRUE	FALSE	280 Atwells Ave, Providence, RI, USA	FALSE	-71.4273725	41.8234282	premise	rooftop	280 atwells ave, providence, ri 02903, usa	NA	NA	NA	NA	41.8234282	-71.4273725	High	26.56341903	Raw	NA	NA	NA	NA	FALSE	41.82364	-71.42752	2022	July
231	2022-07-22	879450	23:55:00	Pedestrian	1	NA	FALSE	FALSE	1	Oxford Street	FRENCH ST	2022-07-23	Two-Way, Divided, Positive Median Barrier	Dry	Dark - Lighted	Clear	Not a Collision Between Two Motor Vehicles in Transport	Yes	No Controls	2	1	Pain Reported	NA	41.80261	-71.40879	FALSE	FALSE	Oxford Street and French Street, Providence, RI, USA	FALSE	-71.4087849	41.8026235	intersection	geometric_center	oxford st & french st, providence, ri 02905, usa	NA	NA	NA	NA	41.8026235	-71.4087849	Med High	1.561267161	Raw	NA	NA	NA	NA	FALSE	41.80261	-71.40879	2022	July
229	2022-07-24	879505	21:24:00	Pedestrian	1	NA	TRUE	FALSE	1	DETROIT AVE	Broad Street	2022-07-24	Two-Way , Not Divided	Dry	Dark - Lighted	Clear	Not a Collision Between Two Motor Vehicles in Transport	No	Stop Signs	3	1	Pain Reported	NA	41.79439	-71.40993	FALSE	FALSE	Detroit Ave and Broad Street, Providence, RI, USA	FALSE	-71.4099112	41.794379	intersection	geometric_center	detroit ave & broad st, providence, ri 02905, usa	NA	NA	NA	NA	41.794379	-71.4099112	Med High	1.983403499	Raw	NA	NA	NA	NA	FALSE	41.79439	-71.40993	2022	July
228	2022-07-27	879609	16:36:00	Pedestrian	1	NA	FALSE	FALSE	1	WICKENDEN ST	BROOK ST	2022-07-27	Two-Way , Not Divided	Dry	Daylight	Clear	Not a Collision Between Two Motor Vehicles in Transport	Yes	Traffic Control Signal	2	0	No Injury	NA	41.81947	-71.3984	FALSE	FALSE	Wickenden Street and Brook Street, Providence, RI, USA	FALSE	-71.3982534	41.8194797	intersection	geometric_center	wickenden st & brook st, providence, ri 02903, usa	NA	NA	NA	NA	41.8194797	-71.3982534	Med High	12.20989143	Raw	NA	NA	NA	NA	FALSE	41.81947	-71.3984	2022	July
227	2022-07-28	879638	19:26:00	Bicycle	NA	1	FALSE	FALSE	1	HOPE ST	STIMSON AVE	2022-07-28	Two-Way , Not Divided	Dry	Dusk	Clear	Not a Collision Between Two Motor Vehicles in Transport	No	No Controls	2	0	No Injury	NA	41.82942	-71.3982	FALSE	FALSE	Hope Street and Stimson Ave, Providence, RI, USA	FALSE	-71.3981831	41.8294075	intersection	geometric_center	hope st & stimson ave, providence, ri 02906, usa	NA	NA	NA	NA	41.8294075	-71.3981831	Med High	1.975184247	Raw	NA	NA	NA	NA	FALSE	41.82942	-71.3982	2022	July
226	2022-07-29	879658	14:58:00	Pedestrian	1	NA	FALSE	FALSE	1	CORLISS ST	CHARLES ST	2022-07-29	Two-Way , Not Divided	Dry	Daylight	Clear	Not a Collision Between Two Motor Vehicles in Transport	No	No Controls	4	1	Pain Reported	NA	41.83813	-71.41443	FALSE	FALSE	Corliss Street and Charles Street, Providence, RI, USA	FALSE	-71.4144885	41.8380809	intersection	geometric_center	charles st & corliss st, providence, ri 02904, usa	NA	NA	NA	NA	41.8380809	-71.4144885	Med High	7.308538104	Raw	NA	NA	NA	NA	FALSE	41.83813	-71.41443	2022	July
225	2022-07-30	879688	19:13:00	Bicycle	NA	1	TRUE	FALSE	1	TABER AVE	VILLA AVE	2022-07-30	Two-Way, Divided, Unprotected (painted>4feet) Medium	Dry	Daylight	Clear	Not a Collision Between Two Motor Vehicles in Transport	No	No Controls	2	1	Pain Reported	NA	41.8301	-71.39115	FALSE	FALSE	Taber Ave and Villa Ave, Providence, RI, USA	FALSE	-71.391182	41.830219	intersection	geometric_center	taber ave & villa ave, providence, ri 02906, usa	NA	NA	NA	NA	41.830219	-71.391182	Med High	13.51032356	Raw	NA	NA	NA	NA	FALSE	41.8301	-71.39115	2022	July
224	2022-08-01	879744	22:42:00	Bicycle	NA	1	FALSE	FALSE	1	DOVER ST	CARLETON ST	2022-08-01	Two-Way , Not Divided	Dry	Dark - Lighted	Clear	Not a Collision Between Two Motor Vehicles in Transport	No	Stop Signs	3	1	Pain Reported	NA	41.82974	-71.44763	FALSE	FALSE	Dover Street and Carleton Street, Providence, RI, USA	FALSE	-71.4475984	41.8297532	intersection	geometric_center	dover st & carleton st, providence, ri 02908, usa	NA	NA	NA	NA	41.8297532	-71.4475984	Med High	3.004923168	Raw	NA	NA	NA	NA	FALSE	41.82974	-71.44763	2022	August
223	2022-08-02	879750	11:42:00	Pedestrian	1	NA	FALSE	FALSE	1	HARTFORD AVE	EDNA ST	2022-08-02	Two-Way , Not Divided	Dry	Daylight	Clear	Not a Collision Between Two Motor Vehicles in Transport	No	Pavement Markings	2	1	Pain Reported	NA	41.81686	-71.44563	FALSE	FALSE	Hartford Ave and Edna Street, Providence, RI, USA	FALSE	-71.4465023	41.8169568	intersection	geometric_center	hartford ave & edna st, providence, ri 02909, usa	NA	NA	NA	NA	41.8169568	-71.4465023	Med High	73.16743902	Raw	NA	NA	NA	NA	FALSE	41.81686	-71.44563	2022	August
220	2022-08-05	879811	06:19:00	Pedestrian	1	NA	FALSE	FALSE	1	GRIMWOOD ST	OPHELIA ST	2022-08-05	Two-Way , Not Divided	Dry	Daylight	Clear	Not a Collision Between Two Motor Vehicles in Transport	Yes	No Controls	1	1	Pain Reported	NA	41.82281	-71.46316	FALSE	FALSE	Grimwood Street and Ophelia Street, Providence, RI, USA	FALSE	-71.463005	41.8228	intersection	geometric_center	grimwood st & ophelia st, providence, ri 02909, usa	NA	NA	NA	NA	41.8228	-71.463005	Med High	12.9063499	Raw	NA	NA	NA	NA	FALSE	41.82281	-71.46316	2022	August
221	2022-08-05	879831	18:02:00	Other	NA	NA	TRUE	FALSE	2	Washington St	UNION ST	2022-08-05	Two-Way , Not Divided	Dry	Daylight	Clear	Sideswipe, Same Direction	No	No Controls	2	1	Non-Incapacitating	NA	41.8236	-71.414	FALSE	FALSE	Washington Street and Union Street, Providence, RI, USA	FALSE	-71.4128343	41.8239891	locality	approximate	providence, ri, usa	Washington Street & Union Street, Providence, RI, USA	EjVXYXNoaW5ndG9uIFN0cmVldCAmIFVuaW9uIFN0cmVldCwgUHJvdmlkZW5jZSwgUkksIFVTQSJmImQKFAoSCXvJS8cTReSJEcVp0B49EFpXEhQKEgl7yUvHE0XkiRHFadAePRBaVxoUChIJqdrNnBJF5IkRGgfQlqMSNPYaFAoSCXNAs5UTReSJEZJE18owa50QIgoN_cbtGBWuFm_V	41.8236157	-71.4139986	41.8236157	-71.4139986	Med	1.751570489	Raw	NA	NA	NA	NA	FALSE	41.8236	-71.414	2022	August
222	2022-08-05	879838	22:40:00	Pedestrian	1	NA	FALSE	FALSE	1	Charles Street	HAWKINS ST	2022-08-05	Two-Way , Not Divided	Dry	Dark - Lighted	Clear	Not a Collision Between Two Motor Vehicles in Transport	Yes	Stop Signs	3	1	Pain Reported	NA	41.8514	-71.42016	FALSE	FALSE	Charles Street and Hawkins Street, Providence, RI, USA	FALSE	-71.4232923	41.8502749	route	geometric_center	hawkins st, providence, ri, usa	Charles Street & Hawkins Street, Providence, RI, USA	EjRDaGFybGVzIFN0cmVldCAmIEhhd2tpbnMgU3RyZWV0LCBQcm92aWRlbmNlLCBSSSwgVVNBImYiZAoUChIJp7zvRPBE5IkRsQR9FhcT41QSFAoSCae870TwROSJEbEEfRYXE-NUGhQKEgl1C85s8UTkiRHLZMsuNVX9MhoUChIJpfJlFfpE5IkRLMzGtaGm9F0iCg3YA_IYFXEmbtU	41.851388	-71.4201487	41.851388	-71.4201487	Med	1.631686674	Raw	NA	NA	NA	NA	FALSE	41.8514	-71.42016	2022	August
219	2022-08-06	879852	13:33:00	Pedestrian	1	NA	FALSE	FALSE	1	POTTERS AVE	BAXTER ST	2022-08-06	Two-Way , Not Divided	Dry	Daylight	Clear	Not a Collision Between Two Motor Vehicles in Transport	No	Stop Signs	4	1	Non-Incapacitating	NA	41.80352	-71.41662	FALSE	FALSE	Potters Ave and Baxter Street, Providence, RI, USA	FALSE	-71.416608	41.803539	intersection	geometric_center	potters ave & baxter st, providence, ri 02905, usa	NA	NA	NA	NA	41.803539	-71.416608	Med High	2.337754225	Raw	NA	NA	NA	NA	FALSE	41.80352	-71.41662	2022	August
218	2022-08-07	879875	10:23:00	Pedestrian	1	NA	FALSE	TRUE	1	993 Manton Avenue	993 Manton Avenue	2022-08-07	Two-Way , Not Divided	Dry	Daylight	Clear	Not a Collision Between Two Motor Vehicles in Transport	No	No Controls	2	1	Pain Reported	1	NA	NA	TRUE	FALSE	993 Manton Avenue, Providence, RI, USA	FALSE	-71.4710291	41.8337412	premise	rooftop	993 manton ave, providence, ri 02909, usa	NA	NA	NA	NA	41.8337412	-71.4710291	High	NA	Neither	raw coords null but geocoded coords found	41.83305, -71.47026	41.83305	-71.47026	TRUE	41.83305	-71.47026	2022	August
217	2022-08-08	879899	01:42:00	Pedestrian	1	NA	FALSE	FALSE	1	257 ALLENS AVE	ALLENS AVE	2022-08-08	Two-Way, Divided, Positive Median Barrier	Dry	Dark - Lighted	Clear	Not a Collision Between Two Motor Vehicles in Transport	Yes	No Controls	3	1	Incapacitating	NA	41.80613	-71.40278	TRUE	FALSE	257 Allens Ave, Providence, RI, USA	FALSE	-71.4036844	41.8065951	premise	rooftop	257 allens ave, providence, ri 02905, usa	NA	NA	NA	NA	41.8065951	-71.4036844	High	91.17228302	Raw	NA	NA	NA	NA	FALSE	41.80613	-71.40278	2022	August
216	2022-08-10	879964	15:05:00	Pedestrian	1	NA	FALSE	FALSE	1	BURLINGTON ST	HOPE ST	2022-08-10	Two-Way , Not Divided	Dry	Daylight	Clear	Not a Collision Between Two Motor Vehicles in Transport	Yes	Pavement Markings	1	1	Pain Reported	NA	41.84803	-71.3955	FALSE	FALSE	Burlington Street and Hope Street, Providence, RI, USA	FALSE	-71.3955059	41.8480428	intersection	geometric_center	hope st & burlington st, providence, ri 02906, usa	NA	NA	NA	NA	41.8480428	-71.3955059	Med High	1.506544339	Raw	NA	NA	NA	NA	FALSE	41.84803	-71.3955	2022	August
215	2022-08-12	880209	17:34:00	Other	NA	1	TRUE	FALSE	1	584 SMITH ST	OAKLAND AVE	2022-08-18	Two-Way, Divided, Unprotected (painted>4feet) Medium	Dry	Daylight	Clear	Not a Collision Between Two Motor Vehicles in Transport	No	Traffic Control Signal	2	0	No Injury	NA	41.83624	-71.43048	TRUE	FALSE	584 Smith Street, Providence, RI, USA	FALSE	-71.430685	41.8361929	premise	rooftop	584 smith st, providence, ri 02908, usa	NA	NA	NA	NA	41.8361929	-71.430685	High	17.79258489	Raw	NA	NA	NA	NA	FALSE	41.83624	-71.43048	2022	August
214	2022-08-13	880051	16:08:00	Pedestrian	2	NA	TRUE	FALSE	1	EXCHANGE ST	WASHINGTON ST	2022-08-13	One-Way Trafficway	Dry	Daylight	Clear	Not a Collision Between Two Motor Vehicles in Transport	No	No Controls	4	0	No Injury	NA	41.82573	-71.41105	FALSE	FALSE	Exchange Street and Washington Street, Providence, RI, USA	FALSE	-71.4110379	41.8257255	intersection	geometric_center	exchange st & washington st, providence, ri 02903, usa	NA	NA	NA	NA	41.8257255	-71.4110379	Med High	1.121787595	Raw	NA	NA	NA	NA	FALSE	41.82573	-71.41105	2022	August
212	2022-08-16	880161	19:51:00	Bicycle	NA	1	FALSE	FALSE	1	ELMWOOD AVE	ATLANTIC AVE	2022-08-16	Two-Way, Divided, Positive Median Barrier	Dry	Daylight	Clear	Not a Collision Between Two Motor Vehicles in Transport	No	No Controls	2	1	Pain Reported	NA	41.79653	-71.42535	FALSE	FALSE	Elmwood Ave and Atlantic Ave, Providence, RI, USA	FALSE	-71.4254389	41.7965024	intersection	geometric_center	atlantic ave & elmwood ave, providence, ri 02907, usa	NA	NA	NA	NA	41.7965024	-71.4254389	Med High	7.992029116	Raw	NA	NA	NA	NA	FALSE	41.79653	-71.42535	2022	August