row_number	crash_date	crash_report_id	crash_time	collision_type	count_pedestrian	count_bicycle	scooter	wheel_chair	number_of_vehicles	street_or_highway	nearest_intersection	report_date	type_of_roadway	road_surface_condition	light_condition	weather_condition	manner_of_impact	hit_and_run	traffic_control	person_count	injury_count	most_serious_injury	number_of_lanes	lat_raw	lon_raw	has_st_number	is_intersection_null	address_sent_to_geocoder	is_address_blank	lon_api_first_try	lat_api_first_try	type	loctype	address_returned_by_geocoder	address_returned_by_autocomplete	place_ids_autocompleted	lat_api_second_try	lon_api_second_try	lat_api_best	lon_api_best	api_coord_conf	distance_btwn_coords_meters	best_coordinate_set	reason_for_qa	correct_coordinates	corrected_lat	corrected_lon	manually_qaed_record	final_lat	final_lon	year	month
213	2022-08-16	880162	17:48:00	Pedestrian	1	NA	FALSE	FALSE	1	NA	NA	2022-08-16	Two-Way , Not Divided	Dry	Daylight	Clear	Not a Collision Between Two Motor Vehicles in Transport	No	No Controls	3	1	Pain Reported	NA	NA	NA	NA	TRUE	NA, Providence, RI, USA	FALSE	-71.4128343	41.8239891	locality	approximate	providence, ri, usa	NA	NA	NA	NA	41.8239891	-71.4128343	Med	NA	Unknown	raw coords null but geocoded coords found	NA	NA	NA	TRUE	NA	NA	2022	August
211	2022-08-17	880165	23:13:00	Pedestrian	1	NA	FALSE	FALSE	1	Cranston st	BENEDICT ST	2022-08-17	Two-Way , Not Divided	Dry	Dark - Lighted	Clear	Not a Collision Between Two Motor Vehicles in Transport	Yes	No Controls	1	0	No Injury	NA	41.8054	-71.43733	FALSE	FALSE	Cranston Street and Benedict Street, Providence, RI, USA	FALSE	-71.4372857	41.805444	intersection	geometric_center	cranston st & benedict st, providence, ri 02907, usa	NA	NA	NA	NA	41.805444	-71.4372857	Med High	6.124027853	Raw	NA	NA	NA	NA	FALSE	41.8054	-71.43733	2022	August
210	2022-08-18	880233	23:03:00	Pedestrian	1	NA	FALSE	FALSE	1	Broad Street	SERVICE ROAD 7	2022-08-19	Two-Way , Not Divided	Dry	Dark - Lighted	Clear	Not a Collision Between Two Motor Vehicles in Transport	Yes	Traffic Control Signal	2	1	Fatal	NA	41.81736	-71.41696	FALSE	FALSE	Broad Street and Service Road 7, Providence, RI, USA	FALSE	-71.4200451	41.8199608	route	geometric_center	service rd 1, providence, ri, usa	Broad Street & Service Road 7th, Providence, RI, USA	EjRCcm9hZCBTdHJlZXQgJiBTZXJ2aWNlIFJvYWQgN3RoLCBQcm92aWRlbmNlLCBSSSwgVVNBImYiZAoUChIJbbRukG1F5IkRg0XEjUgVvRgSFAoSCW20bpBtReSJEYNFxI1IFb0YGhQKEgmD3n3VjE_kiREsosqTmEsIoxoUChIJB3h0QnZF5IkRyxFdBkwhBUwiCg0k0-wYFUejbtU	41.8173732	-71.4169529	41.8173732	-71.4169529	Med	1.583084453	Raw	NA	NA	NA	NA	FALSE	41.81736	-71.41696	2022	August
209	2022-08-19	880263	22:48:00	Bicycle	NA	1	FALSE	FALSE	1	S COURT ST	BENEFIT ST	2022-08-19	Two-Way , Not Divided	Dry	Dark - Lighted	Cloudy	Not a Collision Between Two Motor Vehicles in Transport	No	Stop Signs	2	1	Non-Incapacitating	NA	41.82904	-71.40838	FALSE	FALSE	S Court Street and Benefit Street, Providence, RI, USA	FALSE	-71.4083956	41.8290417	intersection	geometric_center	benefit st & s court st, providence, ri 02903, usa	NA	NA	NA	NA	41.8290417	-71.4083956	Med High	1.307759812	Raw	NA	NA	NA	NA	FALSE	41.82904	-71.40838	2022	August
208	2022-08-23	880345	09:42:00	Pedestrian	1	NA	FALSE	FALSE	1	RIVER AVE	ADMIRAL ST	2022-08-23	Two-Way, Divided, Unprotected (painted>4feet) Medium	Dry	Daylight	Clear	Not a Collision Between Two Motor Vehicles in Transport	No	Traffic Control Signal	4	1	Non-Incapacitating	2	41.8492	-71.43894	FALSE	FALSE	River Ave and Admiral Street, Providence, RI, USA	FALSE	-71.4460552	41.853176	intersection	geometric_center	admiral st & river ave, providence, ri 02904, usa	NA	NA	NA	NA	41.853176	-71.4460552	Med High	737.5559085	Raw	distance greater than 100m	NA	NA	NA	TRUE	41.8492	-71.43894	2022	August
207	2022-08-24	880389	12:35:00	Bicycle	NA	1	FALSE	FALSE	1	Francis St	Memorial Blvd	2022-08-24	Two-Way , Not Divided	Dry	Daylight	Clear	Not a Collision Between Two Motor Vehicles in Transport	No	Traffic Control Signal	3	0	No Injury	3	NA	NA	FALSE	FALSE	Francis Street and Memorial Blvd, Providence, RI, USA	FALSE	-71.4134258	41.8263996	route	geometric_center	memorial blvd, providence, ri 02903, usa	Francis Street & Memorial Blvd, Providence, RI, USA	EjNGcmFuY2lzIFN0cmVldCAmIE1lbW9yaWFsIEJsdmQsIFByb3ZpZGVuY2UsIFJJLCBVU0EiZiJkChQKEgkDtc6dEUXkiRFK7mftfMbegBIUChIJA7XOnRFF5IkRSu5n7XzG3oAaFAoSCeMKJVkQReSJEQnXa5JsDkKbGhQKEgn3LDO1FkXkiRGsznR5eOTavSIKDRwg7hgVW-Bu1Q	41.8258972	-71.4153893	41.8258972	-71.4153893	Med	NA	Geocoded	raw coords null but geocoded coords found	NA	NA	NA	TRUE	41.8258972	-71.4153893	2022	August
204	2022-08-25	880431	18:51:00	Pedestrian	1	NA	FALSE	FALSE	1	890 Douglas Ave	RIVER AVE	2022-08-25	Unknown	Dry	Daylight	Clear	Not a Collision Between Two Motor Vehicles in Transport	No	No Controls	2	1	Pain Reported	NA	41.8527	-71.43707	TRUE	FALSE	890 Douglas Ave, Providence, RI, USA	FALSE	-71.4367735	41.852366	street_address	rooftop	890 douglas ave, providence, ri 02908, usa	NA	NA	NA	NA	41.852366	-71.4367735	High	44.57393619	Raw	NA	NA	NA	NA	FALSE	41.8527	-71.43707	2022	August
205	2022-08-25	880432	18:26:00	Bicycle	NA	1	FALSE	FALSE	1	Westminster St.	BAINBRIDGE AVE	2022-08-25	Two-Way , Not Divided	Dry	Daylight	Clear	Not a Collision Between Two Motor Vehicles in Transport	No	No Controls	2	1	Pain Reported	NA	41.81608	-71.43539	FALSE	FALSE	Westminster St. and Bainbridge Ave, Providence, RI, USA	FALSE	-71.4353798	41.8160929	intersection	geometric_center	bainbridge ave & westminster st, providence, ri 02909, usa	NA	NA	NA	NA	41.8160929	-71.4353798	Med High	1.666819654	Raw	NA	NA	NA	NA	FALSE	41.81608	-71.43539	2022	August
206	2022-08-25	880442	22:50:00	Pedestrian	1	NA	FALSE	FALSE	1	955 Atwells Ave	HANNAH ST	2022-08-25	Two-Way , Not Divided	Dry	Dark - Lighted	Clear	Not a Collision Between Two Motor Vehicles in Transport	Yes	Unknown	1	1	Pain Reported	NA	41.82507	-71.44878	TRUE	FALSE	955 Atwells Ave, Providence, RI, USA	FALSE	-71.4491859	41.8252914	street_address	rooftop	955 atwells ave, providence, ri 02909, usa	NA	NA	NA	NA	41.8252914	-71.4491859	High	41.72713172	Raw	NA	NA	NA	NA	FALSE	41.82507	-71.44878	2022	August
203	2022-08-26	880458	15:44:00	Other	NA	1	TRUE	FALSE	1	BROAD ST	BROAD ST	2022-08-26	Two-Way , Not Divided	Dry	Daylight	Cloudy	Not a Collision Between Two Motor Vehicles in Transport	No	No Controls	2	1	Pain Reported	NA	41.80263	-71.41881	FALSE	FALSE	Broad Street and Broad Street, Providence, RI, USA	FALSE	-71.4101636	41.7945838	route	geometric_center	broad st, providence, ri, usa	NA	NA	NA	NA	41.7945838	-71.4101636	Med	1147.670903	Unknown	distance greater than 100m	NA	NA	NA	TRUE	NA	NA	2022	August
201	2022-08-27	880502	19:00:00	Bicycle	NA	1	FALSE	FALSE	1	WICKENDEN ST	BROOK ST	2022-08-27	Two-Way , Not Divided	Dry	Daylight	Clear	Not a Collision Between Two Motor Vehicles in Transport	No	No Controls	4	0	No Injury	NA	41.81948	-71.39826	FALSE	FALSE	Wickenden Street and Brook Street, Providence, RI, USA	FALSE	-71.3982534	41.8194797	intersection	geometric_center	wickenden st & brook st, providence, ri 02903, usa	NA	NA	NA	NA	41.8194797	-71.3982534	Med High	0.548558631	Raw	NA	NA	NA	NA	FALSE	41.81948	-71.39826	2022	August
202	2022-08-27	880529	20:11:00	Pedestrian	1	NA	FALSE	FALSE	1	ATWELLS AVE	HANNAH ST	2022-08-28	Two-Way , Not Divided	Dry	Dark - Lighted	Clear	Not a Collision Between Two Motor Vehicles in Transport	No	No Controls	4	1	Non-Incapacitating	NA	41.82506	-71.44854	FALSE	FALSE	Atwells Ave and Hannah Street, Providence, RI, USA	FALSE	-71.4486537	41.8250697	intersection	geometric_center	hannah st & atwells ave, providence, ri 02909, usa	NA	NA	NA	NA	41.8250697	-71.4486537	Med High	9.493426731	Raw	NA	NA	NA	NA	FALSE	41.82506	-71.44854	2022	August
200	2022-08-30	880624	22:59:00	Pedestrian	1	NA	FALSE	FALSE	1	253 Elmwood Ave	WHITMARSH ST	2022-08-30	Unknown	Dry	Dark - Lighted	Clear	Not a Collision Between Two Motor Vehicles in Transport	No	No Controls	3	1	Pain Reported	NA	41.80589	-71.42509	TRUE	FALSE	253 Elmwood Ave, Providence, RI, USA	FALSE	-71.4254604	41.8057748	premise	rooftop	253 elmwood ave, providence, ri 02907, usa	NA	NA	NA	NA	41.8057748	-71.4254604	High	33.3032859	Raw	NA	NA	NA	NA	FALSE	41.80589	-71.42509	2022	August
198	2022-09-01	880669	12:54:00	Other	NA	NA	TRUE	FALSE	1	342 BROADWAY	KNIGHT ST	2022-09-01	Two-Way , Not Divided	Dry	Daylight	Clear	Not a Collision Between Two Motor Vehicles in Transport	No	Traffic Control Signal	3	1	Pain Reported	NA	41.81997	-71.42862	TRUE	FALSE	342 Broadway, Providence, RI, USA	FALSE	-71.4289689	41.8197249	street_address	rooftop	342 broadway, providence, ri 02909, usa	NA	NA	NA	NA	41.8197249	-71.4289689	High	39.7774203	Raw	NA	NA	NA	NA	FALSE	41.81997	-71.42862	2022	September
199	2022-09-01	880679	15:20:00	Bicycle	NA	1	FALSE	FALSE	1	BROOK ST	GEORGE ST	2022-09-01	Two-Way , Not Divided	Dry	Daylight	Clear	Not a Collision Between Two Motor Vehicles in Transport	No	No Controls	2	0	No Injury	NA	41.82595	-71.39911	FALSE	FALSE	Brook Street and George Street, Providence, RI, USA	FALSE	-71.3998972	41.8255773	route	geometric_center	george st, providence, ri, usa	Brook Street & George Street, Providence, RI, USA	EjFCcm9vayBTdHJlZXQgJiBHZW9yZ2UgU3RyZWV0LCBQcm92aWRlbmNlLCBSSSwgVVNBImYiZAoUChIJj8XBaztF5IkRXiCnKg8LB84SFAoSCY_FwWs7ReSJEV4gpyoPCwfOGhQKEgmbZn1yO0XkiRF1hochEHgAaBoUChIJx-okYztF5IkRsmeONi5JlGUiCg3oFe4YFURecdU	41.825636	-71.3990588	41.825636	-71.3990588	Med	35.21140402	Raw	NA	NA	NA	NA	FALSE	41.82595	-71.39911	2022	September
197	2022-09-03	880731	10:11:00	Pedestrian	1	NA	FALSE	FALSE	1	850 MANTON AVE	MANTON AVE	2022-09-03	Unknown	Dry	Daylight	Clear	Not a Collision Between Two Motor Vehicles in Transport	No	No Controls	2	1	Pain Reported	NA	41.83391	-71.46722	TRUE	FALSE	850 Manton Ave, Providence, RI, USA	FALSE	-71.4659043	41.8329814	premise	rooftop	850 manton ave, providence, ri 02909, usa	NA	NA	NA	NA	41.8329814	-71.4659043	High	150.3145817	Neither	distance greater than 100m	41.833169, -71.465136	41.833169	-71.465136	TRUE	41.833169	-71.465136	2022	September
196	2022-09-04	880777	13:16:00	Bicycle	NA	1	FALSE	FALSE	1	361 RESERVOIR AVE	RESERVOIR AVE	2022-09-04	Two-Way , Not Divided	Dry	Daylight	Clear	Not a Collision Between Two Motor Vehicles in Transport	No	No Controls	3	1	Pain Reported	NA	NA	NA	TRUE	FALSE	361 Reservoir Ave, Providence, RI, USA	FALSE	-71.4330063	41.7885339	street_address	rooftop	361 reservoir ave, providence, ri 02910, usa	NA	NA	NA	NA	41.7885339	-71.4330063	High	NA	Neither	raw coords null but geocoded coords found	41.78796, -71.43197	41.78796	-71.43197	TRUE	41.78796	-71.43197	2022	September
195	2022-09-07	880879	08:20:00	Pedestrian	1	NA	FALSE	FALSE	1	160 BROADWAY	BRADFORD ST	2022-09-07	Two-Way , Not Divided	Dry	Daylight	Clear	Not a Collision Between Two Motor Vehicles in Transport	No	No Controls	4	1	Incapacitating	NA	41.82148	-71.42222	TRUE	FALSE	160 Broadway, Providence, RI, USA	FALSE	-71.4225392	41.8214121	street_address	range_interpolated	160 broadway, providence, ri 02903, usa	NA	NA	NA	NA	41.8214121	-71.4225392	High	27.53791713	Raw	NA	NA	NA	NA	FALSE	41.82148	-71.42222	2022	September
193	2022-09-08	880931	17:53:00	Bicycle	NA	1	FALSE	FALSE	1	PLAINFIELD ST.	EDNA ST	2022-09-08	Two-Way , Not Divided	Dry	Daylight	Clear	Not a Collision Between Two Motor Vehicles in Transport	No	Traffic Control Signal	2	1	Pain Reported	NA	41.81592	-71.44513	FALSE	FALSE	Plainfield St. and Edna Street, Providence, RI, USA	FALSE	-71.4455457	41.8156785	intersection	geometric_center	plainfield st & edna st, providence, ri 02909, usa	NA	NA	NA	NA	41.8156785	-71.4455457	Med High	43.72878654	Raw	NA	NA	NA	NA	FALSE	41.81592	-71.44513	2022	September
194	2022-09-08	880935	20:11:00	Pedestrian	1	NA	FALSE	FALSE	1	valley st	DEAN ST	2022-09-08	Two-Way , Not Divided	Dry	Dark - Lighted	Clear	Not a Collision Between Two Motor Vehicles in Transport	No	No Controls	2	1	Non-Incapacitating	NA	41.83128	-71.42868	FALSE	FALSE	Valley Street and Dean Street, Providence, RI, USA	FALSE	-71.4242155	41.8234078	route	geometric_center	dean st, providence, ri, usa	NA	NA	NA	NA	41.8234078	-71.4242155	Med	951.3671705	Raw	distance greater than 100m	NA	NA	NA	TRUE	41.83128	-71.42868	2022	September
191	2022-09-09	880944	09:38:00	Pedestrian	1	NA	FALSE	FALSE	1	CHALKSTONE AVE	LISBON ST	2022-09-09	Two-Way , Not Divided	Dry	Daylight	Clear	Not a Collision Between Two Motor Vehicles in Transport	No	No Controls	4	1	Pain Reported	NA	41.83321	-71.43682	FALSE	FALSE	Chalkstone Ave and Lisbon Street, Providence, RI, USA	FALSE	-71.4365256	41.833337	intersection	geometric_center	chalkstone ave & lisbon st, providence, ri 02908, usa	NA	NA	NA	NA	41.833337	-71.4365256	Med High	28.21575577	Raw	NA	NA	NA	NA	FALSE	41.83321	-71.43682	2022	September
192	2022-09-09	880967	19:40:00	Other	1	NA	TRUE	FALSE	1	Atwells Ave	CUTLER ST	2022-09-09	Two-Way , Not Divided	Dry	Dark - Lighted	Clear	Not a Collision Between Two Motor Vehicles in Transport	Yes	Stop Signs	2	1	Pain Reported	NA	41.82468	-71.44157	FALSE	FALSE	Atwells Ave and Cutler Street, Providence, RI, USA	FALSE	-71.4415532	41.8246953	intersection	geometric_center	cutler st & atwells ave, providence, ri 02908, usa	NA	NA	NA	NA	41.8246953	-71.4415532	Med High	2.20069268	Raw	NA	NA	NA	NA	FALSE	41.82468	-71.44157	2022	September
188	2022-09-10	880983	13:22:00	Bicycle	NA	1	FALSE	FALSE	1	FRICKER ST	CRANSTON ST	2022-09-10	Two-Way , Not Divided	Dry	Daylight	Clear	Not a Collision Between Two Motor Vehicles in Transport	No	Traffic Control Signal	2	0	No Injury	NA	41.8169	-71.42204	FALSE	FALSE	Fricker Street and Cranston Street, Providence, RI, USA	FALSE	-71.4223096	41.817219	intersection	geometric_center	cranston st & fricker st, providence, ri 02903, usa	NA	NA	NA	NA	41.817219	-71.4223096	Med High	41.96797741	Raw	NA	NA	NA	NA	FALSE	41.8169	-71.42204	2022	September
189	2022-09-10	880984	09:32:00	Bicycle	NA	1	FALSE	FALSE	1	W EXCHANGE ST	DEAN ST	2022-09-10	Two-Way, Divided, Unprotected (painted>4feet) Medium	Dry	Daylight	Clear	Not a Collision Between Two Motor Vehicles in Transport	No	No Controls	3	1	Non-Incapacitating	2	41.82545	-71.42569	FALSE	FALSE	W Exchange Street and Dean Street, Providence, RI, USA	FALSE	-71.4259485	41.8254247	intersection	geometric_center	w exchange st & dean st, providence, ri 02903, usa	NA	NA	NA	NA	41.8254247	-71.4259485	Med High	21.6275276	Raw	NA	NA	NA	NA	FALSE	41.82545	-71.42569	2022	September
190	2022-09-10	880993	16:25:00	Bicycle	NA	1	TRUE	FALSE	1	S WATER ST	POINT	2022-09-10	One-Way Trafficway	Dry	Daylight	Clear	Not a Collision Between Two Motor Vehicles in Transport	No	No Controls	2	1	Non-Incapacitating	NA	41.81876	-71.40189	FALSE	FALSE	S Water Street and Point, Providence, RI, USA	FALSE	-71.4039536	41.8202174	route	geometric_center	s water st, providence, ri 02903, usa	South Water Street & Point Street, Providence, RI, USA	EjZTb3V0aCBXYXRlciBTdHJlZXQgJiBQb2ludCBTdHJlZXQsIFByb3ZpZGVuY2UsIFJJLCBVU0EiZiJkChQKEgkr6e1oP0XkiRGyuYV3gY0qaRIUChIJK-ntaD9F5IkRsrmFd4GNKmkaFAoSCbXkNrE_ReSJEfv8kKD6862UGhQKEgkbVDpWakXkiRET2ahsLgoQTyIKDcsI7RgVc-9w1Q	41.8187467	-71.4018957	41.8187467	-71.4018957	Med	1.554233961	Raw	NA	NA	NA	NA	FALSE	41.81876	-71.40189	2022	September
187	2022-09-12	881032	08:36:00	Bicycle	NA	1	FALSE	FALSE	1	SMITH ST	RADCLIFFE AVE	2022-09-12	Two-Way , Not Divided	Wet	Daylight	Rain	Not a Collision Between Two Motor Vehicles in Transport	No	Pavement Markings	3	1	Pain Reported	NA	41.83694	-71.43209	FALSE	FALSE	Smith Street and Radcliffe Ave, Providence, RI, USA	FALSE	-71.4320842	41.8369539	intersection	geometric_center	radcliffe ave & smith st, providence, ri 02908, usa	NA	NA	NA	NA	41.8369539	-71.4320842	Med High	1.620390264	Raw	NA	NA	NA	NA	FALSE	41.83694	-71.43209	2022	September
186	2022-09-13	881083	19:45:00	Bicycle	NA	1	FALSE	FALSE	1	DUDLEY ST	EDDY STREET	2022-09-13	Two-Way, Divided, Unprotected (painted>4feet) Medium	Dry	Dark - Lighted	Cloudy	Not a Collision Between Two Motor Vehicles in Transport	No	Traffic Control Signal	2	1	Pain Reported	NA	41.81079	-71.40734	FALSE	FALSE	Dudley Street and Eddy Street, Providence, RI, USA	FALSE	-71.4071917	41.8108122	intersection	geometric_center	eddy st & dudley st, providence, ri 02905, usa	NA	NA	NA	NA	41.8108122	-71.4071917	Med High	12.55046506	Raw	NA	NA	NA	NA	FALSE	41.81079	-71.40734	2022	September
185	2022-09-14	881107	22:00:00	Pedestrian	1	NA	FALSE	FALSE	1	CHARLESFIELD ST	HOPE ST	2022-09-15	Two-Way, Not Divided With a Continuous Left Turn Lane	Dry	Dark - Lighted	Clear	Not a Collision Between Two Motor Vehicles in Transport	Yes	Pavement Markings	1	0	No Injury	NA	41.82414	-71.3972	FALSE	FALSE	Charlesfield Street and Hope Street, Providence, RI, USA	FALSE	-71.3971831	41.8241348	intersection	geometric_center	hope st & charlesfield st, providence, ri 02912, usa	NA	NA	NA	NA	41.8241348	-71.3971831	Med High	1.516740804	Raw	NA	NA	NA	NA	FALSE	41.82414	-71.3972	2022	September
183	2022-09-16	881163	16:00:00	Pedestrian	1	NA	FALSE	FALSE	1	UNION AVE	MESSER ST	2022-09-16	Two-Way , Not Divided	Dry	Daylight	Clear	Not a Collision Between Two Motor Vehicles in Transport	No	No Controls	2	1	Pain Reported	NA	41.81013	-71.43513	FALSE	FALSE	Union Ave and Messer Street, Providence, RI, USA	FALSE	-71.4351315	41.8101444	intersection	geometric_center	messer st & union ave, providence, ri 02909, usa	NA	NA	NA	NA	41.8101444	-71.4351315	Med High	1.60782501	Raw	NA	NA	NA	NA	FALSE	41.81013	-71.43513	2022	September
184	2022-09-16	881192	19:18:00	Bicycle	NA	1	FALSE	FALSE	1	CUMERFORD ST	UNION AVE	2022-09-17	Two-Way , Not Divided	Dry	Dark - Lighted	Cloudy	Not a Collision Between Two Motor Vehicles in Transport	Yes	No Controls	1	1	Pain Reported	NA	41.80859	-71.44331	FALSE	FALSE	Cumerford Street and Union Ave, Providence, RI, USA	FALSE	-71.443046	41.8080312	intersection	geometric_center	cumerford st & union ave, providence, ri 02909, usa	NA	NA	NA	NA	41.8080312	-71.443046	Med High	65.94962207	Raw	NA	NA	NA	NA	FALSE	41.80859	-71.44331	2022	September
182	2022-09-18	881218	17:00:00	Pedestrian	1	NA	FALSE	FALSE	1	FARMINGTON AVE	ROSARIO DR	2022-09-18	Two-Way , Not Divided	Dry	Daylight	Clear	Not a Collision Between Two Motor Vehicles in Transport	No	No Controls	3	1	Non-Incapacitating	NA	41.80603	-71.46136	FALSE	FALSE	Farmington Ave and Rosario Dr, Providence, RI, USA	FALSE	-71.461624	41.806126	intersection	geometric_center	farmington ave & rosario dr, providence, ri 02909, usa	NA	NA	NA	NA	41.806126	-71.461624	Med High	24.37391586	Raw	NA	NA	NA	NA	FALSE	41.80603	-71.46136	2022	September
181	2022-09-22	881334	14:22:00	Pedestrian	1	NA	FALSE	FALSE	1	BROAD ST	GALLUP ST	2022-09-22	Two-Way , Not Divided	Wet	Daylight	Rain	Not a Collision Between Two Motor Vehicles in Transport	No	Pavement Markings	3	1	Pain Reported	NA	41.79929	-71.41603	FALSE	FALSE	Broad Street and Gallup Street, Providence, RI, USA	FALSE	-71.411993	41.8001218	route	geometric_center	gallup st, providence, ri, usa	Broad Street & Gallup Street, Providence, RI, USA	EjFCcm9hZCBTdHJlZXQgJiBHYWxsdXAgU3RyZWV0LCBQcm92aWRlbmNlLCBSSSwgVVNBImYiZAoUChIJ2XXYRIhP5IkRXiA-zZQA7G0SFAoSCdl12ESIT-SJEV4gPs2UAOxtGhQKEgmD3n3VjE_kiREsosqTmEsIoxoUChIJ-fFsAYpP5IkRvEuDDpHvm-oiCg2rEeoYFanHbtU	41.7993131	-71.4160215	41.7993131	-71.4160215	Med	2.666474061	Raw	NA	NA	NA	NA	FALSE	41.79929	-71.41603	2022	September
180	2022-09-24	881411	21:16:00	Pedestrian	1	NA	FALSE	FALSE	1	ELMWOOD AVE.	DABOLL ST	2022-09-25	Two-Way , Not Divided	Dry	Dark - Lighted	Clear	Not a Collision Between Two Motor Vehicles in Transport	Yes	No Controls	3	1	Incapacitating	NA	41.80424	-71.42553	FALSE	FALSE	Elmwood Ave. and Daboll Street, Providence, RI, USA	FALSE	-71.4255688	41.8041436	intersection	geometric_center	daboll st & elmwood ave, providence, ri 02907, usa	NA	NA	NA	NA	41.8041436	-71.4255688	Med High	11.20378301	Raw	NA	NA	NA	NA	FALSE	41.80424	-71.42553	2022	September
179	2022-09-27	881590	17:45:00	Bicycle	NA	NA	FALSE	FALSE	2	South Water St	Dollar St	2022-09-30	One-Way Trafficway	Dry	Dusk	Clear	Sideswipe, Same Direction	Yes	No Controls	2	0	No Injury	NA	NA	NA	FALSE	FALSE	South Water Street and Dollar Street, Providence, RI, USA	FALSE	-71.4030998	41.8194222	intersection	geometric_center	s water st & dollar st, providence, ri 02903, usa	NA	NA	NA	NA	41.8194222	-71.4030998	Med High	NA	Geocoded	raw coords null but geocoded coords found	NA	NA	NA	TRUE	41.8194222	-71.4030998	2022	September
178	2022-09-28	881521	07:07:00	Bicycle	NA	1	FALSE	FALSE	1	CHARLES ST	W RIVER ST	2022-09-28	Two-Way , Not Divided	Dry	Daylight	Clear	Not a Collision Between Two Motor Vehicles in Transport	No	No Controls	3	1	Pain Reported	NA	41.8401	-71.41707	FALSE	FALSE	Charles Street and W River Street, Providence, RI, USA	FALSE	-71.4140946	41.8434958	route	geometric_center	w river st, providence, ri 02904, usa	Charles Street & West River Street, Providence, RI, USA	EjdDaGFybGVzIFN0cmVldCAmIFdlc3QgUml2ZXIgU3RyZWV0LCBQcm92aWRlbmNlLCBSSSwgVVNBImYiZAoUChIJn_PVYR1F5IkRV_lekQ3QEwQSFAoSCZ_z1WEdReSJEVf5XpEN0BMEGhQKEgl1C85s8UTkiRHLZMsuNVX9MhoUChIJgxzLm-NE5IkRpKt9jzlEBwUiCg0jOPAYFZe3btU	41.8396195	-71.4164329	41.8396195	-71.4164329	Med	75.18560248	Raw	NA	NA	NA	NA	FALSE	41.8401	-71.41707	2022	September
177	2022-09-29	881559	16:24:00	Pedestrian	1	NA	FALSE	FALSE	1	Smith St	SMITH ST	2022-09-29	Two-Way , Not Divided	Dry	Daylight	Clear	Other	Yes	No Controls	1	1	Pain Reported	NA	41.83661	-71.43133	FALSE	FALSE	Smith Street and Smith Street, Providence, RI, USA	FALSE	-71.4433053	41.8418141	route	geometric_center	smith st, providence, ri, usa	NA	NA	NA	NA	41.8418141	-71.4433053	Med	1149.784193	Unknown	distance greater than 100m	NA	NA	NA	TRUE	NA	NA	2022	September
176	2022-09-30	881608	22:15:00	Pedestrian	1	NA	FALSE	FALSE	1	North Main Street	Hewes Street	2022-09-30	Two-Way, Divided, Positive Median Barrier	Dry	Dark - Lighted	Clear	Not a Collision Between Two Motor Vehicles in Transport	No	No Controls	3	1	Incapacitating	NA	41.83663	-71.40992	FALSE	FALSE	North Main Street and Hewes Street, Providence, RI, USA	FALSE	-71.4104681	41.8361377	route	geometric_center	hewes st, providence, ri 02904, usa	North Main Street & Hewes Street, Providence, RI, USA	EjVOb3J0aCBNYWluIFN0cmVldCAmIEhld2VzIFN0cmVldCwgUHJvdmlkZW5jZSwgUkksIFVTQSJmImQKFAoSCQFrh08eReSJEU40cCWL6o6gEhQKEgkBa4dPHkXkiRFONHAli-qOoBoUChIJ-fpBPd5E5IkRX9etvg1cIz8aFAoSCVMeKVkeReSJEfz2D6TIf8iDIgoNd8rvGBVkt2_V	41.8368119	-71.4098844	41.8368119	-71.4098844	Med	20.4631503	Raw	NA	NA	NA	NA	FALSE	41.83663	-71.40992	2022	September
174	2022-10-03	882680	08:57:00	Other	NA	1	TRUE	FALSE	1	PEACE ST	BUCKLIN ST	2022-10-03	Two-Way , Not Divided	Dry	Daylight	Clear	Not a Collision Between Two Motor Vehicles in Transport	No	No Controls	2	0	No Injury	NA	41.80652	-71.42783	FALSE	FALSE	Peace Street and Bucklin Street, Providence, RI, USA	FALSE	-71.4278284	41.8065393	intersection	geometric_center	bucklin st & peace st, providence, ri 02907, usa	NA	NA	NA	NA	41.8065393	-71.4278284	Med High	2.15256433	Raw	NA	NA	NA	NA	FALSE	41.80652	-71.42783	2022	October
175	2022-10-03	882694	14:35:00	Pedestrian	1	NA	TRUE	FALSE	1	SMITHFIELD AVE	I95N RAMP	2022-10-03	Two-Way , Not Divided	Dry	Daylight	Cloudy	Not a Collision Between Two Motor Vehicles in Transport	No	No Controls	3	1	Non-Incapacitating	NA	41.85501	-71.40489	FALSE	FALSE	Smithfield Ave and I95n Ramp, Providence, RI, USA	FALSE	-71.4113276	41.86376	street_address	range_interpolated	95 smithfield ave, pawtucket, ri 02860, usa	NA	NA	NA	NA	41.86376	-71.4113276	Med High	1110.69265	Raw	distance greater than 100m	NA	NA	NA	TRUE	41.85501	-71.40489	2022	October
173	2022-10-04	882738	12:30:00	Bicycle	NA	1	FALSE	FALSE	1	WASHINGTON ST	EMPIRE ST	2022-10-04	Two-Way , Not Divided	Dry	Daylight	Cloudy	Not a Collision Between Two Motor Vehicles in Transport	No	Traffic Control Signal	3	1	Pain Reported	NA	41.82182	-71.41645	FALSE	FALSE	Washington Street and Empire Street, Providence, RI, USA	FALSE	-71.4157797	41.821349	route	geometric_center	empire st, providence, ri 02903, usa	Washington Street & Empire Street, Providence, RI, USA	EjZXYXNoaW5ndG9uIFN0cmVldCAmIEVtcGlyZSBTdHJlZXQsIFByb3ZpZGVuY2UsIFJJLCBVU0EiZiJkChQKEgmNpp3sEkXkiRHnvAEsqcaDvRIUChIJjaad7BJF5IkR57wBLKnGg70aFAoSCanazZwSReSJERoH0JajEjT2GhQKEgnHPO_pEkXkiRGhxI4iuiomFSIKDWmC7RgVI7hu1Q	41.8218601	-71.4164189	41.8218601	-71.4164189	Med	5.155853918	Raw	NA	NA	NA	NA	FALSE	41.82182	-71.41645	2022	October