row_number	crash_date	crash_report_id	crash_time	collision_type	count_pedestrian	count_bicycle	scooter	wheel_chair	number_of_vehicles	street_or_highway	nearest_intersection	report_date	type_of_roadway	road_surface_condition	light_condition	weather_condition	manner_of_impact	hit_and_run	traffic_control	person_count	injury_count	most_serious_injury	number_of_lanes	lat_raw	lon_raw	has_st_number	is_intersection_null	address_sent_to_geocoder	is_address_blank	lon_api_first_try	lat_api_first_try	type	loctype	address_returned_by_geocoder	address_returned_by_autocomplete	place_ids_autocompleted	lat_api_second_try	lon_api_second_try	lat_api_best	lon_api_best	api_coord_conf	distance_btwn_coords_meters	best_coordinate_set	reason_for_qa	correct_coordinates	corrected_lat	corrected_lon	manually_qaed_record	final_lat	final_lon	year	month
172	2022-10-05	882783	20:40:00	Pedestrian	1	NA	FALSE	FALSE	1	Memorial Blvd	STEEPLE ST	2022-10-05	Two-Way, Divided, Positive Median Barrier	Wet	Dark - Lighted	Rain	Not a Collision Between Two Motor Vehicles in Transport	Yes	Traffic Control Signal	1	1	Pain Reported	NA	41.82677	-71.41063	FALSE	FALSE	Memorial Blvd and Steeple Street, Providence, RI, USA	FALSE	-71.409299	41.8273889	route	geometric_center	steeple st, providence, ri 02903, usa	NA	NA	NA	NA	41.8273889	-71.409299	Med	130.1401791	Raw	distance greater than 100m	NA	NA	NA	TRUE	41.82677	-71.41063	2022	October
171	2022-10-06	882795	23:23:00	Pedestrian	1	NA	FALSE	FALSE	1	NORTH MAIN ST	N MAIN ST	2022-10-06	Two-Way, Divided, Positive Median Barrier	Dry	Daylight	Clear	Not a Collision Between Two Motor Vehicles in Transport	No	Pavement Markings	3	1	Pain Reported	NA	41.83744	-71.40942	FALSE	FALSE	North Main Street and N Main Street, Providence, RI, USA	FALSE	-71.700964	41.9595187	intersection	geometric_center	n main st & pascoag main st, burrillville, ri 02859, usa	NA	NA	NA	NA	41.9595187	-71.700964	Med High	27717.02351	Raw	distance greater than 100m	NA	NA	NA	TRUE	41.83744	-71.40942	2022	October
169	2022-10-07	882850	15:00:00	Pedestrian	1	NA	FALSE	FALSE	1	Westminster St.	BARTON ST	2022-10-07	Two-Way , Not Divided	Dry	Daylight	Clear	Not a Collision Between Two Motor Vehicles in Transport	No	Traffic Control Signal	2	1	Non-Incapacitating	NA	41.81594	-71.43642	FALSE	FALSE	Westminster St. and Barton Street, Providence, RI, USA	FALSE	-71.4365339	41.8159344	intersection	geometric_center	barton st & westminster st, providence, ri 02909, usa	NA	NA	NA	NA	41.8159344	-71.4365339	Med High	9.470295076	Raw	NA	NA	NA	NA	FALSE	41.81594	-71.43642	2022	October
170	2022-10-07	882857	15:12:00	Bicycle	NA	1	FALSE	FALSE	1	HARTFORD AVE	HARTFORD AVE	2022-10-07	Two-Way , Not Divided	Dry	Daylight	Clear	Not a Collision Between Two Motor Vehicles in Transport	Yes	Unknown	1	1	Pain Reported	NA	41.81838	-71.45754	FALSE	FALSE	Hartford Ave and Hartford Ave, Providence, RI, USA	FALSE	-71.4587339	41.8185901	route	geometric_center	hartford ave, providence, ri, usa	Hartford Ave Service Rd & Hartford Ave, Johnston, Providence, RI, USA	EkVIYXJ0Zm9yZCBBdmUgU2VydmljZSBSZCAmIEhhcnRmb3JkIEF2ZSwgSm9obnN0b24sIFByb3ZpZGVuY2UsIFJJLCBVU0EiZiJkChQKEgmP4Jty0EfkiRFZT82Cwq1hZxIUChIJj-CbctBH5IkRWU_NgsKtYWcaFAoSCUk2WRTQR-SJEffJJKBODzFaGhQKEgkvAx61JEbkiRGCwC0vu7gN1iIKDdap7hgVnoNc1Q	41.829423	-71.5357282	41.829423	-71.5357282	Med	6601.571669	Raw	distance greater than 100m	NA	NA	NA	TRUE	41.81838	-71.45754	2022	October
167	2022-10-10	882948	18:30:00	Pedestrian	1	NA	FALSE	TRUE	1	EDDY ST	BLACKSTONE STREET	2022-10-10	Two-Way , Not Divided	Dry	Dark - Not Lighted	Clear	Not a Collision Between Two Motor Vehicles in Transport	No	No Controls	4	1	Pain Reported	NA	41.81042	-71.40721	FALSE	FALSE	Eddy Street and Blackstone Street, Providence, RI, USA	FALSE	-71.4072137	41.8101324	intersection	geometric_center	eddy st & blackstone st, providence, ri 02905, usa	NA	NA	NA	NA	41.8101324	-71.4072137	Med High	32.01695744	Raw	NA	NA	NA	NA	FALSE	41.81042	-71.40721	2022	October
168	2022-10-10	882951	21:07:00	Pedestrian	1	NA	FALSE	FALSE	1	CRANSTON ST	ANTHONY AVE	2022-10-10	Two-Way , Not Divided	Dry	Dark - Lighted	Clear	Not a Collision Between Two Motor Vehicles in Transport	Yes	No Controls	2	1	Incapacitating	NA	41.80435	-71.43856	FALSE	FALSE	Cranston Street and Anthony Ave, Providence, RI, USA	FALSE	-71.438571	41.804354	intersection	geometric_center	cranston st & anthony ave, providence, ri 02909, usa	NA	NA	NA	NA	41.804354	-71.438571	Med High	1.015601927	Raw	NA	NA	NA	NA	FALSE	41.80435	-71.43856	2022	October
164	2022-10-12	883013	22:58:00	Pedestrian	1	NA	TRUE	FALSE	1	Broadway	SUTTON ST	2022-10-12	Two-Way , Not Divided	Dry	Dark - Lighted	Clear	Not a Collision Between Two Motor Vehicles in Transport	No	Stop Signs	3	1	Pain Reported	NA	41.82027	-71.42736	FALSE	FALSE	Broadway and Sutton Street, Providence, RI, USA	FALSE	-71.4285283	41.8223473	route	geometric_center	sutton st, providence, ri 02903, usa	NA	NA	NA	NA	41.8223473	-71.4285283	Med	250.733571	Raw	distance greater than 100m	NA	NA	NA	TRUE	41.82027	-71.42736	2022	October
165	2022-10-12	882989	09:19:00	Pedestrian	1	NA	FALSE	FALSE	1	ROCHAMBEAU AVE	ELMGROVE AVE	2022-10-12	Two-Way , Not Divided	Dry	Daylight	Clear	Not a Collision Between Two Motor Vehicles in Transport	No	Stop Signs	3	1	Pain Reported	NA	41.84657	-71.39126	FALSE	FALSE	Rochambeau Ave and Elmgrove Ave, Providence, RI, USA	FALSE	-71.3912657	41.8465779	intersection	geometric_center	rochambeau ave & elmgrove ave, providence, ri 02906, usa	NA	NA	NA	NA	41.8465779	-71.3912657	Med High	0.998403437	Raw	NA	NA	NA	NA	FALSE	41.84657	-71.39126	2022	October
166	2022-10-12	882991	22:23:00	Pedestrian	1	NA	TRUE	FALSE	1	FONES ALY	BROOK ST	2022-10-12	Two-Way , Not Divided	Dry	Daylight	Clear	Not a Collision Between Two Motor Vehicles in Transport	No	Pavement Markings	3	1	Pain Reported	NA	41.8278	-71.3994	FALSE	FALSE	Fones Aly and Brook Street, Providence, RI, USA	FALSE	-71.3993915	41.8278075	intersection	geometric_center	brook st & fones alley, providence, ri 02906, usa	NA	NA	NA	NA	41.8278075	-71.3993915	Med High	1.092786487	Raw	NA	NA	NA	NA	FALSE	41.8278	-71.3994	2022	October
163	2022-10-14	883066	12:16:00	Pedestrian	1	NA	FALSE	FALSE	1	GANO ST	I 195 E	2022-10-14	Two-Way , Not Divided	Dry	Daylight	Clear	Not a Collision Between Two Motor Vehicles in Transport	No	No Controls	2	1	Pain Reported	2	41.81906	-71.38931	FALSE	FALSE	Gano Street and I 195 E, Providence, RI, USA	FALSE	-71.390238	41.8256891	street_address	range_interpolated	195 gano st, providence, ri 02906, usa	NA	NA	NA	NA	41.8256891	-71.390238	Med High	741.9527339	Raw	distance greater than 100m	NA	NA	NA	TRUE	41.81906	-71.38931	2022	October
162	2022-10-16	883174	19:01:00	Bicycle	1	NA	FALSE	FALSE	1	GlOSSOP STREET	WOONASQUATUCKET AVENUE	2022-10-16	Two-Way , Not Divided	Dry	Dark - Not Lighted	Clear	Not a Collision Between Two Motor Vehicles in Transport	No	No Controls	3	1	Non-Incapacitating	NA	NA	NA	FALSE	FALSE	Glossop Street and Woonasquatucket Avenue, Providence, RI, USA	FALSE	-71.4704512	41.8376124	intersection	geometric_center	woonasquatucket ave & glossop st, providence, ri 02911, usa	NA	NA	NA	NA	41.8376124	-71.4704512	Med High	NA	Geocoded	raw coords null but geocoded coords found	NA	NA	NA	TRUE	41.8376124	-71.4704512	2022	October
159	2022-10-18	883218	07:32:00	Bicycle	NA	1	FALSE	FALSE	1	Cranston St	DEXTER ST	2022-10-18	Two-Way, Divided, Positive Median Barrier	Dry	Daylight	Clear	Not a Collision Between Two Motor Vehicles in Transport	No	Unknown	3	1	Pain Reported	NA	41.8126	-71.42959	FALSE	FALSE	Cranston Street and Dexter Street, Providence, RI, USA	FALSE	-71.429588	41.8126029	intersection	geometric_center	cranston st & dexter st, providence, ri 02907, usa	NA	NA	NA	NA	41.8126029	-71.429588	Med High	0.36297774	Raw	NA	NA	NA	NA	FALSE	41.8126	-71.42959	2022	October
160	2022-10-18	883237	18:40:00	Bicycle	NA	1	FALSE	FALSE	1	MEMORIAL BLVD.	EXIT 22A  (RT )	2022-10-18	Two-Way , Not Divided	Dry	Dark - Lighted	Clear	Not a Collision Between Two Motor Vehicles in Transport	No	Traffic Control Signal	5	1	Non-Incapacitating	NA	41.82578	-71.41523	FALSE	FALSE	Memorial Blvd. and Exit 22a  (Rt ), Providence, RI, USA	FALSE	-71.4128343	41.8239891	locality	approximate	providence, ri, usa	NA	NA	NA	NA	41.8239891	-71.4128343	Med	281.4956272	Raw	distance greater than 100m	NA	NA	NA	TRUE	41.82578	-71.41523	2022	October
161	2022-10-18	883238	15:42:00	Pedestrian	1	NA	FALSE	FALSE	1	SABIN ST	SABIN ST	2022-10-18	One-Way Trafficway	Dry	Daylight	Clear	Other	No	Pavement Markings	4	1	Incapacitating	NA	41.82429	-71.41593	FALSE	FALSE	Sabin Street and Sabin Street, Providence, RI, USA	FALSE	-71.4163184	41.8239955	route	geometric_center	sabin st, providence, ri, usa	NA	NA	NA	NA	41.8239955	-71.4163184	Med	45.96594027	Raw	NA	NA	NA	NA	FALSE	41.82429	-71.41593	2022	October
157	2022-10-19	883240	08:49:00	Pedestrian	1	NA	FALSE	FALSE	1	N MAIN ST	ROCHAMBEAU AVE	2022-10-19	Two-Way, Divided, Positive Median Barrier	Dry	Daylight	Clear	Not a Collision Between Two Motor Vehicles in Transport	Yes	Traffic Control Signal	1	1	Pain Reported	NA	41.84676	-71.40505	FALSE	FALSE	N Main Street and Rochambeau Ave, Providence, RI, USA	FALSE	-71.3960532	41.8469319	route	geometric_center	rochambeau ave, providence, ri 02906, usa	North Main Street & Rochambeau Ave, Providence, RI, USA	EjdOb3J0aCBNYWluIFN0cmVldCAmIFJvY2hhbWJlYXUgQXZlLCBQcm92aWRlbmNlLCBSSSwgVVNBImYiZAoUChIJT306T91E5IkR5SdPUPBjKeASFAoSCU99Ok_dROSJEeUnT1DwYyngGhQKEgn5-kE93kTkiRFf162-DVwjPxoUChIJB3KhN8VE5IkRtMSH0rd7SbEiCg0zT_EYFTBzcNU	41.8467635	-71.4050768	41.8467635	-71.4050768	Med	2.25629569	Raw	NA	NA	NA	NA	FALSE	41.84676	-71.40505	2022	October
158	2022-10-19	883254	20:00:00	Pedestrian	1	NA	FALSE	FALSE	1	LAUREL AVE	COLE AVE	2022-10-19	Two-Way, Divided, Unprotected (painted>4feet) Medium	Dry	Dark - Lighted	Clear	Not a Collision Between Two Motor Vehicles in Transport	No	Pavement Markings	3	1	Pain Reported	NA	41.83784	-71.38817	FALSE	FALSE	Laurel Ave and Cole Ave, Providence, RI, USA	FALSE	-71.3881679	41.837848	intersection	geometric_center	cole ave & laurel ave, providence, ri 02906, usa	NA	NA	NA	NA	41.837848	-71.3881679	Med High	0.90742726	Raw	NA	NA	NA	NA	FALSE	41.83784	-71.38817	2022	October
156	2022-10-21	883301	07:38:00	Bicycle	NA	1	FALSE	FALSE	1	PUBLIC ST	BROAD ST	2022-10-21	Two-Way , Not Divided	Dry	Daylight	Clear	Not a Collision Between Two Motor Vehicles in Transport	No	No Controls	2	1	Pain Reported	NA	41.80435	-71.41953	FALSE	FALSE	Public Street and Broad Street, Providence, RI, USA	FALSE	-71.4193596	41.804449	intersection	geometric_center	public st & broad st, providence, ri 02907, usa	NA	NA	NA	NA	41.804449	-71.4193596	Med High	17.92733927	Raw	NA	NA	NA	NA	FALSE	41.80435	-71.41953	2022	October
154	2022-10-22	883347	09:54:00	Pedestrian	1	NA	FALSE	FALSE	1	PRESIDENT AVE	COLE AVE	2022-10-22	Two-Way , Not Divided	Dry	Daylight	Clear	Not a Collision Between Two Motor Vehicles in Transport	No	Stop Signs	2	1	Pain Reported	NA	41.83598	-71.38729	FALSE	FALSE	President Ave and Cole Ave, Providence, RI, USA	FALSE	-71.3877153	41.8359048	intersection	geometric_center	cole ave & president ave, providence, ri 02906, usa	NA	NA	NA	NA	41.8359048	-71.3877153	Med High	36.25386671	Raw	NA	NA	NA	NA	FALSE	41.83598	-71.38729	2022	October
155	2022-10-22	883356	19:05:00	Pedestrian	1	NA	FALSE	FALSE	1	POTTERS AVE	ELMWOOD AVE	2022-10-22	Two-Way , Not Divided	Dry	Dark - Lighted	Clear	Not a Collision Between Two Motor Vehicles in Transport	Yes	Flashing Traffic Control Signal	1	1	Non-Incapacitating	NA	41.80151	-71.42635	FALSE	FALSE	Potters Ave and Elmwood Ave, Providence, RI, USA	FALSE	-71.4263655	41.8015172	intersection	geometric_center	potters ave & elmwood ave, providence, ri 02907, usa	NA	NA	NA	NA	41.8015172	-71.4263655	Med High	1.515535855	Raw	NA	NA	NA	NA	FALSE	41.80151	-71.42635	2022	October
150	2022-10-25	884410	08:33:00	Pedestrian	1	NA	FALSE	FALSE	1	280 BROAD ST	280 BROAD ST	2022-10-25	Two-Way, Divided, Unprotected (painted>4feet) Medium	Wet	Daylight	Cloudy	Not a Collision Between Two Motor Vehicles in Transport	No	Yield Signs	3	1	Pain Reported	NA	41.81415	-71.4213	TRUE	FALSE	280 Broad Street, Providence, RI, USA	FALSE	-71.4202425	41.8149485	premise	rooftop	280 broad st, providence, ri 02907, usa	NA	NA	NA	NA	41.8149485	-71.4202425	High	124.8963692	Neither	distance greater than 100m	41.815129, -71.420770	41.815129	-71.42077	TRUE	41.815129	-71.42077	2022	October
151	2022-10-25	884442	18:00:00	Pedestrian	1	NA	FALSE	FALSE	1	STEWART ST.	BROAD ST	2022-10-25	Two-Way , Not Divided	Wet	Dark - Lighted	Rain	Not a Collision Between Two Motor Vehicles in Transport	No	Traffic Control Signal	2	1	Pain Reported	NA	41.81689	-71.41793	FALSE	FALSE	Stewart St. and Broad Street, Providence, RI, USA	FALSE	-71.4101636	41.7945838	route	geometric_center	broad st, providence, ri, usa	Stewart St & Broad Street, Providence, RI, USA	Ei5TdGV3YXJ0IFN0ICYgQnJvYWQgU3RyZWV0LCBQcm92aWRlbmNlLCBSSSwgVVNBImYiZAoUChIJcXIW9W1F5IkR8el_6XwM_goSFAoSCXFyFvVtReSJEfHpf-l8DP4KGhQKEgk3AtCMbUXkiRFkq8OnEmks4BoUChIJg9591YxP5IkRLKLKk5hLCKMiCg1zwuwYFZV-btU	41.8169459	-71.4178923	41.8169459	-71.4178923	Med	6.964591444	Raw	NA	NA	NA	NA	FALSE	41.81689	-71.41793	2022	October
152	2022-10-25	884443	18:19:00	Pedestrian	1	NA	FALSE	FALSE	1	COURTLAND ST.	PENN ST	2022-10-25	Two-Way , Not Divided	Wet	Dark - Lighted	Rain	Not a Collision Between Two Motor Vehicles in Transport	Yes	No Controls	1	1	Pain Reported	NA	41.82133	-71.43206	FALSE	FALSE	Courtland St. and Penn Street, Providence, RI, USA	FALSE	-71.4320417	41.8213207	intersection	geometric_center	penn st & courtland st, providence, ri 02909, usa	NA	NA	NA	NA	41.8213207	-71.4320417	Med High	1.837533952	Raw	NA	NA	NA	NA	FALSE	41.82133	-71.43206	2022	October
153	2022-10-25	884447	20:38:00	Pedestrian	1	NA	FALSE	FALSE	1	BROAD ST	FRICKER ST	2022-10-25	Two-Way , Not Divided	Wet	Dark - Not Lighted	Rain	Not a Collision Between Two Motor Vehicles in Transport	No	No Controls	3	1	Pain Reported	NA	41.81527	-71.42067	FALSE	FALSE	Broad Street and Fricker Street, Providence, RI, USA	FALSE	-71.42173	41.8165575	route	geometric_center	fricker st, providence, ri, usa	Broad Street & Fricker Street, Providence, RI, USA	EjJCcm9hZCBTdHJlZXQgJiBGcmlja2VyIFN0cmVldCwgUHJvdmlkZW5jZSwgUkksIFVTQSJmImQKFAoSCcsO7ptxReSJEe1RgLr0NWTvEhQKEgnLDu6bcUXkiRHtUYC69DVk7xoUChIJg9591YxP5IkRLKLKk5hLCKMaFAoSCaG8FtZzReSJESAHFPqNHvDOIgoNcoXsGBU0FG7V	41.8153842	-71.4206156	41.8153842	-71.4206156	Med	13.49009972	Raw	NA	NA	NA	NA	FALSE	41.81527	-71.42067	2022	October
149	2022-10-26	884476	17:25:00	Bicycle	1	NA	FALSE	FALSE	1	CRANSTON ST	WESTMINSTER ST	2022-10-26	Two-Way , Not Divided	Dry	Daylight	Cloudy	Not a Collision Between Two Motor Vehicles in Transport	Yes	No Controls	2	0	No Injury	NA	41.81765	-71.4214	FALSE	FALSE	Cranston Street and Westminster Street, Providence, RI, USA	FALSE	-71.4223096	41.817219	intersection	geometric_center	cranston st & westminster st, providence, ri 02903, usa	NA	NA	NA	NA	41.817219	-71.4223096	Med High	89.42427282	Raw	NA	NA	NA	NA	FALSE	41.81765	-71.4214	2022	October
146	2022-10-27	884501	10:49:00	Pedestrian	1	NA	FALSE	FALSE	1	GANO ST	GANO ST EXIT	2022-10-27	Two-Way , Not Divided	Dry	Daylight	Clear	Not a Collision Between Two Motor Vehicles in Transport	No	Pavement Markings	2	1	Pain Reported	NA	41.82112	-71.38967	FALSE	FALSE	Gano Street and Gano St Exit, Providence, RI, USA	FALSE	-71.3900983	41.8238695	route	geometric_center	gano st, providence, ri, usa	NA	NA	NA	NA	41.8238695	-71.3900983	Med	308.1283107	Raw	distance greater than 100m	NA	NA	NA	TRUE	41.82112	-71.38967	2022	October
147	2022-10-27	884511	14:48:00	Pedestrian	1	NA	FALSE	FALSE	1	EXCHANGE TERRACE	FRANCIS ST	2022-10-27	Two-Way , Not Divided	Dry	Daylight	Clear	Not a Collision Between Two Motor Vehicles in Transport	Yes	Traffic Control Signal	1	0	No Injury	NA	41.82503	-71.4148	FALSE	FALSE	Exchange Terrace and Francis Street, Providence, RI, USA	FALSE	-71.4148047	41.8250247	intersection	geometric_center	exchange terrace & francis st, providence, ri 02903, usa	NA	NA	NA	NA	41.8250247	-71.4148047	Med High	0.707177468	Raw	NA	NA	NA	NA	FALSE	41.82503	-71.4148	2022	October
148	2022-10-27	884527	22:13:00	Pedestrian	1	NA	FALSE	FALSE	1	POTTERS AVE	MELROSE ST	2022-10-27	Two-Way , Not Divided	Dry	Dark - Lighted	Clear	Not a Collision Between Two Motor Vehicles in Transport	Yes	No Controls	2	1	Non-Incapacitating	NA	41.80153	-71.42413	FALSE	FALSE	Potters Ave and Melrose Street, Providence, RI, USA	FALSE	-71.4245732	41.8014606	intersection	geometric_center	melrose st & potters ave, providence, ri 02907, usa	NA	NA	NA	NA	41.8014606	-71.4245732	Med High	37.58118595	Raw	NA	NA	NA	NA	FALSE	41.80153	-71.42413	2022	October
145	2022-10-29	884617	18:26:00	Pedestrian	1	NA	FALSE	FALSE	1	BROADWAY	KNIGHT ST	2022-10-29	Two-Way , Not Divided	Dry	Dark - Lighted	Clear	Not a Collision Between Two Motor Vehicles in Transport	No	Traffic Control Signal	2	1	Non-Incapacitating	NA	41.81979	-71.42939	FALSE	FALSE	Broadway and Knight Street, Providence, RI, USA	FALSE	-71.4298401	41.8202496	route	geometric_center	knight st, providence, ri, usa	Broadway & Knight Street, Providence, RI, USA	Ei1Ccm9hZHdheSAmIEtuaWdodCBTdHJlZXQsIFByb3ZpZGVuY2UsIFJJLCBVU0EiZiJkChQKEgmvZYGEdUXkiRHAVmwJ-u4XKRIUChIJr2WBhHVF5IkRwFZsCfruFykaFAoSCaW15YZ1ReSJERrCM7HXpG-zGhQKEgkPqvF6dUXkiRGsZxyELkktfCIKDcQy7RgVV79s1Q	41.8198212	-71.4293417	41.8198212	-71.4293417	Med	5.302718821	Raw	NA	NA	NA	NA	FALSE	41.81979	-71.42939	2022	October
143	2022-10-30	884622	00:07:00	Pedestrian	1	NA	FALSE	FALSE	1	MEMORIAL BLVD	STEEPLE ST	2022-10-30	Two-Way, Divided, Positive Median Barrier	Dry	Dark - Lighted	Clear	Not a Collision Between Two Motor Vehicles in Transport	No	Traffic Control Signal	3	1	Pain Reported	NA	41.82677	-71.41063	FALSE	FALSE	Memorial Blvd and Steeple Street, Providence, RI, USA	FALSE	-71.409299	41.8273889	route	geometric_center	steeple st, providence, ri 02903, usa	NA	NA	NA	NA	41.8273889	-71.409299	Med	130.1401791	Raw	distance greater than 100m	NA	NA	NA	TRUE	41.82677	-71.41063	2022	October
144	2022-10-30	884649	19:48:00	Pedestrian	1	NA	FALSE	FALSE	1	130 SMART ST	JOB ST	2022-10-30	Two-Way , Not Divided	Dry	Dark - Lighted	Clear	Not a Collision Between Two Motor Vehicles in Transport	No	No Controls	6	1	Fatal	NA	41.85674	-71.41524	TRUE	FALSE	130 Smart Street, Providence, RI, USA	FALSE	-71.4148849	41.8576398	premise	rooftop	130 smart st, providence, ri 02904, usa	NA	NA	NA	NA	41.8576398	-71.4148849	High	104.4026595	Geocoded	distance greater than 100m	NA	NA	NA	TRUE	41.8576398	-71.4148849	2022	October
140	2022-11-03	884795	13:49:00	Pedestrian	3	NA	FALSE	FALSE	1	OVERHILL RD	LORIMER AVE	2022-11-03	Two-Way , Not Divided	Dry	Daylight	Clear	Not a Collision Between Two Motor Vehicles in Transport	No	No Controls	4	3	Pain Reported	NA	41.85052	-71.39152	FALSE	FALSE	Overhill Rd and Lorimer Ave, Providence, RI, USA	FALSE	-71.3914681	41.8505152	intersection	geometric_center	lorimer ave & overhill rd, providence, ri 02906, usa	NA	NA	NA	NA	41.8505152	-71.3914681	Med High	4.336621515	Raw	NA	NA	NA	NA	FALSE	41.85052	-71.39152	2022	November
141	2022-11-03	884810	18:03:00	Bicycle	NA	1	FALSE	FALSE	1	HOPE ST	CYPRESS ST	2022-11-03	Two-Way , Not Divided	Dry	Dark - Lighted	Clear	Angle - Direction Not Specified	No	Traffic Control Signal	3	1	Pain Reported	NA	41.84098	-71.39901	FALSE	FALSE	Hope Street and Cypress Street, Providence, RI, USA	FALSE	-71.3989614	41.8410395	intersection	geometric_center	hope st & cypress st, providence, ri 02906, usa	NA	NA	NA	NA	41.8410395	-71.3989614	Med High	7.75345839	Raw	NA	NA	NA	NA	FALSE	41.84098	-71.39901	2022	November
142	2022-11-03	884819	18:30:00	Other	NA	NA	TRUE	FALSE	2	Public Street	PRAIRIE AVE	2022-11-03	Two-Way , Not Divided	Dry	Dark - Lighted	Clear	Angle (Front - to - Side) Right Angle (Includes Broadside)	No	Traffic Control Signal	3	1	Pain Reported	NA	41.80556	-71.41481	FALSE	FALSE	Public Street and Prairie Ave, Providence, RI, USA	FALSE	-71.414812	41.8055601	intersection	geometric_center	public st & prairie ave, providence, ri 02907, usa	NA	NA	NA	NA	41.8055601	-71.414812	Med High	0.166330547	Raw	NA	NA	NA	NA	FALSE	41.80556	-71.41481	2022	November
139	2022-11-04	884850	13:45:00	Pedestrian	1	NA	FALSE	FALSE	1	BROAD ST	CAHIR ST	2022-11-04	Two-Way , Not Divided	Dry	Daylight	Clear	Not a Collision Between Two Motor Vehicles in Transport	Yes	Traffic Control Signal	1	1	Pain Reported	2	41.81692	-71.41795	FALSE	FALSE	Broad Street and Cahir Street, Providence, RI, USA	FALSE	-71.4189877	41.8178471	route	geometric_center	cahir st, providence, ri 02903, usa	Broad Street & Cahir Street, Providence, RI, USA	EjBCcm9hZCBTdHJlZXQgJiBDYWhpciBTdHJlZXQsIFByb3ZpZGVuY2UsIFJJLCBVU0EiZiJkChQKEglxchb1bUXkiRHx6X_pfAz-ChIUChIJcXIW9W1F5IkR8el_6XwM_goaFAoSCYPefdWMT-SJESyiypOYSwijGhQKEgmx_OtuckXkiRFRWF6nVg1mziIKDXPC7BgVlX5u1Q	41.8169459	-71.4178923	41.8169459	-71.4178923	Med	5.588231095	Raw	NA	NA	NA	NA	FALSE	41.81692	-71.41795	2022	November
137	2022-11-05	884953	14:58:00	Pedestrian	1	NA	FALSE	FALSE	1	CHARLES ST.	CHARLES ST	2022-11-05	Two-Way , Not Divided	Dry	Daylight	Clear	Not a Collision Between Two Motor Vehicles in Transport	Yes	No Controls	1	1	Pain Reported	NA	41.84018	-71.41717	FALSE	FALSE	Charles St. and Charles Street, Providence, RI, USA	FALSE	-71.4128343	41.8239891	locality	approximate	providence, ri, usa	NA	NA	NA	NA	41.8239891	-71.4128343	Med	1837.889988	Unknown	distance greater than 100m	NA	NA	NA	TRUE	NA	NA	2022	November
138	2022-11-05	884960	20:21:00	Pedestrian	1	NA	FALSE	FALSE	1	Elmwood Ave	ATLANTIC AVE	2022-11-05	Two-Way, Divided, Positive Median Barrier	Dry	Dark - Lighted	Clear	Not a Collision Between Two Motor Vehicles in Transport	No	No Controls	2	1	Pain Reported	NA	41.79641	-71.4254	FALSE	FALSE	Elmwood Ave and Atlantic Ave, Providence, RI, USA	FALSE	-71.4254389	41.7965024	intersection	geometric_center	atlantic ave & elmwood ave, providence, ri 02907, usa	NA	NA	NA	NA	41.7965024	-71.4254389	Med High	10.78064524	Raw	NA	NA	NA	NA	FALSE	41.79641	-71.4254	2022	November
135	2022-11-08	885058	09:46:00	Pedestrian	1	NA	FALSE	FALSE	1	WAYLAND AVE	ORCHARD AVE	2022-11-08	Two-Way , Not Divided	Dry	Daylight	Clear	Not a Collision Between Two Motor Vehicles in Transport	No	No Controls	2	1	Pain Reported	NA	41.83124	-71.38813	FALSE	FALSE	Wayland Ave and Orchard Ave, Providence, RI, USA	FALSE	-71.3881388	41.8312781	intersection	geometric_center	wayland ave & orchard ave, providence, ri 02906, usa	NA	NA	NA	NA	41.8312781	-71.3881388	Med High	4.303623735	Raw	NA	NA	NA	NA	FALSE	41.83124	-71.38813	2022	November
136	2022-11-08	885071	13:03:00	Bicycle	NA	1	FALSE	FALSE	1	BROAD ST	BROAD ST	2022-11-08	Two-Way, Divided, Unprotected (painted>4feet) Medium	Dry	Daylight	Clear	Not a Collision Between Two Motor Vehicles in Transport	No	Traffic Control Signal	2	0	No Injury	NA	41.8046	-71.41941	FALSE	FALSE	Broad Street and Broad Street, Providence, RI, USA	FALSE	-71.4101636	41.7945838	route	geometric_center	broad st, providence, ri, usa	NA	NA	NA	NA	41.7945838	-71.4101636	Med	1353.518178	Unknown	distance greater than 100m	NA	NA	NA	TRUE	NA	NA	2022	November
133	2022-11-09	885117	12:57:00	Pedestrian	1	NA	FALSE	FALSE	1	FOUNTAIN ST	DORRANCE ST	2022-11-09	Two-Way , Not Divided	Dry	Daylight	Clear	Not a Collision Between Two Motor Vehicles in Transport	No	Traffic Control Signal	5	1	Pain Reported	2	41.82479	-71.41468	FALSE	FALSE	Fountain Street and Dorrance Street, Providence, RI, USA	FALSE	-71.4146249	41.8249124	intersection	geometric_center	fountain st & dorrance st, providence, ri 02903, usa	NA	NA	NA	NA	41.8249124	-71.4146249	Med High	14.37171562	Raw	NA	NA	NA	NA	FALSE	41.82479	-71.41468	2022	November