row_number	crash_date	crash_report_id	crash_time	collision_type	count_pedestrian	count_bicycle	scooter	wheel_chair	number_of_vehicles	street_or_highway	nearest_intersection	report_date	type_of_roadway	road_surface_condition	light_condition	weather_condition	manner_of_impact	hit_and_run	traffic_control	person_count	injury_count	most_serious_injury	number_of_lanes	lat_raw	lon_raw	has_st_number	is_intersection_null	address_sent_to_geocoder	is_address_blank	lon_api_first_try	lat_api_first_try	type	loctype	address_returned_by_geocoder	address_returned_by_autocomplete	place_ids_autocompleted	lat_api_second_try	lon_api_second_try	lat_api_best	lon_api_best	api_coord_conf	distance_btwn_coords_meters	best_coordinate_set	reason_for_qa	correct_coordinates	corrected_lat	corrected_lon	manually_qaed_record	final_lat	final_lon	year	month
16	2023-03-27	892318	12:51:00	Bicycle	NA	1	FALSE	FALSE	1	8TH ST	SUMMIT AVE	2023-03-27	Two-Way , Not Divided	Dry	Daylight	Clear	Other	No	Stop Signs	2	1	Non-Incapacitating	NA	41.85973	-71.47173	FALSE	FALSE	8th Street and Summit Ave, Providence, RI, USA	FALSE	-71.398247	41.850533	route	geometric_center	summit ave, providence, ri 02906, usa	8th Street & Summit Ave, Providence, RI, USA	Eiw4dGggU3RyZWV0ICYgU3VtbWl0IEF2ZSwgUHJvdmlkZW5jZSwgUkksIFVTQSJmImQKFAoSCXGOCVPGROSJESfsmka9MiAuEhQKEglxjglTxkTkiREn7JpGvTIgLhoUChIJ97qjzsdE5IkRuyR1eiMQaSAaFAoSCWc0otTFROSJEcuWttDdYL4lIgoN70DyGBVEtnHV	41.8529519	-71.396806	41.8529519	-71.396806	Med	6257.829292	Geocoded	distance greater than 100m	NA	NA	NA	TRUE	41.8529519	-71.396806	2023	March
14	2023-03-28	892328	23:39:00	Pedestrian	1	NA	FALSE	FALSE	1	ATWELLS AVE	ACADEMY AVE	2023-03-28	Two-Way, Divided, Unprotected (painted>4feet) Medium	Wet	Dark - Lighted	Rain	Not a Collision Between Two Motor Vehicles in Transport	No	Traffic Control Signal	3	1	Incapacitating	NA	41.82478	-71.44342	FALSE	FALSE	Atwells Ave and Academy Ave, Providence, RI, USA	FALSE	-71.4435191	41.8247997	intersection	geometric_center	atwells ave & academy ave, providence, ri 02909, usa	NA	NA	NA	NA	41.8247997	-71.4435191	Med High	8.508210482	Raw	NA	NA	NA	NA	FALSE	41.82478	-71.44342	2023	March
15	2023-03-28	892346	17:06:00	Other	1	NA	TRUE	FALSE	1	WESTMINSTER ST	WEYBOSSET ST	2023-03-28	Two-Way , Not Divided	Dry	Daylight	Clear	Not a Collision Between Two Motor Vehicles in Transport	No	No Controls	3	1	Pain Reported	NA	41.82509	-71.40964	FALSE	FALSE	Westminster Street and Weybosset Street, Providence, RI, USA	FALSE	-71.4098909	41.8248745	intersection	geometric_center	weybosset st & westminster st, providence, ri 02903, usa	NA	NA	NA	NA	41.8248745	-71.4098909	Med High	31.75961002	Raw	NA	NA	NA	NA	FALSE	41.82509	-71.40964	2023	March
1	2023-04-01	892461	22:28:00	Pedestrian	1	NA	FALSE	FALSE	1	Providence Place	Harris Ave	2023-04-01	One-Way Trafficway	Dry	Dark - Not Lighted	Clear	Not a Collision Between Two Motor Vehicles in Transport	No	No Controls	2	1	Pain Reported	NA	41.82779	-71.41904	FALSE	FALSE	Providence Place and Harris Ave, Providence, RI, USA	FALSE	-71.4190148	41.827801	intersection	geometric_center	providence pl & harris ave, providence, ri 02903, usa	NA	NA	NA	NA	41.827801	-71.4190148	NA	2.422593077511502	Raw	NA	NA	NA	NA	FALSE	41.82779	-71.41904	2023	April
2	2023-04-04	892611	15:37:00	Pedestrian	1	NA	FALSE	FALSE	1	GANO ST	ANGELL ST	2023-04-04	Two-Way , Not Divided	Dry	Daylight	Clear	Not a Collision Between Two Motor Vehicles in Transport	No	Traffic Control Signal	2	1	Non-Incapacitating	NA	41.82957	-71.39097	FALSE	FALSE	Gano Street and Angell Street, Providence, RI, USA	FALSE	-71.3909687	41.8295909	intersection	geometric_center	gano st & angell st, providence, ri 02906, usa	NA	NA	NA	NA	41.8295909	-71.3909687	NA	2.329074911130264	Raw	NA	NA	NA	NA	FALSE	41.82957	-71.39097	2023	April
3	2023-04-06	892716	13:12:00	Pedestrian	1	NA	FALSE	FALSE	1	PLEASANT ST	DAGGETT CT	2023-04-06	Two-Way , Not Divided	Dry	Daylight	Clear	Not a Collision Between Two Motor Vehicles in Transport	Yes	No Controls	1	1	Pain Reported	NA	41.83923	-71.40849	FALSE	FALSE	Pleasant Street and Daggett Ct, Providence, RI, USA	FALSE	-71.4077254	41.839318	route	geometric_center	daggett ct, providence, ri 02906, usa	Pleasant Street & Daggett Ct, Providence, RI, USA	EjFQbGVhc2FudCBTdHJlZXQgJiBEYWdnZXR0IEN0LCBQcm92aWRlbmNlLCBSSSwgVVNBImYiZAoUChIJcSMIQOBE5IkRLfFQA4SUCqoSFAoSCXEjCEDgROSJES3xUAOElAqqGhQKEgkP7NS230TkiRGNT_QNMMYGDhoUChIJvT4cPuBE5IkRX1ZpMt79zKkiCg1cLPAYFboLcNU	41.839318	-71.40772539999999	41.839318	-71.40772539999999	NA	64.16440577920197	Raw	NA	NA	NA	NA	FALSE	41.83923	-71.40849	2023	April
4	2023-04-08	892777	02:07:00	Pedestrian	1	NA	FALSE	FALSE	1	BROAD ST	BROAD ST	2023-04-08	Two-Way, Divided, Unprotected (painted>4feet) Medium	Dry	Dark - Lighted	Clear	Not a Collision Between Two Motor Vehicles in Transport	Yes	No Controls	3	1	Pain Reported	NA	41.79151	-71.40636	FALSE	FALSE	Broad Street and Broad Street, Providence, RI, USA	FALSE	-71.4101636	41.7945838	route	geometric_center	broad st, providence, ri, usa	NA	NA	NA	NA	41.7945838	-71.4101636	NA	465.5498882706233	Unknown	distance greater than 100m	NA	NA	NA	TRUE	NA	NA	2023	April
5	2023-04-10	892838	16:07:00	Bicycle	NA	1	FALSE	FALSE	1	CHARLES ST.	CHARLES ST	2023-04-10	Two-Way , Not Divided	Dry	Daylight	Clear	Not a Collision Between Two Motor Vehicles in Transport	No	No Controls	3	1	Pain Reported	NA	41.85302	-71.42041	FALSE	FALSE	Charles St. and Charles Street, Providence, RI, USA	FALSE	-71.419539	41.8474982	route	geometric_center	charles st, providence, ri, usa	NA	NA	NA	NA	41.8474982	-71.419539	NA	618.9125107686419	Unknown	distance greater than 100m	NA	NA	NA	TRUE	NA	NA	2023	April
6	2023-04-11	892862	22:31:00	Pedestrian	1	NA	FALSE	FALSE	1	BROADWAY	KNIGHT ST	2023-04-11	Two-Way , Not Divided	Dry	Dark - Lighted	Clear	Not a Collision Between Two Motor Vehicles in Transport	No	Traffic Control Signal	2	1	Pain Reported	NA	41.81979	-71.42938	FALSE	FALSE	Broadway and Knight Street, Providence, RI, USA	FALSE	-71.4298401	41.8202496	route	geometric_center	knight st, providence, ri, usa	Broadway & Knight Street, Providence, RI, USA	Ei1Ccm9hZHdheSAmIEtuaWdodCBTdHJlZXQsIFByb3ZpZGVuY2UsIFJJLCBVU0EiZiJkChQKEgmvZYGEdUXkiRHAVmwJ-u4XKRIUChIJr2WBhHVF5IkRwFZsCfruFykaFAoSCaW15YZ1ReSJERrCM7HXpG-zGhQKEgkPqvF6dUXkiRGsZxyELkktfCIKDcQy7RgVV79s1Q	41.8198212	-71.4293417	41.8198212	-71.4293417	NA	4.7072975971076305	Raw	NA	NA	NA	NA	FALSE	41.81979	-71.42938	2023	April
7	2023-04-12	892888	09:43:00	Pedestrian	1	NA	FALSE	FALSE	1	880 BROAD ST	OXFORD ST	2023-04-12	Two-Way , Not Divided	Dry	Daylight	Clear	Not a Collision Between Two Motor Vehicles in Transport	No	No Controls	5	1	Pain Reported	NA	41.80019	-71.41713	TRUE	FALSE	880 Broad Street, Providence, RI, USA	FALSE	-71.41674019999999	41.8002253	premise	rooftop	880 broad st, providence, ri 02905, usa	NA	NA	NA	NA	41.8002253	-71.41674019999999	NA	32.585647522211126	Raw	NA	NA	NA	NA	FALSE	41.80019	-71.41713	2023	April
8	2023-04-12	892906	18:53:00	Pedestrian	1	NA	FALSE	FALSE	2	Broad St	Byfield St	2023-04-12	Two-Way , Not Divided	Dry	Daylight	Clear	Not a Collision Between Two Motor Vehicles in Transport	No	No Controls	5	3	Non-Incapacitating	NA	41.79442	-71.40988	FALSE	FALSE	Broad Street and Byfield Street, Providence, RI, USA	FALSE	-71.4099252	41.7943903	intersection	geometric_center	byfield st & broad st, providence, ri 02905, usa	NA	NA	NA	NA	41.7943903	-71.4099252	NA	5.000309944156032	Raw	NA	NA	NA	NA	FALSE	41.79442	-71.40988	2023	April
9	2023-04-14	893000	23:06:00	Pedestrian	1	NA	FALSE	FALSE	1	FILLMORE ST	ADMIRAL ST	2023-04-15	Two-Way, Divided, Unprotected (painted>4feet) Medium	Dry	Dark - Lighted	Clear	Not a Collision Between Two Motor Vehicles in Transport	Yes	No Controls	2	1	Non-Incapacitating	NA	41.84081	-71.41986	FALSE	FALSE	Fillmore Street and Admiral Street, Providence, RI, USA	FALSE	-71.41986419999999	41.8408412	intersection	geometric_center	admiral st & fillmore st, providence, ri 02908, usa	NA	NA	NA	NA	41.8408412	-71.41986419999999	NA	3.4905906284221766	Raw	NA	NA	NA	NA	FALSE	41.84081	-71.41986	2023	April
10	2023-04-15	893010	13:44:00	Pedestrian	1	NA	TRUE	FALSE	1	FOREST ST	CAMP ST	2023-04-15	Two-Way , Not Divided	Dry	Daylight	Clear	Not a Collision Between Two Motor Vehicles in Transport	No	No Controls	3	1	Non-Incapacitating	NA	41.84377	-71.40141	FALSE	FALSE	Forest Street and Camp Street, Providence, RI, USA	FALSE	-71.402865	41.8421404	route	geometric_center	camp st, providence, ri, usa	Forest Street & Camp Street, Providence, RI, USA	EjBGb3Jlc3QgU3RyZWV0ICYgQ2FtcCBTdHJlZXQsIFByb3ZpZGVuY2UsIFJJLCBVU0EiZiJkChQKEgn9EI5b3ETkiRGAth2nkh3ymRIUChIJ_RCOW9xE5IkRgLYdp5Id8pkaFAoSCRFQ34_bROSJEQIl3CPw4hkJGhQKEgktQu-DzkTkiRGJ8rTgKkmS4CIKDd7i8BgVb-Vw1Q	41.8439902	-71.4021521	41.8439902	-71.4021521	NA	66.24386499790131	Raw	NA	NA	NA	NA	FALSE	41.84377	-71.40141	2023	April
11	2023-04-17	893070	13:07:00	Bicycle	NA	1	FALSE	FALSE	1	COLLEGE ST	S MAIN ST	2023-04-17	Two-Way , Not Divided	Wet	Daylight	Rain	Not a Collision Between Two Motor Vehicles in Transport	No	Pavement Markings	4	1	Pain Reported	NA	41.82578	-71.40745	FALSE	FALSE	College Street and S Main Street, Providence, RI, USA	FALSE	-71.4037098	41.8208275	route	geometric_center	s main st, providence, ri 02903, usa	College Street & South Main Street, Providence, RI, USA	EjdDb2xsZWdlIFN0cmVldCAmIFNvdXRoIE1haW4gU3RyZWV0LCBQcm92aWRlbmNlLCBSSSwgVVNBImYiZAoUChIJD1urSRZF5IkRzGbOghZosXsSFAoSCQ9bq0kWReSJEcxmzoIWaLF7GhQKEgnR5cstFkXkiRH1TvxbNfBkPhoUChIJxfz7Uz5F5IkRx3FZv-YChPQiCg2TF-4YFdUHcNU	41.8256787	-71.4078251	41.8256787	-71.4078251	NA	33.095930980932664	Raw	NA	NA	NA	NA	FALSE	41.82578	-71.40745	2023	April
12	2023-04-18	893107	16:46:00	Pedestrian	1	NA	FALSE	FALSE	1	705 ELMWOOD AVE	LONGFELLOW ST	2023-04-18	Two-Way, Divided, Positive Median Barrier	Dry	Daylight	Clear	Not a Collision Between Two Motor Vehicles in Transport	No	No Controls	3	1	Pain Reported	NA	41.79067	-71.42219	TRUE	FALSE	705 Elmwood Ave, Providence, RI, USA	FALSE	-71.42381379999999	41.7922996	premise	rooftop	705 elmwood ave, providence, ri 02907, usa	NA	NA	NA	NA	41.7922996	-71.42381379999999	NA	225.9896798105456	Raw	distance greater than 100m	NA	NA	NA	TRUE	41.79067	-71.42219	2023	April
13	2023-04-20	893182	19:33:00	Bicycle	NA	1	FALSE	FALSE	1	DABOLL ST	UPDIKE ST	2023-04-20	Two-Way , Not Divided	Dry	Dusk	Clear	Not a Collision Between Two Motor Vehicles in Transport	No	No Controls	2	1	Pain Reported	NA	41.80416	-71.42418	FALSE	FALSE	Daboll Street and Updike Street, Providence, RI, USA	FALSE	-71.4224174	41.804229	intersection	geometric_center	updike st & daboll st, providence, ri 02907, usa	NA	NA	NA	NA	41.804229	-71.4224174	NA	146.4631135686515	Geocoded	distance greater than 100m	NA	NA	NA	TRUE	41.804229	-71.4224174	2023	April
14	2023-04-20	893158	12:05:00	Pedestrian	1	NA	FALSE	FALSE	1	W RIVER ST	CHARLES ST	2023-04-20	Two-Way , Not Divided	Dry	Daylight	Clear	Not a Collision Between Two Motor Vehicles in Transport	Yes	No Controls	1	1	Pain Reported	NA	41.83975	-71.41628	FALSE	FALSE	W River Street and Charles Street, Providence, RI, USA	FALSE	-71.4164329	41.8396195	intersection	geometric_center	charles st & w river st, providence, ri 02904, usa	NA	NA	NA	NA	41.8396195	-71.4164329	NA	19.283140355772048	Raw	NA	NA	NA	NA	FALSE	41.83975	-71.41628	2023	April
15	2023-04-21	893219	20:43:00	Bicycle	NA	1	FALSE	FALSE	1	FOREST ST	IVY ST	2023-04-21	Two-Way , Not Divided	Dry	Dark - Lighted	Clear	Not a Collision Between Two Motor Vehicles in Transport	No	Stop Signs	2	1	Non-Incapacitating	NA	41.84334	-71.39996	FALSE	FALSE	Forest Street and Ivy Street, Providence, RI, USA	FALSE	-71.3997277	41.8438261	route	geometric_center	ivy st, providence, ri 02906, usa	Forest Street & Ivy Street, Providence, RI, USA	Ei9Gb3Jlc3QgU3RyZWV0ICYgSXZ5IFN0cmVldCwgUHJvdmlkZW5jZSwgUkksIFVTQSJmImQKFAoSCQHYpIjbROSJEdGXMmJpLoyBEhQKEgkB2KSI20TkiRHRlzJiaS6MgRoUChIJEVDfj9tE5IkRAiXcI_DiGQkaFAoSCfuN7YPbROSJEdmLoqjrINHRIgoNKcvwGBV6O3HV	41.8433833	-71.3999494	41.8433833	-71.3999494	NA	4.899635816639202	Raw	NA	NA	NA	NA	FALSE	41.84334	-71.39996	2023	April
16	2023-04-27	893404	18:37:00	Pedestrian	1	NA	FALSE	FALSE	1	ADMIRAL STREET	HAWKINS ST	2023-04-27	Two-Way, Divided, Unprotected (painted>4feet) Medium	Dry	Daylight	Clear	Not a Collision Between Two Motor Vehicles in Transport	No	No Controls	2	0	No Injury	NA	41.84591	-71.42835	FALSE	FALSE	Admiral Street and Hawkins Street, Providence, RI, USA	FALSE	-71.4283351	41.8459297	intersection	geometric_center	admiral st & hawkins st, providence, ri 02908, usa	NA	NA	NA	NA	41.8459297	-71.4283351	NA	2.5171298083235407	Raw	NA	NA	NA	NA	FALSE	41.84591	-71.42835	2023	April
17	2023-04-28	893437	17:41:00	Pedestrian	1	NA	FALSE	FALSE	1	Academy Ave.	CHALKSTONE AVE	2023-04-28	Two-Way , Not Divided	Dry	Daylight	Clear	Not a Collision Between Two Motor Vehicles in Transport	No	Traffic Control Signal	3	1	Pain Reported	NA	41.8324	-71.44452	FALSE	FALSE	Academy Ave. and Chalkstone Ave, Providence, RI, USA	FALSE	-71.44452489999999	41.8324538	intersection	geometric_center	academy ave & chalkstone ave, providence, ri 02908, usa	NA	NA	NA	NA	41.8324538	-71.44452489999999	NA	6.002763221695537	Raw	NA	NA	NA	NA	FALSE	41.8324	-71.44452	2023	April
18	2023-04-28	893429	17:12:00	Bicycle	NA	1	FALSE	FALSE	1	NORTH MAIN ST.	STEEPLE ST	2023-04-28	One-Way Trafficway	Dry	Daylight	Clear	Not a Collision Between Two Motor Vehicles in Transport	Yes	Traffic Control Signal	2	1	Pain Reported	NA	41.82749	-71.40907	FALSE	FALSE	North Main St. and Steeple Street, Providence, RI, USA	FALSE	-71.4090484	41.8274736	intersection	geometric_center	steeple st & n main st, providence, ri 02903, usa	NA	NA	NA	NA	41.8274736	-71.4090484	NA	2.5579781926115164	Raw	NA	NA	NA	NA	FALSE	41.82749	-71.40907	2023	April
19	2023-04-28	893425	10:06:00	Pedestrian	1	NA	TRUE	FALSE	1	WOODMAN ST	BUCKLIN ST	2023-04-28	Two-Way , Not Divided	Dry	Daylight	Clear	Not a Collision Between Two Motor Vehicles in Transport	No	Stop Signs	3	1	Pain Reported	NA	41.80846	-71.42772	FALSE	FALSE	Woodman Street and Bucklin Street, Providence, RI, USA	FALSE	-71.4279229	41.8085288	intersection	geometric_center	bucklin st & woodman st, providence, ri 02907, usa	NA	NA	NA	NA	41.8085288	-71.4279229	NA	18.495819274374544	Raw	NA	NA	NA	NA	FALSE	41.80846	-71.42772	2023	April
20	2023-04-28	893435	20:06:00	Pedestrian	1	NA	FALSE	FALSE	1	ADMIRAL ST	CRANDALL ST	2023-04-28	Two-Way, Divided, Unprotected (painted>4feet) Medium	Dry	Dark - Lighted	Clear	Not a Collision Between Two Motor Vehicles in Transport	Yes	No Controls	2	1	Non-Incapacitating	NA	41.84957	-71.43987	FALSE	FALSE	Admiral Street and Crandall Street, Providence, RI, USA	FALSE	-71.43984689999999	41.84959569999999	intersection	geometric_center	admiral st & crandall st, providence, ri 02908, usa	NA	NA	NA	NA	41.84959569999999	-71.43984689999999	NA	3.442952810764501	Raw	NA	NA	NA	NA	FALSE	41.84957	-71.43987	2023	April
21	2023-04-29	893449	00:53:00	Pedestrian	1	NA	FALSE	FALSE	1	289 Atwells Avenue	CROUT ST	2023-04-29	Two-Way , Not Divided	Dry	Dark - Lighted	Clear	Not a Collision Between Two Motor Vehicles in Transport	No	No Controls	5	1	Incapacitating	NA	41.82364	-71.42753	TRUE	FALSE	289 Atwells Avenue, Providence, RI, USA	FALSE	-71.42753859999999	41.823888	premise	rooftop	289 atwells ave, providence, ri 02903, usa	NA	NA	NA	NA	41.823888	-71.42753859999999	NA	27.61645006859956	Raw	NA	NA	NA	NA	FALSE	41.82364	-71.42753	2023	April
22	2023-04-29	893472	21:53:00	Pedestrian	1	NA	FALSE	FALSE	1	EXCHANGE TERR	DORRANCE STREET	2023-04-29	Two-Way, Divided, Unprotected (painted>4feet) Medium	Wet	Dark - Lighted	Rain	Not a Collision Between Two Motor Vehicles in Transport	No	Traffic Control Signal	2	1	Incapacitating	NA	41.8248	-71.41439	FALSE	FALSE	Exchange Terr and Dorrance Street, Providence, RI, USA	FALSE	-71.4113407	41.8233534	route	geometric_center	dorrance st, providence, ri 02903, usa	NA	NA	NA	NA	41.8233534	-71.4113407	NA	299.86329417894945	Raw	distance greater than 100m	NA	NA	NA	TRUE	41.8248	-71.41439	2023	April
23	2023-04-29	893464	17:33:00	Pedestrian	1	NA	FALSE	FALSE	1	BROAD ST	CAHIR ST	2023-04-29	Two-Way , Not Divided	Dry	Daylight	Cloudy	Not a Collision Between Two Motor Vehicles in Transport	No	Traffic Control Signal	6	1	Pain Reported	NA	41.81692	-71.41795	FALSE	FALSE	Broad Street and Cahir Street, Providence, RI, USA	FALSE	-71.41789229999999	41.8169459	intersection	geometric_center	broad st & cahir st, providence, ri 02903, usa	NA	NA	NA	NA	41.8169459	-71.41789229999999	NA	5.588231094641271	Raw	NA	NA	NA	NA	FALSE	41.81692	-71.41795	2023	April
24	2023-04-30	893480	01:51:00	Pedestrian	1	NA	FALSE	FALSE	1	OAKLAND AVE	SMITH ST	2023-04-30	Two-Way, Divided, Unprotected (painted>4feet) Medium	Wet	Dark - Lighted	Rain	Not a Collision Between Two Motor Vehicles in Transport	No	Traffic Control Signal	3	1	Non-Incapacitating	NA	41.83621	-71.43046	FALSE	FALSE	Oakland Ave and Smith Street, Providence, RI, USA	FALSE	-71.43045500000001	41.8362474	intersection	geometric_center	oakland ave & smith st, providence, ri 02908, usa	NA	NA	NA	NA	41.8362474	-71.43045500000001	NA	4.183951096890541	Raw	NA	NA	NA	NA	FALSE	41.83621	-71.43046	2023	April
25	2023-05-05	893692	17:15:00	Bicycle	1	NA	FALSE	FALSE	1	Weybosset Street	PECK ST	2023-05-07	One-Way Trafficway	Dry	Daylight	Clear	Not a Collision Between Two Motor Vehicles in Transport	Yes	No Controls	3	1	Non-Incapacitating	NA	41.823480000000004	-71.4104	FALSE	FALSE	Weybosset Street and Peck Street, Providence, RI, USA	FALSE	-71.4102702	41.823574	intersection	geometric_center	weybosset st & peck st, providence, ri 02903, usa	NA	NA	NA	NA	41.823574	-71.4102702	NA	15.014585861897624	Raw	NA	NA	NA	NA	FALSE	41.823480000000004	-71.4104	2023	May
26	2023-05-06	893668	16:47:00	Bicycle	NA	NA	FALSE	FALSE	3	POINT ST	EDDY ST	2023-05-06	Two-Way, Divided, Positive Median Barrier	Dry	Daylight	Clear	Rear End(Front-to-Rear)	No	No Controls	5	4	Pain Reported	NA	41.81719	-71.40548	FALSE	FALSE	Point Street and Eddy Street, Providence, RI, USA	FALSE	-71.4064202	41.816823	intersection	geometric_center	point st & eddy st, providence, ri 02903, usa	NA	NA	NA	NA	41.816823	-71.4064202	NA	88.05394224023057	Raw	NA	NA	NA	NA	FALSE	41.81719	-71.40548	2023	May
27	2023-05-06	893676	00:46:00	Pedestrian	1	NA	FALSE	FALSE	1	BROAD STREET	CAHIR ST	2023-05-07	Two-Way , Not Divided	Dry	Dark - Not Lighted	Clear	Not a Collision Between Two Motor Vehicles in Transport	Yes	Traffic Control Signal	1	1	Pain Reported	NA	41.81662	-71.41861	FALSE	FALSE	Broad Street and Cahir Street, Providence, RI, USA	FALSE	-71.41789229999999	41.8169459	intersection	geometric_center	broad st & cahir st, providence, ri 02903, usa	NA	NA	NA	NA	41.8169459	-71.41789229999999	NA	69.72510856638098	Raw	NA	NA	NA	NA	FALSE	41.81662	-71.41861	2023	May
28	2023-05-08	893737	11:56:00	Bicycle	NA	1	FALSE	FALSE	1	583 BROAD STREET	DARTMOUTH AVE	2023-05-08	One-Way Trafficway	Dry	Daylight	Clear	Other	Yes	No Controls	2	1	Non-Incapacitating	NA	41.80838	-71.42061	TRUE	FALSE	583 Broad Street, Providence, RI, USA	FALSE	-71.42079509999999	41.808268	street_address	rooftop	583 broad st, providence, ri 02907, usa	NA	NA	NA	NA	41.808268	-71.42079509999999	NA	19.78220742936041	Raw	NA	NA	NA	NA	FALSE	41.80838	-71.42061	2023	May
29	2023-05-10	893784	12:09:00	Pedestrian	2	NA	FALSE	FALSE	1	DUDLEY ST	DUDLEY ST EXIT 19	2023-05-10	Two-Way , Not Divided	Dry	Daylight	Clear	Not a Collision Between Two Motor Vehicles in Transport	Yes	No Controls	3	2	Pain Reported	NA	41.8108	-71.40727	FALSE	FALSE	Dudley Street and Dudley St Exit 19, Providence, RI, USA	FALSE	-71.4135956	41.8099609	route	geometric_center	dudley st, providence, ri, usa	NA	NA	NA	NA	41.8099609	-71.4135956	NA	533.0984229527637	Raw	distance greater than 100m	NA	NA	NA	TRUE	41.8108	-71.40727	2023	May
30	2023-05-10	893798	21:10:00	Bicycle	NA	1	FALSE	FALSE	1	Atwells Ave	Marcello Street	2023-05-10	Two-Way , Not Divided	Dry	Dark - Lighted	Clear	Not a Collision Between Two Motor Vehicles in Transport	No	No Controls	3	1	Non-Incapacitating	NA	41.82393	-71.43161	FALSE	FALSE	Atwells Ave and Marcello Street, Providence, RI, USA	FALSE	-71.43162339999999	41.8239398	intersection	geometric_center	marcello st & atwells ave, providence, ri 02909, usa	NA	NA	NA	NA	41.8239398	-71.43162339999999	NA	1.5574911003955072	Raw	NA	NA	NA	NA	FALSE	41.82393	-71.43161	2023	May
31	2023-05-12	893835	01:47:00	Other	NA	NA	TRUE	FALSE	1	CHARLES ST	CHARLES ST	2023-05-12	Two-Way, Divided, Unprotected (painted>4feet) Medium	Dry	Dark - Lighted	Clear	Rear End(Front-to-Rear)	Yes	Pavement Markings	2	1	Pain Reported	NA	41.83672	-71.41282	FALSE	FALSE	Charles Street and Charles Street, Providence, RI, USA	FALSE	-71.419539	41.8474982	route	geometric_center	charles st, providence, ri, usa	NA	NA	NA	NA	41.8474982	-71.419539	NA	1322.901039788743	Raw	distance greater than 100m	NA	NA	NA	TRUE	41.83672	-71.41282	2023	May
32	2023-05-13	893907	18:39:00	Bicycle	NA	1	FALSE	FALSE	1	CHALKSTONE AVE	BERLIN ST	2023-05-13	Two-Way , Not Divided	Dry	Daylight	Clear	Not a Collision Between Two Motor Vehicles in Transport	Yes	Stop Signs	1	1	Non-Incapacitating	NA	41.83228	-71.44197	FALSE	FALSE	Chalkstone Ave and Berlin Street, Providence, RI, USA	FALSE	-71.4417437	41.8322912	intersection	geometric_center	berlin st & chalkstone ave, providence, ri 02908, usa	NA	NA	NA	NA	41.8322912	-71.4417437	NA	18.811631040400528	Raw	NA	NA	NA	NA	FALSE	41.83228	-71.44197	2023	May
33	2023-05-16	893983	20:45:00	Bicycle	NA	1	FALSE	FALSE	1	SOUTH MAIN STREET	WILLIAMS	2023-05-16	One-Way Trafficway	Dry	Dark - Lighted	Clear	Not a Collision Between Two Motor Vehicles in Transport	Yes	No Controls	1	1	Non-Incapacitating	NA	41.82157	-71.40438	FALSE	FALSE	South Main Street and Williams, Providence, RI, USA	FALSE	-71.4128343	41.8239891	locality	approximate	providence, ri, usa	South Main Street & Williams Street, Providence, RI, USA	EjhTb3V0aCBNYWluIFN0cmVldCAmIFdpbGxpYW1zIFN0cmVldCwgUHJvdmlkZW5jZSwgUkksIFVTQSJmImQKFAoSCU3-KUQ-ReSJEZh43BpZpiLvEhQKEglN_ilEPkXkiRGYeNwaWaYi7xoUChIJxfz7Uz5F5IkRx3FZv-YChPQaFAoSCc8VZi06ReSJEdbRK1lrMSoLIgoNFnXtGBUqkHDV	41.821519	-71.404335	41.821519	-71.404335	NA	6.7946900059461175	Raw	NA	NA	NA	NA	FALSE	41.82157	-71.40438	2023	May
34	2023-05-17	893990	07:33:00	Pedestrian	1	NA	FALSE	FALSE	1	BROAD ST	FOSTER ST	2023-05-17	Two-Way , Not Divided	Dry	Daylight	Clear	Not a Collision Between Two Motor Vehicles in Transport	Yes	No Controls	1	1	Pain Reported	NA	41.81862	-71.41564	FALSE	FALSE	Broad Street and Foster Street, Providence, RI, USA	FALSE	-71.4154219	41.818852	intersection	geometric_center	foster st & broad st, providence, ri 02903, usa	NA	NA	NA	NA	41.818852	-71.4154219	NA	31.533788303738827	Raw	NA	NA	NA	NA	FALSE	41.81862	-71.41564	2023	May
35	2023-05-17	893992	09:22:00	Pedestrian	1	NA	FALSE	FALSE	1	SARATOGA ST	PLAIN ST	2023-05-17	Two-Way , Not Divided	Dry	Daylight	Clear	Not a Collision Between Two Motor Vehicles in Transport	Yes	No Controls	1	1	Pain Reported	NA	41.80569	-71.41044	FALSE	FALSE	Saratoga Street and Plain Street, Providence, RI, USA	FALSE	-71.4098303	41.8062431	intersection	geometric_center	saratoga st & plain st, providence, ri 02905, usa	NA	NA	NA	NA	41.8062431	-71.4098303	NA	79.69002955400016	Raw	NA	NA	NA	NA	FALSE	41.80569	-71.41044	2023	May
36	2023-05-18	894031	08:16:00	Pedestrian	1	NA	FALSE	FALSE	1	PUTNAM ST	HALE ST	2023-05-18	Two-Way , Not Divided	Dry	Daylight	Clear	Not a Collision Between Two Motor Vehicles in Transport	No	No Controls	3	1	Pain Reported	NA	41.82432	-71.44381	FALSE	FALSE	Putnam Street and Hale Street, Providence, RI, USA	FALSE	-71.443871	41.823948	intersection	geometric_center	hale st & putnam st, providence, ri 02909, usa	NA	NA	NA	NA	41.823948	-71.443871	NA	41.71887546812726	Raw	NA	NA	NA	NA	FALSE	41.82432	-71.44381	2023	May
37	2023-05-23	895210	18:15:00	Bicycle	NA	1	TRUE	FALSE	1	COURTLAND ST	CARPENTER ST	2023-05-23	One-Way Trafficway	Dry	Daylight	Clear	Not a Collision Between Two Motor Vehicles in Transport	No	No Controls	2	1	Pain Reported	NA	41.81739	-71.43062	FALSE	FALSE	Courtland Street and Carpenter Street, Providence, RI, USA	FALSE	-71.43067289999999	41.8176676	intersection	geometric_center	carpenter st & courtland st, providence, ri 02909, usa	NA	NA	NA	NA	41.8176676	-71.43067289999999	NA	31.212381695666473	Raw	NA	NA	NA	NA	FALSE	41.81739	-71.43062	2023	May