row_number	crash_date	crash_report_id	crash_time	collision_type	count_pedestrian	count_bicycle	scooter	wheel_chair	number_of_vehicles	street_or_highway	nearest_intersection	report_date	type_of_roadway	road_surface_condition	light_condition	weather_condition	manner_of_impact	hit_and_run	traffic_control	person_count	injury_count	most_serious_injury	number_of_lanes	lat_raw	lon_raw	has_st_number	is_intersection_null	address_sent_to_geocoder	is_address_blank	lon_api_first_try	lat_api_first_try	type	loctype	address_returned_by_geocoder	address_returned_by_autocomplete	place_ids_autocompleted	lat_api_second_try	lon_api_second_try	lat_api_best	lon_api_best	api_coord_conf	distance_btwn_coords_meters	best_coordinate_set	reason_for_qa	correct_coordinates	corrected_lat	corrected_lon	manually_qaed_record	final_lat	final_lon	year	month
38	2023-05-24	895226	15:06:00	Bicycle	NA	1	FALSE	FALSE	1	CRANSTON ST	HANOVER ST	2023-05-24	Two-Way , Not Divided	Dry	Daylight	Clear	Not a Collision Between Two Motor Vehicles in Transport	No	No Controls	3	1	Pain Reported	NA	41.80947	-71.43356	FALSE	FALSE	Cranston Street and Hanover Street, Providence, RI, USA	FALSE	-71.4335598	41.80949100000001	intersection	geometric_center	cranston st & hanover st, providence, ri 02907, usa	NA	NA	NA	NA	41.80949100000001	-71.4335598	NA	2.3377682081115587	Raw	NA	NA	NA	NA	FALSE	41.80947	-71.43356	2023	May
39	2023-05-26	895286	15:43:00	Pedestrian	1	NA	FALSE	FALSE	1	RAILROAD ST	PARK ROW	2023-05-26	One-Way Trafficway	Dry	Daylight	Clear	Not a Collision Between Two Motor Vehicles in Transport	Yes	No Controls	3	1	Pain Reported	NA	41.82902	-71.41297	FALSE	FALSE	Railroad Street and Park Row, Providence, RI, USA	FALSE	-71.4101424	41.8285609	route	geometric_center	park row, providence, ri 02903, usa	NA	NA	NA	NA	41.8285609	-71.4101424	NA	240.04922032368367	Raw	distance greater than 100m	NA	NA	NA	TRUE	41.82902	-71.41297	2023	May
40	2023-05-27	895314	14:14:00	Pedestrian	1	NA	TRUE	FALSE	1	WASHINGTON ST	MEMORIAL BLVD	2023-05-27	Two-Way, Divided, Positive Median Barrier	Dry	Daylight	Clear	Not a Collision Between Two Motor Vehicles in Transport	No	Traffic Control Signal	4	1	Pain Reported	NA	41.82635	-71.41015	FALSE	FALSE	Washington Street and Memorial Blvd, Providence, RI, USA	FALSE	-71.4134258	41.8263996	route	geometric_center	memorial blvd, providence, ri 02903, usa	Washington Street & Memorial Blvd, Providence, RI, USA	EjZXYXNoaW5ndG9uIFN0cmVldCAmIE1lbW9yaWFsIEJsdmQsIFByb3ZpZGVuY2UsIFJJLCBVU0EiZiJkChQKEgmdNVfiFkXkiRE6V1-x6gjhmRIUChIJnTVX4hZF5IkROldfseoI4ZkaFAoSCanazZwSReSJERoH0JajEjT2GhQKEgn3LDO1FkXkiRGsznR5eOTavSIKDZw07hgV6bBv1Q	41.826422	-71.4100503	41.826422	-71.4100503	NA	11.516861483833049	Raw	NA	NA	NA	NA	FALSE	41.82635	-71.41015	2023	May
41	2023-05-28	895360	18:37:00	Pedestrian	2	NA	TRUE	FALSE	1	BROAD ST	CALLA ST	2023-05-28	Two-Way , Not Divided	Dry	Daylight	Clear	Not a Collision Between Two Motor Vehicles in Transport	Yes	Stop Signs	3	2	Pain Reported	NA	41.78985	-71.40487	FALSE	FALSE	Broad Street and Calla Street, Providence, RI, USA	FALSE	-71.4048545	41.7898178	intersection	geometric_center	calla st & broad st, providence, ri 02905, usa	NA	NA	NA	NA	41.7898178	-71.4048545	NA	3.80835930955836	Raw	NA	NA	NA	NA	FALSE	41.78985	-71.40487	2023	May
42	2023-05-29	895643	13:03:00	Bicycle	NA	1	FALSE	FALSE	2	Elmwood ave	ADELAIDE AVE	2023-06-05	Two-Way, Divided, Positive Median Barrier	Dry	Daylight	Clear	Head-On (Front - to - Front)	No	No Controls	6	5	Pain Reported	NA	41.79589	-71.425	FALSE	FALSE	Elmwood Ave and Adelaide Ave, Providence, RI, USA	FALSE	-71.42499500000001	41.79588700000001	intersection	geometric_center	adelaide ave & elmwood ave, providence, ri 02907, usa	NA	NA	NA	NA	41.79588700000001	-71.42499500000001	NA	0.5326511923691457	Raw	NA	NA	NA	NA	FALSE	41.79589	-71.425	2023	May
43	2023-05-29	895380	10:53:00	Bicycle	NA	NA	FALSE	FALSE	2	4TH ST	HOPE ST	2023-05-29	Two-Way , Not Divided	Dry	Daylight	Clear	Other	Yes	No Controls	2	0	No Injury	NA	41.8493	-71.39491	FALSE	FALSE	4th Street and Hope Street, Providence, RI, USA	FALSE	-71.3948887	41.8492949	intersection	geometric_center	hope st & 4th st, providence, ri 02906, usa	NA	NA	NA	NA	41.8492949	-71.3948887	NA	1.8552427960546671	Raw	NA	NA	NA	NA	FALSE	41.8493	-71.39491	2023	May
44	2023-05-30	895437	18:34:00	Bicycle	NA	1	FALSE	FALSE	1	MAPLEHURST AVE	ACADEMY AVE	2023-05-30	Two-Way , Not Divided	Dry	Daylight	Clear	Not a Collision Between Two Motor Vehicles in Transport	No	No Controls	2	0	No Injury	NA	41.82689	-71.44288	FALSE	FALSE	Maplehurst Ave and Academy Ave, Providence, RI, USA	FALSE	-71.4436575	41.8268375	intersection	geometric_center	academy ave & maplehurst ave, providence, ri 02908, usa	NA	NA	NA	NA	41.8268375	-71.4436575	NA	64.75881904870543	Raw	NA	NA	NA	NA	FALSE	41.82689	-71.44288	2023	May
45	2023-05-30	895414	09:09:00	Pedestrian	1	NA	FALSE	FALSE	1	325 Ocean St	RICHARDSON ST	2023-05-30	Unknown	Dry	Daylight	Clear	Other	No	No Controls	2	1	Pain Reported	NA	41.79744	-71.40834	TRUE	FALSE	325 Ocean Street, Providence, RI, USA	FALSE	-71.4081017	41.7966241	street_address	rooftop	325 ocean st, providence, ri 02905, usa	NA	NA	NA	NA	41.7966241	-71.4081017	NA	92.95371889881132	Raw	NA	NA	NA	NA	FALSE	41.79744	-71.40834	2023	May
46	2023-06-01	895524	15:46:00	Pedestrian	1	NA	FALSE	FALSE	1	WESTMINSTER ST	SNOW ST	2023-06-01	Two-Way , Not Divided	Dry	Daylight	Clear	Not a Collision Between Two Motor Vehicles in Transport	No	No Controls	2	1	Pain Reported	NA	41.82165	-71.41436	FALSE	FALSE	Westminster Street and Snow Street, Providence, RI, USA	FALSE	-71.414361	41.82166309999999	intersection	geometric_center	snow st & westminster st, providence, ri 02903, usa	NA	NA	NA	NA	41.82166309999999	-71.414361	NA	1.460643050883013	Raw	NA	NA	NA	NA	FALSE	41.82165	-71.41436	2023	June
47	2023-06-02	895547	08:21:00	Bicycle	NA	1	FALSE	FALSE	1	HOLLYWOOD RD	DEXTER ST	2023-06-02	Two-Way , Not Divided	Dry	Daylight	Clear	Not a Collision Between Two Motor Vehicles in Transport	No	No Controls	2	1	Pain Reported	NA	41.81598	-71.43109	FALSE	FALSE	Hollywood Rd and Dexter Street, Providence, RI, USA	FALSE	-71.4311089	41.816009	intersection	geometric_center	hollywood rd & dexter st, providence, ri 02909, usa	NA	NA	NA	NA	41.816009	-71.4311089	NA	3.588935565523947	Raw	NA	NA	NA	NA	FALSE	41.81598	-71.43109	2023	June
48	2023-06-02	895575	17:28:00	Pedestrian	1	NA	FALSE	FALSE	1	FRANCIS ST.	MEMORIAL BLVD	2023-06-02	Two-Way , Not Divided	Dry	Daylight	Clear	Not a Collision Between Two Motor Vehicles in Transport	No	No Controls	3	1	Non-Incapacitating	NA	41.82683	-71.41549	FALSE	FALSE	Francis St. and Memorial Blvd, Providence, RI, USA	FALSE	-71.4134258	41.8263996	route	geometric_center	memorial blvd, providence, ri 02903, usa	Francis St & Memorial Blvd, Providence, RI, USA	Ei9GcmFuY2lzIFN0ICYgTWVtb3JpYWwgQmx2ZCwgUHJvdmlkZW5jZSwgUkksIFVTQSJmImQKFAoSCQO1zp0RReSJEUruZ-18xt6AEhQKEgkDtc6dEUXkiRFK7mftfMbegBoUChIJ4wolWRBF5IkRCddrkmwOQpsaFAoSCfcsM7UWReSJEazOdHl45Nq9IgoNHCDuGBVb4G7V	41.8258972	-71.4153893	41.8258972	-71.4153893	NA	104.17426539997642	Geocoded	distance greater than 100m	NA	NA	NA	TRUE	41.8258972	-71.4153893	2023	June
49	2023-06-04	895614	02:06:00	Pedestrian	1	NA	FALSE	FALSE	1	143 Friendship Street	Richmond Street	2023-06-04	Two-Way , Not Divided	Dry	Dark - Lighted	Clear	Not a Collision Between Two Motor Vehicles in Transport	Yes	No Controls	1	1	Pain Reported	NA	41.81986	-71.4115	TRUE	FALSE	143 Friendship Street, Providence, RI, USA	FALSE	-71.4118419	41.819818	street_address	rooftop	143 friendship st, providence, ri 02903, usa	NA	NA	NA	NA	41.819818	-71.4118419	NA	28.74688594995912	Raw	NA	NA	NA	NA	FALSE	41.81986	-71.4115	2023	June
50	2023-06-06	895680	15:57:00	Other	NA	NA	FALSE	FALSE	1	BRANCH AVE	WOODWARD RD	2023-06-06	Two-Way , Not Divided	Dry	Daylight	Cloudy	Not a Collision Between Two Motor Vehicles in Transport	No	Pavement Markings	2	0	No Injury	NA	41.8535	-71.42816	FALSE	FALSE	Branch Ave and Woodward Rd, Providence, RI, USA	FALSE	-71.42806279999999	41.8534892	intersection	geometric_center	woodward rd & branch ave, providence, ri 02904, usa	NA	NA	NA	NA	41.8534892	-71.42806279999999	NA	8.148680510765239	Raw	NA	NA	NA	NA	FALSE	41.8535	-71.42816	2023	June
51	2023-06-06	895690	22:49:00	Other	NA	NA	TRUE	FALSE	2	WATERMAN ST	THAYER ST	2023-06-06	One-Way Trafficway	Dry	Daylight	Clear	Rear End(Front-to-Rear)	No	No Controls	2	1	Pain Reported	NA	41.82728	-71.40054	FALSE	FALSE	Waterman Street and Thayer Street, Providence, RI, USA	FALSE	-71.4005559	41.8272892	intersection	geometric_center	thayer st & waterman st, providence, ri 02906, usa	NA	NA	NA	NA	41.8272892	-71.4005559	NA	1.6698501891967092	Raw	NA	NA	NA	NA	FALSE	41.82728	-71.40054	2023	June
52	2023-06-08	895731	11:53:00	Bicycle	NA	2	FALSE	FALSE	1	374 WICKENDEN ST	NA	2023-06-08	Two-Way , Not Divided	Dry	Daylight	Clear	Sideswipe, Same Direction	No	No Controls	3	2	Pain Reported	NA	NA	NA	TRUE	TRUE	374 Wickenden Street, Providence, RI, USA	FALSE	-71.3958203	41.8198177	premise	rooftop	374 wickenden st, providence, ri 02903, usa	NA	NA	NA	NA	41.8198177	-71.3958203	NA	NA	Neither	raw coords null but geocoded coords found	41.81971, -71.39578	41.81971	-71.39578	TRUE	41.81971	-71.39578	2023	June
53	2023-06-08	895727	13:44:00	Other	NA	2	TRUE	FALSE	1	Broadway	BRADFORD ST	2023-06-08	Two-Way , Not Divided	Dry	Daylight	Clear	Angle (Front - to - Side) Right Angle (Includes Broadside)	No	Stop Signs	4	0	No Injury	NA	41.82154	-71.42199	FALSE	FALSE	Broadway and Bradford Street, Providence, RI, USA	FALSE	-71.4217897	41.8232404	route	geometric_center	bradford st, providence, ri 02903, usa	Broadway & Bradford Street, Providence, RI, USA	Ei9Ccm9hZHdheSAmIEJyYWRmb3JkIFN0cmVldCwgUHJvdmlkZW5jZSwgUkksIFVTQSJmImQKFAoSCaNCMMwMReSJEeXAucW1r13BEhQKEgmjQjDMDEXkiRHlwLnFta9dwRoUChIJpbXlhnVF5IkRGsIzsdekb7MaFAoSCSlG3PkMReSJEUasCeiqPc01IgoN43XtGBVb3W3V	41.8215395	-71.42201969999999	41.8215395	-71.42201969999999	NA	2.4644844429112456	Raw	NA	NA	NA	NA	FALSE	41.82154	-71.42199	2023	June
54	2023-06-08	895733	18:00:00	Pedestrian	2	NA	TRUE	FALSE	1	WILLIAMS ST	BENEFIT ST	2023-06-08	Two-Way , Not Divided	Dry	Daylight	Clear	Not a Collision Between Two Motor Vehicles in Transport	No	Stop Signs	3	1	Pain Reported	NA	41.82205	-71.40317	FALSE	FALSE	Williams Street and Benefit Street, Providence, RI, USA	FALSE	-71.4031718	41.82206	intersection	geometric_center	benefit st & williams st, providence, ri 02903, usa	NA	NA	NA	NA	41.82206	-71.4031718	NA	1.1231653400324817	Raw	NA	NA	NA	NA	FALSE	41.82205	-71.40317	2023	June
55	2023-06-09	895744	07:38:00	Pedestrian	1	NA	TRUE	FALSE	1	CANAL ST	MILL ST	2023-06-09	Two-Way , Not Divided	Dry	Daylight	Clear	Not a Collision Between Two Motor Vehicles in Transport	No	Stop Signs	4	1	Pain Reported	NA	41.8323	-71.41095	FALSE	FALSE	Canal Street and Mill Street, Providence, RI, USA	FALSE	-71.5342119	42.0140642	intersection	geometric_center	mill st & canal st, north smithfield, ri 02896, usa	NA	NA	NA	NA	42.0140642	-71.5342119	NA	22663.642015127993	Raw	distance greater than 100m	NA	NA	NA	TRUE	41.8323	-71.41095	2023	June
56	2023-06-09	895783	22:24:00	Pedestrian	1	NA	FALSE	FALSE	1	BRANCH AVE	VANDEWATER ST	2023-06-09	Two-Way , Not Divided	Dry	Dark - Lighted	Clear	Not a Collision Between Two Motor Vehicles in Transport	No	Traffic Control Signal	3	1	Pain Reported	NA	41.85358	-71.42847	FALSE	FALSE	Branch Ave and Vandewater Street, Providence, RI, USA	FALSE	-71.428823	41.8536926	intersection	geometric_center	vandewater st & branch ave, providence, ri 02904, usa	NA	NA	NA	NA	41.8536926	-71.428823	NA	31.840554350488517	Raw	NA	NA	NA	NA	FALSE	41.85358	-71.42847	2023	June
57	2023-06-09	895780	21:44:00	Pedestrian	1	NA	FALSE	FALSE	1	CRANSTON ST	WALDO ST	2023-06-09	Two-Way, Divided, Unprotected (painted>4feet) Medium	Wet	Dark - Lighted	Cloudy	Not a Collision Between Two Motor Vehicles in Transport	Yes	No Controls	2	1	Pain Reported	NA	41.80634	-71.4363	FALSE	FALSE	Cranston Street and Waldo Street, Providence, RI, USA	FALSE	-71.4363086	41.8063492	intersection	geometric_center	cranston st & waldo st, providence, ri 02909, usa	NA	NA	NA	NA	41.8063492	-71.4363086	NA	1.2482384211569764	Raw	NA	NA	NA	NA	FALSE	41.80634	-71.4363	2023	June
58	2023-06-09	895753	14:07:00	Bicycle	NA	1	FALSE	FALSE	1	BROADWAY	DE PASQUALE AVE	2023-06-09	Two-Way , Not Divided	Dry	Daylight	Clear	Not a Collision Between Two Motor Vehicles in Transport	No	Pavement Markings	3	0	No Injury	NA	41.82077	-71.42526	FALSE	FALSE	Broadway and De Pasquale Ave, Providence, RI, USA	FALSE	-71.4262101	41.8224893	route	geometric_center	de pasquale ave, providence, ri 02903, usa	Broadway & De Pasquale Ave, Providence, RI, USA	Ei9Ccm9hZHdheSAmIERlIFBhc3F1YWxlIEF2ZSwgUHJvdmlkZW5jZSwgUkksIFVTQSJmImQKFAoSCTd39r50ReSJEQRLbIypVmNIEhQKEgk3d_a-dEXkiREES2yMqVZjSBoUChIJpbXlhnVF5IkRGsIzsdekb7MaFAoSCeVqSDILReSJEem1Phldyo7CIgoNM1jtGBX2X23V	41.8207795	-71.4252298	41.8207795	-71.4252298	NA	2.7194178584725206	Raw	NA	NA	NA	NA	FALSE	41.82077	-71.42526	2023	June
59	2023-06-11	895838	13:00:00	Pedestrian	1	NA	TRUE	FALSE	1	BRANCH AVE	CHATHAM ST	2023-06-11	Two-Way , Not Divided	Dry	Daylight	Clear	Angle (Front - to - Side) Opposite Direction	No	No Controls	2	1	Pain Reported	NA	41.84904	-71.41728	FALSE	FALSE	Branch Ave and Chatham Street, Providence, RI, USA	FALSE	-71.4165807	41.84872	intersection	geometric_center	chatham st & branch ave, providence, ri 02904, usa	NA	NA	NA	NA	41.84872	-71.4165807	NA	68.05536072900864	Raw	NA	NA	NA	NA	FALSE	41.84904	-71.41728	2023	June
60	2023-06-12	895854	00:01:00	Pedestrian	1	NA	TRUE	FALSE	1	N MAIN ST	N MAIN ST	2023-06-12	Two-Way , Not Divided	Dry	Dark - Lighted	Clear	Other	No	Stop Signs	3	1	Pain Reported	NA	41.84127	-71.40818	FALSE	FALSE	N Main Street and N Main Street, Providence, RI, USA	FALSE	-71.700964	41.9595187	intersection	geometric_center	n main st & pascoag main st, burrillville, ri 02859, usa	NA	NA	NA	NA	41.9595187	-71.700964	NA	27600.1150776089	Raw	distance greater than 100m	NA	NA	NA	TRUE	41.84127	-71.40818	2023	June
61	2023-06-13	895906	15:13:00	Bicycle	NA	1	TRUE	FALSE	1	WASHINGTON AVE	MICHIGAN AVE	2023-06-13	Two-Way , Not Divided	Dry	Daylight	Clear	Not a Collision Between Two Motor Vehicles in Transport	No	No Controls	2	1	Pain Reported	NA	41.78872	-71.39272	FALSE	FALSE	Washington Ave and Michigan Ave, Providence, RI, USA	FALSE	-71.3927154	41.7894605	route	geometric_center	michigan ave, providence, ri 02905, usa	Washington Ave & Michigan Ave, Providence, RI, USA	EjJXYXNoaW5ndG9uIEF2ZSAmIE1pY2hpZ2FuIEF2ZSwgUHJvdmlkZW5jZSwgUkksIFVTQSJmImQKFAoSCe9lI8D6T-SJETcgCRfkdaSUEhQKEgnvZSPA-k_kiRE3IAkX5HWklBoUChIJga3pLe5P5IkR8DyewvvEGDAaFAoSCYkQ6ZH6T-SJEaZd1LLRH1OLIgoN_nPoGBUSVnLV	41.788723	-71.392715	41.788723	-71.392715	NA	0.5326873422221614	Raw	NA	NA	NA	NA	FALSE	41.78872	-71.39272	2023	June
62	2023-06-15	895994	08:08:00	Pedestrian	1	NA	FALSE	FALSE	1	OAKLAND AVE	SMITH ST	2023-06-15	Two-Way , Not Divided	Dry	Daylight	Clear	Not a Collision Between Two Motor Vehicles in Transport	No	Traffic Control Signal	3	1	Pain Reported	NA	41.83623	-71.43046	FALSE	FALSE	Oakland Ave and Smith Street, Providence, RI, USA	FALSE	-71.43045500000001	41.8362474	intersection	geometric_center	oakland ave & smith st, providence, ri 02908, usa	NA	NA	NA	NA	41.8362474	-71.43045500000001	NA	1.9808540859837125	Raw	NA	NA	NA	NA	FALSE	41.83623	-71.43046	2023	June
63	2023-06-15	896015	19:50:00	Bicycle	NA	1	FALSE	FALSE	1	Canal Street	Elizabeth Street	2023-06-15	One-Way Trafficway	Dry	Daylight	Clear	Not a Collision Between Two Motor Vehicles in Transport	No	No Controls	3	1	Pain Reported	NA	41.82762	-71.41022	FALSE	FALSE	Canal Street and Elizabeth Street, Providence, RI, USA	FALSE	-74.0018946	40.7194006	route	geometric_center	canal st, new york, ny, usa	Canal Street & Elizabeth Street, Providence, RI, USA	EjRDYW5hbCBTdHJlZXQgJiBFbGl6YWJldGggU3RyZWV0LCBQcm92aWRlbmNlLCBSSSwgVVNBImYiZAoUChIJZ4JoExdF5IkRpvs_rKOhGK8SFAoSCWeCaBMXReSJEab7P6yjoRivGhQKEgnL1JjQGUXkiRH7a0IlEEkAshoUChIJGZD6chdF5IkRJjk8b-2FLNUiCg0hZO4YFSuqb9U	41.8276385	-71.4102229	41.8276385	-71.4102229	NA	2.0734123920598115	Raw	NA	NA	NA	NA	FALSE	41.82762	-71.41022	2023	June
64	2023-06-18	896102	23:55:00	Pedestrian	1	NA	FALSE	FALSE	1	CRANSTON ST	POTTERS AVE	2023-06-19	Two-Way, Divided, Unprotected (painted>4feet) Medium	Dry	Dark - Lighted	Cloudy	Not a Collision Between Two Motor Vehicles in Transport	No	Pavement Markings	3	1	Non-Incapacitating	NA	41.80508	-71.43774	FALSE	FALSE	Cranston Street and Potters Ave, Providence, RI, USA	FALSE	-71.43779049999999	41.8050672	intersection	geometric_center	potters ave & cranston st, providence, ri 02909, usa	NA	NA	NA	NA	41.8050672	-71.43779049999999	NA	4.426090670478895	Raw	NA	NA	NA	NA	FALSE	41.80508	-71.43774	2023	June
65	2023-06-19	896129	15:28:00	Bicycle	NA	1	TRUE	FALSE	1	SUMTER ST	NIAGARA ST	2023-06-19	Two-Way , Not Divided	Dry	Daylight	Clear	Not a Collision Between Two Motor Vehicles in Transport	No	No Controls	5	1	Pain Reported	NA	41.79655	-71.41802	FALSE	FALSE	Sumter Street and Niagara Street, Providence, RI, USA	FALSE	-71.4175735	41.7967042	intersection	geometric_center	sumter st & niagara st, providence, ri 02907, usa	NA	NA	NA	NA	41.7967042	-71.4175735	NA	40.83798820521565	Raw	NA	NA	NA	NA	FALSE	41.79655	-71.41802	2023	June
66	2023-06-19	896119	12:29:00	Pedestrian	1	NA	FALSE	FALSE	1	EDDY ST	DUDLEY ST	2023-06-19	Two-Way , Not Divided	Dry	Daylight	Clear	Not a Collision Between Two Motor Vehicles in Transport	No	Pavement Markings	3	1	Incapacitating	NA	41.81111	-71.40714	FALSE	FALSE	Eddy Street and Dudley Street, Providence, RI, USA	FALSE	-71.4071917	41.8108122	intersection	geometric_center	eddy st & dudley st, providence, ri 02905, usa	NA	NA	NA	NA	41.8108122	-71.4071917	NA	33.4273263423644	Raw	NA	NA	NA	NA	FALSE	41.81111	-71.40714	2023	June
67	2023-06-20	896173	16:53:00	Pedestrian	1	NA	FALSE	FALSE	1	Whelan Road	BODELL AVE	2023-06-20	Two-Way , Not Divided	Dry	Daylight	Clear	Angle (Front - to - Side) Opposite Direction	No	No Controls	2	1	Pain Reported	NA	41.81843	-71.45502	FALSE	FALSE	Whelan Road and Bodell Ave, Providence, RI, USA	FALSE	-71.454308	41.818283	intersection	geometric_center	bodell ave & whelan rd, providence, ri 02909, usa	NA	NA	NA	NA	41.818283	-71.454308	NA	61.293874721589525	Raw	NA	NA	NA	NA	FALSE	41.81843	-71.45502	2023	June
68	2023-06-21	896194	13:29:00	Other	NA	1	TRUE	FALSE	1	CARPENTER ST	COURTLAND ST	2023-06-21	One-Way Trafficway	Dry	Daylight	Clear	Angle (Front - to - Side) Right Angle (Includes Broadside)	No	Stop Signs	4	0	No Injury	NA	41.81766	-71.43067	FALSE	FALSE	Carpenter Street and Courtland Street, Providence, RI, USA	FALSE	-71.43067289999999	41.8176676	intersection	geometric_center	carpenter st & courtland st, providence, ri 02909, usa	NA	NA	NA	NA	41.8176676	-71.43067289999999	NA	0.8795729788264663	Raw	NA	NA	NA	NA	FALSE	41.81766	-71.43067	2023	June
69	2023-06-22	896250	19:19:00	Pedestrian	1	NA	FALSE	FALSE	1	POCASSET AVE	PLAINFIELD ST	2023-06-22	Unknown	Dry	Daylight	Clear	Not a Collision Between Two Motor Vehicles in Transport	Yes	No Controls	1	1	Pain Reported	NA	41.81361	-71.44805	FALSE	FALSE	Pocasset Ave and Plainfield Street, Providence, RI, USA	FALSE	-71.44779419999999	41.8138447	intersection	geometric_center	pocasset ave & plainfield st, providence, ri 02909, usa	NA	NA	NA	NA	41.8138447	-71.44779419999999	NA	33.66052528367819	Raw	NA	NA	NA	NA	FALSE	41.81361	-71.44805	2023	June
70	2023-06-26	896360	11:17:00	Bicycle	NA	1	FALSE	FALSE	1	Cranston Street	BURGESS ST	2023-06-26	Two-Way , Not Divided	Dry	Daylight	Cloudy	Not a Collision Between Two Motor Vehicles in Transport	No	No Controls	3	1	Pain Reported	NA	41.81672	-71.42293	FALSE	FALSE	Cranston Street and Burgess Street, Providence, RI, USA	FALSE	-71.3504737	41.8978375	route	geometric_center	burgess st, rhode island, usa	NA	NA	NA	NA	41.8978375	-71.3504737	NA	10845.735039228108	Neither	distance greater than 100m	41.815855, -71.424194	41.815855	-71.424194	TRUE	41.815855	-71.424194	2023	June
71	2023-06-28	896420	17:52:00	Pedestrian	1	NA	FALSE	FALSE	1	silver spring st.	BRANCH AVE	2023-06-28	Unknown	Dry	Daylight	Clear	Not a Collision Between Two Motor Vehicles in Transport	Yes	No Controls	2	1	Pain Reported	NA	41.84775	-71.41481	FALSE	FALSE	Silver Spring St. and Branch Ave, Providence, RI, USA	FALSE	-71.4147046	41.8478499	intersection	geometric_center	silver spring st & branch ave, providence, ri 02904, usa	NA	NA	NA	NA	41.8478499	-71.4147046	NA	14.14438521781932	Raw	NA	NA	NA	NA	FALSE	41.84775	-71.41481	2023	June
72	2023-06-28	896405	02:34:00	Pedestrian	2	NA	TRUE	FALSE	1	BROAD ST	SERVICE ROAD 7	2023-06-28	One-Way Trafficway	Dry	Dark - Lighted	Clear	Not a Collision Between Two Motor Vehicles in Transport	No	Traffic Control Signal	4	2	Pain Reported	NA	41.81736	-71.41696	FALSE	FALSE	Broad Street and Service Road 7, Providence, RI, USA	FALSE	-71.4169619	41.8173697	intersection	geometric_center	service rd 1 & broad st, providence, ri 02903, usa	NA	NA	NA	NA	41.8173697	-71.4169619	NA	1.091243989364587	Raw	NA	NA	NA	NA	FALSE	41.81736	-71.41696	2023	June
73	2023-06-28	896414	13:38:00	Bicycle	NA	1	FALSE	FALSE	1	COLLEGE ST	BENEFIT ST	2023-06-28	Two-Way , Not Divided	Dry	Daylight	Clear	Not a Collision Between Two Motor Vehicles in Transport	No	Stop Signs	4	1	Pain Reported	NA	41.826	-71.40683	FALSE	FALSE	College Street and Benefit Street, Providence, RI, USA	FALSE	-71.4068354	41.8260134	route	geometric_center	benefit st, providence, ri, usa	College Street & Benefit Street, Providence, RI, USA	EjRDb2xsZWdlIFN0cmVldCAmIEJlbmVmaXQgU3RyZWV0LCBQcm92aWRlbmNlLCBSSSwgVVNBImYiZAoUChIJT1PH0hdF5IkRsjAAs9BpeJgSFAoSCU9Tx9IXReSJEbIwALPQaXiYGhQKEgnR5cstFkXkiRH1TvxbNfBkPhoUChIJedk4CD1F5IkRxfbmqgrCUioiCg2mJO4YFX4ucNU	41.8260134	-71.40683539999999	41.8260134	-71.40683539999999	NA	1.5574868370005728	Raw	NA	NA	NA	NA	FALSE	41.826	-71.40683	2023	June
74	2023-06-29	896455	21:00:00	Pedestrian	1	NA	FALSE	FALSE	1	249 THAYER ST	CUSHING ST	2023-06-30	One-Way Trafficway	Dry	Dark - Lighted	Clear	Not a Collision Between Two Motor Vehicles in Transport	Yes	No Controls	2	1	Pain Reported	NA	41.82983	-71.40088	TRUE	FALSE	249 Thayer Street, Providence, RI, USA	FALSE	-71.4005461	41.8284694	premise	rooftop	249 thayer st, providence, ri 02906, usa	NA	NA	NA	NA	41.8284694	-71.4005461	NA	153.97277956855487	Raw	distance greater than 100m	NA	NA	NA	TRUE	41.82983	-71.40088	2023	June
75	2023-06-30	896458	10:18:00	Pedestrian	1	NA	FALSE	FALSE	1	RT 6 EAST DEAN ST EXIT	DEAN ST	2023-06-30	One-Way Trafficway	Dry	Daylight	Clear	Not a Collision Between Two Motor Vehicles in Transport	No	Traffic Control Signal	2	1	Pain Reported	NA	41.8245	-71.42546	FALSE	FALSE	Rt 6 East Dean Street Exit and Dean Street, Providence, RI, USA	FALSE	-71.4242155	41.8234078	route	geometric_center	dean st, providence, ri, usa	NA	NA	NA	NA	41.8234078	-71.4242155	NA	159.50058895757869	Raw	distance greater than 100m	NA	NA	NA	TRUE	41.8245	-71.42546	2023	June
76	2023-06-30	896463	11:53:00	Bicycle	NA	1	FALSE	FALSE	1	DOUGLAS AVE	DOUGLAS AVE	2023-06-30	Two-Way , Not Divided	Dry	Daylight	Clear	Not a Collision Between Two Motor Vehicles in Transport	No	Person	3	1	Pain Reported	NA	41.84762	-71.43084	FALSE	FALSE	Douglas Ave and Douglas Ave, Providence, RI, USA	FALSE	-71.4649957	41.8715442	intersection	geometric_center	douglas pike & douglas ave, north providence, ri 02904, usa	NA	NA	NA	NA	41.8715442	-71.4649957	NA	3887.406634373842	Raw	distance greater than 100m	NA	NA	NA	TRUE	41.84762	-71.43084	2023	June