row_number	crash_date	crash_report_id	crash_time	collision_type	count_pedestrian	count_bicycle	scooter	wheel_chair	number_of_vehicles	street_or_highway	nearest_intersection	report_date	type_of_roadway	road_surface_condition	light_condition	weather_condition	manner_of_impact	hit_and_run	traffic_control	person_count	injury_count	most_serious_injury	number_of_lanes	lat_raw	lon_raw	has_st_number	is_intersection_null	address_sent_to_geocoder	is_address_blank	lon_api_first_try	lat_api_first_try	type	loctype	address_returned_by_geocoder	address_returned_by_autocomplete	place_ids_autocompleted	lat_api_second_try	lon_api_second_try	lat_api_best	lon_api_best	api_coord_conf	distance_btwn_coords_meters	best_coordinate_set	reason_for_qa	correct_coordinates	corrected_lat	corrected_lon	manually_qaed_record	final_lat	final_lon	year	month
237	2023-12-19	907071	15:22:00	Pedestrian	1	NA	TRUE	FALSE	1	ORMS STREET	BATH STREET	2023-12-19	Two-Way , Not Divided	Dry	Daylight	Clear	Angle (Front - to - Side) Right Angle (Includes Broadside)	Yes	Stop Signs	1	1	Pain Reported	2	NA	NA	FALSE	FALSE	Orms Street and Bath Street, Providence, RI, USA	FALSE	-71.42545270000001	41.8332163	intersection	geometric_center	bath st & orms st, providence, ri 02908, usa	NA	NA	NA	NA	41.8332163	-71.42545270000001	NA	NA	Geocoded	raw coords null but geocoded coords found	NA	NA	NA	TRUE	41.8332163	-71.42545270000001	2023	December
238	2023-12-20	907108	18:03:00	Bicycle	NA	1	FALSE	FALSE	1	Broad St.	FRICKER ST	2023-12-20	Two-Way , Not Divided	Dry	Dark - Lighted	Clear	Not a Collision Between Two Motor Vehicles in Transport	No	No Controls	3	1	Pain Reported	NA	41.81485	-71.4209	FALSE	FALSE	Broad St. and Fricker Street, Providence, RI, USA	FALSE	-71.42061559999999	41.8153842	intersection	geometric_center	fricker st & broad st, providence, ri 02903, usa	NA	NA	NA	NA	41.8153842	-71.42061559999999	NA	63.977055869942	Raw	NA	NA	NA	NA	FALSE	41.81485	-71.4209	2023	December
239	2023-12-21	907142	20:24:00	Pedestrian	1	NA	FALSE	FALSE	1	PLAINFIELD ST	HARTFORD AVE	2023-12-21	Two-Way , Not Divided	Dry	Dark - Lighted	Clear	Not a Collision Between Two Motor Vehicles in Transport	No	No Controls	2	1	Pain Reported	NA	41.81655	-71.4441	FALSE	FALSE	Plainfield Street and Hartford Ave, Providence, RI, USA	FALSE	-71.44392619999999	41.8166626	intersection	geometric_center	plainfield st & hartford ave, providence, ri 02909, usa	NA	NA	NA	NA	41.8166626	-71.44392619999999	NA	19.10575198437497	Raw	NA	NA	NA	NA	FALSE	41.81655	-71.4441	2023	December
240	2023-12-23	907172	02:41:00	Pedestrian	1	NA	FALSE	FALSE	1	EXIT 22 (RT 6)	ATWELLS AVE	2023-12-23	One-Way Trafficway	Dry	Dark - Lighted	Clear	Not a Collision Between Two Motor Vehicles in Transport	No	No Controls	5	1	Non-Incapacitating	NA	41.82308	-71.41968	FALSE	FALSE	Exit 22 (Rt 6) and Atwells Ave, Providence, RI, USA	FALSE	-71.4187214	41.8226932	street_address	range_interpolated	6 atwells ave, providence, ri 02903, usa	NA	NA	NA	NA	41.8226932	-71.4187214	NA	90.4310112098544	Raw	NA	NA	NA	NA	FALSE	41.82308	-71.41968	2023	December
241	2023-12-31	907555	23:20:00	Pedestrian	1	NA	FALSE	FALSE	1	Broad St	Aldrich St	2024-01-08	Two-Way , Not Divided	Dry	Dark - Lighted	Clear	Not a Collision Between Two Motor Vehicles in Transport	No	No Controls	2	1	Pain Reported	2	NA	NA	FALSE	FALSE	Broad Street and Aldrich Street, Providence, RI, USA	FALSE	-71.4089741	41.793628	intersection	geometric_center	aldrich st & broad st, providence, ri 02905, usa	NA	NA	NA	NA	41.793628	-71.4089741	NA	NA	Geocoded	raw coords null but geocoded coords found	NA	NA	NA	TRUE	41.793628	-71.4089741	2023	December
242	2023-12-31	907371	19:20:00	Pedestrian	1	NA	FALSE	FALSE	1	N. MAIN ST.	ROCHAMBEAU AVE	2023-12-31	Two-Way , Not Divided	Dry	Dark - Lighted	Clear	Not a Collision Between Two Motor Vehicles in Transport	Yes	Traffic Control Signal	4	1	Fatal	NA	41.84676	-71.40505	FALSE	FALSE	N. Main St. and Rochambeau Ave, Providence, RI, USA	FALSE	-71.405194	41.8468149	intersection	geometric_center	rochambeau ave & n main st, providence, ri 02904, usa	NA	NA	NA	NA	41.8468149	-71.405194	NA	13.414294702836264	Raw	NA	NA	NA	NA	FALSE	41.84676	-71.40505	2023	December
1	2024-01-02	907406	15:14:00	Pedestrian	1	NA	FALSE	FALSE	1	95 Manton Ave	CHAFFEE ST	2024-01-02	Two-Way , Not Divided	Dry	Daylight	Clear	Not a Collision Between Two Motor Vehicles in Transport	No	No Controls	2	1	Pain Reported	NA	41.81867	-71.44558	TRUE	FALSE	95 Manton Ave, Providence, RI, USA	FALSE	-71.44513289999999	41.8185648	premise	rooftop	95 manton ave, providence, ri 02909, usa	NA	NA	NA	NA	41.8185648	-71.44513289999999	NA	38.8970315907244	Raw	NA	NA	NA	NA	FALSE	41.81867	-71.44558	2024	January
2	2024-01-02	907410	16:02:00	Bicycle	NA	1	TRUE	FALSE	1	BROAD ST	BROAD ST	2024-01-02	Two-Way , Not Divided	Dry	Dusk	Clear	Not a Collision Between Two Motor Vehicles in Transport	No	Pavement Markings	3	1	Pain Reported	NA	41.80153	-71.41838	FALSE	FALSE	Broad Street and Broad Street, Providence, RI, USA	FALSE	-71.410453	41.7948262	route	geometric_center	broad st, providence, ri, usa	NA	NA	NA	NA	41.7948262	-71.410453	NA	994.823801941246	Raw	distance greater than 100m	NA	NA	NA	TRUE	41.80153	-71.41838	2024	January
3	2024-01-03	907421	10:57:00	Bicycle	NA	NA	FALSE	FALSE	2	DOUGLAS AVE	CRIMEA ST	2024-01-03	Two-Way , Not Divided	Dry	Daylight	Clear	Sideswipe, Same Direction	No	Stop Signs	3	0	No Injury	NA	41.83698	-71.42186	FALSE	FALSE	Douglas Ave and Crimea Street, Providence, RI, USA	FALSE	-71.4218604	41.8370137	intersection	geometric_center	crimea st & douglas ave, providence, ri 02908, usa	NA	NA	NA	NA	41.8370137	-71.4218604	NA	3.751613525732067	Raw	NA	NA	NA	NA	FALSE	41.83698	-71.42186	2024	January
4	2024-01-05	907478	10:00:00	Pedestrian	1	NA	FALSE	FALSE	1	DOYLE AVE	HOPE ST	2024-01-05	Two-Way , Not Divided	Dry	Daylight	Clear	Angle (Front - to - Side) Opposite Direction	Yes	Traffic Control Signal	1	1	Non-Incapacitating	2	41.83877	-71.40017	FALSE	FALSE	Doyle Ave and Hope Street, Providence, RI, USA	FALSE	-71.4000949	41.8387918	intersection	geometric_center	hope st & doyle ave, providence, ri 02906, usa	NA	NA	NA	NA	41.8387918	-71.4000949	NA	6.684542149893355	Raw	NA	NA	NA	NA	FALSE	41.83877	-71.40017	2024	January
5	2024-01-05	907489	18:31:00	Pedestrian	1	NA	TRUE	FALSE	1	CHALKSTONE AVE.	ACADEMY AVE	2024-01-05	Two-Way , Not Divided	Dry	Dark - Lighted	Clear	Angle (Front - to - Side) Right Angle (Includes Broadside)	No	No Controls	4	1	Pain Reported	NA	41.83245	-71.44454	FALSE	FALSE	Chalkstone Ave. and Academy Ave, Providence, RI, USA	FALSE	-71.44453419999999	41.8324655	intersection	geometric_center	academy ave & chalkstone ave, providence, ri 02908, usa	NA	NA	NA	NA	41.8324655	-71.44453419999999	NA	1.7912615984516398	Raw	NA	NA	NA	NA	FALSE	41.83245	-71.44454	2024	January
6	2024-01-07	907527	14:09:00	Pedestrian	1	NA	FALSE	FALSE	1	PORTLAND ST	BROAD ST	2024-01-07	Two-Way , Not Divided	Snow	Daylight	Snow	Not a Collision Between Two Motor Vehicles in Transport	Yes	No Controls	2	1	Pain Reported	NA	41.81407	-71.42115	FALSE	FALSE	Portland Street and Broad Street, Providence, RI, USA	FALSE	-71.42131280000001	41.8141655	intersection	geometric_center	portland st & broad st, providence, ri 02907, usa	NA	NA	NA	NA	41.8141655	-71.42131280000001	NA	17.188990081811337	Raw	NA	NA	NA	NA	FALSE	41.81407	-71.42115	2024	January
7	2024-01-09	907648	16:30:00	Pedestrian	1	NA	FALSE	FALSE	1	BROAD ST	BROAD ST	2024-01-09	Two-Way , Not Divided	Wet	Dark - Lighted	Rain	Not a Collision Between Two Motor Vehicles in Transport	No	No Controls	3	1	Pain Reported	NA	41.81459	-71.42105	FALSE	FALSE	Broad Street and Broad Street, Providence, RI, USA	FALSE	-71.410453	41.7948262	route	geometric_center	broad st, providence, ri, usa	NA	NA	NA	NA	41.7948262	-71.410453	NA	2369.3160580789004	Raw	distance greater than 100m	NA	NA	NA	TRUE	41.81459	-71.42105	2024	January
8	2024-01-10	907676	18:03:00	Pedestrian	1	NA	TRUE	FALSE	1	WATERMAN ST	HOPE ST	2024-01-10	One-Way Trafficway	Dry	Dark - Lighted	Clear	Not a Collision Between Two Motor Vehicles in Transport	No	Traffic Control Signal	4	1	Pain Reported	NA	41.82758	-71.39723	FALSE	FALSE	Waterman Street and Hope Street, Providence, RI, USA	FALSE	-71.39724530000001	41.8275915	intersection	geometric_center	hope st & waterman st, providence, ri 02906, usa	NA	NA	NA	NA	41.8275915	-71.39724530000001	NA	1.802653652388228	Raw	NA	NA	NA	NA	FALSE	41.82758	-71.39723	2024	January
9	2024-01-11	907707	20:19:00	Pedestrian	1	NA	FALSE	FALSE	1	CARTER ST	ELMWOOD AVE	2024-01-11	Two-Way, Divided, Unprotected (painted>4feet) Medium	Dry	Dark - Lighted	Clear	Not a Collision Between Two Motor Vehicles in Transport	No	No Controls	4	1	Non-Incapacitating	NA	41.8002	-71.42657	FALSE	FALSE	Carter Street and Elmwood Ave, Providence, RI, USA	FALSE	-71.4265547	41.80024270000001	intersection	geometric_center	carter st & elmwood ave, providence, ri 02907, usa	NA	NA	NA	NA	41.80024270000001	-71.4265547	NA	4.919995311070679	Raw	NA	NA	NA	NA	FALSE	41.8002	-71.42657	2024	January
10	2024-01-12	907735	17:35:00	Bicycle	NA	1	TRUE	FALSE	1	BROAD ST	VERNDALE AVE	2024-01-12	Two-Way , Not Divided	Dry	Dark - Lighted	Clear	Not a Collision Between Two Motor Vehicles in Transport	No	Pavement Markings	4	1	Pain Reported	NA	41.79178	-71.4067	FALSE	FALSE	Broad Street and Verndale Ave, Providence, RI, USA	FALSE	-71.40668490000002	41.7917658	intersection	geometric_center	verndale ave & broad st, providence, ri 02905, usa	NA	NA	NA	NA	41.7917658	-71.40668490000002	NA	2.0172662887086026	Raw	NA	NA	NA	NA	FALSE	41.79178	-71.4067	2024	January
11	2024-01-12	907736	18:44:00	Pedestrian	1	NA	FALSE	FALSE	1	CRANSTON ST	HARRISON ST	2024-01-12	Two-Way , Not Divided	Dry	Dark - Lighted	Clear	Not a Collision Between Two Motor Vehicles in Transport	No	No Controls	3	1	Pain Reported	NA	41.813	-71.42881	FALSE	FALSE	Cranston Street and Harrison Street, Providence, RI, USA	FALSE	-71.4286582	41.8131054	intersection	geometric_center	cranston st & harrison st, providence, ri 02907, usa	NA	NA	NA	NA	41.8131054	-71.4286582	NA	17.213127260865587	Raw	NA	NA	NA	NA	FALSE	41.813	-71.42881	2024	January
12	2024-01-13	907772	18:22:00	Pedestrian	1	NA	FALSE	FALSE	1	POCASSET AVENUE	BANCROFT ST	2024-01-13	Two-Way , Not Divided	Dry	Dark - Lighted	Clear	Other	No	No Controls	2	0	No Injury	NA	41.81334	-71.44837	FALSE	FALSE	Pocasset Avenue and Bancroft Street, Providence, RI, USA	FALSE	-71.4483713	41.8133784	intersection	geometric_center	pocasset ave & bancroft st, providence, ri 02909, usa	NA	NA	NA	NA	41.8133784	-71.4483713	NA	4.276028994463927	Raw	NA	NA	NA	NA	FALSE	41.81334	-71.44837	2024	January
13	2024-01-13	907775	20:49:00	Bicycle	NA	1	FALSE	FALSE	1	Gallup St	GORDON AVE	2024-01-13	Two-Way , Not Divided	Dry	Dark - Lighted	Clear	Not a Collision Between Two Motor Vehicles in Transport	No	Stop Signs	2	1	Non-Incapacitating	NA	41.79971	-71.41403	FALSE	FALSE	Gallup Street and Gordon Ave, Providence, RI, USA	FALSE	-71.4140386	41.799723	intersection	geometric_center	gordon ave & gallup st, providence, ri 02907, usa	NA	NA	NA	NA	41.799723	-71.4140386	NA	1.6135662650573024	Raw	NA	NA	NA	NA	FALSE	41.79971	-71.41403	2024	January
14	2024-01-17	907876	12:15:00	Pedestrian	1	NA	FALSE	FALSE	1	RADEL ST	cHARLES sT	2024-01-17	Two-Way , Not Divided	Wet	Daylight	Clear	Not a Collision Between Two Motor Vehicles in Transport	No	Yield Signs	3	1	Pain Reported	2	NA	NA	FALSE	FALSE	Radel Street and Charles Street, Providence, RI, USA	FALSE	-71.4195067	41.8473644	route	geometric_center	charles st, providence, ri, usa	NA	NA	NA	NA	41.8473644	-71.4195067	NA	NA	Unknown	raw coords null but geocoded coords found	NA	NA	NA	TRUE	NA	NA	2024	January
15	2024-01-18	907922	15:19:00	Pedestrian	1	NA	FALSE	FALSE	1	HAWKINS ST	BRANCH AVE	2024-01-18	Two-Way , Not Divided	Dry	Daylight	Clear	Not a Collision Between Two Motor Vehicles in Transport	No	No Controls	4	1	Pain Reported	NA	41.85054	-71.4225	FALSE	FALSE	Hawkins Street and Branch Ave, Providence, RI, USA	FALSE	-71.42145169999999	41.8509324	intersection	geometric_center	hawkins st & branch ave, providence, ri 02904, usa	NA	NA	NA	NA	41.8509324	-71.42145169999999	NA	97.28364952482184	Raw	NA	NA	NA	NA	FALSE	41.85054	-71.4225	2024	January
16	2024-01-18	907929	19:39:00	Pedestrian	1	NA	FALSE	FALSE	1	BROADWAY	MARSHALL ST	2024-01-18	One-Way Trafficway	Ice/Frost	Dark - Lighted	Clear	Not a Collision Between Two Motor Vehicles in Transport	No	No Controls	3	1	Pain Reported	NA	41.81912	-71.43223	FALSE	FALSE	Broadway and Marshall Street, Providence, RI, USA	FALSE	-71.4319893	41.8178679	route	geometric_center	marshall st, providence, ri 02909, usa	Broadway & Marshall Street, Providence, RI, USA	Ei9Ccm9hZHdheSAmIE1hcnNoYWxsIFN0cmVldCwgUHJvdmlkZW5jZSwgUkksIFVTQSJmImQKFAoSCR_bFmaeReSJEXeoTFxx3QIREhQKEgkf2xZmnkXkiRF3qExccd0CERoUChIJpbXlhnVF5IkRGsIzsdekb7MaFAoSCXdzf9mdReSJEal-nPEQ0Qe9IgoNChjtGBX3TWzV	41.819137	-71.43224409999999	41.819137	-71.43224409999999	NA	2.224774000849054	Raw	NA	NA	NA	NA	FALSE	41.81912	-71.43223	2024	January
17	2024-01-19	907958	18:04:00	Bicycle	NA	1	FALSE	FALSE	1	VALLEY ST	BARSTOW ST	2024-01-19	Two-Way , Not Divided	Wet	Dark - Lighted	Clear	Angle (Front - to - Side) Right Angle (Includes Broadside)	No	No Controls	3	0	No Injury	NA	41.82427	-71.43955	FALSE	FALSE	Valley Street and Barstow Street, Providence, RI, USA	FALSE	-71.4395873	41.82417909999999	intersection	geometric_center	valley st & barstow st, providence, ri 02909, usa	NA	NA	NA	NA	41.82417909999999	-71.4395873	NA	10.581450884099864	Raw	NA	NA	NA	NA	FALSE	41.82427	-71.43955	2024	January
18	2024-01-20	907979	14:11:00	Bicycle	NA	NA	FALSE	FALSE	2	CLADRASH'S AVE	MAPLE AVE	2024-01-20	Two-Way , Not Divided	Dry	Daylight	Clear	Angle (Front - to - Side) Right Angle (Includes Broadside)	No	No Controls	3	0	No Injury	NA	41.78404	-71.4123	FALSE	FALSE	Cladrash's Ave and Maple Ave, Providence, RI, USA	FALSE	-71.4144615	41.7823585	route	geometric_center	maple ave, providence, ri, usa	NA	NA	NA	NA	41.7823585	-71.4144615	NA	259.28698646160103	Raw	distance greater than 100m	NA	NA	NA	TRUE	41.78404	-71.4123	2024	January
19	2024-01-20	907985	17:23:00	Pedestrian	1	NA	FALSE	FALSE	1	WATERMAN ST	WAYLAND AVE	2024-01-20	Two-Way , Not Divided	Wet	Dark - Lighted	Snow	Not a Collision Between Two Motor Vehicles in Transport	No	Pavement Markings	3	1	Pain Reported	NA	41.8286	-71.38839	FALSE	FALSE	Waterman Street and Wayland Ave, Providence, RI, USA	FALSE	-71.3883771	41.828629	intersection	geometric_center	wayland ave & waterman st, providence, ri 02906, usa	NA	NA	NA	NA	41.828629	-71.3883771	NA	3.400982934437716	Raw	NA	NA	NA	NA	FALSE	41.8286	-71.38839	2024	January
20	2024-01-26	908125	08:04:00	Pedestrian	1	NA	TRUE	FALSE	1	GEORGE ST	HOPE ST	2024-01-26	Two-Way , Not Divided	Wet	Daylight	Rain	Not a Collision Between Two Motor Vehicles in Transport	No	Stop Signs	2	0	No Injury	NA	41.82579	-71.39727	FALSE	FALSE	George Street and Hope Street, Providence, RI, USA	FALSE	-71.4000045	41.8389881	route	geometric_center	hope st, providence, ri, usa	George Street & Hope Street, Providence, RI, USA	EjBHZW9yZ2UgU3RyZWV0ICYgSG9wZSBTdHJlZXQsIFByb3ZpZGVuY2UsIFJJLCBVU0EiZiJkChQKEgmrO17fOkXkiRFKEUPHX6jYWhIUChIJqzte3zpF5IkRShFDx1-o2FoaFAoSCcfqJGM7ReSJEbJnjjYuSZRlGhQKEgmRo8kFxUTkiRFr4T3VeAKWISIKDe4b7hgVIKRx1Q	41.8257902	-71.3972704	41.8257902	-71.3972704	NA	0.03995826066096828	Raw	NA	NA	NA	NA	FALSE	41.82579	-71.39727	2024	January
21	2024-01-27	908162	13:23:00	Pedestrian	1	NA	FALSE	FALSE	1	POTTERS AVE	ELMWOOD AVE	2024-01-27	Two-Way , Not Divided	Dry	Daylight	Cloudy	Not a Collision Between Two Motor Vehicles in Transport	Yes	No Controls	2	1	Pain Reported	NA	41.80151	-71.42635	FALSE	FALSE	Potters Ave and Elmwood Ave, Providence, RI, USA	FALSE	-71.4263443	41.8015284	intersection	geometric_center	potters ave & elmwood ave, providence, ri 02907, usa	NA	NA	NA	NA	41.8015284	-71.4263443	NA	2.1021852674967354	Raw	NA	NA	NA	NA	FALSE	41.80151	-71.42635	2024	January
22	2024-01-30	908244	12:30:00	Pedestrian	1	NA	FALSE	FALSE	1	Frienship Street	Hay Street	2024-01-30	One-Way Trafficway	Dry	Daylight	Cloudy	Head-On (Front - to - Front)	No	Pavement Markings	3	1	Pain Reported	NA	NA	NA	FALSE	FALSE	Frienship Street and Hay Street, Providence, RI, USA	FALSE	-71.40843869999999	41.8230288	intersection	geometric_center	hay st & friendship st, providence, ri 02903, usa	NA	NA	NA	NA	41.8230288	-71.40843869999999	NA	NA	Geocoded	raw coords null but geocoded coords found	NA	NA	NA	TRUE	41.8230288	-71.40843869999999	2024	January
23	2024-02-02	908300	10:17:00	Pedestrian	1	NA	FALSE	FALSE	1	1303 NORTH MAIN ST	N MAIN ST	2024-02-02	Two-Way, Divided, Positive Median Barrier	Dry	Daylight	Cloudy	Not a Collision Between Two Motor Vehicles in Transport	No	No Controls	2	1	Pain Reported	NA	41.8558	-71.39988	TRUE	FALSE	1303 North Main Street, Providence, RI, USA	FALSE	-71.3992998	41.85607539999999	street_address	rooftop	1303 n main st, providence, ri 02904, usa	NA	NA	NA	NA	41.85607539999999	-71.3992998	NA	57.04475463211359	Raw	NA	NA	NA	NA	FALSE	41.8558	-71.39988	2024	February
24	2024-02-03	908339	15:35:00	Pedestrian	1	NA	FALSE	FALSE	1	Cranston St.	BENEDICT ST	2024-02-03	Two-Way , Not Divided	Dry	Daylight	Clear	Not a Collision Between Two Motor Vehicles in Transport	No	No Controls	3	1	Pain Reported	NA	41.8056	-71.43705	FALSE	FALSE	Cranston St. and Benedict Street, Providence, RI, USA	FALSE	-71.4372805	41.80544039999999	intersection	geometric_center	cranston st & benedict st, providence, ri 02907, usa	NA	NA	NA	NA	41.80544039999999	-71.4372805	NA	26.10516447477661	Raw	NA	NA	NA	NA	FALSE	41.8056	-71.43705	2024	February
25	2024-02-03	908342	14:52:00	Pedestrian	1	NA	FALSE	FALSE	1	BUTLER AVE	S ANGELL ST	2024-02-03	One-Way Trafficway	Dry	Daylight	Clear	Not a Collision Between Two Motor Vehicles in Transport	No	Traffic Control Signal	2	1	Pain Reported	NA	41.82947	-71.38504	FALSE	FALSE	Butler Ave and S Angell Street, Providence, RI, USA	FALSE	-71.3850439	41.8294963	intersection	geometric_center	butler ave & s angell st, providence, ri 02906, usa	NA	NA	NA	NA	41.8294963	-71.3850439	NA	2.9455207581968974	Raw	NA	NA	NA	NA	FALSE	41.82947	-71.38504	2024	February
26	2024-02-08	908450	17:06:00	Pedestrian	1	NA	FALSE	FALSE	1	PRISCILLA AVE	UNION AVE	2024-02-08	Two-Way , Not Divided	Dry	Dusk	Clear	Not a Collision Between Two Motor Vehicles in Transport	No	No Controls	3	1	Pain Reported	NA	41.80736	-71.44574	FALSE	FALSE	Priscilla Ave and Union Ave, Providence, RI, USA	FALSE	-71.4457559	41.8073133	intersection	geometric_center	priscilla ave & union ave, providence, ri 02909, usa	NA	NA	NA	NA	41.8073133	-71.4457559	NA	5.363420038319758	Raw	NA	NA	NA	NA	FALSE	41.80736	-71.44574	2024	February
27	2024-02-09	908480	10:09:00	Pedestrian	1	NA	FALSE	FALSE	1	North Main St	Rochambeau Ave	2024-02-09	Two-Way , Not Divided	Wet	Daylight	Cloudy	Not a Collision Between Two Motor Vehicles in Transport	No	Traffic Control Signal	4	1	Pain Reported	4	NA	NA	FALSE	FALSE	North Main Street and Rochambeau Ave, Providence, RI, USA	FALSE	-71.4052146	41.8468221	intersection	geometric_center	rochambeau ave & n main st, providence, ri 02904, usa	NA	NA	NA	NA	41.8468221	-71.4052146	NA	NA	Geocoded	raw coords null but geocoded coords found	NA	NA	NA	TRUE	41.8468221	-71.4052146	2024	February
28	2024-02-09	908511	18:45:00	Pedestrian	1	NA	FALSE	FALSE	1	WATERMAN ST	WAYLAND AVE	2024-02-09	One-Way Trafficway	Dry	Dark - Lighted	Clear	Not a Collision Between Two Motor Vehicles in Transport	No	Traffic Control Signal	3	1	Pain Reported	NA	41.8286	-71.38838	FALSE	FALSE	Waterman Street and Wayland Ave, Providence, RI, USA	FALSE	-71.3883771	41.828629	intersection	geometric_center	wayland ave & waterman st, providence, ri 02906, usa	NA	NA	NA	NA	41.828629	-71.3883771	NA	3.237215105978704	Raw	NA	NA	NA	NA	FALSE	41.8286	-71.38838	2024	February
29	2024-02-12	908581	17:54:00	Bicycle	NA	1	FALSE	FALSE	1	ELMWOOD AVE	SPOONER ST	2024-02-12	Two-Way , Not Divided	Dry	Dark - Lighted	Clear	Not a Collision Between Two Motor Vehicles in Transport	No	Pavement Markings	3	1	Pain Reported	NA	41.77807	-71.42086	FALSE	FALSE	Elmwood Ave and Spooner Street, Providence, RI, USA	FALSE	-71.4209266	41.7780969	intersection	geometric_center	spooner st & elmwood ave, providence, ri 02907, usa	NA	NA	NA	NA	41.7780969	-71.4209266	NA	6.287619683057958	Raw	NA	NA	NA	NA	FALSE	41.77807	-71.42086	2024	February
30	2024-02-14	908622	13:54:00	Pedestrian	1	NA	FALSE	FALSE	1	ANGELL STREET	ELMGROVE AVE	2024-02-14	One-Way Trafficway	Dry	Daylight	Clear	Other	No	No Controls	4	1	Non-Incapacitating	NA	41.82997	-71.38887	FALSE	FALSE	Angell Street and Elmgrove Ave, Providence, RI, USA	FALSE	-71.3893387	41.8299209	intersection	geometric_center	elmgrove ave & angell st, providence, ri 02906, usa	NA	NA	NA	NA	41.8299209	-71.3893387	NA	39.25969983533377	Raw	NA	NA	NA	NA	FALSE	41.82997	-71.38887	2024	February
31	2024-02-18	908751	01:40:00	Other	NA	NA	TRUE	FALSE	2	N MAIN ST	CEMETERY ST	2024-02-18	One-Way Trafficway	Dry	Dark - Lighted	Clear	Sideswipe, Same Direction	Yes	No Controls	2	0	No Injury	NA	41.8474	-71.40481	FALSE	FALSE	N Main Street and Cemetery Street, Providence, RI, USA	FALSE	-71.4037688	41.849069	intersection	geometric_center	cemetery st & n main st, providence, ri 02904, usa	NA	NA	NA	NA	41.849069	-71.4037688	NA	204.87396670677737	Geocoded	distance greater than 100m	NA	NA	NA	TRUE	41.849069	-71.4037688	2024	February
32	2024-02-18	908770	16:40:00	Bicycle	NA	1	FALSE	FALSE	1	WESTMINSTER ST.	MESSER ST	2024-02-18	Two-Way , Not Divided	Dry	Daylight	Clear	Not a Collision Between Two Motor Vehicles in Transport	No	No Controls	3	1	Pain Reported	NA	41.81586	-71.43704	FALSE	FALSE	Westminster St. and Messer Street, Providence, RI, USA	FALSE	-71.43705469999999	41.8158828	intersection	geometric_center	messer st & westminster st, providence, ri 02909, usa	NA	NA	NA	NA	41.8158828	-71.43705469999999	NA	2.815897257564242	Raw	NA	NA	NA	NA	FALSE	41.81586	-71.43704	2024	February
33	2024-02-19	908787	15:32:00	Pedestrian	1	NA	FALSE	FALSE	1	CLIFF ST	VALLEY ST	2024-02-19	Two-Way , Not Divided	Dry	Daylight	Clear	Not a Collision Between Two Motor Vehicles in Transport	No	No Controls	5	1	Pain Reported	NA	41.82623	-71.43865	FALSE	FALSE	Cliff Street and Valley Street, Providence, RI, USA	FALSE	-71.4386549	41.8262675	intersection	geometric_center	cliff st & valley st, providence, ri 02908, usa	NA	NA	NA	NA	41.8262675	-71.4386549	NA	4.194222750955628	Raw	NA	NA	NA	NA	FALSE	41.82623	-71.43865	2024	February
34	2024-02-19	908791	12:25:00	Pedestrian	1	NA	FALSE	FALSE	1	BROAD ST	WEST FRIENDSHIP ST	2024-02-19	Two-Way , Not Divided	Dry	Daylight	Clear	Not a Collision Between Two Motor Vehicles in Transport	Yes	Traffic Control Signal	2	1	Incapacitating	NA	41.80977	-71.42101	FALSE	FALSE	Broad Street and West Friendship Street, Providence, RI, USA	FALSE	-71.42102539999999	41.8098453	intersection	geometric_center	w friendship st & broad st, providence, ri 02907, usa	NA	NA	NA	NA	41.8098453	-71.42102539999999	NA	8.479190079675353	Raw	NA	NA	NA	NA	FALSE	41.80977	-71.42101	2024	February
35	2024-02-21	908841	13:20:00	Pedestrian	1	NA	FALSE	FALSE	1	Adelaide Ave	Elmwood Ave	2024-02-21	Two-Way , Not Divided	Dry	Daylight	Clear	Not a Collision Between Two Motor Vehicles in Transport	No	No Controls	2	1	Pain Reported	2	NA	NA	FALSE	FALSE	Adelaide Ave and Elmwood Ave, Providence, RI, USA	FALSE	-71.4249889	41.79590779999999	intersection	geometric_center	adelaide ave & elmwood ave, providence, ri 02907, usa	NA	NA	NA	NA	41.79590779999999	-71.4249889	NA	NA	Geocoded	raw coords null but geocoded coords found	NA	NA	NA	TRUE	41.79590779999999	-71.4249889	2024	February
36	2024-02-22	908891	15:26:00	Pedestrian	1	NA	FALSE	FALSE	1	FELIX ST	CHALKSTONE AVE	2024-02-22	Two-Way , Not Divided	Dry	Daylight	Clear	Not a Collision Between Two Motor Vehicles in Transport	No	No Controls	3	1	Pain Reported	NA	41.83452	-71.42838	FALSE	FALSE	Felix Street and Chalkstone Ave, Providence, RI, USA	FALSE	-71.4284074	41.8345879	intersection	geometric_center	felix st & chalkstone ave, providence, ri 02908, usa	NA	NA	NA	NA	41.8345879	-71.4284074	NA	7.892844895269361	Raw	NA	NA	NA	NA	FALSE	41.83452	-71.42838	2024	February