row_number	crash_date	crash_report_id	crash_time	collision_type	count_pedestrian	count_bicycle	scooter	wheel_chair	number_of_vehicles	street_or_highway	nearest_intersection	report_date	type_of_roadway	road_surface_condition	light_condition	weather_condition	manner_of_impact	hit_and_run	traffic_control	person_count	injury_count	most_serious_injury	number_of_lanes	lat_raw	lon_raw	has_st_number	is_intersection_null	address_sent_to_geocoder	is_address_blank	lon_api_first_try	lat_api_first_try	type	loctype	address_returned_by_geocoder	address_returned_by_autocomplete	place_ids_autocompleted	lat_api_second_try	lon_api_second_try	lat_api_best	lon_api_best	api_coord_conf	distance_btwn_coords_meters	best_coordinate_set	reason_for_qa	correct_coordinates	corrected_lat	corrected_lon	manually_qaed_record	final_lat	final_lon	year	month
37	2024-02-25	908947	10:14:00	Pedestrian	1	NA	FALSE	FALSE	1	THAYER ST	CUSHING ST	2024-02-25	Two-Way , Not Divided	Dry	Daylight	Clear	Not a Collision Between Two Motor Vehicles in Transport	No	Pavement Markings	3	1	Non-Incapacitating	NA	41.83003	-71.4009	FALSE	FALSE	Thayer Street and Cushing Street, Providence, RI, USA	FALSE	-71.40089549999999	41.8300403	intersection	geometric_center	thayer st & cushing st, providence, ri 02906, usa	NA	NA	NA	NA	41.8300403	-71.40089549999999	NA	1.2058170873178455	Raw	NA	NA	NA	NA	FALSE	41.83003	-71.4009	2024	February
38	2024-02-28	908997	12:03:00	Bicycle	NA	1	FALSE	FALSE	1	NORTH MAIN ST	EVERGREEN ST	2024-02-28	Two-Way, Divided, Positive Median Barrier	Wet	Daylight	Rain	Not a Collision Between Two Motor Vehicles in Transport	No	Stop Signs	2	1	Incapacitating	NA	41.84488	-71.40615	FALSE	FALSE	North Main Street and Evergreen Street, Providence, RI, USA	FALSE	-71.406139	41.8449085	intersection	geometric_center	evergreen st & n main st, providence, ri 02906, usa	NA	NA	NA	NA	41.8449085	-71.406139	NA	3.3011431219441083	Raw	NA	NA	NA	NA	FALSE	41.84488	-71.40615	2024	February
39	2024-02-28	909015	17:14:00	Pedestrian	1	NA	FALSE	FALSE	1	NEW YORK AVE	ALLENS AVE	2024-02-28	Two-Way, Divided, Unprotected (painted>4feet) Medium	Dry	Dark - Lighted	Clear	Not a Collision Between Two Motor Vehicles in Transport	No	Traffic Control Signal	3	1	Non-Incapacitating	NA	41.791	-71.39665	FALSE	FALSE	New York Ave and Allens Ave, Providence, RI, USA	FALSE	-71.3966587	41.79102839999999	intersection	geometric_center	allens ave & new york ave, providence, ri 02905, usa	NA	NA	NA	NA	41.79102839999999	-71.3966587	NA	3.2428866366878912	Raw	NA	NA	NA	NA	FALSE	41.791	-71.39665	2024	February
40	2024-02-28	909019	18:58:00	Pedestrian	1	NA	FALSE	FALSE	1	DUDLEY ST.	PLAIN ST	2024-02-28	Two-Way , Not Divided	Wet	Dark - Lighted	Rain	Not a Collision Between Two Motor Vehicles in Transport	No	Stop Signs	3	1	Pain Reported	NA	41.81022	-71.41121	FALSE	FALSE	Dudley St. and Plain Street, Providence, RI, USA	FALSE	-71.41121420000002	41.8102467	intersection	geometric_center	plain st & dudley st, providence, ri 02903, usa	NA	NA	NA	NA	41.8102467	-71.41121420000002	NA	2.9925901439665616	Raw	NA	NA	NA	NA	FALSE	41.81022	-71.41121	2024	February
41	2024-03-01	909052	19:33:00	Bicycle	NA	1	FALSE	FALSE	1	NIANTIC AVE	CRANSTON ST	2024-03-01	Two-Way, Not Divided With a Continuous Left Turn Lane	Dry	Dark - Lighted	Clear	Not a Collision Between Two Motor Vehicles in Transport	No	Traffic Control Signal	3	1	Pain Reported	NA	41.80339	-71.44	FALSE	FALSE	Niantic Ave and Cranston Street, Providence, RI, USA	FALSE	-71.4400177	41.8034155	intersection	geometric_center	cranston st & niantic ave, cranston, ri 02907, usa	NA	NA	NA	NA	41.8034155	-71.4400177	NA	3.196124994822891	Raw	NA	NA	NA	NA	FALSE	41.80339	-71.44	2024	March
42	2024-03-02	909103	17:52:00	Pedestrian	1	NA	FALSE	FALSE	1	ORMS ST	SMITH ST	2024-03-02	Two-Way, Divided, Unprotected (painted>4feet) Medium	Wet	Dark - Lighted	Rain	Not a Collision Between Two Motor Vehicles in Transport	No	Traffic Control Signal	3	0	No Injury	NA	41.83376	-71.42199	FALSE	FALSE	Orms Street and Smith Street, Providence, RI, USA	FALSE	-71.42197639999999	41.8337813	intersection	geometric_center	orms st & smith st, providence, ri 02904, usa	NA	NA	NA	NA	41.8337813	-71.42197639999999	NA	2.6257488331032373	Raw	NA	NA	NA	NA	FALSE	41.83376	-71.42199	2024	March
43	2024-03-04	909148	15:49:00	Pedestrian	1	NA	FALSE	FALSE	1	DABOLL ST	BUCKLIN ST	2024-03-04	Two-Way , Not Divided	Dry	Daylight	Cloudy	Not a Collision Between Two Motor Vehicles in Transport	No	Stop Signs	3	1	Pain Reported	2	41.80409	-71.42772	FALSE	FALSE	Daboll Street and Bucklin Street, Providence, RI, USA	FALSE	-71.427733	41.8041117	intersection	geometric_center	bucklin st & daboll st, providence, ri 02907, usa	NA	NA	NA	NA	41.8041117	-71.427733	NA	2.645558941401929	Raw	NA	NA	NA	NA	FALSE	41.80409	-71.42772	2024	March
44	2024-03-05	909179	14:52:00	Pedestrian	1	NA	FALSE	FALSE	1	MAUDE ST	SMITH ST	2024-03-05	Two-Way , Not Divided	Wet	Daylight	Rain	Not a Collision Between Two Motor Vehicles in Transport	No	Stop Signs	3	1	Pain Reported	NA	41.83755	-71.43347	FALSE	FALSE	Maude Street and Smith Street, Providence, RI, USA	FALSE	-71.4334816	41.8375815	intersection	geometric_center	maude st & smith st, providence, ri 02908, usa	NA	NA	NA	NA	41.8375815	-71.4334816	NA	3.6361484578889502	Raw	NA	NA	NA	NA	FALSE	41.83755	-71.43347	2024	March
45	2024-03-07	909248	16:50:00	Pedestrian	1	NA	TRUE	FALSE	1	HOLLYWOOD RD	PARADE ST	2024-03-07	Two-Way , Not Divided	Dry	Daylight	Clear	Not a Collision Between Two Motor Vehicles in Transport	Yes	No Controls	3	1	Pain Reported	NA	41.81577	-71.43307	FALSE	FALSE	Hollywood Rd and Parade Street, Providence, RI, USA	FALSE	-71.4330927	41.8157878	intersection	geometric_center	hollywood rd & parade st, providence, ri 02909, usa	NA	NA	NA	NA	41.8157878	-71.4330927	NA	2.7337115766606868	Raw	NA	NA	NA	NA	FALSE	41.81577	-71.43307	2024	March
46	2024-03-10	909326	17:10:00	Pedestrian	1	NA	FALSE	FALSE	1	THAYER ST	MEETING ST	2024-03-10	One-Way Trafficway	Dry	Daylight	Clear	Not a Collision Between Two Motor Vehicles in Transport	Yes	No Controls	1	1	Pain Reported	NA	41.82915	-71.40079	FALSE	FALSE	Thayer Street and Meeting Street, Providence, RI, USA	FALSE	-71.40078439999999	41.8291625	intersection	geometric_center	thayer st & meeting st, providence, ri 02906, usa	NA	NA	NA	NA	41.8291625	-71.40078439999999	NA	1.4669779190519483	Raw	NA	NA	NA	NA	FALSE	41.82915	-71.40079	2024	March
47	2024-03-12	909347	04:01:00	Pedestrian	1	NA	FALSE	FALSE	1	CANTON ST	LINTON ST	2024-03-12	Two-Way , Not Divided	Dry	Dark - Lighted	Clear	Not a Collision Between Two Motor Vehicles in Transport	Yes	No Controls	1	1	Pain Reported	NA	41.83161	-71.44238	FALSE	FALSE	Canton Street and Linton Street, Providence, RI, USA	FALSE	-71.4423831	41.8316147	intersection	geometric_center	linton st & canton st, providence, ri 02908, usa	NA	NA	NA	NA	41.8316147	-71.4423831	NA	0.5829713494665222	Raw	NA	NA	NA	NA	FALSE	41.83161	-71.44238	2024	March
48	2024-03-12	909358	15:09:00	Pedestrian	1	NA	FALSE	FALSE	1	THURBERS AVE.	MENI CT	2024-03-12	Two-Way , Not Divided	Dry	Daylight	Clear	Angle (Front - to - Side) Right Angle (Includes Broadside)	No	Stop Signs	3	1	Pain Reported	NA	41.79847	-71.41323	FALSE	FALSE	Thurbers Ave. and Meni Ct, Providence, RI, USA	FALSE	-71.4132482	41.7984898	intersection	geometric_center	thurbers ave & meni ct, providence, ri 02905, usa	NA	NA	NA	NA	41.7984898	-71.4132482	NA	2.671969757596732	Raw	NA	NA	NA	NA	FALSE	41.79847	-71.41323	2024	March
49	2024-03-15	909456	15:31:00	Bicycle	NA	1	FALSE	FALSE	1	DOUGLAS AVE	DOUGLAS AVE	2024-03-15	Two-Way , Not Divided	Dry	Daylight	Cloudy	Not a Collision Between Two Motor Vehicles in Transport	Yes	No Controls	1	1	Pain Reported	NA	41.84128	-71.42741	FALSE	FALSE	Douglas Ave and Douglas Ave, Providence, RI, USA	FALSE	-71.4341771	41.8505546	route	geometric_center	douglas ave, providence, ri, usa	NA	NA	NA	NA	41.8505546	-71.4341771	NA	1175.097510816993	Raw	distance greater than 100m	NA	NA	NA	TRUE	41.84128	-71.42741	2024	March
50	2024-03-16	909474	23:23:00	Pedestrian	1	NA	FALSE	FALSE	1	PEMBROKE AVE	CHAD BROWN ST	2024-03-16	Two-Way , Not Divided	Dry	Dark - Lighted	Clear	Not a Collision Between Two Motor Vehicles in Transport	Yes	Stop Signs	5	1	Pain Reported	NA	41.8391	-71.43025	FALSE	FALSE	Pembroke Ave and Chad Brown Street, Providence, RI, USA	FALSE	-71.43024179999999	41.8391234	intersection	geometric_center	chad brown st & pembroke ave, providence, ri 02908, usa	NA	NA	NA	NA	41.8391234	-71.43024179999999	NA	2.692187647014729	Raw	NA	NA	NA	NA	FALSE	41.8391	-71.43025	2024	March
51	2024-03-16	909499	23:58:00	Pedestrian	1	NA	FALSE	FALSE	1	Dover Street	CARLETON ST	2024-03-17	Two-Way , Not Divided	Dry	Dark - Lighted	Cloudy	Not a Collision Between Two Motor Vehicles in Transport	No	No Controls	2	1	Pain Reported	NA	41.82973	-71.44766	FALSE	FALSE	Dover Street and Carleton Street, Providence, RI, USA	FALSE	-71.44762349999999	41.8297576	intersection	geometric_center	dover st & carleton st, providence, ri 02908, usa	NA	NA	NA	NA	41.8297576	-71.44762349999999	NA	4.313468537464564	Raw	NA	NA	NA	NA	FALSE	41.82973	-71.44766	2024	March
52	2024-03-17	909503	09:35:00	Pedestrian	1	NA	FALSE	FALSE	1	77 Hillhurst Ave	NA	2024-03-17	Two-Way , Not Divided	Wet	Daylight	Cloudy	Not a Collision Between Two Motor Vehicles in Transport	No	No Controls	3	1	Pain Reported	NA	NA	NA	TRUE	TRUE	77 Hillhurst Ave, Providence, RI, USA	FALSE	-71.4535995	41.8072023	premise	rooftop	77 hillhurst ave, providence, ri 02909, usa	NA	NA	NA	NA	41.8072023	-71.4535995	NA	NA	Neither	raw coords null but geocoded coords found	41.80733, -71.45358	41.80733	-71.45358	TRUE	41.80733	-71.45358	2024	March
53	2024-03-20	909571	16:14:00	Pedestrian	1	NA	FALSE	FALSE	1	DUDLEY ST	PLAIN ST	2024-03-20	Two-Way , Not Divided	Wet	Daylight	Rain	Not a Collision Between Two Motor Vehicles in Transport	No	Pavement Markings	5	1	Pain Reported	NA	41.81022	-71.41121	FALSE	FALSE	Dudley Street and Plain Street, Providence, RI, USA	FALSE	-71.41121420000002	41.8102467	intersection	geometric_center	plain st & dudley st, providence, ri 02903, usa	NA	NA	NA	NA	41.8102467	-71.41121420000002	NA	2.9925901439665616	Raw	NA	NA	NA	NA	FALSE	41.81022	-71.41121	2024	March
54	2024-03-20	909581	19:09:00	Pedestrian	1	NA	FALSE	FALSE	1	SAYLES ST	PRAIRIE AVE	2024-03-20	Two-Way , Not Divided	Wet	Dark - Lighted	Rain	Not a Collision Between Two Motor Vehicles in Transport	Yes	Pavement Markings	1	1	Pain Reported	NA	41.80264	-71.41358	FALSE	FALSE	Sayles Street and Prairie Ave, Providence, RI, USA	FALSE	-71.4135782	41.8026568	intersection	geometric_center	sayles st & prairie ave, providence, ri 02905, usa	NA	NA	NA	NA	41.8026568	-71.4135782	NA	1.876122935138181	Raw	NA	NA	NA	NA	FALSE	41.80264	-71.41358	2024	March
55	2024-03-20	909583	20:42:00	Pedestrian	1	NA	FALSE	FALSE	1	UNKNOWN	UNKNOWN	2024-03-20	Two-Way , Not Divided	Wet	Unknown	Rain	Not a Collision Between Two Motor Vehicles in Transport	Yes	Unknown	1	1	Pain Reported	NA	NA	NA	FALSE	FALSE	Unknown and Unknown, Providence, RI, USA	FALSE	-71.4146264	41.82490749999999	locality	approximate	providence, ri, usa	NA	NA	NA	NA	41.82490749999999	-71.4146264	NA	NA	Unknown	raw coords null but geocoded coords found	NA	NA	NA	TRUE	NA	NA	2024	March
56	2024-03-21	909662	17:40:00	Pedestrian	2	NA	FALSE	FALSE	1	Laurel Hill Ave	PLAINFIELD ST	2024-03-23	Two-Way, Divided, Unprotected (painted>4feet) Medium	Dry	Daylight	Clear	Sideswipe, Same Direction	Yes	No Controls	2	2	Pain Reported	NA	41.81321	-71.45542	FALSE	FALSE	Laurel Hill Ave and Plainfield Street, Providence, RI, USA	FALSE	-71.4554551	41.8132343	intersection	geometric_center	laurel hill ave & plainfield st, providence, ri 02909, usa	NA	NA	NA	NA	41.8132343	-71.4554551	NA	3.974710506669934	Raw	NA	NA	NA	NA	FALSE	41.81321	-71.45542	2024	March
57	2024-03-24	909680	10:07:00	Pedestrian	1	NA	FALSE	FALSE	1	60 Valley St	SCHOOL ST	2024-03-24	Two-Way , Not Divided	Dry	Daylight	Clear	Not a Collision Between Two Motor Vehicles in Transport	No	No Controls	3	0	No Injury	2	41.81896	-71.44059	TRUE	FALSE	60 Valley Street, Providence, RI, USA	FALSE	-71.44164719999999	41.8184676	premise	rooftop	60 valley st, providence, ri 02909, usa	NA	NA	NA	NA	41.8184676	-71.44164719999999	NA	103.42675461595222	Raw	distance greater than 100m	NA	NA	NA	TRUE	41.81896	-71.44059	2024	March
58	2024-03-25	909717	17:04:00	Other	NA	NA	TRUE	FALSE	2	BLACKSTONE BLVD	ROCHAMBEAU AVE	2024-03-25	Two-Way, Divided, Positive Median Barrier	Dry	Daylight	Clear	Rear End(Front-to-Rear)	No	No Controls	2	0	No Injury	NA	41.84554	-71.38722	FALSE	FALSE	Blackstone Blvd and Rochambeau Ave, Providence, RI, USA	FALSE	-71.3867593	41.84556509999999	intersection	geometric_center	blackstone blvd & rochambeau ave, providence, ri 02906, usa	NA	NA	NA	NA	41.84556509999999	-71.3867593	NA	38.30650415822682	Raw	NA	NA	NA	NA	FALSE	41.84554	-71.38722	2024	March
59	2024-03-27	909782	18:31:00	Bicycle	NA	1	TRUE	FALSE	1	VALLEY ST	SCHOOL ST	2024-03-27	Unknown	Dry	Dusk	Clear	Not a Collision Between Two Motor Vehicles in Transport	No	No Controls	2	1	Pain Reported	NA	41.81894	-71.4406	FALSE	FALSE	Valley Street and School Street, Providence, RI, USA	FALSE	-71.4405963	41.8189788	intersection	geometric_center	school st & valley st, providence, ri 02909, usa	NA	NA	NA	NA	41.8189788	-71.4405963	NA	4.33008995349	Raw	NA	NA	NA	NA	FALSE	41.81894	-71.4406	2024	March
60	2024-03-28	909834	20:28:00	Pedestrian	1	NA	FALSE	FALSE	1	CHARLES ST	SILVER SPRING ST	2024-03-28	Two-Way, Divided, Unprotected (painted>4feet) Medium	Wet	Dark - Lighted	Rain	Not a Collision Between Two Motor Vehicles in Transport	No	No Controls	2	0	No Injury	NA	41.84481	-71.4187	FALSE	FALSE	Charles Street and Silver Spring Street, Providence, RI, USA	FALSE	-71.4186958	41.8448324	intersection	geometric_center	silver spring st & charles st, providence, ri 02904, usa	NA	NA	NA	NA	41.8448324	-71.4186958	NA	2.5177639933063856	Raw	NA	NA	NA	NA	FALSE	41.84481	-71.4187	2024	March
61	2024-03-29	909853	14:12:00	Pedestrian	1	NA	FALSE	FALSE	1	F C GREENE MEMORIAL BLVD	F C GREENE MEMORIAL BLVD	2024-03-29	Two-Way, Divided, Positive Median Barrier	Dry	Daylight	Clear	Not a Collision Between Two Motor Vehicles in Transport	No	Pavement Markings	4	1	Pain Reported	NA	41.78035	-71.4162	FALSE	FALSE	F C Greene Memorial Blvd and F C Greene Memorial Blvd, Providence, RI, USA	FALSE	-71.41419909999999	41.7885402	intersection	geometric_center	green memorial blvd & f c greene memorial blvd, providence, ri 02907, usa	NA	NA	NA	NA	41.7885402	-71.41419909999999	NA	926.7332237309224	Raw	distance greater than 100m	NA	NA	NA	TRUE	41.78035	-71.4162	2024	March
62	2024-04-01	909942	06:53:00	Bicycle	NA	1	FALSE	FALSE	1	NORTH MAIN ST	STENTON AVE	2024-04-01	Two-Way , Not Divided	Dry	Daylight	Clear	Other	No	Stop Signs	2	1	Pain Reported	NA	41.84922	-71.40349	FALSE	FALSE	North Main Street and Stenton Ave, Providence, RI, USA	FALSE	-71.4034903	41.84924059999999	intersection	geometric_center	stenton ave & n main st, providence, ri 02904, usa	NA	NA	NA	NA	41.84924059999999	-71.4034903	NA	2.2933164368441767	Raw	NA	NA	NA	NA	FALSE	41.84922	-71.40349	2024	April
63	2024-04-03	909986	00:54:00	Pedestrian	1	NA	FALSE	FALSE	1	387 Charles Street	Ramp	2024-04-03	Two-Way , Not Divided	Wet	Dark - Lighted	Clear	Not a Collision Between Two Motor Vehicles in Transport	No	Traffic Control Signal	3	1	Pain Reported	NA	41.84214	-71.41783	TRUE	FALSE	387 Charles Street, Providence, RI, USA	FALSE	-71.4175056	41.84380240000001	premise	rooftop	387 charles st, providence, ri 02904, usa	NA	NA	NA	NA	41.84380240000001	-71.4175056	NA	187.0027706504031	Raw	distance greater than 100m	NA	NA	NA	TRUE	41.84214	-71.41783	2024	April
64	2024-04-03	910015	19:19:00	Pedestrian	1	NA	FALSE	FALSE	1	PROSPECT ST	COLLEGE ST	2024-04-03	Two-Way , Not Divided	Wet	Dark - Lighted	Rain	Not a Collision Between Two Motor Vehicles in Transport	No	No Controls	2	1	Pain Reported	NA	41.82572	-71.40456	FALSE	FALSE	Prospect Street and College Street, Providence, RI, USA	FALSE	-71.4046042	41.82611319999999	intersection	geometric_center	prospect st & college st, providence, ri 02912, usa	NA	NA	NA	NA	41.82611319999999	-71.4046042	NA	43.92411888886466	Raw	NA	NA	NA	NA	FALSE	41.82572	-71.40456	2024	April
65	2024-04-04	910060	16:23:00	Pedestrian	1	NA	FALSE	FALSE	1	MEMORIAL BLVD	FRANCIS ST	2024-04-04	Two-Way, Divided, Positive Median Barrier	Wet	Daylight	Rain	Not a Collision Between Two Motor Vehicles in Transport	No	No Controls	2	1	Pain Reported	NA	41.8259	-71.41535	FALSE	FALSE	Memorial Blvd and Francis Street, Providence, RI, USA	FALSE	-71.4153238	41.825791099999996	intersection	geometric_center	memorial blvd & francis st, providence, ri 02903, usa	NA	NA	NA	NA	41.825791099999996	-71.4153238	NA	12.315971426453617	Raw	NA	NA	NA	NA	FALSE	41.8259	-71.41535	2024	April
66	2024-04-08	910172	16:24:00	Pedestrian	1	NA	FALSE	FALSE	1	BROAD ST	BROAD ST	2024-04-08	Two-Way , Not Divided	Dry	Daylight	Clear	Not a Collision Between Two Motor Vehicles in Transport	No	Pavement Markings	3	1	Pain Reported	NA	41.81418	-71.42128	FALSE	FALSE	Broad Street and Broad Street, Providence, RI, USA	FALSE	-71.410453	41.7948262	route	geometric_center	broad st, providence, ri, usa	NA	NA	NA	NA	41.7948262	-71.410453	NA	2334.2765400174626	Raw	distance greater than 100m	NA	NA	NA	TRUE	41.81418	-71.42128	2024	April
67	2024-04-09	910253	19:20:00	Bicycle	NA	1	FALSE	FALSE	1	BAYARD ST	4TH ST	2024-04-11	Two-Way , Not Divided	Dry	Daylight	Clear	Not a Collision Between Two Motor Vehicles in Transport	No	Stop Signs	2	1	Pain Reported	NA	41.84979	-71.39626	FALSE	FALSE	Bayard Street and 4th Street, Providence, RI, USA	FALSE	-71.3962655	41.8498143	intersection	geometric_center	bayard st & 4th st, providence, ri 02906, usa	NA	NA	NA	NA	41.8498143	-71.3962655	NA	2.743240308212924	Raw	NA	NA	NA	NA	FALSE	41.84979	-71.39626	2024	April
68	2024-04-10	910236	23:05:00	Pedestrian	1	NA	FALSE	FALSE	1	CHARLES ST	W RIVER ST	2024-04-11	One-Way Trafficway	Wet	Dark - Lighted	Clear	Angle (Front - to - Side) Opposite Direction	No	Unknown	2	1	Pain Reported	NA	41.83961	-71.41638	FALSE	FALSE	Charles Street and W River Street, Providence, RI, USA	FALSE	-71.4141007	41.8434977	route	geometric_center	w river st, providence, ri 02904, usa	Charles Street & West River Street, Providence, RI, USA	EjdDaGFybGVzIFN0cmVldCAmIFdlc3QgUml2ZXIgU3RyZWV0LCBQcm92aWRlbmNlLCBSSSwgVVNBImYiZAoUChIJn_PVYR1F5IkRV_lekQ3QEwQSFAoSCZ_z1WEdReSJEVf5XpEN0BMEGhQKEgl1C85s8UTkiRHLZMsuNVX9MhoUChIJgxzLm-NE5IkRpKt9jzlEBwUiCg0iOPAYFZy3btU	41.8396194	-71.41643239999999	41.8396194	-71.41643239999999	NA	4.469982435447301	Raw	NA	NA	NA	NA	FALSE	41.83961	-71.41638	2024	April
69	2024-04-11	910247	12:55:00	Pedestrian	1	NA	FALSE	FALSE	1	BROAD ST	FRICKER ST	2024-04-11	Two-Way , Not Divided	Wet	Daylight	Rain	Not a Collision Between Two Motor Vehicles in Transport	No	No Controls	4	1	Pain Reported	NA	41.81517	-71.42073	FALSE	FALSE	Broad Street and Fricker Street, Providence, RI, USA	FALSE	-71.42062179999999	41.8153847	intersection	geometric_center	fricker st & broad st, providence, ri 02903, usa	NA	NA	NA	NA	41.8153847	-71.42062179999999	NA	25.53056266746607	Raw	NA	NA	NA	NA	FALSE	41.81517	-71.42073	2024	April
70	2024-04-11	910260	16:15:00	Bicycle	NA	1	FALSE	FALSE	1	PLENTY ST	PLENTY ST	2024-04-11	Two-Way , Not Divided	Dry	Daylight	Clear	Not a Collision Between Two Motor Vehicles in Transport	No	Traffic Control Signal	2	1	Pain Reported	NA	41.80725	-71.42024	FALSE	FALSE	Plenty Street and Plenty Street, Providence, RI, USA	FALSE	-71.4223342	41.8072297	route	geometric_center	plenty st, providence, ri 02907, usa	NA	NA	NA	NA	41.8072297	-71.4223342	NA	173.78435665091774	Raw	distance greater than 100m	NA	NA	NA	TRUE	41.80725	-71.42024	2024	April
71	2024-04-13	910310	04:51:00	Bicycle	NA	1	FALSE	FALSE	1	DEXTER ST	BUCKLIN ST	2024-04-13	Two-Way , Not Divided	Dry	Dark - Lighted	Clear	Rear End(Front-to-Rear)	Yes	Unknown	2	1	Non-Incapacitating	NA	41.80909	-71.42803	FALSE	FALSE	Dexter Street and Bucklin Street, Providence, RI, USA	FALSE	-71.4280184	41.8090819	intersection	geometric_center	bucklin st & dexter st, providence, ri 02907, usa	NA	NA	NA	NA	41.8090819	-71.4280184	NA	1.318881944186247	Raw	NA	NA	NA	NA	FALSE	41.80909	-71.42803	2024	April
72	2024-04-15	910366	10:57:00	Pedestrian	1	NA	FALSE	FALSE	1	1000 Elmwood Ave	NA	2024-04-15	Unknown	Dry	Daylight	Clear	Not a Collision Between Two Motor Vehicles in Transport	Yes	No Controls	2	1	Pain Reported	NA	NA	NA	TRUE	TRUE	1000 Elmwood Ave, Providence, RI, USA	FALSE	-71.4185877	41.7842216	street_address	rooftop	1000 elmwood ave, providence, ri 02907, usa	NA	NA	NA	NA	41.7842216	-71.4185877	NA	NA	Geocoded	raw coords null but geocoded coords found	41.7841, -71.41732	41.7841	-71.41732	TRUE	41.7842216	-71.4185877	2024	April
73	2024-04-17	910415	15:49:00	Bicycle	NA	1	FALSE	FALSE	1	CHALKSTONE AVE	PEKIN ST	2024-04-17	Two-Way , Not Divided	Dry	Daylight	Clear	Rear End(Front-to-Rear)	Yes	No Controls	1	1	Pain Reported	NA	41.83575	-71.42368	FALSE	FALSE	Chalkstone Ave and Pekin Street, Providence, RI, USA	FALSE	-71.4241466	41.835642	intersection	geometric_center	pekin st & chalkstone ave, providence, ri 02908, usa	NA	NA	NA	NA	41.835642	-71.4241466	NA	40.52415346893536	Raw	NA	NA	NA	NA	FALSE	41.83575	-71.42368	2024	April
74	2024-04-18	910436	13:05:00	Pedestrian	1	NA	FALSE	FALSE	1	BOWEN ST.	HOPE ST	2024-04-18	Two-Way , Not Divided	Dry	Daylight	Clear	Not a Collision Between Two Motor Vehicles in Transport	Yes	Stop Signs	2	1	Pain Reported	NA	41.83091	-71.39923	FALSE	FALSE	Bowen St. and Hope Street, Providence, RI, USA	FALSE	-71.3992076	41.8309164	intersection	geometric_center	hope st & bowen st, providence, ri 02906, usa	NA	NA	NA	NA	41.8309164	-71.3992076	NA	1.9899002093226963	Raw	NA	NA	NA	NA	FALSE	41.83091	-71.39923	2024	April
75	2024-04-20	910465	01:09:00	Pedestrian	1	NA	FALSE	FALSE	1	LIVINGSTON ST	DRYDEN LN	2024-04-20	Unknown	Dry	Dark - Lighted	Clear	Not a Collision Between Two Motor Vehicles in Transport	Yes	No Controls	3	1	Pain Reported	NA	41.8416	-71.40992	FALSE	FALSE	Livingston Street and Dryden Ln, Providence, RI, USA	FALSE	-71.4098901	41.8416216	intersection	geometric_center	livingston st & dryden ln, providence, ri 02904, usa	NA	NA	NA	NA	41.8416216	-71.4098901	NA	3.4540392953068086	Raw	NA	NA	NA	NA	FALSE	41.8416	-71.40992	2024	April
76	2024-04-20	910468	02:37:00	Bicycle	NA	1	FALSE	FALSE	1	SHELDON ST	BROOK ST	2024-04-20	Two-Way , Not Divided	Wet	Dark - Lighted	Cloudy	Not a Collision Between Two Motor Vehicles in Transport	No	Stop Signs	3	1	Non-Incapacitating	NA	41.81998	-71.39833	FALSE	FALSE	Sheldon Street and Brook Street, Providence, RI, USA	FALSE	-71.3983153	41.82000379999999	intersection	geometric_center	sheldon st & brook st, providence, ri 02906, usa	NA	NA	NA	NA	41.82000379999999	-71.3983153	NA	2.9165998225660332	Raw	NA	NA	NA	NA	FALSE	41.81998	-71.39833	2024	April
77	2024-04-21	910506	18:12:00	Other	1	NA	TRUE	FALSE	1	HOPE ST	12TH ST	2024-04-21	Two-Way , Not Divided	Dry	Daylight	Clear	Not a Collision Between Two Motor Vehicles in Transport	No	No Controls	5	1	Pain Reported	NA	41.85582	-71.39165	FALSE	FALSE	Hope Street and 12th Street, Providence, RI, USA	FALSE	-71.3918247	41.8555704	intersection	geometric_center	hope st & 12th st, providence, ri 02906, usa	NA	NA	NA	NA	41.8555704	-71.3918247	NA	31.334358517122045	Raw	NA	NA	NA	NA	FALSE	41.85582	-71.39165	2024	April
78	2024-04-22	910520	10:11:00	Pedestrian	1	NA	FALSE	FALSE	1	GEORGE ST	HOPE ST	2024-04-22	Two-Way , Not Divided	Dry	Daylight	Clear	Not a Collision Between Two Motor Vehicles in Transport	Yes	Stop Signs	1	0	No Injury	2	41.82579	-71.39727	FALSE	FALSE	George Street and Hope Street, Providence, RI, USA	FALSE	-71.4000045	41.8389881	route	geometric_center	hope st, providence, ri, usa	George Street & Hope Street, Providence, RI, USA	EjBHZW9yZ2UgU3RyZWV0ICYgSG9wZSBTdHJlZXQsIFByb3ZpZGVuY2UsIFJJLCBVU0EiZiJkChQKEgmrO17fOkXkiRFKEUPHX6jYWhIUChIJqzte3zpF5IkRShFDx1-o2FoaFAoSCcfqJGM7ReSJEbJnjjYuSZRlGhQKEgmRo8kFxUTkiRFr4T3VeAKWISIKDe4b7hgVIKRx1Q	41.8257902	-71.3972704	41.8257902	-71.3972704	NA	0.03995826066096828	Raw	NA	NA	NA	NA	FALSE	41.82579	-71.39727	2024	April