row_number	crash_date	crash_report_id	crash_time	collision_type	count_pedestrian	count_bicycle	scooter	wheel_chair	number_of_vehicles	street_or_highway	nearest_intersection	report_date	type_of_roadway	road_surface_condition	light_condition	weather_condition	manner_of_impact	hit_and_run	traffic_control	person_count	injury_count	most_serious_injury	number_of_lanes	lat_raw	lon_raw	has_st_number	is_intersection_null	address_sent_to_geocoder	is_address_blank	lon_api_first_try	lat_api_first_try	type	loctype	address_returned_by_geocoder	address_returned_by_autocomplete	place_ids_autocompleted	lat_api_second_try	lon_api_second_try	lat_api_best	lon_api_best	api_coord_conf	distance_btwn_coords_meters	best_coordinate_set	reason_for_qa	correct_coordinates	corrected_lat	corrected_lon	manually_qaed_record	final_lat	final_lon	year	month
79	2024-04-27	910675	17:47:00	Bicycle	NA	1	FALSE	FALSE	1	WESTMINSTER ST	WINTER ST	2024-04-27	Two-Way , Not Divided	Dry	Daylight	Clear	Not a Collision Between Two Motor Vehicles in Transport	No	Traffic Control Signal	2	1	Pain Reported	NA	NA	NA	FALSE	FALSE	Westminster Street and Winter Street, Providence, RI, USA	FALSE	-71.4222763	41.8171902	intersection	geometric_center	winter st & westminster st, providence, ri 02903, usa	NA	NA	NA	NA	41.8171902	-71.4222763	NA	NA	Neither	raw coords null but geocoded coords found	41.81742, -71.42234	41.81742	-71.42234	TRUE	41.81742	-71.42234	2024	April
80	2024-04-29	910769	14:59:00	Bicycle	NA	1	FALSE	FALSE	1	INDIA ST	S MAIN ST	2024-04-30	Two-Way , Not Divided	Dry	Daylight	Clear	Not a Collision Between Two Motor Vehicles in Transport	Yes	No Controls	1	1	Pain Reported	NA	41.81698	-71.39774	FALSE	FALSE	India Street and S Main Street, Providence, RI, USA	FALSE	-71.39820879999999	41.8167209	intersection	geometric_center	india st & s main st, providence, ri 02903, usa	NA	NA	NA	NA	41.8167209	-71.39820879999999	NA	48.42132359058225	Raw	NA	NA	NA	NA	FALSE	41.81698	-71.39774	2024	April
81	2024-05-03	910855	12:18:00	Pedestrian	1	NA	FALSE	FALSE	1	BROAD ST	PORTLAND ST	2024-05-03	Two-Way , Not Divided	Dry	Daylight	Cloudy	Not a Collision Between Two Motor Vehicles in Transport	No	No Controls	2	1	Pain Reported	NA	41.81416	-71.42129	FALSE	FALSE	Broad Street and Portland Street, Providence, RI, USA	FALSE	-71.42131280000001	41.8141655	intersection	geometric_center	portland st & broad st, providence, ri 02907, usa	NA	NA	NA	NA	41.8141655	-71.42131280000001	NA	1.988277375655879	Raw	NA	NA	NA	NA	FALSE	41.81416	-71.42129	2024	May
82	2024-05-04	910908	11:30:00	Pedestrian	1	NA	FALSE	FALSE	1	Salter St	Nelson St	2024-05-04	Two-Way , Not Divided	Dry	Daylight	Clear	Not a Collision Between Two Motor Vehicles in Transport	Yes	No Controls	1	1	Pain Reported	2	NA	NA	FALSE	FALSE	Salter Street and Nelson Street, Providence, RI, USA	FALSE	-71.4444202	41.8450631	intersection	geometric_center	salter st & nelson st, providence, ri 02908, usa	NA	NA	NA	NA	41.8450631	-71.4444202	NA	NA	Geocoded	raw coords null but geocoded coords found	NA	NA	NA	TRUE	41.8450631	-71.4444202	2024	May
83	2024-05-06	910996	06:36:00	Pedestrian	1	NA	FALSE	FALSE	1	BROAD ST	OXFORD ST	2024-05-06	Two-Way , Not Divided	Dry	Dawn	Clear	Not a Collision Between Two Motor Vehicles in Transport	Yes	No Controls	1	1	Pain Reported	NA	41.80048	-71.41748	FALSE	FALSE	Broad Street and Oxford Street, Providence, RI, USA	FALSE	-71.4174197	41.8004646	intersection	geometric_center	oxford st & broad st, providence, ri 02905, usa	NA	NA	NA	NA	41.8004646	-71.4174197	NA	5.289527784866501	Raw	NA	NA	NA	NA	FALSE	41.80048	-71.41748	2024	May
84	2024-05-07	911014	07:17:00	Pedestrian	1	NA	FALSE	FALSE	1	ATWELLS AVE	SUTTON ST	2024-05-07	Two-Way , Not Divided	Dry	Daylight	Clear	Not a Collision Between Two Motor Vehicles in Transport	No	Pavement Markings	3	1	Pain Reported	NA	41.82378	-71.42953	FALSE	FALSE	Atwells Ave and Sutton Street, Providence, RI, USA	FALSE	-71.4292662	41.8237824	intersection	geometric_center	atwells ave & sutton st, providence, ri 02903, usa	NA	NA	NA	NA	41.8237824	-71.4292662	NA	21.885213843417255	Raw	NA	NA	NA	NA	FALSE	41.82378	-71.42953	2024	May
85	2024-05-08	911050	16:22:00	Bicycle	NA	1	FALSE	FALSE	1	PUBLIC ST	BROAD ST	2024-05-08	Two-Way , Not Divided	Dry	Daylight	Cloudy	Not a Collision Between Two Motor Vehicles in Transport	No	Pavement Markings	4	1	Pain Reported	NA	41.80442	-71.41935	FALSE	FALSE	Public Street and Broad Street, Providence, RI, USA	FALSE	-71.419358	41.8044407	intersection	geometric_center	public st & broad st, providence, ri 02907, usa	NA	NA	NA	NA	41.8044407	-71.419358	NA	2.398029804978953	Raw	NA	NA	NA	NA	FALSE	41.80442	-71.41935	2024	May
86	2024-05-10	911115	19:37:00	Bicycle	NA	1	FALSE	FALSE	1	BROADWAY	EMPIRE ST	2024-05-10	Two-Way, Divided, Unprotected (painted>4feet) Medium	Dry	Daylight	Clear	Not a Collision Between Two Motor Vehicles in Transport	No	Traffic Control Signal	2	1	Pain Reported	NA	41.82257	-71.41746	FALSE	FALSE	Broadway and Empire Street, Providence, RI, USA	FALSE	-71.4157481	41.8213721	route	geometric_center	empire st, providence, ri 02903, usa	Broadway & Empire Street, Providence, RI, USA	Ei1Ccm9hZHdheSAmIEVtcGlyZSBTdHJlZXQsIFByb3ZpZGVuY2UsIFJJLCBVU0EiZiJkChQKEglNlP-DEkXkiRHtQ_ofNG0sSxIUChIJTZT_gxJF5IkR7UP6HzRtLEsaFAoSCaW15YZ1ReSJERrCM7HXpG-zGhQKEgnHPO_pEkXkiRGhxI4iuiomFSIKDfSl7RgVQ4Ru1Q	41.82277	-71.4177469	41.82277	-71.4177469	NA	32.590391220254524	Raw	NA	NA	NA	NA	FALSE	41.82257	-71.41746	2024	May
87	2024-05-12	911188	21:04:00	Pedestrian	2	NA	FALSE	FALSE	1	245 ATWELLS AVE	NA	2024-05-12	Two-Way , Not Divided	Wet	Dark - Lighted	Cloudy	Not a Collision Between Two Motor Vehicles in Transport	No	No Controls	3	0	No Injury	NA	NA	NA	TRUE	TRUE	245 Atwells Ave, Providence, RI, USA	FALSE	-71.4261502	41.8238058	premise	rooftop	245 atwells ave, providence, ri 02903, usa	NA	NA	NA	NA	41.8238058	-71.4261502	NA	NA	Neither	raw coords null but geocoded coords found	41.82358, -71.42619	41.82358	-71.42619	TRUE	41.82358	-71.42619	2024	May
88	2024-05-14	911226	02:04:00	Pedestrian	1	NA	FALSE	FALSE	1	KENNEDY PLZ	DORRANCE ST	2024-05-14	Two-Way, Divided, Unprotected (painted>4feet) Medium	Dry	Dark - Lighted	Clear	Not a Collision Between Two Motor Vehicles in Transport	No	No Controls	3	2	Pain Reported	NA	41.82414	-71.41234	FALSE	FALSE	Kennedy Plz and Dorrance Street, Providence, RI, USA	FALSE	-71.4123015	41.824129	intersection	geometric_center	kennedy plaza & dorrance st, providence, ri 02903, usa	NA	NA	NA	NA	41.824129	-71.4123015	NA	3.4204567200413365	Raw	NA	NA	NA	NA	FALSE	41.82414	-71.41234	2024	May
89	2024-05-15	911285	16:22:00	Bicycle	NA	1	FALSE	FALSE	1	Planet Street	S Main Street	2024-05-15	One-Way Trafficway	Wet	Dusk	Rain	Not a Collision Between Two Motor Vehicles in Transport	No	Stop Signs	2	1	Pain Reported	NA	41.82317	-71.40585	FALSE	FALSE	Planet Street and S Main Street, Providence, RI, USA	FALSE	-71.4058396	41.823179	intersection	geometric_center	planet st & s main st, providence, ri 02903, usa	NA	NA	NA	NA	41.823179	-71.4058396	NA	1.322149250333331	Raw	NA	NA	NA	NA	FALSE	41.82317	-71.40585	2024	May
90	2024-05-16	911314	05:23:00	Pedestrian	1	NA	FALSE	FALSE	1	CRANSTON ST	BENEDICT ST	2024-05-16	Two-Way , Not Divided	Wet	Dusk	Rain	Other	No	No Controls	2	1	Pain Reported	NA	41.80537	-71.43736	FALSE	FALSE	Cranston Street and Benedict Street, Providence, RI, USA	FALSE	-71.4372805	41.80544039999999	intersection	geometric_center	cranston st & benedict st, providence, ri 02907, usa	NA	NA	NA	NA	41.80544039999999	-71.4372805	NA	10.243781538983075	Raw	NA	NA	NA	NA	FALSE	41.80537	-71.43736	2024	May
91	2024-05-20	911446	16:48:00	Pedestrian	1	NA	FALSE	FALSE	1	Douglas/ Henrietta St	NA	2024-05-20	Two-Way , Not Divided	Dry	Daylight	Clear	Not a Collision Between Two Motor Vehicles in Transport	No	No Controls	2	1	Pain Reported	NA	NA	NA	FALSE	TRUE	Douglas/ Henrietta Street, Providence, RI, USA	FALSE	-71.43963959999999	41.8544229	intersection	geometric_center	douglas ave & henrietta st, providence, ri 02904, usa	NA	NA	NA	NA	41.8544229	-71.43963959999999	NA	NA	Geocoded	raw coords null but geocoded coords found	NA	NA	NA	TRUE	41.8544229	-71.43963959999999	2024	May
92	2024-05-21	911491	16:10:00	Pedestrian	1	NA	FALSE	FALSE	1	GLADSTONE ST.	BAXTER ST	2024-05-21	Two-Way , Not Divided	Dry	Daylight	Clear	Not a Collision Between Two Motor Vehicles in Transport	No	No Controls	3	1	Pain Reported	NA	41.80267	-71.41862	FALSE	FALSE	Gladstone St. and Baxter Street, Providence, RI, USA	FALSE	-71.4164725	41.80318630000001	intersection	geometric_center	gladstone st & baxter st, providence, ri 02905, usa	NA	NA	NA	NA	41.80318630000001	-71.4164725	NA	187.2433334936877	Geocoded	distance greater than 100m	NA	NA	NA	TRUE	41.80318630000001	-71.4164725	2024	May
93	2024-05-21	911496	17:34:00	Pedestrian	1	NA	TRUE	FALSE	1	BROAD ST.	BROAD ST	2024-05-21	Two-Way , Not Divided	Dry	Daylight	Clear	Not a Collision Between Two Motor Vehicles in Transport	Yes	No Controls	3	1	Pain Reported	NA	41.79941	-71.41617	FALSE	FALSE	Broad St. and Broad Street, Providence, RI, USA	FALSE	-71.410453	41.7948262	route	geometric_center	broad st, providence, ri, usa	NA	NA	NA	NA	41.7948262	-71.410453	NA	696.7615860177144	Raw	distance greater than 100m	NA	NA	NA	TRUE	41.79941	-71.41617	2024	May
94	2024-05-22	911511	12:09:00	Pedestrian	1	NA	FALSE	FALSE	1	Wickenden St	Traverse St	2024-05-22	Two-Way , Not Divided	Dry	Daylight	Clear	Not a Collision Between Two Motor Vehicles in Transport	Yes	Pavement Markings	2	1	Pain Reported	2	NA	NA	FALSE	FALSE	Wickenden Street and Traverse Street, Providence, RI, USA	FALSE	-71.399659	41.8193244	intersection	geometric_center	wickenden st & traverse st, providence, ri 02906, usa	NA	NA	NA	NA	41.8193244	-71.399659	NA	NA	Geocoded	raw coords null but geocoded coords found	NA	NA	NA	TRUE	41.8193244	-71.399659	2024	May
95	2024-05-22	911523	15:32:00	Pedestrian	1	NA	FALSE	FALSE	4	HOLLIS ST.	CRANSTON ST	2024-05-22	Two-Way , Not Divided	Dry	Daylight	Clear	Angle (Front - to - Side) Opposite Direction	Yes	No Controls	6	1	Pain Reported	NA	41.81083	-71.43177	FALSE	FALSE	Hollis St. and Cranston Street, Providence, RI, USA	FALSE	-71.4320475	41.8110264	intersection	geometric_center	cranston st & hollis st, providence, ri 02907, usa	NA	NA	NA	NA	41.8110264	-71.4320475	NA	31.751119361753563	Raw	NA	NA	NA	NA	FALSE	41.81083	-71.43177	2024	May
96	2024-05-22	911536	19:50:00	Pedestrian	1	NA	FALSE	FALSE	1	Eddy Street	Applegate Lane	2024-05-22	Two-Way , Not Divided	Dry	Daylight	Clear	Not a Collision Between Two Motor Vehicles in Transport	Yes	Unknown	1	1	Pain Reported	NA	41.79893	-71.40554	FALSE	FALSE	Eddy Street and Applegate Lane, Providence, RI, USA	FALSE	-71.4055614	41.7989718	intersection	geometric_center	applegate ln & eddy st, providence, ri 02905, usa	NA	NA	NA	NA	41.7989718	-71.4055614	NA	4.98053962458241	Raw	NA	NA	NA	NA	FALSE	41.79893	-71.40554	2024	May
97	2024-05-22	911679	17:07:00	Bicycle	NA	1	FALSE	FALSE	1	FREMONT ST	GANO ST	2024-05-27	Two-Way , Not Divided	Dry	Daylight	Clear	Not a Collision Between Two Motor Vehicles in Transport	No	Stop Signs	2	1	Non-Incapacitating	NA	41.8225	-71.3899	FALSE	FALSE	Fremont Street and Gano Street, Providence, RI, USA	FALSE	-71.3899109	41.8225092	intersection	geometric_center	gano st & fremont st, providence, ri 02906, usa	NA	NA	NA	NA	41.8225092	-71.3899109	NA	1.3661964716037074	Raw	NA	NA	NA	NA	FALSE	41.8225	-71.3899	2024	May
98	2024-05-24	911577	11:53:00	Pedestrian	1	NA	FALSE	FALSE	1	285 governor st	ANGELL ST	2024-05-24	Unknown	Dry	Daylight	Clear	Not a Collision Between Two Motor Vehicles in Transport	No	No Controls	2	0	No Injury	1	41.82867	-71.39392	TRUE	FALSE	285 Governor Street, Providence, RI, USA	FALSE	-71.3935308	41.8285498	premise	rooftop	285 governor st, providence, ri 02906, usa	NA	NA	NA	NA	41.8285498	-71.3935308	NA	34.94681391548774	Raw	NA	NA	NA	NA	FALSE	41.82867	-71.39392	2024	May
99	2024-05-24	911589	16:20:00	Pedestrian	1	NA	FALSE	FALSE	1	ELMWOOD AVE	ELMWOOD AVE	2024-05-24	Two-Way , Not Divided	Dry	Daylight	Clear	Not a Collision Between Two Motor Vehicles in Transport	No	Pavement Markings	2	1	Pain Reported	NA	41.80698	-71.42488	FALSE	FALSE	Elmwood Ave and Elmwood Ave, Providence, RI, USA	FALSE	-71.4207394	41.7787537	route	geometric_center	elmwood ave, rhode island, usa	NA	NA	NA	NA	41.7787537	-71.4207394	NA	3160.873688466949	Raw	distance greater than 100m	NA	NA	NA	TRUE	41.80698	-71.42488	2024	May
100	2024-05-25	911629	16:47:00	Pedestrian	1	NA	TRUE	FALSE	1	TROY ST	DIKE ST	2024-05-25	Two-Way , Not Divided	Dry	Daylight	Clear	Not a Collision Between Two Motor Vehicles in Transport	Yes	Stop Signs	2	1	Pain Reported	NA	41.81561	-71.44149	FALSE	FALSE	Troy Street and Dike Street, Providence, RI, USA	FALSE	-71.4414709	41.8156341	intersection	geometric_center	troy st & dike st, providence, ri 02909, usa	NA	NA	NA	NA	41.8156341	-71.4414709	NA	3.1158495286310157	Raw	NA	NA	NA	NA	FALSE	41.81561	-71.44149	2024	May
101	2024-05-25	911630	17:06:00	Pedestrian	1	NA	FALSE	FALSE	1	ADELAIDE AVE	BROAD ST	2024-05-25	Two-Way , Not Divided	Dry	Daylight	Clear	Not a Collision Between Two Motor Vehicles in Transport	Yes	Traffic Control Signal	4	1	Pain Reported	NA	41.79885	-71.41547	FALSE	FALSE	Adelaide Ave and Broad Street, Providence, RI, USA	FALSE	-71.4154606	41.7988787	intersection	geometric_center	adelaide ave & broad st, providence, ri 02905, usa	NA	NA	NA	NA	41.7988787	-71.4154606	NA	3.288726013910781	Raw	NA	NA	NA	NA	FALSE	41.79885	-71.41547	2024	May
102	2024-05-26	911652	11:50:00	Bicycle	NA	1	FALSE	FALSE	1	ELMWOOD AVE	CONGRESS AVE	2024-05-26	Two-Way , Not Divided	Dry	Daylight	Clear	Not a Collision Between Two Motor Vehicles in Transport	Yes	Pavement Markings	2	1	Pain Reported	NA	41.79854	-71.42629	FALSE	FALSE	Elmwood Ave and Congress Ave, Providence, RI, USA	FALSE	-71.4263306	41.798485	intersection	geometric_center	congress ave & elmwood ave, providence, ri 02907, usa	NA	NA	NA	NA	41.798485	-71.4263306	NA	6.988428920924746	Raw	NA	NA	NA	NA	FALSE	41.79854	-71.42629	2024	May
103	2024-05-28	911692	09:40:00	Bicycle	NA	1	FALSE	FALSE	1	Broad St	LOCKWOOD ST	2024-05-28	Two-Way , Not Divided	Dry	Daylight	Clear	Angle (Front - to - Side) Right Angle (Includes Broadside)	Yes	No Controls	1	1	Pain Reported	NA	41.81539	-71.4206	FALSE	FALSE	Broad Street and Lockwood Street, Providence, RI, USA	FALSE	-71.42062179999999	41.8153847	intersection	geometric_center	lockwood st & broad st, providence, ri 02903, usa	NA	NA	NA	NA	41.8153847	-71.42062179999999	NA	1.9024576174170211	Raw	NA	NA	NA	NA	FALSE	41.81539	-71.4206	2024	May
104	2024-05-28	911706	15:12:00	Pedestrian	1	NA	FALSE	FALSE	1	DEAN ST	WASHINGTON ST	2024-05-28	Two-Way , Not Divided	Dry	Daylight	Clear	Not a Collision Between Two Motor Vehicles in Transport	No	Stop Signs	2	1	Pain Reported	NA	41.81905	-71.42073	FALSE	FALSE	Dean Street and Washington Street, Providence, RI, USA	FALSE	-71.4207374	41.8190843	intersection	geometric_center	dean st & washington st, providence, ri 02903, usa	NA	NA	NA	NA	41.8190843	-71.4207374	NA	3.867297283082198	Raw	NA	NA	NA	NA	FALSE	41.81905	-71.42073	2024	May
105	2024-05-28	911712	16:45:00	Other	NA	NA	TRUE	FALSE	2	SMITH ST	OAKLAND AVE	2024-05-28	Two-Way, Divided, Unprotected (painted>4feet) Medium	Dry	Daylight	Clear	Sidwswipe, Opposite Direction	Yes	Traffic Control Signal	1	0	No Injury	NA	41.83621	-71.43041	FALSE	FALSE	Smith Street and Oakland Ave, Providence, RI, USA	FALSE	-71.43045060000001	41.836244	intersection	geometric_center	oakland ave & smith st, providence, ri 02908, usa	NA	NA	NA	NA	41.836244	-71.43045060000001	NA	5.065972148600783	Raw	NA	NA	NA	NA	FALSE	41.83621	-71.43041	2024	May
106	2024-05-29	911729	07:41:00	Pedestrian	1	NA	FALSE	FALSE	1	Abbott St	Knowles St	2024-05-29	Two-Way , Not Divided	Dry	Daylight	Clear	Not a Collision Between Two Motor Vehicles in Transport	No	No Controls	3	1	Pain Reported	2	NA	NA	FALSE	FALSE	Abbott Street and Knowles Street, Providence, RI, USA	FALSE	-71.404744	41.8428505	intersection	geometric_center	knowles st & abbott st, providence, ri 02906, usa	NA	NA	NA	NA	41.8428505	-71.404744	NA	NA	Geocoded	raw coords null but geocoded coords found	NA	NA	NA	TRUE	41.8428505	-71.404744	2024	May
107	2024-05-30	911757	00:28:00	Pedestrian	1	NA	FALSE	FALSE	1	N MAIN ST	RANDALL ST	2024-05-30	Two-Way, Divided, Positive Median Barrier	Dry	Dark - Lighted	Cloudy	Not a Collision Between Two Motor Vehicles in Transport	No	Pavement Markings	2	1	Fatal	NA	41.83799	-71.40962	FALSE	FALSE	N Main Street and Randall Street, Providence, RI, USA	FALSE	-71.40962929999999	41.8379659	intersection	geometric_center	randall st & n main st, providence, ri 02904, usa	NA	NA	NA	NA	41.8379659	-71.40962929999999	NA	2.7914757884442176	Raw	NA	NA	NA	NA	FALSE	41.83799	-71.40962	2024	May
108	2024-05-30	911782	15:50:00	Bicycle	NA	1	FALSE	FALSE	1	CONGRESS AVE.	BROAD ST	2024-05-30	Two-Way , Not Divided	Dry	Daylight	Clear	Not a Collision Between Two Motor Vehicles in Transport	No	No Controls	2	0	No Injury	NA	41.801	-71.41812	FALSE	FALSE	Congress Ave. and Broad Street, Providence, RI, USA	FALSE	-71.4180365	41.801049	intersection	geometric_center	congress ave & broad st, providence, ri 02905, usa	NA	NA	NA	NA	41.801049	-71.4180365	NA	8.818580644145928	Raw	NA	NA	NA	NA	FALSE	41.801	-71.41812	2024	May
109	2024-05-30	911821	21:28:00	Pedestrian	1	NA	FALSE	FALSE	1	PARK ST	PROMENADE ST	2024-05-31	One-Way Trafficway	Dry	Dark - Lighted	Clear	Not a Collision Between Two Motor Vehicles in Transport	Yes	Other	1	0	Unknown	NA	41.82797	-71.41761	FALSE	FALSE	Park Street and Promenade Street, Providence, RI, USA	FALSE	-71.423119	41.8292232	route	geometric_center	promenade st, providence, ri, usa	Park Street & Promenade Street, Providence, RI, USA	EjNQYXJrIFN0cmVldCAmIFByb21lbmFkZSBTdHJlZXQsIFByb3ZpZGVuY2UsIFJJLCBVU0EiZiJkChQKEgnZPYQrEEXkiRF9_M-xeLE6FxIUChIJ2T2EKxBF5IkRffzPsXixOhcaFAoSCVGlciIQReSJETUl7BFB0ixuGhQKEglXQzwqD0XkiRH9-pmeRajOBSIKDYxs7hgVhYdu1Q	41.82785399999999	-71.4176635	41.82785399999999	-71.4176635	NA	13.654353280386903	Raw	NA	NA	NA	NA	FALSE	41.82797	-71.41761	2024	May
110	2024-05-31	911809	14:34:00	Other	NA	NA	TRUE	FALSE	1	ELMWOOD AVE	PARKIS AVE	2024-05-31	Two-Way, Divided, Unprotected (painted>4feet) Medium	Dry	Daylight	Clear	Not a Collision Between Two Motor Vehicles in Transport	No	No Controls	2	0	No Injury	NA	41.8091	-71.42452	FALSE	FALSE	Elmwood Ave and Parkis Ave, Providence, RI, USA	FALSE	-71.4245272	41.809155	intersection	geometric_center	elmwood ave & parkis ave, providence, ri 02907, usa	NA	NA	NA	NA	41.809155	-71.4245272	NA	6.151649492345778	Raw	NA	NA	NA	NA	FALSE	41.8091	-71.42452	2024	May
111	2024-06-01	911852	22:48:00	Pedestrian	1	NA	FALSE	FALSE	1	MESSER ST	CRANSTON ST	2024-06-02	Two-Way, Divided, Unprotected (painted>4feet) Medium	Dry	Dark - Lighted	Clear	Not a Collision Between Two Motor Vehicles in Transport	Yes	Pavement Markings	2	1	Pain Reported	NA	41.80963	-71.43345	FALSE	FALSE	Messer Street and Cranston Street, Providence, RI, USA	FALSE	-71.43342609999999	41.8096596	intersection	geometric_center	cranston st & messer st, providence, ri 02909, usa	NA	NA	NA	NA	41.8096596	-71.43342609999999	NA	3.845771074052139	Raw	NA	NA	NA	NA	FALSE	41.80963	-71.43345	2024	June
112	2024-06-01	913969	21:07:00	Pedestrian	1	NA	FALSE	FALSE	1	WESTMINSTER ST	TOBEY ST	2024-07-05	Two-Way , Not Divided	Dry	Dark - Lighted	Clear	Not a Collision Between Two Motor Vehicles in Transport	Yes	No Controls	1	1	Pain Reported	NA	41.816160000000004	-71.43484	FALSE	FALSE	Westminster Street and Tobey Street, Providence, RI, USA	FALSE	-71.43468010000001	41.8162197	intersection	geometric_center	tobey st & westminster st, providence, ri 02909, usa	NA	NA	NA	NA	41.8162197	-71.43468010000001	NA	14.837654005605954	Raw	NA	NA	NA	NA	FALSE	41.816160000000004	-71.43484	2024	June
113	2024-06-02	911863	09:41:00	Bicycle	NA	1	FALSE	FALSE	1	392 Cranston Street	PARADE ST	2024-06-02	Two-Way , Not Divided	Dry	Daylight	Clear	Other	Yes	No Controls	2	1	Pain Reported	NA	41.8118	-71.43114	TRUE	FALSE	392 Cranston Street, Providence, RI, USA	FALSE	-71.4312521	41.8115693	premise	rooftop	392 cranston st, providence, ri 02907, usa	NA	NA	NA	NA	41.8115693	-71.4312521	NA	27.313804120312604	Raw	NA	NA	NA	NA	FALSE	41.8118	-71.43114	2024	June
114	2024-06-03	911903	15:03:00	Pedestrian	1	NA	TRUE	FALSE	1	NEWARK ST	VALLEY ST	2024-06-03	Two-Way , Not Divided	Dry	Daylight	Clear	Not a Collision Between Two Motor Vehicles in Transport	No	Traffic Control Signal	3	1	Pain Reported	NA	41.82521	-71.43931	FALSE	FALSE	Newark Street and Valley Street, Providence, RI, USA	FALSE	-71.43933040000002	41.82523219999999	intersection	geometric_center	valley st & newark st, providence, ri 02908, usa	NA	NA	NA	NA	41.82523219999999	-71.43933040000002	NA	2.995161313782919	Raw	NA	NA	NA	NA	FALSE	41.82521	-71.43931	2024	June
115	2024-06-03	911904	16:02:00	Pedestrian	1	NA	TRUE	FALSE	1	VALLEY ST.	HAROLD ST	2024-06-03	Two-Way , Not Divided	Dry	Daylight	Clear	Not a Collision Between Two Motor Vehicles in Transport	No	Traffic Control Signal	3	1	Pain Reported	NA	41.82674	-71.4379	FALSE	FALSE	Valley St. and Harold Street, Providence, RI, USA	FALSE	-71.4375665	41.82693709999999	intersection	geometric_center	valley st & harold st, providence, ri 02908, usa	NA	NA	NA	NA	41.82693709999999	-71.4375665	NA	35.30893351181515	Raw	NA	NA	NA	NA	FALSE	41.82674	-71.4379	2024	June
116	2024-06-04	911941	15:48:00	Pedestrian	1	NA	TRUE	FALSE	1	CHALKSTONE AVE	OAKLAND AVE	2024-06-04	Two-Way , Not Divided	Dry	Daylight	Clear	Not a Collision Between Two Motor Vehicles in Transport	No	No Controls	2	1	Pain Reported	NA	41.83404	-71.43095	FALSE	FALSE	Chalkstone Ave and Oakland Ave, Providence, RI, USA	FALSE	-71.4302373	41.8342121	intersection	geometric_center	oakland ave & chalkstone ave, providence, ri 02908, usa	NA	NA	NA	NA	41.8342121	-71.4302373	NA	62.13963471150669	Raw	NA	NA	NA	NA	FALSE	41.83404	-71.43095	2024	June
117	2024-06-04	911942	17:35:00	Other	NA	1	TRUE	FALSE	1	OCONNOR ST	CASS ST	2024-06-04	Two-Way , Not Divided	Dry	Daylight	Clear	Not a Collision Between Two Motor Vehicles in Transport	No	No Controls	3	1	Pain Reported	NA	41.79408	-71.40614	FALSE	FALSE	Oconnor Street and Cass Street, Providence, RI, USA	FALSE	-71.4062258	41.7943825	intersection	geometric_center	o'connor st & cass st, providence, ri 02905, usa	NA	NA	NA	NA	41.7943825	-71.4062258	NA	34.41880990956454	Raw	NA	NA	NA	NA	FALSE	41.79408	-71.40614	2024	June
118	2024-06-06	912006	18:32:00	Other	NA	1	TRUE	FALSE	1	OAKLAND AVE	PLEASANT VALLEY PKWY	2024-06-06	Two-Way , Not Divided	Dry	Daylight	Cloudy	Not a Collision Between Two Motor Vehicles in Transport	No	No Controls	3	1	Pain Reported	NA	41.83567	-71.43045	FALSE	FALSE	Oakland Ave and Pleasant Valley Pkwy, Providence, RI, USA	FALSE	-71.43044379999999	41.835695	intersection	geometric_center	oakland ave & pleasant valley pkwy, providence, ri 02908, usa	NA	NA	NA	NA	41.835695	-71.43044379999999	NA	2.830096676765871	Raw	NA	NA	NA	NA	FALSE	41.83567	-71.43045	2024	June
119	2024-06-08	912059	09:57:00	Pedestrian	1	NA	TRUE	FALSE	1	Brook	Power	2024-06-08	Two-Way , Not Divided	Dry	Daylight	Clear	Angle (Front - to - Side) Right Angle (Includes Broadside)	No	Stop Signs	5	1	Pain Reported	NA	NA	NA	FALSE	FALSE	Brook and Power, Providence, RI, USA	FALSE	-71.39871049999999	41.8230692	intersection	geometric_center	brook st & power st, providence, ri 02912, usa	NA	NA	NA	NA	41.8230692	-71.39871049999999	NA	NA	Geocoded	raw coords null but geocoded coords found	NA	NA	NA	TRUE	41.8230692	-71.39871049999999	2024	June