row_number	crash_date	crash_report_id	crash_time	collision_type	count_pedestrian	count_bicycle	scooter	wheel_chair	number_of_vehicles	street_or_highway	nearest_intersection	report_date	type_of_roadway	road_surface_condition	light_condition	weather_condition	manner_of_impact	hit_and_run	traffic_control	person_count	injury_count	most_serious_injury	number_of_lanes	lat_raw	lon_raw	has_st_number	is_intersection_null	address_sent_to_geocoder	is_address_blank	lon_api_first_try	lat_api_first_try	type	loctype	address_returned_by_geocoder	address_returned_by_autocomplete	place_ids_autocompleted	lat_api_second_try	lon_api_second_try	lat_api_best	lon_api_best	api_coord_conf	distance_btwn_coords_meters	best_coordinate_set	reason_for_qa	correct_coordinates	corrected_lat	corrected_lon	manually_qaed_record	final_lat	final_lon	year	month
120	2024-06-09	912101	18:05:00	Pedestrian	1	NA	FALSE	FALSE	1	POTTERS AVE	PRAIRIE AVE	2024-06-09	Two-Way , Not Divided	Dry	Daylight	Clear	Not a Collision Between Two Motor Vehicles in Transport	No	Stop Signs	3	1	Non-Incapacitating	NA	41.80409	-71.41419	FALSE	FALSE	Potters Ave and Prairie Ave, Providence, RI, USA	FALSE	-71.41420289999999	41.8041132	intersection	geometric_center	potters ave & prairie ave, providence, ri 02905, usa	NA	NA	NA	NA	41.8041132	-71.41420289999999	NA	2.795666472260963	Raw	NA	NA	NA	NA	FALSE	41.80409	-71.41419	2024	June
121	2024-06-10	912125	13:19:00	Pedestrian	1	NA	FALSE	FALSE	1	SUPERIOR ST	CRANSTON ST	2024-06-10	Two-Way , Not Divided	Dry	Daylight	Clear	Not a Collision Between Two Motor Vehicles in Transport	No	No Controls	2	1	Pain Reported	NA	41.81043	-71.43263	FALSE	FALSE	Superior Street and Cranston Street, Providence, RI, USA	FALSE	-71.43262779999999	41.8104601	intersection	geometric_center	cranston st & superior st, providence, ri 02907, usa	NA	NA	NA	NA	41.8104601	-71.43262779999999	NA	3.355685157646321	Raw	NA	NA	NA	NA	FALSE	41.81043	-71.43263	2024	June
122	2024-06-11	912163	12:10:00	Pedestrian	1	NA	FALSE	FALSE	1	PINE ST	STEWART ST	2024-06-11	Two-Way , Not Divided	Dry	Daylight	Cloudy	Not a Collision Between Two Motor Vehicles in Transport	Yes	Stop Signs	2	1	Pain Reported	NA	41.81549	-71.4167	FALSE	FALSE	Pine Street and Stewart Street, Providence, RI, USA	FALSE	-71.4178933	41.8169555	route	geometric_center	stewart st, providence, ri 02903, usa	Pine Street & Stewart Street, Providence, RI, USA	EjFQaW5lIFN0cmVldCAmIFN0ZXdhcnQgU3RyZWV0LCBQcm92aWRlbmNlLCBSSSwgVVNBImYiZAoUChIJjXbuCm5F5IkRzWDr2XnyUPQSFAoSCY127gpuReSJEc1g69l58lD0GhQKEgk5kwlTbEXkiRGgKSzwb-_CPBoUChIJNwLQjG1F5IkRZKvDpxJpLOAiCg0wiuwYFRatbtU	41.8155056	-71.4167018	41.8155056	-71.4167018	NA	1.7429934676717262	Raw	NA	NA	NA	NA	FALSE	41.81549	-71.4167	2024	June
123	2024-06-11	912176	15:31:00	Pedestrian	1	NA	FALSE	FALSE	1	Thurbers Ave.	PRAIRIE AVE	2024-06-11	Two-Way , Not Divided	Dry	Daylight	Clear	Not a Collision Between Two Motor Vehicles in Transport	Yes	Unknown	1	1	Pain Reported	NA	41.79872	-71.41192	FALSE	FALSE	Thurbers Ave. and Prairie Ave, Providence, RI, USA	FALSE	-71.4119137	41.79874969999999	intersection	geometric_center	thurbers ave & prairie ave, providence, ri 02905, usa	NA	NA	NA	NA	41.79874969999999	-71.4119137	NA	3.347271710493306	Raw	NA	NA	NA	NA	FALSE	41.79872	-71.41192	2024	June
124	2024-06-13	912277	23:04:00	Pedestrian	1	NA	FALSE	FALSE	1	Admiral Street	ADMIRAL ST EXIT	2024-06-14	Two-Way , Not Divided	Dry	Dark - Lighted	Clear	Not a Collision Between Two Motor Vehicles in Transport	No	Traffic Control Signal	3	1	Pain Reported	NA	41.84068	-71.41899	FALSE	FALSE	Admiral Street and Admiral Street Exit, Providence, RI, USA	FALSE	-71.4320733	41.8466666	route	geometric_center	admiral st, providence, ri, usa	NA	NA	NA	NA	41.8466666	-71.4320733	NA	1273.3134673528666	Raw	distance greater than 100m	NA	NA	NA	TRUE	41.84068	-71.41899	2024	June
125	2024-06-15	913313	10:58:00	Pedestrian	1	NA	FALSE	FALSE	1	Gallatin ST	EMERSON ST	2024-06-15	Two-Way , Not Divided	Dry	Daylight	Clear	Not a Collision Between Two Motor Vehicles in Transport	Yes	No Controls	1	0	No Injury	NA	41.79708	-71.41391	FALSE	FALSE	Gallatin Street and Emerson Street, Providence, RI, USA	FALSE	-71.415359	41.7966579	intersection	geometric_center	gallatin st & emerson st, providence, ri 02907, usa	NA	NA	NA	NA	41.7966579	-71.415359	NA	129.1067632573047	Geocoded	distance greater than 100m	NA	NA	NA	TRUE	41.7966579	-71.415359	2024	June
126	2024-06-16	913341	10:42:00	Bicycle	NA	1	FALSE	FALSE	1	MEMORIAL BLVD	FRANCIS ST	2024-06-16	Two-Way, Divided, Positive Median Barrier	Dry	Daylight	Clear	Not a Collision Between Two Motor Vehicles in Transport	No	Traffic Control Signal	4	0	No Injury	NA	41.8259	-71.41535	FALSE	FALSE	Memorial Blvd and Francis Street, Providence, RI, USA	FALSE	-71.4153238	41.825791099999996	intersection	geometric_center	memorial blvd & francis st, providence, ri 02903, usa	NA	NA	NA	NA	41.825791099999996	-71.4153238	NA	12.315971426453617	Raw	NA	NA	NA	NA	FALSE	41.8259	-71.41535	2024	June
127	2024-06-18	913441	21:27:00	Pedestrian	1	NA	FALSE	FALSE	1	270 Broad Street	LOCKWOOD ST	2024-06-18	Two-Way , Not Divided	Dry	Dark - Lighted	Clear	Not a Collision Between Two Motor Vehicles in Transport	Yes	No Controls	1	1	Pain Reported	NA	41.8155	-71.42053	TRUE	FALSE	270 Broad Street, Providence, RI, USA	FALSE	-71.4199958	41.8153081	premise	rooftop	270 broad st, providence, ri 02903, usa	NA	NA	NA	NA	41.8153081	-71.4199958	NA	49.200080299088256	Raw	NA	NA	NA	NA	FALSE	41.8155	-71.42053	2024	June
128	2024-06-20	913476	12:57:00	Bicycle	NA	1	FALSE	FALSE	1	FILLMORE ST	ADMIRAL ST	2024-06-20	Two-Way , Not Divided	Dry	Daylight	Clear	Not a Collision Between Two Motor Vehicles in Transport	No	Pavement Markings	2	1	Non-Incapacitating	NA	41.84081	-71.41986	FALSE	FALSE	Fillmore Street and Admiral Street, Providence, RI, USA	FALSE	-71.4198378	41.8408543	intersection	geometric_center	admiral st & fillmore st, providence, ri 02908, usa	NA	NA	NA	NA	41.8408543	-71.4198378	NA	5.263927967910867	Raw	NA	NA	NA	NA	FALSE	41.84081	-71.41986	2024	June
129	2024-06-20	913497	14:57:00	Pedestrian	1	NA	FALSE	FALSE	1	110 LOCKWOOD ST	PLAIN ST	2024-06-20	One-Way Trafficway	Dry	Daylight	Clear	Not a Collision Between Two Motor Vehicles in Transport	No	No Controls	3	1	Non-Incapacitating	NA	41.81153	-71.41171	TRUE	FALSE	110 Lockwood Street, Providence, RI, USA	FALSE	-71.41013869999999	41.8113886	premise	rooftop	110 lockwood st, providence, ri 02903, usa	NA	NA	NA	NA	41.8113886	-71.41013869999999	NA	131.31937890395116	Neither	distance greater than 100m	41.812360, -71.410675	41.81236	-71.410675	TRUE	41.81236	-71.410675	2024	June
130	2024-06-22	913533	23:40:00	Other	1	NA	TRUE	FALSE	1	MANTON AVE	CHAFFEE ST	2024-06-22	Two-Way , Not Divided	Dry	Dark - Lighted	Clear	Not a Collision Between Two Motor Vehicles in Transport	Unknown	No Controls	1	1	Pain Reported	NA	41.81874	-71.44566	FALSE	FALSE	Manton Ave and Chaffee Street, Providence, RI, USA	FALSE	-71.4456439	41.8187741	intersection	geometric_center	chaffee st & manton ave, providence, ri 02909, usa	NA	NA	NA	NA	41.8187741	-71.4456439	NA	4.024130457462538	Raw	NA	NA	NA	NA	FALSE	41.81874	-71.44566	2024	June
131	2024-06-22	913561	22:38:00	Bicycle	NA	1	FALSE	FALSE	1	BROAD ST	PEARL ST	2024-06-22	Two-Way, Divided, Unprotected (painted>4feet) Medium	Dry	Dark - Lighted	Cloudy	Not a Collision Between Two Motor Vehicles in Transport	Yes	No Controls	1	1	Pain Reported	NA	41.81475	-71.42095	FALSE	FALSE	Broad Street and Pearl Street, Providence, RI, USA	FALSE	-71.42096169999999	41.8147856	intersection	geometric_center	pearl st & broad st, providence, ri 02907, usa	NA	NA	NA	NA	41.8147856	-71.42096169999999	NA	4.08012802511007	Raw	NA	NA	NA	NA	FALSE	41.81475	-71.42095	2024	June
132	2024-06-24	913596	09:00:00	Bicycle	NA	NA	FALSE	FALSE	2	BROADWAY	MARSHALL ST	2024-06-24	Two-Way , Not Divided	Dry	Daylight	Clear	Angle (Front - to - Side) Right Angle (Includes Broadside)	No	No Controls	7	1	Pain Reported	NA	41.81906	-71.43249	FALSE	FALSE	Broadway and Marshall Street, Providence, RI, USA	FALSE	-71.4319893	41.8178679	route	geometric_center	marshall st, providence, ri 02909, usa	Broadway & Marshall Street, Providence, RI, USA	Ei9Ccm9hZHdheSAmIE1hcnNoYWxsIFN0cmVldCwgUHJvdmlkZW5jZSwgUkksIFVTQSJmImQKFAoSCR_bFmaeReSJEXeoTFxx3QIREhQKEgkf2xZmnkXkiRF3qExccd0CERoUChIJpbXlhnVF5IkRGsIzsdekb7MaFAoSCXdzf9mdReSJEal-nPEQ0Qe9IgoNChjtGBX3TWzV	41.819137	-71.43224409999999	41.819137	-71.43224409999999	NA	22.12780034515682	Raw	NA	NA	NA	NA	FALSE	41.81906	-71.43249	2024	June
133	2024-06-25	913640	15:32:00	Bicycle	NA	1	FALSE	FALSE	1	GALLATIN ST	EMERSON ST	2024-06-25	Two-Way , Not Divided	Dry	Daylight	Clear	Not a Collision Between Two Motor Vehicles in Transport	Yes	Pavement Markings	3	1	Pain Reported	NA	41.79721	-71.41344	FALSE	FALSE	Gallatin Street and Emerson Street, Providence, RI, USA	FALSE	-71.415359	41.7966579	intersection	geometric_center	gallatin st & emerson st, providence, ri 02907, usa	NA	NA	NA	NA	41.7966579	-71.415359	NA	170.7053200317984	Geocoded	distance greater than 100m	NA	NA	NA	TRUE	41.7966579	-71.415359	2024	June
134	2024-06-25	913649	20:07:00	Pedestrian	1	NA	FALSE	FALSE	1	Francis Street	Gaspee Street	2024-06-25	Two-Way , Not Divided	Dry	Daylight	Clear	Not a Collision Between Two Motor Vehicles in Transport	Yes	No Controls	2	1	Pain Reported	NA	41.8289	-71.41531	FALSE	FALSE	Francis Street and Gaspee Street, Providence, RI, USA	FALSE	-71.413228	41.8298985	route	geometric_center	gaspee st, providence, ri 02903, usa	NA	NA	NA	NA	41.8298985	-71.413228	NA	205.3760828970484	Raw	distance greater than 100m	NA	NA	NA	TRUE	41.8289	-71.41531	2024	June
135	2024-06-27	913703	16:03:00	Bicycle	NA	1	FALSE	FALSE	1	BROAD ST.	CLAVERICK ST	2024-06-27	Two-Way , Not Divided	Dry	Daylight	Clear	Not a Collision Between Two Motor Vehicles in Transport	No	Traffic Control Signal	3	1	Pain Reported	NA	41.81938	-71.41493	FALSE	FALSE	Broad St. and Claverick Street, Providence, RI, USA	FALSE	-71.4149596	41.8193885	intersection	geometric_center	claverick st & broad st, providence, ri 02903, usa	NA	NA	NA	NA	41.8193885	-71.4149596	NA	2.6316354355520937	Raw	NA	NA	NA	NA	FALSE	41.81938	-71.41493	2024	June
136	2024-06-28	913723	07:11:00	Pedestrian	1	NA	FALSE	FALSE	1	MANTON AVE	FRUIT HILL AVE	2024-06-28	Two-Way , Not Divided	Dry	Daylight	Clear	Not a Collision Between Two Motor Vehicles in Transport	Yes	Traffic Control Signal	2	1	Pain Reported	NA	41.83388	-71.46783	FALSE	FALSE	Manton Ave and Fruit Hill Ave, Providence, RI, USA	FALSE	-71.4678252	41.8339416	intersection	geometric_center	manton ave & fruit hill ave, providence, ri 02909, usa	NA	NA	NA	NA	41.8339416	-71.4678252	NA	6.868828051427987	Raw	NA	NA	NA	NA	FALSE	41.83388	-71.46783	2024	June
137	2024-06-30	913789	12:12:00	Bicycle	NA	1	FALSE	FALSE	1	POTTERS AVE	ELMWOOD AVE	2024-06-30	Two-Way , Not Divided	Dry	Daylight	Cloudy	Not a Collision Between Two Motor Vehicles in Transport	No	Traffic Control Signal	2	1	Non-Incapacitating	NA	41.80151	-71.42635	FALSE	FALSE	Potters Ave and Elmwood Ave, Providence, RI, USA	FALSE	-71.4263443	41.8015284	intersection	geometric_center	potters ave & elmwood ave, providence, ri 02907, usa	NA	NA	NA	NA	41.8015284	-71.4263443	NA	2.1021852674967354	Raw	NA	NA	NA	NA	FALSE	41.80151	-71.42635	2024	June
138	2024-07-01	913826	13:27:00	Bicycle	NA	1	FALSE	FALSE	1	Violet Street	Orms Street	2024-07-01	Two-Way, Divided, Unprotected (painted>4feet) Medium	Dry	Daylight	Clear	Not a Collision Between Two Motor Vehicles in Transport	No	No Controls	4	1	Pain Reported	1	NA	NA	FALSE	FALSE	Violet Street and Orms Street, Providence, RI, USA	FALSE	-71.4262516	41.8331177	intersection	geometric_center	violet st & orms st, providence, ri 02908, usa	NA	NA	NA	NA	41.8331177	-71.4262516	NA	NA	Geocoded	raw coords null but geocoded coords found	NA	NA	NA	TRUE	41.8331177	-71.4262516	2024	July
139	2024-07-02	913873	16:18:00	Pedestrian	1	NA	FALSE	FALSE	1	WAYLAND AVE	S ANGELL ST	2024-07-02	Two-Way , Not Divided	Dry	Daylight	Clear	Not a Collision Between Two Motor Vehicles in Transport	Yes	Traffic Control Signal	2	1	Pain Reported	NA	41.83003	-71.38795	FALSE	FALSE	Wayland Ave and S Angell Street, Providence, RI, USA	FALSE	-71.3879705	41.8300645	intersection	geometric_center	wayland ave & s angell st, providence, ri 02906, usa	NA	NA	NA	NA	41.8300645	-71.3879705	NA	4.200121976379227	Raw	NA	NA	NA	NA	FALSE	41.83003	-71.38795	2024	July
140	2024-07-02	913874	15:33:00	Bicycle	NA	NA	FALSE	FALSE	2	WESTMINSTER ST	CAHIR ST	2024-07-02	Two-Way, Divided, Positive Median Barrier	Dry	Daylight	Clear	Sideswipe, Same Direction	No	No Controls	3	0	No Injury	NA	41.81804	-71.42057	FALSE	FALSE	Westminster Street and Cahir Street, Providence, RI, USA	FALSE	-71.4201687	41.81822150000001	intersection	geometric_center	cahir st & westminster st, providence, ri 02903, usa	NA	NA	NA	NA	41.81822150000001	-71.4201687	NA	38.94401027156711	Raw	NA	NA	NA	NA	FALSE	41.81804	-71.42057	2024	July
141	2024-07-02	913882	21:41:00	Bicycle	NA	1	FALSE	FALSE	1	S WATER ST	DYER ST	2024-07-02	Two-Way, Divided, Positive Median Barrier	Dry	Dark - Lighted	Clear	Not a Collision Between Two Motor Vehicles in Transport	No	Traffic Control Signal	6	1	Pain Reported	NA	41.82414	-71.40809	FALSE	FALSE	S Water Street and Dyer Street, Providence, RI, USA	FALSE	-71.4082372	41.82411	intersection	geometric_center	s water st & dyer st, providence, ri 02903, usa	NA	NA	NA	NA	41.82411	-71.4082372	NA	12.659379772967318	Raw	NA	NA	NA	NA	FALSE	41.82414	-71.40809	2024	July
142	2024-07-04	913948	14:01:00	Other	NA	NA	TRUE	FALSE	2	MEMORIAL BLVD	FRANCIS ST	2024-07-05	Two-Way, Divided, Positive Median Barrier	Dry	Daylight	Clear	Not a Collision Between Two Motor Vehicles in Transport	Yes	Traffic Control Signal	1	0	No Injury	NA	41.82591	-71.41529	FALSE	FALSE	Memorial Blvd and Francis Street, Providence, RI, USA	FALSE	-71.4153238	41.825791099999996	intersection	geometric_center	memorial blvd & francis st, providence, ri 02903, usa	NA	NA	NA	NA	41.825791099999996	-71.4153238	NA	13.529596625793408	Raw	NA	NA	NA	NA	FALSE	41.82591	-71.41529	2024	July
143	2024-07-05	913960	15:13:00	Other	NA	NA	TRUE	FALSE	2	FARRAGUT AVE	MONTGOMERY AVE	2024-07-05	Two-Way , Not Divided	Dry	Daylight	Clear	Angle (Front - to - Side) Right Angle (Includes Broadside)	Yes	Traffic Control Signal	4	1	Pain Reported	NA	41.78744	-71.40284	FALSE	FALSE	Farragut Ave and Montgomery Ave, Providence, RI, USA	FALSE	-71.4006729	41.7859535	route	geometric_center	montgomery ave, providence, ri 02905, usa	NA	NA	NA	NA	41.7859535	-71.4006729	NA	244.4134469100761	Unknown	distance greater than 100m	NA	NA	NA	TRUE	NA	NA	2024	July
144	2024-07-05	913970	16:06:00	Bicycle	NA	1	FALSE	FALSE	1	CLYM ST	ADMIRAL ST	2024-07-05	Two-Way , Not Divided	Dry	Daylight	Clear	Angle (Front - to - Side) Right Angle (Includes Broadside)	Yes	Stop Signs	1	1	Pain Reported	NA	41.84418	-71.42372	FALSE	FALSE	Clym Street and Admiral Street, Providence, RI, USA	FALSE	-71.4320733	41.8466666	route	geometric_center	admiral st, providence, ri, usa	NA	NA	NA	NA	41.8466666	-71.4320733	NA	745.9737407450351	Raw	distance greater than 100m	NA	NA	NA	TRUE	41.84418	-71.42372	2024	July
145	2024-07-05	913983	23:13:00	Pedestrian	1	NA	TRUE	FALSE	2	PLAINFIELD ST	WEBSTER AVE	2024-07-05	Two-Way, Not Divided With a Continuous Left Turn Lane	Dry	Dark - Lighted	Clear	Not a Collision Between Two Motor Vehicles in Transport	No	Traffic Control Signal	4	2	Incapacitating	NA	41.81366	-71.45085	FALSE	FALSE	Plainfield Street and Webster Ave, Providence, RI, USA	FALSE	-71.4507911	41.8136753	intersection	geometric_center	webster ave & plainfield st, providence, ri 02909, usa	NA	NA	NA	NA	41.8136753	-71.4507911	NA	5.175131827676017	Raw	NA	NA	NA	NA	FALSE	41.81366	-71.45085	2024	July
146	2024-07-06	914004	18:44:00	Bicycle	NA	NA	FALSE	FALSE	3	ALVERSON AVE	MERINO ST	2024-07-06	Two-Way , Not Divided	Dry	Daylight	Clear	Sideswipe, Same Direction	Yes	No Controls	5	0	No Injury	NA	41.81371	-71.45833	FALSE	FALSE	Alverson Ave and Merino Street, Providence, RI, USA	FALSE	-71.4591197	41.8186569	route	geometric_center	merino st, providence, ri, usa	NA	NA	NA	NA	41.8186569	-71.4591197	NA	554.5701412836846	Raw	distance greater than 100m	NA	NA	NA	TRUE	41.81371	-71.45833	2024	July
147	2024-07-07	914019	15:20:00	Pedestrian	1	NA	FALSE	FALSE	1	Union Ave	EXIT	2024-07-07	One-Way Trafficway	Dry	Daylight	Clear	Not a Collision Between Two Motor Vehicles in Transport	Yes	Traffic Control Signal	2	1	Non-Incapacitating	NA	41.80854	-71.44116	FALSE	FALSE	Union Ave and Exit, Providence, RI, USA	FALSE	-71.4146264	41.82490749999999	locality	approximate	providence, ri, usa	NA	NA	NA	NA	41.82490749999999	-71.4146264	NA	2857.5642389073496	Raw	distance greater than 100m	NA	NA	NA	TRUE	41.80854	-71.44116	2024	July
148	2024-07-07	914028	17:10:00	Pedestrian	1	NA	FALSE	TRUE	1	WASHINGTON ST/ JOHN J PARDINGTON WAY	DEAN ST	2024-07-07	Two-Way , Not Divided	Dry	Daylight	Clear	Other	No	No Controls	2	1	Pain Reported	NA	41.81964	-71.41979	FALSE	FALSE	Washington St/ John J Pardington Way and Dean Street, Providence, RI, USA	FALSE	-71.4242087	41.8234242	route	geometric_center	dean st, providence, ri, usa	NA	NA	NA	NA	41.8234242	-71.4242087	NA	558.4150356218252	Neither	distance greater than 100m	41.819542, -71.420023	41.819542	-71.420023	TRUE	41.819542	-71.420023	2024	July
149	2024-07-10	914106	13:20:00	Bicycle	NA	1	FALSE	FALSE	1	PROMENADE ST	BATH ST	2024-07-10	One-Way Trafficway	Dry	Daylight	Clear	Not a Collision Between Two Motor Vehicles in Transport	No	Stop Signs	3	1	Pain Reported	NA	41.82929	-71.42361	FALSE	FALSE	Promenade Street and Bath Street, Providence, RI, USA	FALSE	-71.4235948	41.8293084	intersection	geometric_center	promenade st & bath st, providence, ri 02908, usa	NA	NA	NA	NA	41.8293084	-71.4235948	NA	2.405221053378306	Raw	NA	NA	NA	NA	FALSE	41.82929	-71.42361	2024	July
150	2024-07-12	914155	12:35:00	Bicycle	1	NA	TRUE	FALSE	1	Admiral Street	Douglas Avenue	2024-07-12	Two-Way, Divided, Unprotected (painted>4feet) Medium	Dry	Daylight	Clear	Not a Collision Between Two Motor Vehicles in Transport	No	Traffic Control Signal	5	1	Non-Incapacitating	1	NA	NA	FALSE	FALSE	Admiral Street and Douglas Avenue, Providence, RI, USA	FALSE	-71.4289474	41.84607219999999	intersection	geometric_center	admiral st & douglas ave, providence, ri 02908, usa	NA	NA	NA	NA	41.84607219999999	-71.4289474	NA	NA	Geocoded	raw coords null but geocoded coords found	NA	NA	NA	TRUE	41.84607219999999	-71.4289474	2024	July
151	2024-07-12	914158	12:52:00	Bicycle	NA	1	FALSE	FALSE	1	N MAIN ST	Pleasant Street	2024-07-12	Two-Way , Not Divided	Dry	Daylight	Cloudy	Not a Collision Between Two Motor Vehicles in Transport	No	No Controls	3	1	Pain Reported	NA	41.83919	-71.40904	FALSE	FALSE	N Main Street and Pleasant Street, Providence, RI, USA	FALSE	-71.4090287	41.8392185	intersection	geometric_center	pleasant st & n main st, providence, ri 02906, usa	NA	NA	NA	NA	41.8392185	-71.4090287	NA	3.308127780038443	Raw	NA	NA	NA	NA	FALSE	41.83919	-71.40904	2024	July
152	2024-07-12	914160	15:59:00	Pedestrian	1	NA	FALSE	FALSE	1	ELMWOOD AVE	EARL ST	2024-07-12	Unknown	Wet	Daylight	Rain	Not a Collision Between Two Motor Vehicles in Transport	No	No Controls	5	1	Pain Reported	NA	41.79798	-71.42615	FALSE	FALSE	Elmwood Ave and Earl Street, Providence, RI, USA	FALSE	-71.4262336	41.7981081	intersection	geometric_center	elmwood ave & earl st, providence, ri 02907, usa	NA	NA	NA	NA	41.7981081	-71.4262336	NA	15.858184516685435	Raw	NA	NA	NA	NA	FALSE	41.79798	-71.42615	2024	July
153	2024-07-14	914219	20:47:00	Bicycle	1	NA	TRUE	FALSE	1	BROAD ST	BROAD ST	2024-07-14	Two-Way , Not Divided	Dry	Dark - Lighted	Clear	Angle (Front - to - Side) Right Angle (Includes Broadside)	No	No Controls	3	1	Pain Reported	NA	41.79948	-71.41625	FALSE	FALSE	Broad Street and Broad Street, Providence, RI, USA	FALSE	-71.410453	41.7948262	route	geometric_center	broad st, providence, ri, usa	NA	NA	NA	NA	41.7948262	-71.410453	NA	706.9890837197111	Raw	distance greater than 100m	NA	NA	NA	TRUE	41.79948	-71.41625	2024	July
154	2024-07-15	914235	16:58:00	Pedestrian	1	NA	FALSE	FALSE	1	ORMS ST	CANDACE ST	2024-07-15	Two-Way , Not Divided	Dry	Daylight	Clear	Other	No	Traffic Control Signal	2	0	No Injury	NA	41.83379	-71.42186	FALSE	FALSE	Orms Street and Candace Street, Providence, RI, USA	FALSE	-71.4218618	41.8337907	intersection	geometric_center	candace st & orms st, providence, ri 02908, usa	NA	NA	NA	NA	41.8337907	-71.4218618	NA	0.1684084236696959	Raw	NA	NA	NA	NA	FALSE	41.83379	-71.42186	2024	July
155	2024-07-16	914272	18:57:00	Bicycle	NA	1	FALSE	FALSE	1	FORD ST.	DEXTER ST	2024-07-16	Two-Way , Not Divided	Dry	Daylight	Clear	Not a Collision Between Two Motor Vehicles in Transport	No	Stop Signs	4	2	Pain Reported	NA	41.80868	-71.42829	FALSE	FALSE	Ford St. and Dexter Street, Providence, RI, USA	FALSE	-71.4281587	41.8086677	intersection	geometric_center	ford st & dexter st, providence, ri 02907, usa	NA	NA	NA	NA	41.8086677	-71.4281587	NA	10.980293124907188	Raw	NA	NA	NA	NA	FALSE	41.80868	-71.42829	2024	July
156	2024-07-18	914331	12:55:00	Bicycle	NA	NA	FALSE	FALSE	2	WESTMINSTER ST	CRANSTON ST	2024-07-18	One-Way Trafficway	Dry	Daylight	Cloudy	Rear End(Front-to-Rear)	No	No Controls	2	1	Pain Reported	NA	41.81782	-71.42104	FALSE	FALSE	Westminster Street and Cranston Street, Providence, RI, USA	FALSE	-71.4222763	41.8171902	intersection	geometric_center	cranston st & westminster st, providence, ri 02903, usa	NA	NA	NA	NA	41.8171902	-71.4222763	NA	124.23920812961823	Raw	distance greater than 100m	NA	NA	NA	TRUE	41.81782	-71.42104	2024	July
157	2024-07-18	914343	15:17:00	Bicycle	1	NA	TRUE	FALSE	1	BLACKSTONE BLVD	LORIMER AVE	2024-07-18	Two-Way, Divided, Positive Median Barrier	Dry	Daylight	Clear	Not a Collision Between Two Motor Vehicles in Transport	No	Stop Signs	5	1	Incapacitating	NA	41.85275	-71.38885	FALSE	FALSE	Blackstone Blvd and Lorimer Ave, Providence, RI, USA	FALSE	-71.3888834	41.8527898	intersection	geometric_center	blackstone blvd & lorimer ave, providence, ri 02906, usa	NA	NA	NA	NA	41.8527898	-71.3888834	NA	5.224874902140978	Raw	NA	NA	NA	NA	FALSE	41.85275	-71.38885	2024	July
158	2024-07-18	914344	18:18:00	Pedestrian	1	NA	FALSE	FALSE	1	HARRIS AVE	KINSLEY AVE	2024-07-18	One-Way Trafficway	Dry	Daylight	Clear	Not a Collision Between Two Motor Vehicles in Transport	No	No Controls	3	1	Pain Reported	NA	41.82779	-71.41902	FALSE	FALSE	Harris Ave and Kinsley Ave, Providence, RI, USA	FALSE	-71.4294894	41.8282712	route	geometric_center	kinsley ave, providence, ri, usa	NA	NA	NA	NA	41.8282712	-71.4294894	NA	870.0840756803576	Raw	distance greater than 100m	NA	NA	NA	TRUE	41.82779	-71.41902	2024	July
159	2024-07-20	914400	18:09:00	Bicycle	1	NA	FALSE	FALSE	1	SMITH ST.	TYNDALL AVE.	2024-07-20	Two-Way , Not Divided	Dry	Daylight	Clear	Not a Collision Between Two Motor Vehicles in Transport	No	Stop Signs	7	1	Incapacitating	NA	41.83765	-71.43366	FALSE	FALSE	Smith St. and Tyndall Ave., Providence, RI, USA	FALSE	-71.4336483	41.8376579	intersection	geometric_center	tyndall ave & smith st, providence, ri 02908, usa	NA	NA	NA	NA	41.8376579	-71.4336483	NA	1.3095785157225417	Raw	NA	NA	NA	NA	FALSE	41.83765	-71.43366	2024	July
160	2024-07-21	914409	03:12:00	Other	NA	NA	TRUE	FALSE	2	MEMORIAL BLVD	STEEPLE ST	2024-07-21	Two-Way , Not Divided	Wet	Dark - Lighted	Rain	Angle (Front - to - Side) Right Angle (Includes Broadside)	No	Traffic Control Signal	2	1	Incapacitating	NA	41.82677	-71.41063	FALSE	FALSE	Memorial Blvd and Steeple Street, Providence, RI, USA	FALSE	-71.4096892	41.8272747	route	geometric_center	steeple st, providence, ri 02903, usa	NA	NA	NA	NA	41.8272747	-71.4096892	NA	96.16034988787716	Raw	NA	NA	NA	NA	FALSE	41.82677	-71.41063	2024	July
161	2024-07-21	914424	19:25:00	Other	1	NA	TRUE	FALSE	1	335 Hartford Ave.	Bodell Ave.	2024-07-21	Two-Way , Not Divided	Dry	Dark - Lighted	Clear	Not a Collision Between Two Motor Vehicles in Transport	Yes	No Controls	2	0	No Injury	2	NA	NA	TRUE	FALSE	335 Hartford Ave., Providence, RI, USA	FALSE	-71.45354320000001	41.81804229999999	premise	rooftop	335 hartford ave, providence, ri 02909, usa	NA	NA	NA	NA	41.81804229999999	-71.45354320000001	NA	NA	Neither	raw coords null but geocoded coords found	41.81768, -71.45363	41.81768	-71.45363	TRUE	41.81768	-71.45363	2024	July