row_number	crash_date	crash_report_id	crash_time	collision_type	count_pedestrian	count_bicycle	scooter	wheel_chair	number_of_vehicles	street_or_highway	nearest_intersection	report_date	type_of_roadway	road_surface_condition	light_condition	weather_condition	manner_of_impact	hit_and_run	traffic_control	person_count	injury_count	most_serious_injury	number_of_lanes	lat_raw	lon_raw	has_st_number	is_intersection_null	address_sent_to_geocoder	is_address_blank	lon_api_first_try	lat_api_first_try	type	loctype	address_returned_by_geocoder	address_returned_by_autocomplete	place_ids_autocompleted	lat_api_second_try	lon_api_second_try	lat_api_best	lon_api_best	api_coord_conf	distance_btwn_coords_meters	best_coordinate_set	reason_for_qa	correct_coordinates	corrected_lat	corrected_lon	manually_qaed_record	final_lat	final_lon	year	month
162	2024-07-22	914443	16:31:00	Pedestrian	1	NA	FALSE	FALSE	1	PLAINFIELD ST	DIKE ST	2024-07-22	Two-Way , Not Divided	Dry	Daylight	Cloudy	Not a Collision Between Two Motor Vehicles in Transport	No	No Controls	4	1	Pain Reported	NA	41.81637	-71.44441	FALSE	FALSE	Plainfield Street and Dike Street, Providence, RI, USA	FALSE	-71.44439969999999	41.8163893	intersection	geometric_center	dike st & plainfield st, providence, ri 02909, usa	NA	NA	NA	NA	41.8163893	-71.44439969999999	NA	2.3121723591522674	Raw	NA	NA	NA	NA	FALSE	41.81637	-71.44441	2024	July
163	2024-07-22	914457	23:07:00	Bicycle	NA	1	FALSE	FALSE	1	WESTMINSTER ST	ALMY ST	2024-07-22	Two-Way, Divided, Unprotected (painted>4feet) Medium	Dry	Dark - Lighted	Cloudy	Not a Collision Between Two Motor Vehicles in Transport	No	No Controls	4	1	Pain Reported	NA	41.81646	-71.43246	FALSE	FALSE	Westminster Street and Almy Street, Providence, RI, USA	FALSE	-71.4324584	41.8164949	intersection	geometric_center	almy st & westminster st, providence, ri 02909, usa	NA	NA	NA	NA	41.8164949	-71.4324584	NA	3.887317341505506	Raw	NA	NA	NA	NA	FALSE	41.81646	-71.43246	2024	July
164	2024-07-23	914470	13:14:00	Pedestrian	1	NA	FALSE	FALSE	1	CULVER ST	DUDLEY ST	2024-07-23	Two-Way , Not Divided	Wet	Daylight	Cloudy	Not a Collision Between Two Motor Vehicles in Transport	No	No Controls	5	1	Pain Reported	NA	41.8104	-71.40861	FALSE	FALSE	Culver Street and Dudley Street, Providence, RI, USA	FALSE	-71.4086571	41.81061649999999	intersection	geometric_center	dudley st & culver st, providence, ri 02903, usa	NA	NA	NA	NA	41.81061649999999	-71.4086571	NA	24.41546122082792	Raw	NA	NA	NA	NA	FALSE	41.8104	-71.40861	2024	July
165	2024-07-23	914472	14:00:00	Other	1	NA	TRUE	FALSE	1	RICHTER ST	CHALKSTONE AVE	2024-07-23	Two-Way , Not Divided	Dry	Daylight	Clear	Not a Collision Between Two Motor Vehicles in Transport	No	No Controls	2	1	Pain Reported	NA	41.83489	-71.42965	FALSE	FALSE	Richter Street and Chalkstone Ave, Providence, RI, USA	FALSE	-71.429597	41.83434219999999	intersection	geometric_center	richter st & chalkstone ave, providence, ri 02908, usa	NA	NA	NA	NA	41.83434219999999	-71.429597	NA	61.139053196063344	Raw	NA	NA	NA	NA	FALSE	41.83489	-71.42965	2024	July
166	2024-07-23	914493	20:11:00	Pedestrian	1	NA	FALSE	FALSE	1	ONTARIO ST	NIAGARA ST	2024-07-23	Two-Way , Not Divided	Dry	Dusk	Cloudy	Not a Collision Between Two Motor Vehicles in Transport	Yes	No Controls	1	1	Non-Incapacitating	NA	41.79971	-71.41993	FALSE	FALSE	Ontario Street and Niagara Street, Providence, RI, USA	FALSE	-71.4193425	41.7999015	intersection	geometric_center	ontario st & niagara st, providence, ri 02907, usa	NA	NA	NA	NA	41.7999015	-71.4193425	NA	53.21125656608437	Raw	NA	NA	NA	NA	FALSE	41.79971	-71.41993	2024	July
167	2024-07-23	915075	09:32:00	Bicycle	NA	1	FALSE	FALSE	1	OAKLAND AVE	CHAD BROWN ST	2024-08-15	Two-Way , Not Divided	Wet	Daylight	Clear	Not a Collision Between Two Motor Vehicles in Transport	No	Stop Signs	3	1	Pain Reported	NA	41.8389	-71.42936	FALSE	FALSE	Oakland Ave and Chad Brown Street, Providence, RI, USA	FALSE	-71.42935949999999	41.8389259	intersection	geometric_center	oakland ave & chad brown st, providence, ri 02908, usa	NA	NA	NA	NA	41.8389259	-71.42935949999999	NA	2.8834730049411097	Raw	NA	NA	NA	NA	FALSE	41.8389	-71.42936	2024	July
168	2024-07-24	914520	20:36:00	Pedestrian	1	NA	FALSE	FALSE	1	Academy Ave	Maplehurst Ave	2024-07-25	Two-Way , Not Divided	Dry	Dark - Lighted	Clear	Not a Collision Between Two Motor Vehicles in Transport	No	No Controls	2	1	Pain Reported	NA	41.82683	-71.44364	FALSE	FALSE	Academy Ave and Maplehurst Ave, Providence, RI, USA	FALSE	-71.4436581	41.8268621	intersection	geometric_center	academy ave & maplehurst ave, providence, ri 02908, usa	NA	NA	NA	NA	41.8268621	-71.4436581	NA	3.875967574745792	Raw	NA	NA	NA	NA	FALSE	41.82683	-71.44364	2024	July
169	2024-07-25	914531	13:00:00	Pedestrian	1	NA	FALSE	FALSE	1	NORTH MAIN ST	WATERMAN ST	2024-07-25	One-Way Trafficway	Dry	Daylight	Cloudy	Not a Collision Between Two Motor Vehicles in Transport	No	Traffic Control Signal	2	0	No Injury	NA	41.82693	-71.40873	FALSE	FALSE	North Main Street and Waterman Street, Providence, RI, USA	FALSE	-71.4087364	41.8269572	intersection	geometric_center	n main st & waterman st, providence, ri 02903, usa	NA	NA	NA	NA	41.8269572	-71.4087364	NA	3.0740787013676876	Raw	NA	NA	NA	NA	FALSE	41.82693	-71.40873	2024	July
170	2024-07-26	914549	14:00:00	Pedestrian	1	NA	FALSE	FALSE	1	1261 North Main St	9th St	2024-07-26	Two-Way , Not Divided	Dry	Daylight	Clear	Not a Collision Between Two Motor Vehicles in Transport	Yes	No Controls	2	1	Pain Reported	2	NA	NA	TRUE	FALSE	1261 North Main Street, Providence, RI, USA	FALSE	-71.40013429999999	41.8546861	premise	rooftop	1261 n main st, providence, ri 02906, usa	NA	NA	NA	NA	41.8546861	-71.40013429999999	NA	NA	Neither	raw coords null but geocoded coords found	41.85473, -71.40033	41.854730000000004	-71.40033	TRUE	41.854730000000004	-71.40033	2024	July
171	2024-07-26	914556	15:09:00	Pedestrian	1	NA	FALSE	FALSE	1	Pine St.	SOMERSET ST	2024-07-26	Two-Way , Not Divided	Dry	Daylight	Clear	Not a Collision Between Two Motor Vehicles in Transport	Yes	No Controls	1	1	Pain Reported	NA	41.81252	-71.41954	FALSE	FALSE	Pine St. and Somerset Street, Providence, RI, USA	FALSE	-71.4189357	41.8120826	route	geometric_center	somerset st, providence, ri 02907, usa	Pine St & Somerset Street, Providence, RI, USA	Ei5QaW5lIFN0ICYgU29tZXJzZXQgU3RyZWV0LCBQcm92aWRlbmNlLCBSSSwgVVNBImYiZAoUChIJkfG8anBF5IkRJ9CN_qNmfBgSFAoSCZHxvGpwReSJESfQjf6jZnwYGhQKEgk5kwlTbEXkiRGgKSzwb-_CPBoUChIJ68MfGXBF5IkRw68ofLDoJU0iCg3OEuwYFSw7btU	41.8124494	-71.419618	41.8124494	-71.419618	NA	10.180793409747798	Raw	NA	NA	NA	NA	FALSE	41.81252	-71.41954	2024	July
172	2024-07-27	914570	10:12:00	Other	NA	NA	TRUE	FALSE	2	BROAD STREET	GALLUP STREET	2024-07-27	Two-Way , Not Divided	Dry	Daylight	Clear	Rear End(Front-to-Rear)	No	No Controls	3	0	No Injury	NA	41.79928	-71.41601	FALSE	FALSE	Broad Street and Gallup Street, Providence, RI, USA	FALSE	-71.41600430000001	41.7993223	intersection	geometric_center	gallup st & broad st, providence, ri 02907, usa	NA	NA	NA	NA	41.7993223	-71.41600430000001	NA	4.732513777359519	Raw	NA	NA	NA	NA	FALSE	41.79928	-71.41601	2024	July
173	2024-07-27	914575	12:51:00	Bicycle	NA	1	FALSE	FALSE	1	SMITHFIELD AVE	I 95 NORTH RAMP	2024-07-27	Two-Way, Divided, Positive Median Barrier	Dry	Daylight	Clear	Not a Collision Between Two Motor Vehicles in Transport	No	Traffic Control Signal	2	1	Non-Incapacitating	NA	41.85478	-71.40446	FALSE	FALSE	Smithfield Ave and I 95 North Ramp, Providence, RI, USA	FALSE	-71.4120825	41.8636707	street_address	range_interpolated	95 smithfield ave, pawtucket, ri 02860, usa	NA	NA	NA	NA	41.8636707	-71.4120825	NA	1174.2724723815677	Raw	distance greater than 100m	NA	NA	NA	TRUE	41.85478	-71.40446	2024	July
174	2024-07-28	914604	20:46:00	Bicycle	NA	NA	FALSE	FALSE	2	KILLINGLY ST	PLAINFIELD ST	2024-07-28	Two-Way , Not Divided	Dry	Dark - Lighted	Clear	Rear End(Front-to-Rear)	Yes	No Controls	1	0	No Injury	2	41.81316	-71.4595	FALSE	FALSE	Killingly Street and Plainfield Street, Providence, RI, USA	FALSE	-71.4589537	41.8126853	intersection	geometric_center	killingly st & plainfield st, providence, ri 02909, usa	NA	NA	NA	NA	41.8126853	-71.4589537	NA	69.61951931926345	Raw	NA	NA	NA	NA	FALSE	41.81316	-71.4595	2024	July
175	2024-07-30	914642	14:10:00	Bicycle	NA	1	FALSE	FALSE	1	Barry Road	HARTFORD AVE	2024-07-30	Two-Way , Not Divided	Dry	Daylight	Clear	Angle (Front - to - Side) Same Direction	No	No Controls	2	1	Pain Reported	NA	41.81751	-71.45207	FALSE	FALSE	Barry Road and Hartford Ave, Providence, RI, USA	FALSE	-71.452067	41.8174947	intersection	geometric_center	barry rd & hartford ave, providence, ri 02909, usa	NA	NA	NA	NA	41.8174947	-71.452067	NA	1.7212775249609855	Raw	NA	NA	NA	NA	FALSE	41.81751	-71.45207	2024	July
176	2024-07-30	915029	13:33:00	Other	NA	NA	TRUE	FALSE	2	ACADEMY	MAPLEHURST	2024-07-30	Two-Way , Not Divided	Dry	Daylight	Clear	Not a Collision Between Two Motor Vehicles in Transport	No	No Controls	2	0	No Injury	NA	41.82567	-71.42689	FALSE	FALSE	Academy and Maplehurst, Providence, RI, USA	FALSE	-71.4420117	41.8269826	route	geometric_center	maplehurst ave, providence, ri 02908, usa	Academy Avenue & Maplehurst Avenue, Providence, RI, USA	EjdBY2FkZW15IEF2ZW51ZSAmIE1hcGxlaHVyc3QgQXZlbnVlLCBQcm92aWRlbmNlLCBSSSwgVVNBImYiZAoUChIJdyYqGr1F5IkRUMrgSxQ3JVkSFAoSCXcmKhq9ReSJEVDK4EsUNyVZGhQKEgmzKlFesEXkiREsxo7ZXVk1SRoUChIJ36gmKr1F5IkRV6T0sCVSh6AiCg3NRe4YFRuQatU	41.8268621	-71.4436581	41.8268621	-71.4436581	NA	1397.263186445365	Geocoded	distance greater than 100m	NA	NA	NA	TRUE	41.8268621	-71.4436581	2024	July
177	2024-07-31	914683	21:02:00	Pedestrian	1	NA	FALSE	FALSE	1	N Main Street	Branch Ave	2024-07-31	Two-Way, Divided, Positive Median Barrier	Dry	Dark - Lighted	Clear	Not a Collision Between Two Motor Vehicles in Transport	No	Traffic Control Signal	3	1	Pain Reported	NA	41.84199	-71.40798	FALSE	FALSE	N Main Street and Branch Ave, Providence, RI, USA	FALSE	-71.4079345	41.842059	intersection	geometric_center	branch ave & n main st, providence, ri 02904, usa	NA	NA	NA	NA	41.842059	-71.4079345	NA	8.557855662767542	Raw	NA	NA	NA	NA	FALSE	41.84199	-71.40798	2024	July
178	2024-08-01	914695	10:18:00	Pedestrian	1	NA	FALSE	FALSE	1	CHALKSTONE AVE	ACADEMY AVE	2024-08-01	Two-Way , Not Divided	Dry	Daylight	Clear	Not a Collision Between Two Motor Vehicles in Transport	No	Traffic Control Signal	3	1	Non-Incapacitating	NA	41.83245	-71.44453	FALSE	FALSE	Chalkstone Ave and Academy Ave, Providence, RI, USA	FALSE	-71.44453419999999	41.8324655	intersection	geometric_center	academy ave & chalkstone ave, providence, ri 02908, usa	NA	NA	NA	NA	41.8324655	-71.44453419999999	NA	1.7602678481492378	Raw	NA	NA	NA	NA	FALSE	41.83245	-71.44453	2024	August
179	2024-08-01	914712	16:35:00	Other	NA	1	TRUE	FALSE	1	343 BROAD ST	BROAD ST	2024-08-02	Two-Way, Divided, Unprotected (painted>4feet) Medium	Dry	Daylight	Clear	Sideswipe, Same Direction	No	No Controls	2	1	Pain Reported	NA	41.81346	-71.42175	TRUE	FALSE	343 Broad Street, Providence, RI, USA	FALSE	-71.4221475	41.813852	premise	rooftop	343 broad st, providence, ri 02907, usa	NA	NA	NA	NA	41.813852	-71.4221475	NA	54.69810851348141	Raw	NA	NA	NA	NA	FALSE	41.81346	-71.42175	2024	August
180	2024-08-02	914735	20:02:00	Other	NA	NA	TRUE	FALSE	2	UNION AVE	SILVER LAKE AVE	2024-08-02	Two-Way , Not Divided	Dry	Dark - Lighted	Clear	Angle (Front - to - Side) Same Direction	No	No Controls	2	1	Pain Reported	NA	41.80751	-71.45987	FALSE	FALSE	Union Ave and Silver Lake Ave, Providence, RI, USA	FALSE	-71.4597582	41.8074722	intersection	geometric_center	union ave & silver lake ave, providence, ri 02909, usa	NA	NA	NA	NA	41.8074722	-71.4597582	NA	10.186478201450203	Raw	NA	NA	NA	NA	FALSE	41.80751	-71.45987	2024	August
181	2024-08-03	914745	10:21:00	Bicycle	NA	1	FALSE	FALSE	1	5 Elmwood Ave	BRIDGHAM ST	2024-08-03	Two-Way , Not Divided	Dry	Daylight	Clear	Not a Collision Between Two Motor Vehicles in Transport	No	No Controls	4	1	Pain Reported	NA	41.81275	-71.42218	TRUE	FALSE	5 Elmwood Ave, Providence, RI, USA	FALSE	-71.422805	41.8126031	premise	rooftop	5 elmwood ave, providence, ri 02907, usa	NA	NA	NA	NA	41.8126031	-71.422805	NA	54.37333238563097	Raw	NA	NA	NA	NA	FALSE	41.81275	-71.42218	2024	August
182	2024-08-03	914749	10:08:00	Bicycle	NA	1	FALSE	FALSE	1	EDDY ST	VERMONT AVE	2024-08-03	Two-Way , Not Divided	Dry	Daylight	Clear	Not a Collision Between Two Motor Vehicles in Transport	No	Stop Signs	2	1	Pain Reported	NA	41.78756	-71.40242	FALSE	FALSE	Eddy Street and Vermont Ave, Providence, RI, USA	FALSE	-71.4024115	41.7875842	intersection	geometric_center	vermont ave & eddy st, providence, ri 02905, usa	NA	NA	NA	NA	41.7875842	-71.4024115	NA	2.7847842520279404	Raw	NA	NA	NA	NA	FALSE	41.78756	-71.40242	2024	August
183	2024-08-03	914779	13:37:00	Pedestrian	1	NA	FALSE	FALSE	1	Plainfield St	DIKE ST	2024-08-04	Two-Way , Not Divided	Dry	Daylight	Clear	Not a Collision Between Two Motor Vehicles in Transport	No	No Controls	2	1	Pain Reported	NA	41.81631	-71.44451	FALSE	FALSE	Plainfield Street and Dike Street, Providence, RI, USA	FALSE	-71.44439969999999	41.8163893	intersection	geometric_center	dike st & plainfield st, providence, ri 02909, usa	NA	NA	NA	NA	41.8163893	-71.44439969999999	NA	12.714886410040496	Raw	NA	NA	NA	NA	FALSE	41.81631	-71.44451	2024	August
184	2024-08-07	914864	15:31:00	Bicycle	NA	1	FALSE	FALSE	1	GORDON AVE	SARATOGA ST	2024-08-07	Two-Way, Not Divided With a Continuous Left Turn Lane	Wet	Daylight	Cloudy	Not a Collision Between Two Motor Vehicles in Transport	Yes	No Controls	2	1	Pain Reported	NA	41.80481	-71.4162	FALSE	FALSE	Gordon Ave and Saratoga Street, Providence, RI, USA	FALSE	-71.4146477	41.8051783	route	geometric_center	saratoga st, providence, ri 02905, usa	Gordon Ave & Saratoga Street, Providence, RI, USA	EjFHb3Jkb24gQXZlICYgU2FyYXRvZ2EgU3RyZWV0LCBQcm92aWRlbmNlLCBSSSwgVVNBImYiZAoUChIJhW-CbGNF5IkRI3ww4QgC0J8SFAoSCYVvgmxjReSJESN8MOEIAtCfGhQKEgmFOWL1YkXkiRHj_fgobcWzVxoUChIJeZM3cWNF5IkRiFRszgnp20IiCg0h6eoYFSvAbtU	41.8048289	-71.4162133	41.8048289	-71.4162133	NA	2.3758278247342344	Raw	NA	NA	NA	NA	FALSE	41.80481	-71.4162	2024	August
185	2024-08-08	914913	17:38:00	Other	1	NA	TRUE	FALSE	1	SILVER SPRING ST	DE PINEDO ST	2024-08-08	Two-Way , Not Divided	Dry	Daylight	Cloudy	Not a Collision Between Two Motor Vehicles in Transport	No	No Controls	3	0	No Injury	NA	41.85494	-71.41167	FALSE	FALSE	Silver Spring Street and De Pinedo Street, Providence, RI, USA	FALSE	-71.41167999999999	41.8549641	intersection	geometric_center	silver spring st & de pinedo st, providence, ri 02904, usa	NA	NA	NA	NA	41.8549641	-71.41167999999999	NA	2.8080065722854557	Raw	NA	NA	NA	NA	FALSE	41.85494	-71.41167	2024	August
186	2024-08-11	914985	01:02:00	Pedestrian	1	NA	TRUE	FALSE	1	ATLANTIC AVE	NIAGARA ST	2024-08-11	Two-Way , Not Divided	Dry	Dark - Lighted	Clear	Not a Collision Between Two Motor Vehicles in Transport	Yes	No Controls	1	1	Non-Incapacitating	NA	41.79862	-71.41865	FALSE	FALSE	Atlantic Ave and Niagara Street, Providence, RI, USA	FALSE	-71.41864439999999	41.798638	intersection	geometric_center	atlantic ave & niagara st, providence, ri 02907, usa	NA	NA	NA	NA	41.798638	-71.41864439999999	NA	2.0569377374543407	Raw	NA	NA	NA	NA	FALSE	41.79862	-71.41865	2024	August
187	2024-08-11	914994	14:35:00	Bicycle	NA	NA	FALSE	FALSE	2	DETROIT AVE	BYFIELD ST	2024-08-11	Two-Way , Not Divided	Dry	Daylight	Clear	Angle (Front - to - Side) Same Direction	Yes	Pavement Markings	2	0	No Injury	NA	41.79439	-71.40993	FALSE	FALSE	Detroit Ave and Byfield Street, Providence, RI, USA	FALSE	-71.40992229999999	41.7944069	intersection	geometric_center	byfield st & detroit ave, providence, ri 02905, usa	NA	NA	NA	NA	41.7944069	-71.40992229999999	NA	1.9868744076427176	Raw	NA	NA	NA	NA	FALSE	41.79439	-71.40993	2024	August
188	2024-08-11	915005	22:05:00	Pedestrian	1	NA	FALSE	FALSE	1	FORD ST	CRANSTON ST	2024-08-11	Two-Way , Not Divided	Dry	Dark - Lighted	Clear	Not a Collision Between Two Motor Vehicles in Transport	Yes	No Controls	1	1	Incapacitating	NA	41.80997	-71.43311	FALSE	FALSE	Ford Street and Cranston Street, Providence, RI, USA	FALSE	-71.4331002	41.8099934	intersection	geometric_center	cranston st & ford st, providence, ri 02907, usa	NA	NA	NA	NA	41.8099934	-71.4331002	NA	2.7288403925573124	Raw	NA	NA	NA	NA	FALSE	41.80997	-71.43311	2024	August
189	2024-08-11	915011	23:45:00	Bicycle	NA	1	FALSE	FALSE	1	Cranston St	HANOVER ST	2024-08-12	Two-Way , Not Divided	Dry	Dark - Lighted	Clear	Not a Collision Between Two Motor Vehicles in Transport	Yes	No Controls	3	1	Incapacitating	NA	41.80928	-71.43372	FALSE	FALSE	Cranston Street and Hanover Street, Providence, RI, USA	FALSE	-71.4335724	41.8094943	intersection	geometric_center	cranston st & hanover st, providence, ri 02907, usa	NA	NA	NA	NA	41.8094943	-71.4335724	NA	26.81576333693521	Raw	NA	NA	NA	NA	FALSE	41.80928	-71.43372	2024	August
190	2024-08-12	915018	15:13:00	Other	1	NA	TRUE	FALSE	1	FRANCIS ST	AMERICAN EXPRESS PLZ	2024-08-12	Two-Way, Divided, Unprotected (painted>4feet) Medium	Dry	Daylight	Cloudy	Not a Collision Between Two Motor Vehicles in Transport	No	No Controls	2	1	Non-Incapacitating	NA	41.82745	-71.41541	FALSE	FALSE	Francis Street and American Express Plz, Providence, RI, USA	FALSE	-71.4146264	41.82490749999999	locality	approximate	providence, ri, usa	NA	NA	NA	NA	41.82490749999999	-71.4146264	NA	290.3980631560169	Raw	distance greater than 100m	NA	NA	NA	TRUE	41.82745	-71.41541	2024	August
191	2024-08-12	915261	09:30:00	Bicycle	NA	2	FALSE	FALSE	1	CHALKSTONE AVE	RIVER AVE	2024-08-21	Two-Way, Divided, Unprotected (painted>4feet) Medium	Dry	Daylight	Clear	Angle (Front - to - Side) Right Angle (Includes Broadside)	No	Traffic Control Signal	3	2	Pain Reported	NA	41.83258	-71.43854	FALSE	FALSE	Chalkstone Ave and River Ave, Providence, RI, USA	FALSE	-71.4385424	41.83260569999999	intersection	geometric_center	river ave & chalkstone ave, providence, ri 02908, usa	NA	NA	NA	NA	41.83260569999999	-71.4385424	NA	2.8678281254256817	Raw	NA	NA	NA	NA	FALSE	41.83258	-71.43854	2024	August
192	2024-08-13	915039	11:05:00	Other	NA	NA	TRUE	FALSE	2	BRANCH AVE	OLMSTEAD WAY	2024-08-13	Two-Way , Not Divided	Dry	Daylight	Clear	Sideswipe, Same Direction	No	No Controls	2	1	Pain Reported	NA	41.85384	-71.4295	FALSE	FALSE	Branch Ave and Olmstead Way, Providence, RI, USA	FALSE	-71.4300791	41.8540097	intersection	geometric_center	branch ave & olmsted way, providence, ri 02904, usa	NA	NA	NA	NA	41.8540097	-71.4300791	NA	51.59916400281571	Raw	NA	NA	NA	NA	FALSE	41.85384	-71.4295	2024	August
193	2024-08-13	915045	16:08:00	Pedestrian	1	NA	TRUE	FALSE	1	POTTERS AVE	BROAD ST	2024-08-13	Two-Way , Not Divided	Dry	Daylight	Clear	Not a Collision Between Two Motor Vehicles in Transport	No	Traffic Control Signal	2	1	Pain Reported	NA	41.80297	-71.41891	FALSE	FALSE	Potters Ave and Broad Street, Providence, RI, USA	FALSE	-71.4188999	41.80300099999999	intersection	geometric_center	potters ave & broad st, providence, ri 02905, usa	NA	NA	NA	NA	41.80300099999999	-71.4188999	NA	3.5512229466517944	Raw	NA	NA	NA	NA	FALSE	41.80297	-71.41891	2024	August
194	2024-08-14	915064	14:25:00	Bicycle	NA	1	TRUE	FALSE	1	BROAD ST	WHITMARSH ST	2024-08-14	Two-Way , Not Divided	Dry	Daylight	Clear	Angle (Front - to - Side) Same Direction	No	No Controls	4	1	Pain Reported	2	NA	NA	FALSE	FALSE	Broad Street and Whitmarsh Street, Providence, RI, USA	FALSE	-71.4198849	41.8060863	intersection	geometric_center	whitmarsh st & broad st, providence, ri 02907, usa	NA	NA	NA	NA	41.8060863	-71.4198849	NA	NA	Geocoded	raw coords null but geocoded coords found	NA	NA	NA	TRUE	41.8060863	-71.4198849	2024	August
195	2024-08-14	920088	09:40:00	Pedestrian	1	NA	FALSE	FALSE	1	broad St	THURBERS AVE	2025-01-03	Two-Way, Divided, Unprotected (painted>4feet) Medium	Dry	Daylight	Clear	Head-On (Front - to - Front)	No	No Controls	2	1	Pain Reported	NA	41.7982	-71.41467	FALSE	FALSE	Broad Street and Thurbers Ave, Providence, RI, USA	FALSE	-71.414661	41.7982144	intersection	geometric_center	thurbers ave & broad st, providence, ri 02905, usa	NA	NA	NA	NA	41.7982144	-71.414661	NA	1.7684635252238012	Raw	NA	NA	NA	NA	FALSE	41.7982	-71.41467	2024	August
196	2024-08-17	916767	15:32:00	Pedestrian	1	NA	FALSE	FALSE	1	744 CRANSTON ST	ANTHONY AVE	2024-10-02	Two-Way , Not Divided	Dry	Daylight	Clear	Other	Yes	No Controls	1	1	Pain Reported	NA	41.80465	-71.43822	TRUE	FALSE	744 Cranston Street, Providence, RI, USA	FALSE	-71.4382079	41.80444430000001	premise	rooftop	744 cranston st, providence, ri 02907, usa	NA	NA	NA	NA	41.80444430000001	-71.4382079	NA	22.92042189363322	Raw	NA	NA	NA	NA	FALSE	41.80465	-71.43822	2024	August
197	2024-08-21	915259	12:00:00	Pedestrian	1	NA	FALSE	FALSE	1	SILVER SPRING ST	COMMODORE ST	2024-08-21	Two-Way , Not Divided	Dry	Daylight	Clear	Other	No	No Controls	3	1	Pain Reported	NA	41.84572	-71.41748	FALSE	FALSE	Silver Spring Street and Commodore Street, Providence, RI, USA	FALSE	-71.4174792	41.8457516	intersection	geometric_center	silver spring st & commodore st, providence, ri 02904, usa	NA	NA	NA	NA	41.8457516	-71.4174792	NA	3.5183214302652632	Raw	NA	NA	NA	NA	FALSE	41.84572	-71.41748	2024	August
198	2024-08-21	915267	16:43:00	Bicycle	NA	1	FALSE	FALSE	1	WATERMAN ST	BENEFIT ST	2024-08-21	One-Way Trafficway	Dry	Daylight	Clear	Not a Collision Between Two Motor Vehicles in Transport	No	No Controls	1	0	No Injury	2	41.82715	-71.40728	FALSE	FALSE	Waterman Street and Benefit Street, Providence, RI, USA	FALSE	-71.40750179999999	41.8272589	intersection	geometric_center	benefit st & waterman st, providence, ri 02906, usa	NA	NA	NA	NA	41.8272589	-71.40750179999999	NA	22.033242298402023	Raw	NA	NA	NA	NA	FALSE	41.82715	-71.40728	2024	August
199	2024-08-22	915295	17:49:00	Pedestrian	1	NA	FALSE	FALSE	1	BROAD ST	SERVICE ROAD 8	2024-08-22	One-Way Trafficway	Dry	Daylight	Clear	Not a Collision Between Two Motor Vehicles in Transport	No	Traffic Control Signal	2	1	Pain Reported	NA	41.81794	-71.41631	FALSE	FALSE	Broad Street and Service Road 8, Providence, RI, USA	FALSE	-71.4408396	41.8158954	route	geometric_center	service rd, providence, ri 02909, usa	NA	NA	NA	NA	41.8158954	-71.4408396	NA	2047.764201992625	Unknown	distance greater than 100m	NA	NA	NA	TRUE	NA	NA	2024	August
200	2024-08-23	915337	20:34:00	Bicycle	NA	1	FALSE	FALSE	1	Elmwood Ave	Bridgham Street	2024-08-23	Two-Way , Not Divided	Dry	Dark - Lighted	Clear	Not a Collision Between Two Motor Vehicles in Transport	No	Traffic Control Signal	2	2	Pain Reported	NA	41.81277	-71.42218	FALSE	FALSE	Elmwood Ave and Bridgham Street, Providence, RI, USA	FALSE	-71.4221434	41.81280350000001	intersection	geometric_center	bridgham st & elmwood ave, providence, ri 02907, usa	NA	NA	NA	NA	41.81280350000001	-71.4221434	NA	4.809198568817135	Raw	NA	NA	NA	NA	FALSE	41.81277	-71.42218	2024	August
201	2024-08-25	915405	23:50:00	Pedestrian	1	NA	FALSE	FALSE	1	BRIDGE ST	S WATER ST	2024-08-26	Two-Way , Not Divided	Dry	Dark - Lighted	Clear	Other	No	No Controls	2	1	Non-Incapacitating	NA	41.81855	-71.4016	FALSE	FALSE	Bridge Street and S Water Street, Providence, RI, USA	FALSE	-71.4039493	41.8202197	route	geometric_center	s water st, providence, ri 02903, usa	NA	NA	NA	NA	41.8202197	-71.4039493	NA	269.3208886622968	Raw	distance greater than 100m	NA	NA	NA	TRUE	41.81855	-71.4016	2024	August
202	2024-08-26	915433	22:29:00	Bicycle	NA	NA	FALSE	FALSE	2	S Water Street	Power Street	2024-08-26	One-Way Trafficway	Wet	Dark - Lighted	Clear	Rear End(Front-to-Rear)	No	No Controls	2	1	Pain Reported	NA	41.82234	-71.40599	FALSE	FALSE	S Water Street and Power Street, Providence, RI, USA	FALSE	-71.406003	41.8223845	intersection	geometric_center	s water st & power st, providence, ri 02903, usa	NA	NA	NA	NA	41.8223845	-71.406003	NA	5.069748681443522	Raw	NA	NA	NA	NA	FALSE	41.82234	-71.40599	2024	August