row_number	crash_date	crash_report_id	crash_time	collision_type	count_pedestrian	count_bicycle	scooter	wheel_chair	number_of_vehicles	street_or_highway	nearest_intersection	report_date	type_of_roadway	road_surface_condition	light_condition	weather_condition	manner_of_impact	hit_and_run	traffic_control	person_count	injury_count	most_serious_injury	number_of_lanes	lat_raw	lon_raw	has_st_number	is_intersection_null	address_sent_to_geocoder	is_address_blank	lon_api_first_try	lat_api_first_try	type	loctype	address_returned_by_geocoder	address_returned_by_autocomplete	place_ids_autocompleted	lat_api_second_try	lon_api_second_try	lat_api_best	lon_api_best	api_coord_conf	distance_btwn_coords_meters	best_coordinate_set	reason_for_qa	correct_coordinates	corrected_lat	corrected_lon	manually_qaed_record	final_lat	final_lon	year	month
325	2024-12-19	919683	12:35:00	Pedestrian	1	NA	FALSE	FALSE	1	WATERMAN ST	BROOK ST	2024-12-19	One-Way Trafficway	Dry	Daylight	Clear	Not a Collision Between Two Motor Vehicles in Transport	No	Traffic Control Signal	4	1	Non-Incapacitating	NA	41.8274	-71.39933	FALSE	FALSE	Waterman Street and Brook Street, Providence, RI, USA	FALSE	-71.3993306	41.8274054	intersection	geometric_center	brook st & waterman st, providence, ri 02906, usa	NA	NA	NA	NA	41.8274054	-71.3993306	NA	0.603182104000173	Raw	NA	NA	NA	NA	FALSE	41.8274	-71.39933	2024	December
326	2024-12-19	919695	16:48:00	Pedestrian	1	NA	FALSE	FALSE	1	NARRAGANSETT BLVD	NARRAGANSETT BLVD	2024-12-19	Two-Way , Not Divided	Dry	Dark - Lighted	Clear	Not a Collision Between Two Motor Vehicles in Transport	No	Pavement Markings	2	1	Pain Reported	NA	41.78887	-71.39595	FALSE	FALSE	Narragansett Blvd and Narragansett Blvd, Providence, RI, USA	FALSE	-71.3943425	41.7839898	intersection	geometric_center	narragansett st & narragansett blvd, cranston, ri 02905, usa	NA	NA	NA	NA	41.7839898	-71.3943425	NA	559.4068509422998	Raw	distance greater than 100m	NA	NA	NA	TRUE	41.78887	-71.39595	2024	December
327	2024-12-20	919703	07:47:00	Pedestrian	1	NA	FALSE	FALSE	1	DEXTER ST	DABOLL ST	2024-12-20	Two-Way , Not Divided	Dry	Daylight	Cloudy	Not a Collision Between Two Motor Vehicles in Transport	Yes	Person	2	1	Pain Reported	NA	41.80411	-71.43014	FALSE	FALSE	Dexter Street and Daboll Street, Providence, RI, USA	FALSE	-71.4301825	41.8040495	intersection	geometric_center	daboll st & dexter st, providence, ri 02907, usa	NA	NA	NA	NA	41.8040495	-71.4301825	NA	7.602328714633587	Raw	NA	NA	NA	NA	FALSE	41.80411	-71.43014	2024	December
328	2024-12-20	919720	15:41:00	Pedestrian	1	NA	FALSE	FALSE	1	broad st	BROAD ST	2024-12-20	Two-Way, Divided, Unprotected (painted>4feet) Medium	Dry	Daylight	Snow	Not a Collision Between Two Motor Vehicles in Transport	No	No Controls	2	0	No Injury	NA	41.81415	-71.4213	FALSE	FALSE	Broad Street and Broad Street, Providence, RI, USA	FALSE	-71.410453	41.7948262	route	geometric_center	broad st, providence, ri, usa	NA	NA	NA	NA	41.7948262	-71.410453	NA	2331.8347591096713	Raw	distance greater than 100m	NA	NA	NA	TRUE	41.81415	-71.4213	2024	December
329	2024-12-21	919768	10:45:00	Bicycle	NA	1	FALSE	FALSE	1	INDUSTRIAL DR (BARBARA L WAY)	N MAIN ST	2024-12-21	Two-Way , Not Divided	Wet	Daylight	Cloudy	Not a Collision Between Two Motor Vehicles in Transport	No	No Controls	2	1	Pain Reported	NA	41.84066	-71.4092	FALSE	FALSE	Industrial Dr (Barbara L Way) and N Main Street, Providence, RI, USA	FALSE	-71.4077872	41.841993	route	geometric_center	n main st, providence, ri, usa	NA	NA	NA	NA	41.841993	-71.4077872	NA	189.0697337510179	Neither	distance greater than 100m	41.840624, -71.408865	41.840624	-71.408865	TRUE	41.840624	-71.408865	2024	December
330	2024-12-27	919947	20:16:00	Pedestrian	1	NA	FALSE	FALSE	1	MAUDE ST	CONVENT ST	2024-12-27	Two-Way , Not Divided	Dry	Dark - Lighted	Clear	Not a Collision Between Two Motor Vehicles in Transport	No	No Controls	3	1	Pain Reported	NA	41.83756	-71.43347	FALSE	FALSE	Maude Street and Convent Street, Providence, RI, USA	FALSE	-71.4339	41.8370089	intersection	geometric_center	convent st & maude st, providence, ri 02908, usa	NA	NA	NA	NA	41.8370089	-71.4339	NA	70.96099623996541	Raw	NA	NA	NA	NA	FALSE	41.83756	-71.43347	2024	December
331	2024-12-28	919961	19:57:00	Pedestrian	1	NA	FALSE	FALSE	1	VALLEY ST	RIVER AVE	2024-12-28	Two-Way , Not Divided	Wet	Dark - Lighted	Rain	Not a Collision Between Two Motor Vehicles in Transport	No	Pavement Markings	2	1	Pain Reported	NA	41.82796	-71.43516	FALSE	FALSE	Valley Street and River Ave, Providence, RI, USA	FALSE	-71.43517419999999	41.8279823	intersection	geometric_center	valley st & river ave, providence, ri 02908, usa	NA	NA	NA	NA	41.8279823	-71.43517419999999	NA	2.747698943237069	Raw	NA	NA	NA	NA	FALSE	41.82796	-71.43516	2024	December
332	2024-12-30	919998	18:08:00	Bicycle	NA	1	FALSE	FALSE	1	NORTHUP AVE	SILVER SPRING ST	2024-12-30	Two-Way , Not Divided	Dry	Daylight	Clear	Not a Collision Between Two Motor Vehicles in Transport	Yes	Traffic Control Signal	2	1	Pain Reported	NA	41.85177	-71.41302	FALSE	FALSE	Northup Ave and Silver Spring Street, Providence, RI, USA	FALSE	-71.41301949999999	41.8517986	intersection	geometric_center	silver spring st & northrup ave, providence, ri 02904, usa	NA	NA	NA	NA	41.8517986	-71.41301949999999	NA	3.184007373444463	Raw	NA	NA	NA	NA	FALSE	41.85177	-71.41302	2024	December
333	2024-12-31	920018	18:11:00	Pedestrian	1	NA	FALSE	FALSE	1	ELMWOOD AVE.	CARTER ST	2024-12-31	Two-Way , Not Divided	Dry	Dark - Lighted	Clear	Not a Collision Between Two Motor Vehicles in Transport	No	No Controls	3	1	Pain Reported	NA	41.7994	-71.4265	FALSE	FALSE	Elmwood Ave. and Carter Street, Providence, RI, USA	FALSE	-71.4265547	41.80024270000001	intersection	geometric_center	carter st & elmwood ave, providence, ri 02907, usa	NA	NA	NA	NA	41.80024270000001	-71.4265547	NA	93.91869856381136	Raw	NA	NA	NA	NA	FALSE	41.7994	-71.4265	2024	December
334	2024-12-31	920022	16:48:00	Bicycle	NA	1	FALSE	FALSE	1	PUTNAM ST	ATWELLS AVE	2024-12-31	Two-Way , Not Divided	Dry	Dark - Lighted	Clear	Not a Collision Between Two Motor Vehicles in Transport	No	Flashing Traffic Control Signal	3	1	Pain Reported	NA	41.8248	-71.44372	FALSE	FALSE	Putnam Street and Atwells Ave, Providence, RI, USA	FALSE	-71.4434753	41.8248031	intersection	geometric_center	atwells ave & putnam st, providence, ri 02909, usa	NA	NA	NA	NA	41.8248031	-71.4434753	NA	20.301748290065813	Raw	NA	NA	NA	NA	FALSE	41.8248	-71.44372	2024	December
1	2025-01-02	920089	08:11:00	Pedestrian	1	NA	FALSE	FALSE	1	TERMINAL ROAD	NEW YORK AVE	2025-01-03	Unknown	Dry	Daylight	Clear	Unknown	Yes	Unknown	3	0	No Injury	NA	41.79613	-71.39506	FALSE	FALSE	Terminal Road and New York Ave, Providence, RI, USA	FALSE	-71.3864663	41.7943605	intersection	geometric_center	new york ave & terminal rd, providence, ri 02905, usa	NA	NA	NA	NA	41.7943605	-71.3864663	NA	739.9116433016932	Geocoded	distance greater than 100m	NA	NA	NA	TRUE	41.7943605	-71.3864663	2025	January
2	2025-01-02	920108	23:14:00	Pedestrian	1	NA	FALSE	FALSE	1	325 washington st	NA	2025-01-04	Two-Way , Not Divided	Dry	Dark - Lighted	Clear	Not a Collision Between Two Motor Vehicles in Transport	No	No Controls	3	1	Pain Reported	NA	NA	NA	TRUE	TRUE	325 Washington Street, Providence, RI, USA	FALSE	-71.4203833	41.81973139999999	premise	rooftop	325 washington st, providence, ri 02903, usa	NA	NA	NA	NA	41.81973139999999	-71.4203833	NA	NA	Geocoded	raw coords null but geocoded coords found	NA	NA	NA	TRUE	41.81973139999999	-71.4203833	2025	January
3	2025-01-05	920134	18:25:00	Pedestrian	2	NA	FALSE	FALSE	1	FOUNTAIN ST	FRANCIS ST	2025-01-05	Two-Way , Not Divided	Dry	Daylight	Clear	Not a Collision Between Two Motor Vehicles in Transport	Yes	Traffic Control Signal	2	2	Pain Reported	NA	41.82491	-71.41471	FALSE	FALSE	Fountain Street and Francis Street, Providence, RI, USA	FALSE	-71.41482549999999	41.8250129	intersection	geometric_center	fountain st & francis st, providence, ri 02902, usa	NA	NA	NA	NA	41.8250129	-71.41482549999999	NA	14.933529747357596	Raw	NA	NA	NA	NA	FALSE	41.82491	-71.41471	2025	January
4	2025-01-05	920169	17:15:00	Bicycle	NA	1	FALSE	FALSE	1	PLAINFIELD ST	RALPH ST	2025-01-07	Unknown	Dry	Dark - Unknown Lighting	Clear	Sidwswipe, Opposite Direction	No	Unknown	3	0	Unknown	NA	41.81345	-71.45352	FALSE	FALSE	Plainfield Street and Ralph Street, Providence, RI, USA	FALSE	-71.45351819999999	41.8134733	intersection	geometric_center	ralph st & plainfield st, providence, ri 02909, usa	NA	NA	NA	NA	41.8134733	-71.45351819999999	NA	2.59804004944232	Raw	NA	NA	NA	NA	FALSE	41.81345	-71.45352	2025	January
5	2025-01-07	920181	16:04:00	Pedestrian	1	NA	FALSE	FALSE	1	WICKENDEN ST	BROOK ST	2025-01-07	Two-Way , Not Divided	Dry	Daylight	Clear	Not a Collision Between Two Motor Vehicles in Transport	No	Pavement Markings	3	1	Pain Reported	NA	41.81948	-71.39826	FALSE	FALSE	Wickenden Street and Brook Street, Providence, RI, USA	FALSE	-71.398258	41.8194891	intersection	geometric_center	wickenden st & brook st, providence, ri 02903, usa	NA	NA	NA	NA	41.8194891	-71.398258	NA	1.026505666133773	Raw	NA	NA	NA	NA	FALSE	41.81948	-71.39826	2025	January
8	2025-01-08	920198	16:56:00	Bicycle	NA	1	FALSE	FALSE	1	CANAL ST	MILL ST	2025-01-08	One-Way Trafficway	Dry	Dark - Lighted	Clear	Not a Collision Between Two Motor Vehicles in Transport	No	Pavement Markings	2	1	Pain Reported	NA	41.8323	-71.41095	FALSE	FALSE	Canal Street and Mill Street, Providence, RI, USA	FALSE	-71.41115359999999	41.8329768	intersection	geometric_center	canal st & mill st, providence, ri 02904, usa	NA	NA	NA	NA	41.8329768	-71.41115359999999	NA	77.21044855036337	Raw	distance greater than 100m	NA	NA	NA	TRUE	41.8323	-71.41095	2025	January
9	2025-01-08	920213	11:51:00	Pedestrian	1	NA	FALSE	FALSE	1	WESTMINSTER ST	EMPIRE ST	2025-01-09	Two-Way , Not Divided	Dry	Daylight	Clear	Not a Collision Between Two Motor Vehicles in Transport	Yes	Traffic Control Signal	1	1	Incapacitating	NA	41.82097	-71.41532	FALSE	FALSE	Westminster Street and Empire Street, Providence, RI, USA	FALSE	-71.41527219999999	41.8210122	intersection	geometric_center	empire st & westminster st, providence, ri 02903, usa	NA	NA	NA	NA	41.8210122	-71.41527219999999	NA	6.14759046892192	Raw	NA	NA	NA	NA	FALSE	41.82097	-71.41532	2025	January
10	2025-01-08	920223	11:30:00	Pedestrian	1	NA	FALSE	FALSE	1	EMPIRE ST	NA	2025-01-09	Two-Way, Divided, Unprotected (painted>4feet) Medium	Dry	Daylight	Clear	Unknown	No	Unknown	3	0	Unknown	NA	NA	NA	FALSE	TRUE	Empire Street, Providence, RI, USA	FALSE	-71.4157481	41.8213721	route	geometric_center	empire st, providence, ri 02903, usa	NA	NA	NA	NA	41.8213721	-71.4157481	NA	NA	Unknown	raw coords null but geocoded coords found	NA	NA	NA	TRUE	NA	NA	2025	January
11	2025-01-10	920278	16:38:00	Pedestrian	1	NA	FALSE	FALSE	1	GREENWICH ST	BUCKLIN ST	2025-01-10	Two-Way , Not Divided	Dry	Daylight	Clear	Rear End(Front-to-Rear)	No	No Controls	3	1	Pain Reported	NA	41.80237	-71.4261	FALSE	FALSE	Greenwich Street and Bucklin Street, Providence, RI, USA	FALSE	-71.4276629	41.8023394	intersection	geometric_center	bucklin st & greenwich st, providence, ri 02907, usa	NA	NA	NA	NA	41.8023394	-71.4276629	NA	129.7387930743196	Geocoded	distance greater than 100m	NA	NA	NA	TRUE	41.8023394	-71.4276629	2025	January
12	2025-01-12	920320	11:56:00	Pedestrian	2	NA	FALSE	FALSE	1	HEATH ST	HARTFORD AVE	2025-01-12	Two-Way , Not Divided	Dry	Daylight	Clear	Not a Collision Between Two Motor Vehicles in Transport	Yes	No Controls	4	2	Pain Reported	NA	41.81719	-71.44991	FALSE	FALSE	Heath Street and Hartford Ave, Providence, RI, USA	FALSE	-71.44988169999999	41.8172824	intersection	geometric_center	heath st & hartford ave, providence, ri 02909, usa	NA	NA	NA	NA	41.8172824	-71.44988169999999	NA	10.5504821660053	Raw	NA	NA	NA	NA	FALSE	41.81719	-71.44991	2025	January
14	2025-01-12	920331	09:10:00	Pedestrian	1	NA	FALSE	FALSE	1	Allens Ave	ALLENS AVE	2025-01-12	Two-Way , Not Divided	Dry	Dark - Lighted	Clear	Not a Collision Between Two Motor Vehicles in Transport	No	No Controls	3	1	Pain Reported	NA	41.79296	-71.3973	FALSE	FALSE	Allens Ave and Allens Ave, Providence, RI, USA	FALSE	-71.4014015	41.8030598	route	geometric_center	allens ave, providence, ri, usa	NA	NA	NA	NA	41.8030598	-71.4014015	NA	1174.6990190286947	Raw	distance greater than 100m	NA	NA	NA	TRUE	41.79296	-71.3973	2025	January
15	2025-01-14	920371	08:39:00	Pedestrian	1	NA	FALSE	FALSE	1	SMITHFIELD AVE	SMITHFIELD AVE	2025-01-14	Two-Way, Divided, Positive Median Barrier	Dry	Daylight	Clear	Not a Collision Between Two Motor Vehicles in Transport	No	Traffic Control Signal	4	1	Non-Incapacitating	NA	41.85501	-71.40489	FALSE	FALSE	Smithfield Ave and Smithfield Ave, Providence, RI, USA	FALSE	-71.4147465	41.8757169	route	geometric_center	smithfield ave, rhode island, usa	Smithfield Ave & Smithfield Road, North Providence, Providence, RI, USA	EkdTbWl0aGZpZWxkIEF2ZSAmIFNtaXRoZmllbGQgUm9hZCwgTm9ydGggUHJvdmlkZW5jZSwgUHJvdmlkZW5jZSwgUkksIFVTQSJmImQKFAoSCd222pRHROSJEQV0u74fEaQyEhQKEgndttqUR0TkiREFdLu-HxGkMhoUChIJVzuovUdE5IkRIDGFZ-Hnd7EaFAoSCcMsnEA8ROSJETpRC9SL6qaAIgoNLMjyGBX4OWnV	41.856414	-71.4524168	41.856414	-71.4524168	NA	3943.72681107726	Raw	distance greater than 100m	NA	NA	NA	TRUE	41.85501	-71.40489	2025	January
16	2025-01-14	920421	18:27:00	Pedestrian	1	NA	FALSE	FALSE	1	BROADWAY	SERVICE ROAD 7	2025-01-14	One-Way Trafficway	Dry	Dark - Not Lighted	Clear	Not a Collision Between Two Motor Vehicles in Transport	No	Pavement Markings	3	1	Pain Reported	NA	41.82178	-71.4208	FALSE	FALSE	Broadway and Service Road 7, Providence, RI, USA	FALSE	-71.4208372	41.8218293	intersection	geometric_center	service rd 1 & broadway, providence, ri 02903, usa	NA	NA	NA	NA	41.8218293	-71.4208372	NA	6.296211312906088	Raw	NA	NA	NA	NA	FALSE	41.82178	-71.4208	2025	January
17	2025-01-15	920438	09:00:00	Pedestrian	1	NA	FALSE	FALSE	1	ACADEMY AVE	SMITH ST	2025-01-15	Two-Way , Not Divided	Dry	Daylight	Clear	Angle (Front - to - Side) Same Direction	No	Traffic Control Signal	3	1	Pain Reported	NA	41.84258	-71.44515	FALSE	FALSE	Academy Ave and Smith Street, Providence, RI, USA	FALSE	-71.4451576	41.842608	intersection	geometric_center	academy ave & smith st, providence, ri 02908, usa	NA	NA	NA	NA	41.842608	-71.4451576	NA	3.180030885353147	Raw	NA	NA	NA	NA	FALSE	41.84258	-71.44515	2025	January
18	2025-01-15	920460	16:00:00	Pedestrian	1	NA	FALSE	FALSE	1	RANDALL ST	N MAIN ST	2025-01-15	Two-Way , Not Divided	Dry	Daylight	Clear	Not a Collision Between Two Motor Vehicles in Transport	Yes	Yield Signs	1	1	Pain Reported	NA	41.83766	-71.4097	FALSE	FALSE	Randall Street and N Main Street, Providence, RI, USA	FALSE	-71.4096278	41.8379729	intersection	geometric_center	randall st & n main st, providence, ri 02904, usa	NA	NA	NA	NA	41.8379729	-71.4096278	NA	35.34283308304517	Raw	distance greater than 100m	NA	NA	NA	TRUE	41.83766	-71.4097	2025	January
19	2025-01-15	920668	11:15:00	Pedestrian	1	NA	FALSE	FALSE	1	ANGELL ST	BROOK ST	2025-01-21	Two-Way , Not Divided	Dry	Daylight	Clear	Not a Collision Between Two Motor Vehicles in Transport	Yes	No Controls	1	1	Pain Reported	NA	41.82821	-71.39947	FALSE	FALSE	Angell Street and Brook Street, Providence, RI, USA	FALSE	-71.3994652	41.82822789999999	intersection	geometric_center	brook st & angell st, providence, ri 02906, usa	NA	NA	NA	NA	41.82822789999999	-71.3994652	NA	2.032008690257442	Raw	NA	NA	NA	NA	FALSE	41.82821	-71.39947	2025	January
20	2025-01-17	920670	07:20:00	Other	NA	1	FALSE	FALSE	1	SMITH ST	ACADEMY AVE	2025-01-21	Two-Way , Not Divided	Dry	Daylight	Clear	Sideswipe, Same Direction	Yes	No Controls	1	0	Unknown	NA	41.84271	-71.44545	FALSE	FALSE	Smith Street and Academy Ave, Providence, RI, USA	FALSE	-71.4451576	41.842608	intersection	geometric_center	academy ave & smith st, providence, ri 02908, usa	NA	NA	NA	NA	41.842608	-71.4451576	NA	26.77570166142105	Raw	NA	NA	NA	NA	FALSE	41.84271	-71.44545	2025	January
21	2025-01-18	920594	17:43:00	Pedestrian	1	NA	FALSE	FALSE	1	10 MEMORIAL BLVD	FRANCIS ST	2025-01-18	Two-Way, Divided, Positive Median Barrier	Wet	Dark - Lighted	Rain	Other	No	No Controls	2	1	Pain Reported	NA	41.82618	-71.41443	TRUE	FALSE	10 Memorial Blvd, Providence, RI, USA	FALSE	-71.4149557	41.8266068	premise	rooftop	10 memorial blvd, providence, ri 02903, usa	NA	NA	NA	NA	41.8266068	-71.4149557	NA	64.48990600402927	Raw	NA	NA	NA	NA	FALSE	41.82618	-71.41443	2025	January
22	2025-01-18	920597	21:05:00	Other	NA	1	TRUE	FALSE	1	EXIT 22A (RT )	FRANCIS ST	2025-01-18	Two-Way, Divided, Positive Median Barrier	Wet	Dark - Lighted	Rain	Not a Collision Between Two Motor Vehicles in Transport	No	Pavement Markings	2	2	Pain Reported	NA	41.82577	-71.41527	FALSE	FALSE	Exit 22a (Rt ) and Francis Street, Providence, RI, USA	FALSE	-71.4152951	41.8283071	route	geometric_center	francis st, providence, ri, usa	NA	NA	NA	NA	41.8283071	-71.4152951	NA	282.4363545169425	Raw	distance greater than 100m	NA	NA	NA	TRUE	41.82577	-71.41527	2025	January
23	2025-01-19	920616	14:57:00	Bicycle	NA	1	TRUE	FALSE	1	POTTERS AVE	BROAD ST	2025-01-19	Two-Way , Not Divided	Dry	Daylight	Clear	Not a Collision Between Two Motor Vehicles in Transport	No	Pavement Markings	5	1	Pain Reported	NA	41.80297	-71.41891	FALSE	FALSE	Potters Ave and Broad Street, Providence, RI, USA	FALSE	-71.4188999	41.80300099999999	intersection	geometric_center	potters ave & broad st, providence, ri 02905, usa	NA	NA	NA	NA	41.80300099999999	-71.4188999	NA	3.5512229466517944	Raw	NA	NA	NA	NA	FALSE	41.80297	-71.41891	2025	January
24	2025-01-22	920731	16:07:00	Pedestrian	3	NA	FALSE	FALSE	1	BROAD ST	EARLY ST	2025-01-22	Two-Way, Divided, Unprotected (painted>4feet) Medium	Dry	Daylight	Cloudy	Not a Collision Between Two Motor Vehicles in Transport	No	No Controls	4	2	Non-Incapacitating	NA	41.79536	-71.41114	FALSE	FALSE	Broad Street and Early Street, Providence, RI, USA	FALSE	-71.4112647	41.795491	intersection	geometric_center	early st & broad st, providence, ri 02905, usa	NA	NA	NA	NA	41.795491	-71.4112647	NA	17.881928201068487	Raw	NA	NA	NA	NA	FALSE	41.79536	-71.41114	2025	January
25	2025-01-23	920756	15:06:00	Pedestrian	1	NA	FALSE	FALSE	1	BRANCH AVE EXIT	BRANCH AVE	2025-01-23	Two-Way, Divided, Positive Median Barrier	Dry	Daylight	Clear	Sideswipe, Same Direction	No	Traffic Control Signal	3	1	Pain Reported	NA	41.8464	-71.41175	FALSE	FALSE	Branch Ave Exit and Branch Ave, Providence, RI, USA	FALSE	-71.4222562	41.8512794	route	geometric_center	branch ave, providence, ri 02904, usa	NA	NA	NA	NA	41.8512794	-71.4222562	NA	1026.6598681881044	Raw	distance greater than 100m	NA	NA	NA	TRUE	41.8464	-71.41175	2025	January
26	2025-01-24	920790	14:40:00	Bicycle	NA	1	FALSE	FALSE	1	DEXTER ST	WESTMINSTER ST	2025-01-24	Two-Way , Not Divided	Dry	Daylight	Clear	Angle (Front - to - Side) Right Angle (Includes Broadside)	No	No Controls	2	1	Pain Reported	NA	41.81652	-71.43131	FALSE	FALSE	Dexter Street and Westminster Street, Providence, RI, USA	FALSE	-71.4313664	41.816619	intersection	geometric_center	dexter st & westminster st, providence, ri 02909, usa	NA	NA	NA	NA	41.816619	-71.4313664	NA	11.972852365835612	Raw	NA	NA	NA	NA	FALSE	41.81652	-71.43131	2025	January
28	2025-01-26	920839	11:36:00	Pedestrian	1	NA	FALSE	FALSE	1	1 PROVIDENCE PLACE	FRANCIS ST	2025-01-26	One-Way Trafficway	Dry	Daylight	Clear	Not a Collision Between Two Motor Vehicles in Transport	Yes	No Controls	3	0	No Injury	NA	NA	NA	TRUE	FALSE	1 Providence Place, Providence, RI, USA	FALSE	-71.4162068	41.8278238	premise	rooftop	1 providence pl, providence, ri 02903, usa	NA	NA	NA	NA	41.8278238	-71.4162068	NA	NA	Geocoded	raw coords null but geocoded coords found	NA	NA	NA	TRUE	41.8278238	-71.4162068	2025	January
30	2025-01-27	920872	15:36:00	Bicycle	NA	1	FALSE	FALSE	1	WESTMINSTER ST	BRIDGHAM ST	2025-01-27	Two-Way , Not Divided	Dry	Daylight	Clear	Angle (Front - to - Side) Same Direction	No	Traffic Control Signal	3	0	No Injury	NA	41.8169	-71.42851	FALSE	FALSE	Westminster Street and Bridgham Street, Providence, RI, USA	FALSE	-71.4284152	41.8169563	intersection	geometric_center	bridgham st & westminster st, providence, ri 02909, usa	NA	NA	NA	NA	41.8169563	-71.4284152	NA	10.05669120930498	Raw	NA	NA	NA	NA	FALSE	41.8169	-71.42851	2025	January
31	2025-01-27	920877	15:10:00	Pedestrian	1	NA	FALSE	FALSE	1	RANDALL ST	N MAIN ST	2025-01-27	Two-Way, Divided, Positive Median Barrier	Dry	Daylight	Clear	Not a Collision Between Two Motor Vehicles in Transport	No	Pavement Markings	3	1	Pain Reported	NA	41.83834	-71.40953	FALSE	FALSE	Randall Street and N Main Street, Providence, RI, USA	FALSE	-71.4096278	41.8379729	intersection	geometric_center	randall st & n main st, providence, ri 02904, usa	NA	NA	NA	NA	41.8379729	-71.4096278	NA	41.662587756101	Raw	distance greater than 100m	NA	NA	NA	TRUE	41.83834	-71.40953	2025	January
32	2025-01-28	920884	08:39:00	Bicycle	NA	1	FALSE	FALSE	1	college st	MEMORIAL BLVD	2025-01-28	Two-Way, Divided, Unprotected (painted>4feet) Medium	Dry	Daylight	Clear	Angle (Front - to - Side) Right Angle (Includes Broadside)	No	No Controls	3	1	Pain Reported	1	41.82545	-71.40839	FALSE	FALSE	College Street and Memorial Blvd, Providence, RI, USA	FALSE	-71.40878529999999	41.8253031	intersection	geometric_center	memorial blvd & college st, providence, ri 02903, usa	NA	NA	NA	NA	41.8253031	-71.40878529999999	NA	36.64272717861833	Raw	NA	NA	NA	NA	FALSE	41.82545	-71.40839	2025	January
33	2025-01-28	920901	15:31:00	Pedestrian	1	NA	FALSE	FALSE	1	Lubec St	MANILA ST	2025-01-28	Two-Way , Not Divided	Dry	Daylight	Clear	Not a Collision Between Two Motor Vehicles in Transport	No	No Controls	3	1	Pain Reported	NA	41.85439	-71.44544	FALSE	FALSE	Lubec Street and Manila Street, Providence, RI, USA	FALSE	-71.44556519999999	41.8543842	intersection	geometric_center	manila st & lubec st, providence, ri 02904, usa	NA	NA	NA	NA	41.8543842	-71.44556519999999	NA	10.401084581868435	Raw	NA	NA	NA	NA	FALSE	41.85439	-71.44544	2025	January
34	2025-01-29	920931	13:15:00	Pedestrian	1	NA	FALSE	FALSE	1	Washington St	Mathewson St	2025-01-29	Two-Way , Not Divided	Dry	Daylight	Clear	Not a Collision Between Two Motor Vehicles in Transport	No	Traffic Control Signal	3	1	Pain Reported	2	NA	NA	FALSE	FALSE	Washington Street and Mathewson Street, Providence, RI, USA	FALSE	-71.4147776	41.823059	intersection	geometric_center	mathewson st & washington st, providence, ri 02903, usa	NA	NA	NA	NA	41.823059	-71.4147776	NA	NA	Geocoded	raw coords null but geocoded coords found	NA	NA	NA	TRUE	41.823059	-71.4147776	2025	January
38	2025-02-03	921123	13:50:00	Pedestrian	1	NA	FALSE	FALSE	1	S WATER ST	PLANET ST	2025-02-04	Two-Way , Not Divided	Dry	Daylight	Clear	Not a Collision Between Two Motor Vehicles in Transport	Yes	Stop Signs	1	1	Pain Reported	NA	41.82283	-71.40647	FALSE	FALSE	S Water Street and Planet Street, Providence, RI, USA	FALSE	-71.40644309999999	41.8228364	intersection	geometric_center	s water st & planet st, providence, ri 02903, usa	NA	NA	NA	NA	41.8228364	-71.40644309999999	NA	2.342497588226365	Raw	NA	NA	NA	NA	FALSE	41.82283	-71.40647	2025	February
39	2025-02-04	921109	12:55:00	Pedestrian	1	NA	FALSE	FALSE	1	UNION AVE	POCASSET AVE	2025-02-04	Two-Way , Not Divided	Dry	Daylight	Clear	Not a Collision Between Two Motor Vehicles in Transport	No	No Controls	2	1	Pain Reported	NA	41.80639	-71.45714	FALSE	FALSE	Union Ave and Pocasset Ave, Providence, RI, USA	FALSE	-71.4571188	41.8064042	intersection	geometric_center	pocasset ave & union ave, providence, ri 02909, usa	NA	NA	NA	NA	41.8064042	-71.4571188	NA	2.3650072222569833	Raw	NA	NA	NA	NA	FALSE	41.80639	-71.45714	2025	February
42	2025-02-05	921137	07:53:00	Pedestrian	1	NA	FALSE	FALSE	1	HARTFORD AVE	LAUREL HILL AVE	2025-02-05	Two-Way, Divided, Unprotected (painted>4feet) Medium	Dry	Daylight	Clear	Not a Collision Between Two Motor Vehicles in Transport	No	Pavement Markings	3	1	Pain Reported	NA	41.81795	-71.45532	FALSE	FALSE	Hartford Ave and Laurel Hill Ave, Providence, RI, USA	FALSE	-71.4553147	41.8179563	intersection	geometric_center	laurel hill ave & hartford ave, providence, ri 02909, usa	NA	NA	NA	NA	41.8179563	-71.4553147	NA	0.827754800669352	Raw	NA	NA	NA	NA	FALSE	41.81795	-71.45532	2025	February