row_number	crash_date	crash_report_id	crash_time	collision_type	count_pedestrian	count_bicycle	scooter	wheel_chair	number_of_vehicles	street_or_highway	nearest_intersection	report_date	type_of_roadway	road_surface_condition	light_condition	weather_condition	manner_of_impact	hit_and_run	traffic_control	person_count	injury_count	most_serious_injury	number_of_lanes	lat_raw	lon_raw	has_st_number	is_intersection_null	address_sent_to_geocoder	is_address_blank	lon_api_first_try	lat_api_first_try	type	loctype	address_returned_by_geocoder	address_returned_by_autocomplete	place_ids_autocompleted	lat_api_second_try	lon_api_second_try	lat_api_best	lon_api_best	api_coord_conf	distance_btwn_coords_meters	best_coordinate_set	reason_for_qa	correct_coordinates	corrected_lat	corrected_lon	manually_qaed_record	final_lat	final_lon	year	month
43	2025-02-06	921177	21:20:00	Pedestrian	1	NA	TRUE	FALSE	1	BROAD ST	LAURA ST	2025-02-06	Two-Way , Not Divided	Dry	Dark - Lighted	Clear	Head-On (Front - to - Front)	Yes	No Controls	2	1	Pain Reported	NA	41.80232	-71.41871	FALSE	FALSE	Broad Street and Laura Street, Providence, RI, USA	FALSE	-71.4186884	41.8023354	intersection	geometric_center	laura st & broad st, providence, ri 02907, usa	NA	NA	NA	NA	41.8023354	-71.4186884	NA	2.4802637974200223	Raw	NA	NA	NA	NA	FALSE	41.80232	-71.41871	2025	February
44	2025-02-07	921191	12:21:00	Pedestrian	1	NA	FALSE	FALSE	1	CHARLES ST	SOCIAL ST	2025-02-07	Two-Way , Not Divided	Dry	Daylight	Clear	Not a Collision Between Two Motor Vehicles in Transport	No	No Controls	3	1	Fatal	NA	41.85378	-71.42052	FALSE	FALSE	Charles Street and Social Street, Providence, RI, USA	FALSE	-71.4205514	41.8539865	intersection	geometric_center	charles st & social st, providence, ri 02904, usa	NA	NA	NA	NA	41.8539865	-71.4205514	NA	23.134445501415488	Raw	NA	NA	NA	NA	FALSE	41.85378	-71.42052	2025	February
45	2025-02-09	921229	00:30:00	Pedestrian	1	NA	FALSE	FALSE	2	AMES ST	ATWELLS AVE	2025-02-09	Two-Way , Not Divided	Snow	Dark - Lighted	Snow	Angle - Direction Not Specified	No	No Controls	4	1	Pain Reported	NA	41.82418	-71.43098	FALSE	FALSE	Ames Street and Atwells Ave, Providence, RI, USA	FALSE	-71.43097639999999	41.8239056	intersection	geometric_center	atwells ave & ames st, providence, ri 02909, usa	NA	NA	NA	NA	41.8239056	-71.43097639999999	NA	30.547528072592108	Raw	NA	NA	NA	NA	FALSE	41.82418	-71.43098	2025	February
46	2025-02-12	921336	17:53:00	Pedestrian	1	NA	FALSE	FALSE	1	ADMIRAL ST	CHARLES ST	2025-02-12	Two-Way , Not Divided	Dry	Dark - Lighted	Clear	Other	No	Traffic Control Signal	3	1	Pain Reported	NA	41.8407	-71.41747	FALSE	FALSE	Admiral Street and Charles Street, Providence, RI, USA	FALSE	-71.4173959	41.8407577	intersection	geometric_center	admiral st & charles st, providence, ri 02904, usa	NA	NA	NA	NA	41.8407577	-71.4173959	NA	8.889433409698087	Raw	NA	NA	NA	NA	FALSE	41.8407	-71.41747	2025	February
47	2025-02-13	921350	09:30:00	Pedestrian	1	NA	FALSE	FALSE	1	DEXTER ST	CRANSTON ST	2025-02-13	Two-Way , Not Divided	Wet	Daylight	Rain	Not a Collision Between Two Motor Vehicles in Transport	Yes	No Controls	2	1	Pain Reported	NA	41.81241	-71.4295	FALSE	FALSE	Dexter Street and Cranston Street, Providence, RI, USA	FALSE	-71.4295953	41.8126211	intersection	geometric_center	cranston st & dexter st, providence, ri 02907, usa	NA	NA	NA	NA	41.8126211	-71.4295953	NA	24.794144198798744	Raw	NA	NA	NA	NA	FALSE	41.81241	-71.4295	2025	February
51	2025-02-17	921456	10:57:00	Pedestrian	1	NA	FALSE	FALSE	1	DUDLEY ST	CULVER ST	2025-02-17	Two-Way , Not Divided	Dry	Daylight	Severe Crosswinds	Not a Collision Between Two Motor Vehicles in Transport	No	No Controls	4	1	Incapacitating	NA	41.81061	-71.40852	FALSE	FALSE	Dudley Street and Culver Street, Providence, RI, USA	FALSE	-71.4086571	41.81061649999999	intersection	geometric_center	dudley st & culver st, providence, ri 02903, usa	NA	NA	NA	NA	41.81061649999999	-71.4086571	NA	11.398486802597253	Raw	NA	NA	NA	NA	FALSE	41.81061	-71.40852	2025	February
53	2025-02-17	921467	22:35:00	Pedestrian	1	NA	FALSE	FALSE	1	BROAD ST	PINE ST	2025-02-17	Two-Way , Not Divided	Dry	Dark - Lighted	Clear	Not a Collision Between Two Motor Vehicles in Transport	Yes	No Controls	1	1	Pain Reported	NA	41.81167	-71.42151	FALSE	FALSE	Broad Street and Pine Street, Providence, RI, USA	FALSE	-71.42125469999999	41.8107393	intersection	geometric_center	pine st & broad st, providence, ri 02907, usa	NA	NA	NA	NA	41.8107393	-71.42125469999999	NA	105.74833297991628	Geocoded	distance greater than 100m	NA	NA	NA	TRUE	41.8107393	-71.42125469999999	2025	February
54	2025-02-20	921521	15:08:00	Pedestrian	1	NA	FALSE	FALSE	1	BROAD ST	MONTGOMERY AVE	2025-02-20	Two-Way , Not Divided	Dry	Daylight	Cloudy	Not a Collision Between Two Motor Vehicles in Transport	No	Pavement Markings	3	1	Pain Reported	NA	41.78592	-71.40168	FALSE	FALSE	Broad Street and Montgomery Ave, Providence, RI, USA	FALSE	-71.4016731	41.78589909999999	intersection	geometric_center	montgomery ave & broad st, providence, ri 02905, usa	NA	NA	NA	NA	41.78589909999999	-71.4016731	NA	2.396034455447166	Raw	NA	NA	NA	NA	FALSE	41.78592	-71.40168	2025	February
55	2025-02-24	921634	09:00:00	Other	NA	1	FALSE	FALSE	1	EARL ST	ELMWOOD AVE	2025-02-25	Unknown	Dry	Daylight	Clear	Angle (Front - to - Side) Same Direction	No	Unknown	3	0	No Injury	NA	41.79809	-71.42618	FALSE	FALSE	Earl Street and Elmwood Ave, Providence, RI, USA	FALSE	-71.42622279999999	41.7981091	intersection	geometric_center	elmwood ave & earl st, providence, ri 02907, usa	NA	NA	NA	NA	41.7981091	-71.42622279999999	NA	4.139658912626138	Raw	NA	NA	NA	NA	FALSE	41.79809	-71.42618	2025	February
56	2025-02-25	921641	11:12:00	Bicycle	NA	1	FALSE	FALSE	1	VANDEWATER STREET	BRANCH AVENUE	2025-02-25	Two-Way , Not Divided	Dry	Daylight	Clear	Angle (Front - to - Side) Right Angle (Includes Broadside)	No	No Controls	3	0	No Injury	2	NA	NA	FALSE	FALSE	Vandewater Street and Branch Avenue, Providence, RI, USA	FALSE	-71.42882759999999	41.8536916	intersection	geometric_center	vandewater st & branch ave, providence, ri 02904, usa	NA	NA	NA	NA	41.8536916	-71.42882759999999	NA	NA	Geocoded	raw coords null but geocoded coords found	NA	NA	NA	TRUE	41.8536916	-71.42882759999999	2025	February
57	2025-02-25	921665	22:54:00	Pedestrian	1	NA	FALSE	FALSE	1	ABRAM ST	BRANCH AVE	2025-02-26	Two-Way , Not Divided	Wet	Dark - Lighted	Clear	Not a Collision Between Two Motor Vehicles in Transport	No	No Controls	2	1	Pain Reported	NA	41.85387	-71.4308	FALSE	FALSE	Abram Street and Branch Ave, Providence, RI, USA	FALSE	-71.4306766	41.8541617	intersection	geometric_center	branch ave & abram st, providence, ri 02904, usa	NA	NA	NA	NA	41.8541617	-71.4306766	NA	34.04577042659053	Raw	NA	NA	NA	NA	FALSE	41.85387	-71.4308	2025	February
59	2025-02-26	921771	20:30:00	Other	NA	1	FALSE	FALSE	1	ANGELL ST	BROWN ST	2025-02-28	One-Way Trafficway	Dry	Dark - Unknown Lighting	Clear	Other	No	Unknown	3	1	Pain Reported	NA	41.82786	-71.40319	FALSE	FALSE	Angell Street and Brown Street, Providence, RI, USA	FALSE	-71.40315989999999	41.8278808	intersection	geometric_center	brown st & angell st, providence, ri 02906, usa	NA	NA	NA	NA	41.8278808	-71.40315989999999	NA	3.405181153238977	Raw	NA	NA	NA	NA	FALSE	41.82786	-71.40319	2025	February
60	2025-02-27	921709	08:07:00	Pedestrian	1	NA	FALSE	FALSE	1	CHAPIN AVE	PARADE ST	2025-02-27	Two-Way, Divided, Positive Median Barrier	Dry	Daylight	Cloudy	Head-On (Front - to - Front)	No	No Controls	4	1	Pain Reported	NA	41.81189	-71.43122	FALSE	FALSE	Chapin Ave and Parade Street, Providence, RI, USA	FALSE	-71.4311693	41.8119172	intersection	geometric_center	chapin ave & parade st, providence, ri 02909, usa	NA	NA	NA	NA	41.8119172	-71.4311693	NA	5.183018237383039	Raw	NA	NA	NA	NA	FALSE	41.81189	-71.43122	2025	February
61	2025-02-27	921716	12:34:00	Bicycle	NA	1	FALSE	FALSE	1	WASHINGTON ST	EDDY ST	2025-02-27	Two-Way , Not Divided	Wet	Daylight	Cloudy	Not a Collision Between Two Motor Vehicles in Transport	No	No Controls	3	1	Non-Incapacitating	NA	41.82401	-71.4134	FALSE	FALSE	Washington Street and Eddy Street, Providence, RI, USA	FALSE	-71.4134213	41.8240306	intersection	geometric_center	eddy st & washington st, providence, ri 02903, usa	NA	NA	NA	NA	41.8240306	-71.4134213	NA	2.894953506623813	Raw	NA	NA	NA	NA	FALSE	41.82401	-71.4134	2025	February
62	2025-02-27	921739	16:27:00	Pedestrian	1	NA	FALSE	FALSE	1	Diamond St	HOLLIS ST	2025-02-27	Two-Way , Not Divided	Wet	Daylight	Rain	Other	No	No Controls	3	1	Pain Reported	NA	41.81044	-71.42959	FALSE	FALSE	Diamond Street and Hollis Street, Providence, RI, USA	FALSE	-71.4296461	41.81059279999999	intersection	geometric_center	hollis st & diamond st, providence, ri 02907, usa	NA	NA	NA	NA	41.81059279999999	-71.4296461	NA	17.63501680999409	Raw	NA	NA	NA	NA	FALSE	41.81044	-71.42959	2025	February
64	2025-02-28	921792	21:13:00	Pedestrian	1	NA	FALSE	FALSE	1	MONTICELLO ST	OPPER ST	2025-02-28	Two-Way , Not Divided	Dry	Dark - Not Lighted	Clear	Not a Collision Between Two Motor Vehicles in Transport	Yes	No Controls	1	1	Pain Reported	NA	41.85227	-71.42309	FALSE	FALSE	Monticello Street and Opper Street, Providence, RI, USA	FALSE	-71.4230103	41.8522469	intersection	geometric_center	monticello st & opper st, providence, ri 02904, usa	NA	NA	NA	NA	41.8522469	-71.4230103	NA	7.091258854750455	Raw	NA	NA	NA	NA	FALSE	41.85227	-71.42309	2025	February
65	2025-03-01	921807	13:05:00	Other	NA	1	FALSE	FALSE	1	BROAD ST	SUMTER ST	2025-03-01	Two-Way , Not Divided	Wet	Daylight	Cloudy	Not a Collision Between Two Motor Vehicles in Transport	No	No Controls	3	0	No Injury	NA	41.79769	-71.41405	FALSE	FALSE	Broad Street and Sumter Street, Providence, RI, USA	FALSE	-71.4141256	41.7977795	intersection	geometric_center	sumter st & broad st, providence, ri 02905, usa	NA	NA	NA	NA	41.7977795	-71.4141256	NA	11.77394900260877	Raw	NA	NA	NA	NA	FALSE	41.79769	-71.41405	2025	March
66	2025-03-02	921932	19:40:00	Pedestrian	1	NA	FALSE	FALSE	1	ARMINGTON AVE	ACADEMY AVE	2025-03-05	Two-Way , Not Divided	Dry	Dark - Unknown Lighting	Clear	Other	No	Unknown	3	0	No Injury	NA	41.82725	-71.44371	FALSE	FALSE	Armington Ave and Academy Ave, Providence, RI, USA	FALSE	-71.4437269	41.8272558	intersection	geometric_center	academy ave & armington ave, providence, ri 02908, usa	NA	NA	NA	NA	41.8272558	-71.4437269	NA	1.5434049337745177	Raw	NA	NA	NA	NA	FALSE	41.82725	-71.44371	2025	March
69	2025-03-04	921929	16:39:00	Pedestrian	1	NA	FALSE	FALSE	1	BROAD ST	BROAD ST	2025-03-04	Unknown	Dry	Daylight	Clear	Not a Collision Between Two Motor Vehicles in Transport	Yes	No Controls	1	1	Pain Reported	NA	41.81003	-71.42108	FALSE	FALSE	Broad Street and Broad Street, Providence, RI, USA	FALSE	-71.4174197	41.8004646	route	geometric_center	broad st, providence, ri, usa	NA	NA	NA	NA	41.8004646	-71.4174197	NA	1107.286389989498	Raw	distance greater than 100m	NA	NA	NA	TRUE	41.81003	-71.42108	2025	March
70	2025-03-05	921974	21:45:00	Pedestrian	1	NA	FALSE	FALSE	1	ONTARIO ST	NIAGARA ST	2025-03-06	Two-Way, Divided, Unprotected (painted>4feet) Medium	Unknown	Unknown	Cloudy	Not a Collision Between Two Motor Vehicles in Transport	Yes	Stop Signs	3	1	Pain Reported	NA	41.79989	-71.41934	FALSE	FALSE	Ontario Street and Niagara Street, Providence, RI, USA	FALSE	-71.4193425	41.7999015	intersection	geometric_center	ontario st & niagara st, providence, ri 02907, usa	NA	NA	NA	NA	41.7999015	-71.4193425	NA	1.2968761370024895	Raw	NA	NA	NA	NA	FALSE	41.79989	-71.41934	2025	March
73	2025-03-09	922067	09:02:00	Pedestrian	2	NA	FALSE	FALSE	1	BROADWAY	KNIGHT ST	2025-03-09	Two-Way , Not Divided	Dry	Daylight	Clear	Not a Collision Between Two Motor Vehicles in Transport	No	Traffic Control Signal	3	2	Pain Reported	NA	41.8198	-71.42936	FALSE	FALSE	Broadway and Knight Street, Providence, RI, USA	FALSE	-71.4293361	41.8198215	intersection	geometric_center	knight st & broadway, providence, ri 02909, usa	NA	NA	NA	NA	41.8198215	-71.4293361	NA	3.1079771957168623	Raw	NA	NA	NA	NA	FALSE	41.8198	-71.42936	2025	March
74	2025-03-09	922084	15:34:00	Pedestrian	1	NA	FALSE	FALSE	3	BAINBRIDGE AVE	BROADWAY	2025-03-09	Unknown	Other	Other	Clear	Rear End(Front-to-Rear)	No	No Controls	6	1	Pain Reported	NA	41.81789	-71.43585	FALSE	FALSE	Bainbridge Ave and Broadway, Providence, RI, USA	FALSE	-71.4359317	41.8182806	intersection	geometric_center	bainbridge ave & broadway, providence, ri 02909, usa	NA	NA	NA	NA	41.8182806	-71.4359317	NA	44.006515594879055	Raw	NA	NA	NA	NA	FALSE	41.81789	-71.43585	2025	March
75	2025-03-10	922116	16:23:00	Pedestrian	1	NA	FALSE	FALSE	1	HARTFORD AVE	ETNA ST	2025-03-10	Two-Way , Not Divided	Dry	Daylight	Clear	Not a Collision Between Two Motor Vehicles in Transport	No	Pavement Markings	4	1	Pain Reported	NA	41.81735	-71.45075	FALSE	FALSE	Hartford Ave and Etna Street, Providence, RI, USA	FALSE	-71.4506992	41.8173612	intersection	geometric_center	etna st & hartford ave, providence, ri 02909, usa	NA	NA	NA	NA	41.8173612	-71.4506992	NA	4.395095561000104	Raw	NA	NA	NA	NA	FALSE	41.81735	-71.45075	2025	March
76	2025-03-11	922144	09:05:00	Pedestrian	1	NA	TRUE	FALSE	1	POWER ST	BENEFIT ST	2025-03-11	Two-Way , Not Divided	Dry	Daylight	Clear	Not a Collision Between Two Motor Vehicles in Transport	No	No Controls	2	1	Pain Reported	NA	41.82282	-71.40391	FALSE	FALSE	Power Street and Benefit Street, Providence, RI, USA	FALSE	-71.40389499999999	41.8228454	intersection	geometric_center	benefit st & power st, providence, ri 02906, usa	NA	NA	NA	NA	41.8228454	-71.40389499999999	NA	3.0892134401874776	Raw	NA	NA	NA	NA	FALSE	41.82282	-71.40391	2025	March
78	2025-03-13	922224	11:00:00	Pedestrian	1	NA	FALSE	FALSE	1	ELMWOOD AVE	CONGRESS AVE	2025-03-13	Two-Way, Divided, Unprotected (painted>4feet) Medium	Dry	Daylight	Clear	Not a Collision Between Two Motor Vehicles in Transport	Yes	No Controls	2	1	Pain Reported	NA	41.7985	-71.42628	FALSE	FALSE	Elmwood Ave and Congress Ave, Providence, RI, USA	FALSE	-71.4263227	41.7984861	intersection	geometric_center	congress ave & elmwood ave, providence, ri 02907, usa	NA	NA	NA	NA	41.7984861	-71.4263227	NA	3.8666865594597746	Raw	NA	NA	NA	NA	FALSE	41.7985	-71.42628	2025	March
80	2025-03-14	922348	13:25:00	Other	NA	1	FALSE	FALSE	1	ANGELL ST	CONGDON ST	2025-03-17	One-Way Trafficway	Dry	Daylight	Clear	Other	No	Unknown	3	1	Non-Incapacitating	NA	41.82759	-71.40668	FALSE	FALSE	Angell Street and Congdon Street, Providence, RI, USA	FALSE	-71.4066587	41.8276009	intersection	geometric_center	congdon st & angell st, providence, ri 02906, usa	NA	NA	NA	NA	41.8276009	-71.4066587	NA	2.1433671355214416	Raw	NA	NA	NA	NA	FALSE	41.82759	-71.40668	2025	March
81	2025-03-15	922289	17:37:00	Pedestrian	1	NA	FALSE	FALSE	1	787 Admiral St.	NA	2025-03-15	Two-Way , Not Divided	Dry	Daylight	Clear	Not a Collision Between Two Motor Vehicles in Transport	Yes	No Controls	1	1	Pain Reported	NA	NA	NA	TRUE	TRUE	787 Admiral St., Providence, RI, USA	FALSE	-71.44268389999999	41.8508558	premise	rooftop	787 admiral st, providence, ri 02908, usa	NA	NA	NA	NA	41.8508558	-71.44268389999999	NA	NA	Geocoded	raw coords null but geocoded coords found	NA	NA	NA	TRUE	41.8508558	-71.44268389999999	2025	March
83	2025-03-17	922355	10:49:00	Pedestrian	1	NA	FALSE	FALSE	1	MEETING ST	THAYER ST	2025-03-17	One-Way Trafficway	Wet	Daylight	Rain	Not a Collision Between Two Motor Vehicles in Transport	No	No Controls	3	1	Pain Reported	NA	41.82915	-71.40105	FALSE	FALSE	Meeting Street and Thayer Street, Providence, RI, USA	FALSE	-71.40078439999999	41.8291625	intersection	geometric_center	thayer st & meeting st, providence, ri 02906, usa	NA	NA	NA	NA	41.8291625	-71.40078439999999	NA	22.074952720387913	Raw	NA	NA	NA	NA	FALSE	41.82915	-71.40105	2025	March
84	2025-03-17	922395	16:00:00	Pedestrian	1	NA	FALSE	FALSE	1	ELMGROVE AVE	SESSIONS ST	2025-03-18	Two-Way , Not Divided	Wet	Daylight	Clear	Other	Yes	Unknown	2	1	Pain Reported	NA	41.84128	-71.39259	FALSE	FALSE	Elmgrove Ave and Sessions Street, Providence, RI, USA	FALSE	-71.3925642	41.8413192	intersection	geometric_center	sessions st & elmgrove ave, providence, ri 02906, usa	NA	NA	NA	NA	41.8413192	-71.3925642	NA	4.860064448918125	Raw	NA	NA	NA	NA	FALSE	41.84128	-71.39259	2025	March
85	2025-03-17	922418	14:30:00	Pedestrian	1	NA	TRUE	FALSE	1	ATWELLS AVE	FALLS PL	2025-03-19	Two-Way , Not Divided	Wet	Daylight	Cloudy	Unknown	No	Unknown	1	0	Unknown	NA	41.82352	-71.42581	FALSE	FALSE	Atwells Ave and Falls Pl, Providence, RI, USA	FALSE	-71.42578639999999	41.8235263	intersection	geometric_center	atwells ave & falls pl, providence, ri 02903, usa	NA	NA	NA	NA	41.8235263	-71.42578639999999	NA	2.0795738828980848	Raw	NA	NA	NA	NA	FALSE	41.82352	-71.42581	2025	March
86	2025-03-18	922421	15:20:00	Pedestrian	1	NA	FALSE	FALSE	1	LAUREL HILL AVE	HARTFORD AVE	2025-03-19	Unknown	Dry	Daylight	Clear	Other	Yes	Unknown	1	1	Non-Incapacitating	NA	41.81792	-71.45533	FALSE	FALSE	Laurel Hill Ave and Hartford Ave, Providence, RI, USA	FALSE	-71.4553147	41.8179563	intersection	geometric_center	laurel hill ave & hartford ave, providence, ri 02909, usa	NA	NA	NA	NA	41.8179563	-71.4553147	NA	4.235569917832896	Raw	NA	NA	NA	NA	FALSE	41.81792	-71.45533	2025	March
87	2025-03-19	922424	10:18:00	Pedestrian	1	NA	FALSE	FALSE	1	3 RICOM WAY	NA	2025-03-19	Two-Way , Not Divided	Dry	Daylight	Clear	Not a Collision Between Two Motor Vehicles in Transport	No	No Controls	2	1	Pain Reported	NA	NA	NA	TRUE	TRUE	3 Ricom Way, Providence, RI, USA	FALSE	-71.4420505	41.8110116	street_address	rooftop	3 ricom way, providence, ri 02909, usa	NA	NA	NA	NA	41.8110116	-71.4420505	NA	NA	Geocoded	raw coords null but geocoded coords found	NA	NA	NA	TRUE	41.8110116	-71.4420505	2025	March
88	2025-03-19	922442	15:55:00	Pedestrian	1	NA	FALSE	FALSE	1	DOUGLAS AVE	CHAD BROWN ST	2025-03-19	Two-Way , Not Divided	Dry	Daylight	Clear	Not a Collision Between Two Motor Vehicles in Transport	No	Stop Signs	4	2	Pain Reported	NA	41.83966	-71.4262	FALSE	FALSE	Douglas Ave and Chad Brown Street, Providence, RI, USA	FALSE	-71.4258274	41.8392697	intersection	geometric_center	chad brown st & douglas ave, providence, ri 02908, usa	NA	NA	NA	NA	41.8392697	-71.4258274	NA	53.316352620588816	Raw	NA	NA	NA	NA	FALSE	41.83966	-71.4262	2025	March
89	2025-03-20	922462	14:12:00	Pedestrian	1	NA	FALSE	FALSE	1	VALLEY ST	WOLCOTT ST	2025-03-20	Two-Way, Divided, Unprotected (painted>4feet) Medium	Dry	Daylight	Clear	Not a Collision Between Two Motor Vehicles in Transport	No	No Controls	3	0	No Injury	NA	41.829	-71.43331	FALSE	FALSE	Valley Street and Wolcott Street, Providence, RI, USA	FALSE	-71.43333059999999	41.8290223	intersection	geometric_center	valley st & wolcott st, providence, ri 02908, usa	NA	NA	NA	NA	41.8290223	-71.43333059999999	NA	3.0136715809135963	Raw	NA	NA	NA	NA	FALSE	41.829	-71.43331	2025	March
91	2025-03-21	922496	14:33:00	Pedestrian	1	NA	FALSE	FALSE	1	BRANCH AVE	DRYDEN LN	2025-03-21	Two-Way , Not Divided	Dry	Daylight	Clear	Not a Collision Between Two Motor Vehicles in Transport	Yes	Pavement Markings	5	1	Pain Reported	NA	41.84308	-71.40852	FALSE	FALSE	Branch Ave and Dryden Ln, Providence, RI, USA	FALSE	-71.4084836	41.8429827	intersection	geometric_center	branch ave & dryden ln, providence, ri 02904, usa	NA	NA	NA	NA	41.8429827	-71.4084836	NA	11.244165130824388	Raw	NA	NA	NA	NA	FALSE	41.84308	-71.40852	2025	March
92	2025-03-22	922514	11:01:00	Pedestrian	1	NA	FALSE	FALSE	1	997 BRANCH AVE	NA	2025-03-22	Two-Way , Not Divided	Dry	Daylight	Clear	Not a Collision Between Two Motor Vehicles in Transport	No	No Controls	2	2	Pain Reported	NA	NA	NA	TRUE	TRUE	997 Branch Ave, Providence, RI, USA	FALSE	-71.4390896	41.8555383	premise	rooftop	997 branch ave, providence, ri 02904, usa	NA	NA	NA	NA	41.8555383	-71.4390896	NA	NA	Neither	raw coords null but geocoded coords found	41.85518, -71.43912	41.85518	-71.43912	TRUE	41.85518	-71.43912	2025	March
93	2025-03-23	922552	13:27:00	Other	NA	1	FALSE	FALSE	1	ANGELL ST	ARLINGTON AVE	2025-03-23	One-Way Trafficway	Dry	Daylight	Clear	Not a Collision Between Two Motor Vehicles in Transport	No	Stop Signs	2	1	Non-Incapacitating	NA	41.82937	-71.39217	FALSE	FALSE	Angell Street and Arlington Ave, Providence, RI, USA	FALSE	-71.3921478	41.8293827	intersection	geometric_center	arlington ave & angell st, providence, ri 02906, usa	NA	NA	NA	NA	41.8293827	-71.3921478	NA	2.3215573676525043	Raw	NA	NA	NA	NA	FALSE	41.82937	-71.39217	2025	March
94	2025-03-23	922568	17:37:00	Pedestrian	1	NA	FALSE	FALSE	1	smith st	GENTIAN AVE	2025-03-23	Two-Way , Not Divided	Dry	Daylight	Clear	Other	Yes	No Controls	1	1	Pain Reported	NA	41.84602	-71.45171	FALSE	FALSE	Smith Street and Gentian Ave, Providence, RI, USA	FALSE	-71.4516932	41.8460106	intersection	geometric_center	smith st & gentian ave, providence, ri 02908, usa	NA	NA	NA	NA	41.8460106	-71.4516932	NA	1.742373069207662	Raw	NA	NA	NA	NA	FALSE	41.84602	-71.45171	2025	March
98	2025-03-27	922690	15:06:00	Bicycle	NA	1	FALSE	FALSE	1	MITCHELL ST	NIAGARA ST	2025-03-27	Two-Way , Not Divided	Dry	Daylight	Clear	Not a Collision Between Two Motor Vehicles in Transport	No	Pavement Markings	2	1	Pain Reported	NA	41.80165	-71.41844	FALSE	FALSE	Mitchell Street and Niagara Street, Providence, RI, USA	FALSE	-71.42003389999999	41.8011804	intersection	geometric_center	niagara st & mitchell st, providence, ri 02907, usa	NA	NA	NA	NA	41.8011804	-71.42003389999999	NA	142.22409109013842	Geocoded	distance greater than 100m	NA	NA	NA	TRUE	41.8011804	-71.42003389999999	2025	March
99	2025-03-31	922796	19:58:00	Other	NA	1	FALSE	FALSE	1	BUCKLIN ST	RUTLAND ST	2025-03-31	Two-Way , Not Divided	Dry	Dark - Lighted	Clear	Angle (Front - to - Side) Opposite Direction	No	Stop Signs	4	1	Non-Incapacitating	NA	41.79856	-71.42759	FALSE	FALSE	Bucklin Street and Rutland Street, Providence, RI, USA	FALSE	-71.42757879999999	41.7985973	intersection	geometric_center	bucklin st & rutland st, providence, ri 02907, usa	NA	NA	NA	NA	41.7985973	-71.42757879999999	NA	4.254974645520684	Raw	NA	NA	NA	NA	FALSE	41.79856	-71.42759	2025	March
100	2025-04-01	922822	15:12:00	Pedestrian	1	NA	FALSE	FALSE	1	BRANCH AVE	OPPER ST	2025-04-01	Two-Way , Not Divided	Dry	Daylight	Clear	Not a Collision Between Two Motor Vehicles in Transport	No	Pavement Markings	3	1	Pain Reported	NA	41.85173	-71.42337	FALSE	FALSE	Branch Ave and Opper Street, Providence, RI, USA	FALSE	-71.4233812	41.8517643	intersection	geometric_center	opper st & branch ave, providence, ri 02904, usa	NA	NA	NA	NA	41.8517643	-71.4233812	NA	3.929576027940749	Raw	NA	NA	NA	NA	FALSE	41.85173	-71.42337	2025	April
101	2025-04-04	923005	16:20:00	Other	NA	1	FALSE	FALSE	1	ELMWOOD AVE	ELMWOOD AVE	2025-04-07	Two-Way , Not Divided	Dry	Daylight	Clear	Angle (Front - to - Side) Same Direction	No	Unknown	12	0	Unknown	NA	41.80999	-71.42398	FALSE	FALSE	Elmwood Ave and Elmwood Ave, Providence, RI, USA	FALSE	-71.4207394	41.7787537	route	geometric_center	elmwood ave, rhode island, usa	NA	NA	NA	NA	41.7787537	-71.4207394	NA	3487.5945239260095	Raw	distance greater than 100m	NA	NA	NA	TRUE	41.80999	-71.42398	2025	April
102	2025-04-04	923971	15:16:00	Pedestrian	1	NA	TRUE	FALSE	1	ADELAIDE AVE/ ELMWOOD AVE	ADELAIDE AVE	2025-05-05	Two-Way , Not Divided	Dry	Daylight	Clear	Other	Yes	No Controls	2	1	Pain Reported	NA	41.79586	-71.4251	FALSE	FALSE	Adelaide Ave/ Elmwood Ave and Adelaide Ave, Providence, RI, USA	FALSE	-71.4249889	41.79590779999999	intersection	geometric_center	adelaide ave & elmwood ave, providence, ri 02907, usa	NA	NA	NA	NA	41.79590779999999	-71.4249889	NA	10.645582730840392	Raw	NA	NA	NA	NA	FALSE	41.79586	-71.4251	2025	April
104	2025-04-05	922960	17:05:00	Pedestrian	1	NA	FALSE	FALSE	1	RESERVOIR AVE	ADELAIDE AVE	2025-04-05	Two-Way , Not Divided	Wet	Daylight	Rain	Not a Collision Between Two Motor Vehicles in Transport	Yes	No Controls	1	1	Non-Incapacitating	NA	41.79553	-71.42623	FALSE	FALSE	Reservoir Ave and Adelaide Ave, Providence, RI, USA	FALSE	-71.42615359999999	41.7955483	intersection	geometric_center	reservoir ave & adelaide ave, providence, ri 02907, usa	NA	NA	NA	NA	41.7955483	-71.42615359999999	NA	6.65979165379416	Raw	NA	NA	NA	NA	FALSE	41.79553	-71.42623	2025	April