row_number	crash_date	crash_report_id	crash_time	collision_type	count_pedestrian	count_bicycle	scooter	wheel_chair	number_of_vehicles	street_or_highway	nearest_intersection	report_date	type_of_roadway	road_surface_condition	light_condition	weather_condition	manner_of_impact	hit_and_run	traffic_control	person_count	injury_count	most_serious_injury	number_of_lanes	lat_raw	lon_raw	has_st_number	is_intersection_null	address_sent_to_geocoder	is_address_blank	lon_api_first_try	lat_api_first_try	type	loctype	address_returned_by_geocoder	address_returned_by_autocomplete	place_ids_autocompleted	lat_api_second_try	lon_api_second_try	lat_api_best	lon_api_best	api_coord_conf	distance_btwn_coords_meters	best_coordinate_set	reason_for_qa	correct_coordinates	corrected_lat	corrected_lon	manually_qaed_record	final_lat	final_lon	year	month
105	2025-04-06	923015	12:00:00	Pedestrian	1	NA	FALSE	FALSE	1	FRANCIS ST	AMERICAN EXPRESS PLZ	2025-04-07	Two-Way , Not Divided	Wet	Daylight	Cloudy	Unknown	No	Unknown	3	0	No Injury	NA	41.8272	-71.41544	FALSE	FALSE	Francis Street and American Express Plz, Providence, RI, USA	FALSE	-71.4127462	41.8244836	locality	approximate	providence, ri, usa	NA	NA	NA	NA	41.8244836	-71.4127462	NA	375.9945935922896	Raw	distance greater than 100m	NA	NA	NA	TRUE	41.8272	-71.41544	2025	April
106	2025-04-07	923024	20:29:00	Pedestrian	1	NA	FALSE	FALSE	1	ANGELL ST	BROOK ST	2025-04-07	Two-Way , Not Divided	Wet	Dark - Not Lighted	Rain	Other	No	Traffic Control Signal	4	1	Pain Reported	NA	41.82821	-71.39947	FALSE	FALSE	Angell Street and Brook Street, Providence, RI, USA	FALSE	-71.3994652	41.82822789999999	intersection	geometric_center	brook st & angell st, providence, ri 02906, usa	NA	NA	NA	NA	41.82822789999999	-71.3994652	NA	2.032008690257442	Raw	NA	NA	NA	NA	FALSE	41.82821	-71.39947	2025	April
108	2025-04-09	923320	18:00:00	Pedestrian	1	NA	FALSE	FALSE	1	BRANCH AVE	W RIVER ST	2025-04-16	Two-Way , Not Divided	Dry	Dark - Unknown Lighting	Clear	Unknown	Yes	Unknown	1	1	Pain Reported	NA	41.84686	-71.41262	FALSE	FALSE	Branch Ave and W River Street, Providence, RI, USA	FALSE	-71.41266139999999	41.8469059	intersection	geometric_center	w river st & branch ave, providence, ri 02904, usa	NA	NA	NA	NA	41.8469059	-71.41266139999999	NA	6.1557995412644635	Raw	NA	NA	NA	NA	FALSE	41.84686	-71.41262	2025	April
109	2025-04-10	923100	08:02:00	Pedestrian	1	NA	FALSE	FALSE	1	TERRACE AVE	PROGRESS AVE	2025-04-10	Two-Way, Not Divided With a Continuous Left Turn Lane	Dry	Daylight	Clear	Not a Collision Between Two Motor Vehicles in Transport	No	Other	3	1	Pain Reported	NA	41.80789	-71.45168	FALSE	FALSE	Terrace Ave and Progress Ave, Providence, RI, USA	FALSE	-71.4516489	41.8078966	intersection	geometric_center	terrace ave & progress ave, providence, ri 02909, usa	NA	NA	NA	NA	41.8078966	-71.4516489	NA	2.683098829941433	Raw	NA	NA	NA	NA	FALSE	41.80789	-71.45168	2025	April
110	2025-04-10	923114	14:23:00	Other	NA	1	FALSE	FALSE	1	BRANCH AVE	WILD ST	2025-04-10	Two-Way , Not Divided	Dry	Daylight	Clear	Other	Yes	No Controls	1	1	Pain Reported	NA	41.85505	-71.43792	FALSE	FALSE	Branch Ave and Wild Street, Providence, RI, USA	FALSE	-71.43772969999999	41.85504530000001	intersection	geometric_center	wild st & branch ave, providence, ri 02904, usa	NA	NA	NA	NA	41.85504530000001	-71.43772969999999	NA	15.787336288526422	Raw	NA	NA	NA	NA	FALSE	41.85505	-71.43792	2025	April
111	2025-04-10	923135	12:50:00	Pedestrian	1	NA	FALSE	FALSE	1	EDDY ST	NA	2025-04-11	Unknown	Dry	Daylight	Clear	Other	No	Unknown	2	0	Unknown	NA	NA	NA	FALSE	TRUE	Eddy Street, Providence, RI, USA	FALSE	-71.4072241	41.8059525	route	geometric_center	eddy st, providence, ri, usa	NA	NA	NA	NA	41.8059525	-71.4072241	NA	NA	Unknown	raw coords null but geocoded coords found	NA	NA	NA	TRUE	NA	NA	2025	April
114	2025-04-14	923242	07:42:00	Bicycle	NA	1	FALSE	FALSE	1	PLAINFIELD ST	RT 6 EXIT	2025-04-14	Two-Way , Not Divided	Dry	Daylight	Clear	Not a Collision Between Two Motor Vehicles in Transport	No	No Controls	2	1	Pain Reported	NA	41.81478	-71.44659	FALSE	FALSE	Plainfield Street and Rt 6 Exit, Providence, RI, USA	FALSE	-71.4438318	41.8165432	street_address	range_interpolated	6 plainfield st, providence, ri 02909, usa	NA	NA	NA	NA	41.8165432	-71.4438318	NA	301.481677548274	Raw	distance greater than 100m	NA	NA	NA	TRUE	41.81478	-71.44659	2025	April
115	2025-04-14	923262	14:58:00	Pedestrian	1	NA	FALSE	FALSE	1	CHALKSTONE AVE	OAKLAND AVE	2025-04-14	Two-Way , Not Divided	Dry	Daylight	Clear	Not a Collision Between Two Motor Vehicles in Transport	No	Pavement Markings	4	1	Pain Reported	NA	41.83419	-71.43024	FALSE	FALSE	Chalkstone Ave and Oakland Ave, Providence, RI, USA	FALSE	-71.4302373	41.8342121	intersection	geometric_center	oakland ave & chalkstone ave, providence, ri 02908, usa	NA	NA	NA	NA	41.8342121	-71.4302373	NA	2.4703322019598244	Raw	NA	NA	NA	NA	FALSE	41.83419	-71.43024	2025	April
117	2025-04-15	923283	14:32:00	Pedestrian	1	NA	TRUE	FALSE	1	EDDY ST	TORONTO AVE	2025-04-15	Two-Way , Not Divided	Wet	Daylight	Cloudy	Angle (Front - to - Side) Right Angle (Includes Broadside)	No	No Controls	3	1	Pain Reported	2	41.79152	-71.40348	FALSE	FALSE	Eddy Street and Toronto Ave, Providence, RI, USA	FALSE	-71.4034981	41.79155009999999	intersection	geometric_center	toronto ave & eddy st, providence, ri 02905, usa	NA	NA	NA	NA	41.79155009999999	-71.4034981	NA	3.672062461049953	Raw	NA	NA	NA	NA	FALSE	41.79152	-71.40348	2025	April
118	2025-04-15	923293	17:48:00	Bicycle	NA	NA	FALSE	FALSE	2	GLENBRIDGE AVE	MATTIE ST	2025-04-15	Two-Way , Not Divided	Dry	Daylight	Cloudy	Angle (Front - to - Side) Right Angle (Includes Broadside)	Yes	No Controls	2	0	Unknown	NA	41.8216	-71.4608	FALSE	FALSE	Glenbridge Ave and Mattie Street, Providence, RI, USA	FALSE	-71.46079019999999	41.8216167	intersection	geometric_center	glenbridge ave & mattie st, providence, ri 02909, usa	NA	NA	NA	NA	41.8216167	-71.46079019999999	NA	2.029030171094331	Raw	NA	NA	NA	NA	FALSE	41.8216	-71.4608	2025	April
119	2025-04-15	923332	13:43:00	Pedestrian	1	NA	FALSE	FALSE	1	AMSTERDAM ST	HANNAH ST	2025-04-17	Two-Way , Not Divided	Dry	Daylight	Clear	Sideswipe, Same Direction	Yes	Unknown	4	1	Pain Reported	NA	41.82437	-71.44874	FALSE	FALSE	Amsterdam Street and Hannah Street, Providence, RI, USA	FALSE	-71.44869589999999	41.8243872	intersection	geometric_center	amsterdam st & hannah st, providence, ri 02909, usa	NA	NA	NA	NA	41.8243872	-71.44869589999999	NA	4.129061216806483	Raw	NA	NA	NA	NA	FALSE	41.82437	-71.44874	2025	April
120	2025-04-16	923309	10:20:00	Pedestrian	1	NA	FALSE	FALSE	1	SMITH STREET	ACADEMY AVENUE	2025-04-16	Two-Way , Not Divided	Dry	Daylight	Cloudy	Not a Collision Between Two Motor Vehicles in Transport	No	No Controls	2	1	Pain Reported	NA	41.82269	-71.46671	FALSE	FALSE	Smith Street and Academy Avenue, Providence, RI, USA	FALSE	-71.4451576	41.842608	intersection	geometric_center	academy ave & smith st, providence, ri 02908, usa	NA	NA	NA	NA	41.842608	-71.4451576	NA	2848.138311935938	Geocoded	distance greater than 100m	NA	NA	NA	TRUE	41.842608	-71.4451576	2025	April
121	2025-04-18	923362	18:09:00	Pedestrian	1	NA	FALSE	FALSE	1	ATWELLS AVE	NEWTON ST	2025-04-18	Two-Way , Not Divided	Dry	Daylight	Clear	Not a Collision Between Two Motor Vehicles in Transport	No	No Controls	5	1	Pain Reported	NA	41.82327	-71.42229	FALSE	FALSE	Atwells Ave and Newton Street, Providence, RI, USA	FALSE	-71.4222281	41.8232805	intersection	geometric_center	newton st & atwells ave, providence, ri 02903, usa	NA	NA	NA	NA	41.8232805	-71.4222281	NA	5.266318930255115	Raw	NA	NA	NA	NA	FALSE	41.82327	-71.42229	2025	April
122	2025-04-19	923384	13:30:00	Pedestrian	1	NA	FALSE	FALSE	2	N MAIN ST	DOYLE AVE	2025-04-19	Two-Way, Divided, Positive Median Barrier	Dry	Daylight	Cloudy	Not a Collision Between Two Motor Vehicles in Transport	No	Traffic Control Signal	6	1	Pain Reported	NA	41.8385	-71.4092	FALSE	FALSE	N Main Street and Doyle Ave, Providence, RI, USA	FALSE	-71.4092347	41.8383506	intersection	geometric_center	n main st & doyle ave, providence, ri 02906, usa	NA	NA	NA	NA	41.8383506	-71.4092347	NA	16.878293265889592	Raw	NA	NA	NA	NA	FALSE	41.8385	-71.4092	2025	April
124	2025-04-19	923396	17:47:00	Bicycle	NA	1	FALSE	FALSE	1	VALLEY ST	DEAN ST	2025-04-19	Two-Way , Not Divided	Dry	Daylight	Clear	Not a Collision Between Two Motor Vehicles in Transport	No	Pavement Markings	5	0	No Injury	NA	41.83139	-71.42848	FALSE	FALSE	Valley Street and Dean Street, Providence, RI, USA	FALSE	-71.4242087	41.8234242	route	geometric_center	dean st, providence, ri, usa	NA	NA	NA	NA	41.8234242	-71.4242087	NA	954.9117914515924	Raw	distance greater than 100m	NA	NA	NA	TRUE	41.83139	-71.42848	2025	April
125	2025-04-20	923426	14:54:00	Pedestrian	1	NA	FALSE	FALSE	1	W FOUNTAIN ST	DEAN ST	2025-04-20	Two-Way , Not Divided	Dry	Daylight	Clear	Not a Collision Between Two Motor Vehicles in Transport	No	No Controls	2	1	Pain Reported	NA	41.81943	-71.42098	FALSE	FALSE	W Fountain Street and Dean Street, Providence, RI, USA	FALSE	-71.42092319999999	41.8194003	intersection	geometric_center	dean st & w fountain st, providence, ri 02903, usa	NA	NA	NA	NA	41.8194003	-71.42092319999999	NA	5.756343999049745	Raw	NA	NA	NA	NA	FALSE	41.81943	-71.42098	2025	April
126	2025-04-20	923432	17:21:00	Other	NA	1	FALSE	FALSE	1	PROVIDENCE ST	LOCKWOOD ST	2025-04-20	Two-Way , Not Divided	Dry	Daylight	Clear	Other	No	No Controls	3	1	Pain Reported	NA	41.81294	-71.41599	FALSE	FALSE	Providence Street and Lockwood Street, Providence, RI, USA	FALSE	-71.4160028	41.8129677	intersection	geometric_center	lockwood st & providence st, providence, ri 02903, usa	NA	NA	NA	NA	41.8129677	-71.4160028	NA	3.2613090996259686	Raw	NA	NA	NA	NA	FALSE	41.81294	-71.41599	2025	April
127	2025-04-20	923442	20:39:00	Pedestrian	1	NA	FALSE	FALSE	1	CHALKSTONE AVE	BERLIN ST	2025-04-20	Two-Way , Not Divided	Dry	Dark - Lighted	Clear	Not a Collision Between Two Motor Vehicles in Transport	Yes	Pavement Markings	1	1	Pain Reported	NA	41.83229	-71.44199	FALSE	FALSE	Chalkstone Ave and Berlin Street, Providence, RI, USA	FALSE	-71.4417316	41.8323032	intersection	geometric_center	berlin st & chalkstone ave, providence, ri 02908, usa	NA	NA	NA	NA	41.8323032	-71.4417316	NA	21.483085990875157	Raw	NA	NA	NA	NA	FALSE	41.83229	-71.44199	2025	April
131	2025-04-22	924034	19:30:00	Pedestrian	1	NA	FALSE	FALSE	1	DABOLL ST	DEXTER ST	2025-05-07	Two-Way , Not Divided	Dry	Dusk	Clear	Other	No	No Controls	2	1	Pain Reported	NA	41.80404	-71.43011	FALSE	FALSE	Daboll Street and Dexter Street, Providence, RI, USA	FALSE	-71.4301895	41.8040563	intersection	geometric_center	daboll st & dexter st, providence, ri 02907, usa	NA	NA	NA	NA	41.8040563	-71.4301895	NA	6.8419634119954695	Raw	NA	NA	NA	NA	FALSE	41.80404	-71.43011	2025	April
132	2025-04-23	923613	10:35:00	Other	NA	1	FALSE	FALSE	1	CHAPMAN ST	VIRGINIA AVE	2025-04-23	Two-Way , Not Divided	Dry	Daylight	Clear	Not a Collision Between Two Motor Vehicles in Transport	No	Stop Signs	2	1	Pain Reported	NA	41.79267	-71.40049	FALSE	FALSE	Chapman Street and Virginia Ave, Providence, RI, USA	FALSE	-71.4004807	41.7926989	intersection	geometric_center	chapman st & virginia ave, providence, ri 02905, usa	NA	NA	NA	NA	41.7926989	-71.4004807	NA	3.308430338445872	Raw	NA	NA	NA	NA	FALSE	41.79267	-71.40049	2025	April
133	2025-04-24	923545	08:20:00	Bicycle	NA	1	FALSE	FALSE	1	60 VALLEY ST	SCHOOL ST	2025-04-24	Two-Way, Divided, Unprotected (painted>4feet) Medium	Dry	Daylight	Clear	Not a Collision Between Two Motor Vehicles in Transport	No	No Controls	2	1	Non-Incapacitating	NA	41.81896	-71.44059	TRUE	FALSE	60 Valley Street, Providence, RI, USA	FALSE	-71.44164719999999	41.8184676	premise	rooftop	60 valley st, providence, ri 02909, usa	NA	NA	NA	NA	41.8184676	-71.44164719999999	NA	103.42675461595222	Raw	distance greater than 100m	NA	NA	NA	TRUE	41.81896	-71.44059	2025	April
134	2025-04-24	923551	12:13:00	Pedestrian	1	NA	FALSE	FALSE	1	SHIPYARD ST	ERNEST ST	2025-04-24	Two-Way , Not Divided	Dry	Daylight	Clear	Unknown	No	No Controls	3	1	Pain Reported	NA	41.79151	-71.39129	FALSE	FALSE	Shipyard Street and Ernest Street, Providence, RI, USA	FALSE	-71.393991	41.7946722	intersection	geometric_center	ernest st & shipyard st, providence, ri 02905, usa	NA	NA	NA	NA	41.7946722	-71.393991	NA	417.3321362102968	Geocoded	distance greater than 100m	NA	NA	NA	TRUE	41.7946722	-71.393991	2025	April
135	2025-04-24	923568	20:28:00	Pedestrian	1	NA	FALSE	FALSE	3	UNION AVE	WAVERLY ST	2025-04-24	Two-Way , Not Divided	Dry	Dark - Lighted	Clear	Angle (Front - to - Side) Opposite Direction	No	No Controls	4	2	Pain Reported	NA	41.8095	-71.43755	FALSE	FALSE	Union Ave and Waverly Street, Providence, RI, USA	FALSE	-71.4371504	41.8096104	intersection	geometric_center	union ave & waverly st, providence, ri 02909, usa	NA	NA	NA	NA	41.8096104	-71.4371504	NA	35.3606260211027	Raw	NA	NA	NA	NA	FALSE	41.8095	-71.43755	2025	April
138	2025-04-25	923584	09:47:00	Pedestrian	1	NA	FALSE	FALSE	1	AUTUMN ST	EDDY ST	2025-04-25	Two-Way , Not Divided	Dry	Daylight	Clear	Not a Collision Between Two Motor Vehicles in Transport	No	No Controls	2	1	Pain Reported	NA	41.80098	-71.4061	FALSE	FALSE	Autumn Street and Eddy Street, Providence, RI, USA	FALSE	-71.406126	41.8010017	intersection	geometric_center	autumn st & eddy st, providence, ri 02905, usa	NA	NA	NA	NA	41.8010017	-71.406126	NA	3.2389091784282944	Raw	NA	NA	NA	NA	FALSE	41.80098	-71.4061	2025	April
139	2025-04-25	923600	22:11:00	Bicycle	NA	1	FALSE	FALSE	1	PINE ST	CHESTNUT ST	2025-04-25	One-Way Trafficway	Dry	Dark - Lighted	Cloudy	Not a Collision Between Two Motor Vehicles in Transport	No	No Controls	3	1	Non-Incapacitating	NA	41.81944	-71.41294	FALSE	FALSE	Pine Street and Chestnut Street, Providence, RI, USA	FALSE	-71.41293519999999	41.8194707	intersection	geometric_center	pine st & chestnut st, providence, ri 02906, usa	NA	NA	NA	NA	41.8194707	-71.41293519999999	NA	3.44063019561107	Raw	distance greater than 100m	NA	NA	NA	TRUE	41.81944	-71.41294	2025	April
141	2025-04-27	923652	13:23:00	Pedestrian	1	NA	FALSE	FALSE	1	1 BODELL AVE	ETNA ST	2025-04-27	Two-Way , Not Divided	Dry	Daylight	Clear	Not a Collision Between Two Motor Vehicles in Transport	No	No Controls	3	1	Pain Reported	NA	41.81661	-71.45223	TRUE	FALSE	1 Bodell Ave, Providence, RI, USA	FALSE	-71.45138419999999	41.8168589	premise	rooftop	1 bodell ave, providence, ri 02909, usa	NA	NA	NA	NA	41.8168589	-71.45138419999999	NA	75.44337767062542	Raw	NA	NA	NA	NA	FALSE	41.81661	-71.45223	2025	April
143	2025-04-27	923659	19:11:00	Bicycle	NA	1	FALSE	FALSE	1	BLACKSTONE BLVD	LAUREL AVE	2025-04-27	Two-Way, Divided, Positive Median Barrier	Dry	Dawn	Clear	Not a Collision Between Two Motor Vehicles in Transport	Yes	Other	1	1	Pain Reported	NA	41.83811	-71.3854	FALSE	FALSE	Blackstone Blvd and Laurel Ave, Providence, RI, USA	FALSE	-71.3854333	41.8382317	intersection	geometric_center	blackstone blvd & laurel ave, providence, ri 02906, usa	NA	NA	NA	NA	41.8382317	-71.3854333	NA	13.826223221398804	Raw	NA	NA	NA	NA	FALSE	41.83811	-71.3854	2025	April
144	2025-04-30	923753	08:54:00	Bicycle	NA	1	FALSE	FALSE	1	BROADWAY	ATWELLS AVE	2025-04-30	Two-Way, Divided, Unprotected (painted>4feet) Medium	Dry	Daylight	Clear	Unknown	Yes	Pavement Markings	3	1	Non-Incapacitating	NA	41.8225	-71.41819	FALSE	FALSE	Broadway and Atwells Ave, Providence, RI, USA	FALSE	-71.41849049999999	41.8224275	intersection	geometric_center	atwells ave & broadway, providence, ri 02903, usa	NA	NA	NA	NA	41.8224275	-71.41849049999999	NA	26.202448479806595	Raw	NA	NA	NA	NA	FALSE	41.8225	-71.41819	2025	April
145	2025-04-30	923771	16:50:00	Pedestrian	1	NA	FALSE	FALSE	2	NARRAGANSETT AVE	ROGER WILLIAMS AVE	2025-04-30	Two-Way , Not Divided	Dry	Daylight	Clear	Sideswipe, Same Direction	No	No Controls	3	3	Pain Reported	NA	41.78883	-71.42363	FALSE	FALSE	Narragansett Ave and Roger Williams Ave, Providence, RI, USA	FALSE	-71.4234687	41.7885148	intersection	geometric_center	roger williams ave & narragansett ave, providence, ri 02907, usa	NA	NA	NA	NA	41.7885148	-71.4234687	NA	37.5552893642173	Raw	NA	NA	NA	NA	FALSE	41.78883	-71.42363	2025	April
146	2025-04-30	923773	19:01:00	Pedestrian	1	NA	FALSE	FALSE	1	PUBLIC ST	EDDY ST	2025-04-30	Two-Way , Not Divided	Dry	Daylight	Clear	Not a Collision Between Two Motor Vehicles in Transport	No	Traffic Control Signal	3	1	Pain Reported	NA	41.80731	-71.40725	FALSE	FALSE	Public Street and Eddy Street, Providence, RI, USA	FALSE	-71.4072274	41.8073419	intersection	geometric_center	public st & eddy st, providence, ri 02903, usa	NA	NA	NA	NA	41.8073419	-71.4072274	NA	4.015829662681415	Raw	NA	NA	NA	NA	FALSE	41.80731	-71.40725	2025	April
147	2025-04-30	923796	16:12:00	Pedestrian	1	NA	FALSE	FALSE	1	WASHINGTON ST	EMPIRE ST	2025-05-01	Two-Way, Divided, Unprotected (painted>4feet) Medium	Dry	Daylight	Clear	Not a Collision Between Two Motor Vehicles in Transport	No	Traffic Control Signal	3	0	No Injury	NA	41.82182	-71.41645	FALSE	FALSE	Washington Street and Empire Street, Providence, RI, USA	FALSE	-71.4164272	41.8218699	intersection	geometric_center	empire st & washington st, providence, ri 02903, usa	NA	NA	NA	NA	41.8218699	-71.4164272	NA	5.86803253601497	Raw	NA	NA	NA	NA	FALSE	41.82182	-71.41645	2025	April
148	2025-05-01	923785	00:09:00	Pedestrian	1	NA	FALSE	FALSE	1	DOUGLAS AVE	CHALKSTONE AVE	2025-05-01	Two-Way , Not Divided	Dry	Dark - Lighted	Clear	Not a Collision Between Two Motor Vehicles in Transport	Yes	No Controls	2	1	Pain Reported	NA	41.83636	-71.42038	FALSE	FALSE	Douglas Ave and Chalkstone Ave, Providence, RI, USA	FALSE	-71.4202667	41.8363328	intersection	geometric_center	chalkstone ave & douglas ave, providence, ri 02908, usa	NA	NA	NA	NA	41.8363328	-71.4202667	NA	9.872758086971684	Raw	NA	NA	NA	NA	FALSE	41.83636	-71.42038	2025	May
149	2025-05-01	923787	07:46:00	Other	NA	1	FALSE	FALSE	1	ROCHAMBEAU AVE	BLACKSTONE BLVD	2025-05-01	Two-Way, Divided, Positive Median Barrier	Dry	Dawn	Clear	Not a Collision Between Two Motor Vehicles in Transport	No	No Controls	2	1	Pain Reported	NA	41.84556	-71.38674	FALSE	FALSE	Rochambeau Ave and Blackstone Blvd, Providence, RI, USA	FALSE	-71.3867593	41.84556509999999	intersection	geometric_center	blackstone blvd & rochambeau ave, providence, ri 02906, usa	NA	NA	NA	NA	41.84556509999999	-71.3867593	NA	1.6982011445923386	Raw	NA	NA	NA	NA	FALSE	41.84556	-71.38674	2025	May
150	2025-05-02	923833	10:59:00	Other	NA	1	FALSE	FALSE	1	ZONE ST	CHALKSTONE AVE	2025-05-02	Two-Way , Not Divided	Dry	Daylight	Clear	Not a Collision Between Two Motor Vehicles in Transport	No	No Controls	3	1	Pain Reported	NA	41.83475	-71.42755	FALSE	FALSE	Zone Street and Chalkstone Ave, Providence, RI, USA	FALSE	-71.4275304	41.83477	intersection	geometric_center	zone st & chalkstone ave, providence, ri 02908, usa	NA	NA	NA	NA	41.83477	-71.4275304	NA	2.756724034484319	Raw	NA	NA	NA	NA	FALSE	41.83475	-71.42755	2025	May
152	2025-05-04	923912	15:54:00	Other	NA	1	FALSE	FALSE	1	S WATER ST	POINT ST	2025-05-04	Two-Way , Not Divided	Dry	Daylight	Clear	Angle (Front - to - Side) Right Angle (Includes Broadside)	No	No Controls	3	0	No Injury	NA	41.81864	-71.4017	FALSE	FALSE	S Water Street and Point Street, Providence, RI, USA	FALSE	-71.40187759999999	41.8187542	intersection	geometric_center	s water st & point st, providence, ri 02903, usa	NA	NA	NA	NA	41.8187542	-71.40187759999999	NA	19.46030716831863	Raw	NA	NA	NA	NA	FALSE	41.81864	-71.4017	2025	May
153	2025-05-04	923920	16:26:00	Bicycle	NA	1	FALSE	FALSE	1	WARRINGTON ST	EMERSON ST	2025-05-04	Two-Way , Not Divided	Dry	Daylight	Clear	Not a Collision Between Two Motor Vehicles in Transport	No	No Controls	3	1	Pain Reported	NA	41.79667	-71.41277	FALSE	FALSE	Warrington Street and Emerson Street, Providence, RI, USA	FALSE	-71.4150086	41.7960247	intersection	geometric_center	warrington st & emerson st, providence, ri 02907, usa	NA	NA	NA	NA	41.7960247	-71.4150086	NA	199.1871956969765	Geocoded	distance greater than 100m	NA	NA	NA	TRUE	41.7960247	-71.4150086	2025	May
156	2025-05-08	924078	09:20:00	Other	NA	1	FALSE	FALSE	1	BLACKSTONE BLVD	BLACKSTONE BLVD	2025-05-08	Two-Way , Not Divided	Dry	Daylight	Clear	Not a Collision Between Two Motor Vehicles in Transport	No	No Controls	2	1	Pain Reported	NA	41.84622	-71.38677	FALSE	FALSE	Blackstone Blvd and Blackstone Blvd, Providence, RI, USA	FALSE	-71.3870999	41.8450084	route	geometric_center	blackstone blvd, providence, ri 02906, usa	NA	NA	NA	NA	41.8450084	-71.3870999	NA	137.6212955874507	Raw	distance greater than 100m	NA	NA	NA	TRUE	41.84622	-71.38677	2025	May
158	2025-05-09	924134	15:01:00	Pedestrian	1	NA	FALSE	FALSE	1	DORRANCE ST	WASHINGTON ST	2025-05-09	Two-Way , Not Divided	Wet	Daylight	Rain	Not a Collision Between Two Motor Vehicles in Transport	No	No Controls	3	1	Pain Reported	NA	41.82451	-71.41286	FALSE	FALSE	Dorrance Street and Washington Street, Providence, RI, USA	FALSE	-71.4127462	41.8244836	intersection	geometric_center	washington st & dorrance st, providence, ri 02903, usa	NA	NA	NA	NA	41.8244836	-71.4127462	NA	9.887065504137446	Raw	NA	NA	NA	NA	FALSE	41.82451	-71.41286	2025	May
160	2025-05-10	924140	00:08:00	Pedestrian	1	NA	FALSE	FALSE	1	ATWELLS AVE	BROADWAY	2025-05-10	Two-Way, Divided, Positive Median Barrier	Wet	Dark - Lighted	Rain	Rear End(Front-to-Rear)	No	Traffic Control Signal	3	1	Non-Incapacitating	NA	41.82251	-71.41856	FALSE	FALSE	Atwells Ave and Broadway, Providence, RI, USA	FALSE	-71.41849049999999	41.8224275	intersection	geometric_center	atwells ave & broadway, providence, ri 02903, usa	NA	NA	NA	NA	41.8224275	-71.41849049999999	NA	10.84362921355293	Raw	NA	NA	NA	NA	FALSE	41.82251	-71.41856	2025	May
161	2025-05-10	924219	15:00:00	Other	NA	1	FALSE	FALSE	1	WASHINGTON ST	EMPIRE ST	2025-05-12	Unknown	Dry	Daylight	Clear	Sideswipe, Same Direction	Yes	Unknown	1	1	Pain Reported	NA	NA	NA	FALSE	FALSE	Washington Street and Empire Street, Providence, RI, USA	FALSE	-71.4164272	41.8218699	intersection	geometric_center	empire st & washington st, providence, ri 02903, usa	NA	NA	NA	NA	41.8218699	-71.4164272	NA	NA	Geocoded	raw coords null but geocoded coords found	NA	NA	NA	TRUE	41.8218699	-71.4164272	2025	May
162	2025-05-11	924168	05:02:00	Pedestrian	1	NA	FALSE	FALSE	1	350 POINT STREET	NA	2025-05-11	Two-Way, Divided, Unprotected (painted>4feet) Medium	Dry	Daylight	Cloudy	Not a Collision Between Two Motor Vehicles in Transport	Yes	No Controls	2	1	Incapacitating	NA	41.81668	-71.40954	TRUE	TRUE	350 Point Street, Providence, RI, USA	FALSE	-71.4166794	41.8139618	street_address	rooftop	350 point st, providence, ri 02903, usa	NA	NA	NA	NA	41.8139618	-71.4166794	NA	665.1414147808514	Geocoded	distance greater than 100m	NA	NA	NA	TRUE	41.8139618	-71.4166794	2025	May
163	2025-05-12	924224	14:30:00	Pedestrian	1	NA	FALSE	FALSE	1	Broad st	THURBERS AVE	2025-05-12	Two-Way , Not Divided	Dry	Daylight	Clear	Not a Collision Between Two Motor Vehicles in Transport	No	Traffic Control Signal	3	1	Pain Reported	NA	41.7982	-71.41467	FALSE	FALSE	Broad Street and Thurbers Ave, Providence, RI, USA	FALSE	-71.414661	41.7982144	intersection	geometric_center	thurbers ave & broad st, providence, ri 02905, usa	NA	NA	NA	NA	41.7982144	-71.414661	NA	1.7684635252238012	Raw	NA	NA	NA	NA	FALSE	41.7982	-71.41467	2025	May
164	2025-05-15	926305	02:30:00	Pedestrian	1	NA	FALSE	FALSE	1	W FRIENDSHIP ST	BROAD ST	2025-07-24	Two-Way , Not Divided	Dry	Dark - Unknown Lighting	Clear	Other	Yes	Unknown	1	1	Incapacitating	NA	41.80977	-71.42101	FALSE	FALSE	W Friendship Street and Broad Street, Providence, RI, USA	FALSE	-71.42102539999999	41.8098453	intersection	geometric_center	w friendship st & broad st, providence, ri 02907, usa	NA	NA	NA	NA	41.8098453	-71.42102539999999	NA	8.479190079675353	Raw	NA	NA	NA	NA	FALSE	41.80977	-71.42101	2025	May