row_number	crash_date	crash_report_id	crash_time	collision_type	count_pedestrian	count_bicycle	scooter	wheel_chair	number_of_vehicles	street_or_highway	nearest_intersection	report_date	type_of_roadway	road_surface_condition	light_condition	weather_condition	manner_of_impact	hit_and_run	traffic_control	person_count	injury_count	most_serious_injury	number_of_lanes	lat_raw	lon_raw	has_st_number	is_intersection_null	address_sent_to_geocoder	is_address_blank	lon_api_first_try	lat_api_first_try	type	loctype	address_returned_by_geocoder	address_returned_by_autocomplete	place_ids_autocompleted	lat_api_second_try	lon_api_second_try	lat_api_best	lon_api_best	api_coord_conf	distance_btwn_coords_meters	best_coordinate_set	reason_for_qa	correct_coordinates	corrected_lat	corrected_lon	manually_qaed_record	final_lat	final_lon	year	month
165	2025-05-16	924359	14:05:00	Pedestrian	1	NA	FALSE	FALSE	1	DRYDEN LN	BRANCH AVE	2025-05-16	Two-Way , Not Divided	Dry	Daylight	Clear	Not a Collision Between Two Motor Vehicles in Transport	No	Pavement Markings	3	1	Non-Incapacitating	NA	41.84294	-71.40847	FALSE	FALSE	Dryden Ln and Branch Ave, Providence, RI, USA	FALSE	-71.4084836	41.8429827	intersection	geometric_center	branch ave & dryden ln, providence, ri 02904, usa	NA	NA	NA	NA	41.8429827	-71.4084836	NA	4.885316209796038	Raw	NA	NA	NA	NA	FALSE	41.84294	-71.40847	2025	May
166	2025-05-17	924380	02:00:00	Pedestrian	1	NA	FALSE	FALSE	1	BROAD ST	BROAD ST	2025-05-17	Two-Way , Not Divided	Dry	Dark - Lighted	Clear	Not a Collision Between Two Motor Vehicles in Transport	No	Unknown	3	0	No Injury	NA	41.79187	-71.4068	FALSE	FALSE	Broad Street and Broad Street, Providence, RI, USA	FALSE	-71.4174197	41.8004646	route	geometric_center	broad st, providence, ri, usa	NA	NA	NA	NA	41.8004646	-71.4174197	NA	1300.8161584541847	Raw	distance greater than 100m	NA	NA	NA	TRUE	41.79187	-71.4068	2025	May
168	2025-05-19	924425	08:40:00	Bicycle	NA	1	FALSE	FALSE	1	BUTLER AVE	S ANGELL ST	2025-05-19	Two-Way , Not Divided	Dry	Daylight	Clear	Angle (Front - to - Side) Right Angle (Includes Broadside)	Yes	No Controls	1	0	No Injury	2	41.82947	-71.38504	FALSE	FALSE	Butler Ave and S Angell Street, Providence, RI, USA	FALSE	-71.3850439	41.8294963	intersection	geometric_center	butler ave & s angell st, providence, ri 02906, usa	NA	NA	NA	NA	41.8294963	-71.3850439	NA	2.9455207581968974	Raw	NA	NA	NA	NA	FALSE	41.82947	-71.38504	2025	May
173	2025-05-23	924560	21:20:00	Pedestrian	1	NA	FALSE	FALSE	1	THAYER ST	FONES ALY	2025-05-23	Two-Way , Not Divided	Wet	Dark - Lighted	Cloudy	Not a Collision Between Two Motor Vehicles in Transport	No	No Controls	5	1	Pain Reported	NA	41.82768	-71.40059	FALSE	FALSE	Thayer Street and Fones Aly, Providence, RI, USA	FALSE	-71.400615	41.8276933	intersection	geometric_center	thayer st & fones alley, providence, ri 02906, usa	NA	NA	NA	NA	41.8276933	-71.400615	NA	2.5480345548071703	Raw	NA	NA	NA	NA	FALSE	41.82768	-71.40059	2025	May
174	2025-05-23	924561	20:52:00	Pedestrian	1	NA	FALSE	FALSE	1	DOUGLAS AVE	ADMIRAL ST	2025-05-23	Two-Way , Not Divided	Wet	Dark - Lighted	Rain	Not a Collision Between Two Motor Vehicles in Transport	No	Traffic Control Signal	2	1	Pain Reported	NA	41.84607	-71.42902	FALSE	FALSE	Douglas Ave and Admiral Street, Providence, RI, USA	FALSE	-71.4289474	41.84607219999999	intersection	geometric_center	admiral st & douglas ave, providence, ri 02908, usa	NA	NA	NA	NA	41.84607219999999	-71.4289474	NA	6.025429896030797	Raw	NA	NA	NA	NA	FALSE	41.84607	-71.42902	2025	May
175	2025-05-23	924562	21:29:00	Pedestrian	1	NA	FALSE	FALSE	1	EXCHANGE TER	EXCHANGE ST	2025-05-24	Two-Way , Not Divided	Wet	Dark - Lighted	Rain	Not a Collision Between Two Motor Vehicles in Transport	No	Traffic Control Signal	2	1	Non-Incapacitating	NA	41.82611	-71.4116	FALSE	FALSE	Exchange Ter and Exchange Street, Providence, RI, USA	FALSE	-71.41162299999999	41.8261316	intersection	geometric_center	exchange ter & exchange st, providence, ri 02903, usa	NA	NA	NA	NA	41.8261316	-71.41162299999999	NA	3.069479995202243	Raw	NA	NA	NA	NA	FALSE	41.82611	-71.4116	2025	May
176	2025-05-24	924571	13:34:00	Other	NA	NA	TRUE	FALSE	2	33 King St.	NA	2025-05-24	One-Way Trafficway	Dry	Daylight	Clear	Sidwswipe, Opposite Direction	No	No Controls	2	1	Pain Reported	NA	NA	NA	TRUE	TRUE	33 King St., Providence, RI, USA	FALSE	-71.4527248	41.823581	street_address	rooftop	33 king st, providence, ri 02909, usa	NA	NA	NA	NA	41.823581	-71.4527248	NA	NA	Neither	raw coords null but geocoded coords found	41.82336, -71.4531	41.82336	-71.4531	TRUE	41.82336	-71.4531	2025	May
177	2025-05-27	924666	20:29:00	Pedestrian	1	NA	FALSE	FALSE	2	MANTON AVE	PELHAM ST	2025-05-27	Two-Way , Not Divided	Dry	Dark - Lighted	Clear	Not a Collision Between Two Motor Vehicles in Transport	Yes	Pavement Markings	3	1	Pain Reported	NA	41.82069	-71.44752	FALSE	FALSE	Manton Ave and Pelham Street, Providence, RI, USA	FALSE	-71.4477897	41.8209381	intersection	geometric_center	pelham st & manton ave, providence, ri 02909, usa	NA	NA	NA	NA	41.8209381	-71.4477897	NA	35.543951416982424	Raw	NA	NA	NA	NA	FALSE	41.82069	-71.44752	2025	May
178	2025-05-27	924667	20:10:00	Other	NA	NA	TRUE	FALSE	1	LEXINGTON AVE	HAMILTON ST	2025-05-27	Two-Way , Not Divided	Dry	Dusk	Clear	Not a Collision Between Two Motor Vehicles in Transport	No	Other	3	1	Incapacitating	NA	41.79845	-71.42159	FALSE	FALSE	Lexington Ave and Hamilton Street, Providence, RI, USA	FALSE	-71.4208566	41.7986949	intersection	geometric_center	hamilton st & lexington ave, providence, ri 02907, usa	NA	NA	NA	NA	41.7986949	-71.4208566	NA	66.69006734809705	Raw	NA	NA	NA	NA	FALSE	41.79845	-71.42159	2025	May
179	2025-05-28	924682	16:58:00	Other	NA	1	FALSE	FALSE	1	N MAIN ST	SMITH ST	2025-05-28	Two-Way , Not Divided	Dry	Daylight	Clear	Sideswipe, Same Direction	No	No Controls	3	1	Pain Reported	NA	41.83086	-71.4104	FALSE	FALSE	N Main Street and Smith Street, Providence, RI, USA	FALSE	-71.4106553	41.8315524	intersection	geometric_center	n main st & smith st, providence, ri 02903, usa	NA	NA	NA	NA	41.8315524	-71.4106553	NA	79.9336105834088	Raw	NA	NA	NA	NA	FALSE	41.83086	-71.4104	2025	May
180	2025-05-28	924686	20:35:00	Pedestrian	1	NA	TRUE	FALSE	1	HAYWARD ST	LINDEN ST	2025-05-28	Two-Way , Not Divided	Dry	Dark - Lighted	Clear	Not a Collision Between Two Motor Vehicles in Transport	No	No Controls	2	1	Non-Incapacitating	NA	41.81237	-71.42165	FALSE	FALSE	Hayward Street and Linden Street, Providence, RI, USA	FALSE	-71.4214538	41.8126276	intersection	geometric_center	hayward st & linden st, providence, ri 02907, usa	NA	NA	NA	NA	41.8126276	-71.4214538	NA	32.97427289313546	Raw	NA	NA	NA	NA	FALSE	41.81237	-71.42165	2025	May
183	2025-05-29	924722	15:55:00	Pedestrian	1	NA	FALSE	FALSE	1	PLAINFIELD ST	EDNA ST	2025-05-29	Two-Way , Not Divided	Wet	Daylight	Cloudy	Not a Collision Between Two Motor Vehicles in Transport	No	Traffic Control Signal	2	1	Pain Reported	NA	41.81594	-71.44511	FALSE	FALSE	Plainfield Street and Edna Street, Providence, RI, USA	FALSE	-71.445549	41.8156817	intersection	geometric_center	plainfield st & edna st, providence, ri 02909, usa	NA	NA	NA	NA	41.8156817	-71.445549	NA	46.40403949309735	Raw	NA	NA	NA	NA	FALSE	41.81594	-71.44511	2025	May
185	2025-05-31	924785	15:50:00	Pedestrian	1	NA	FALSE	FALSE	1	CHALKSTONE AVE	DOUGLAS AVE	2025-05-31	One-Way Trafficway	Wet	Daylight	Rain	Not a Collision Between Two Motor Vehicles in Transport	No	Pavement Markings	5	1	Pain Reported	NA	41.83631	-71.42024	FALSE	FALSE	Chalkstone Ave and Douglas Ave, Providence, RI, USA	FALSE	-71.4202667	41.8363328	intersection	geometric_center	chalkstone ave & douglas ave, providence, ri 02908, usa	NA	NA	NA	NA	41.8363328	-71.4202667	NA	3.3683453327551027	Raw	NA	NA	NA	NA	FALSE	41.83631	-71.42024	2025	May
186	2025-05-31	924792	22:38:00	Pedestrian	1	NA	FALSE	FALSE	1	BANCROFT ST	POCASSET AVE	2025-06-01	Two-Way , Not Divided	Dry	Dark - Lighted	Clear	Unknown	Yes	No Controls	2	1	Incapacitating	NA	41.81332	-71.44834	FALSE	FALSE	Bancroft Street and Pocasset Ave, Providence, RI, USA	FALSE	-71.4483713	41.8133784	intersection	geometric_center	pocasset ave & bancroft st, providence, ri 02909, usa	NA	NA	NA	NA	41.8133784	-71.4483713	NA	7.000554031887353	Raw	NA	NA	NA	NA	FALSE	41.81332	-71.44834	2025	May
187	2025-06-01	924813	13:22:00	Pedestrian	1	NA	FALSE	FALSE	1	100 MANTON AVE	NA	2025-06-01	Two-Way , Not Divided	Dry	Daylight	Clear	Not a Collision Between Two Motor Vehicles in Transport	No	No Controls	2	1	Pain Reported	NA	NA	NA	TRUE	TRUE	100 Manton Ave, Providence, RI, USA	FALSE	-71.4463316	41.8179117	street_address	rooftop	100 manton ave, providence, ri 02909, usa	NA	NA	NA	NA	41.8179117	-71.4463316	NA	NA	Geocoded	raw coords null but geocoded coords found	NA	NA	NA	TRUE	41.8179117	-71.4463316	2025	June
189	2025-06-02	924858	21:07:00	Pedestrian	1	NA	FALSE	FALSE	1	MEMORIAL BLVD	EXIT 22A  (RT )	2025-06-02	Two-Way, Divided, Positive Median Barrier	Dry	Dark - Lighted	Clear	Not a Collision Between Two Motor Vehicles in Transport	Yes	Traffic Control Signal	2	1	Pain Reported	NA	41.82578	-71.41522	FALSE	FALSE	Memorial Blvd and Exit 22a  (Rt ), Providence, RI, USA	FALSE	-71.4127462	41.8244836	locality	approximate	providence, ri, usa	NA	NA	NA	NA	41.8244836	-71.4127462	NA	250.8743706364255	Raw	distance greater than 100m	NA	NA	NA	TRUE	41.82578	-71.41522	2025	June
190	2025-06-02	925319	13:58:00	Bicycle	NA	1	FALSE	FALSE	1	BROAD ST	SERVICE ROAD 7	2025-06-19	Two-Way , Not Divided	Dry	Daylight	Clear	Not a Collision Between Two Motor Vehicles in Transport	No	Traffic Control Signal	3	0	No Injury	NA	41.81736	-71.41696	FALSE	FALSE	Broad Street and Service Road 7, Providence, RI, USA	FALSE	-71.41696619999999	41.8173751	intersection	geometric_center	service rd 1 & broad st, providence, ri 02903, usa	NA	NA	NA	NA	41.8173751	-71.41696619999999	NA	1.7578643094737676	Raw	NA	NA	NA	NA	FALSE	41.81736	-71.41696	2025	June
191	2025-06-03	924874	14:49:00	Pedestrian	1	NA	FALSE	FALSE	1	CANTON ST	ANDEM ST	2025-06-03	Two-Way , Not Divided	Dry	Daylight	Clear	Other	No	Stop Signs	2	0	No Injury	NA	41.8304	-71.44217	FALSE	FALSE	Canton Street and Andem Street, Providence, RI, USA	FALSE	-71.4422226	41.8305988	intersection	geometric_center	canton st & andem st, providence, ri 02908, usa	NA	NA	NA	NA	41.8305988	-71.4422226	NA	22.556295747803713	Raw	NA	NA	NA	NA	FALSE	41.8304	-71.44217	2025	June
192	2025-06-04	924886	08:53:00	Pedestrian	1	NA	FALSE	FALSE	1	HOLLYWOOD RD	PARADE ST	2025-06-04	Two-Way , Not Divided	Dry	Daylight	Clear	Not a Collision Between Two Motor Vehicles in Transport	No	Pavement Markings	2	1	Pain Reported	NA	41.81577	-71.43307	FALSE	FALSE	Hollywood Rd and Parade Street, Providence, RI, USA	FALSE	-71.4330927	41.8157878	intersection	geometric_center	hollywood rd & parade st, providence, ri 02909, usa	NA	NA	NA	NA	41.8157878	-71.4330927	NA	2.7337115766606868	Raw	NA	NA	NA	NA	FALSE	41.81577	-71.43307	2025	June
193	2025-06-04	924893	08:36:00	Pedestrian	1	NA	FALSE	FALSE	1	Butler Dr	BLACKSTONE BLVD	2025-06-04	Two-Way, Not Divided With a Continuous Left Turn Lane	Dry	Daylight	Clear	Sidwswipe, Opposite Direction	Yes	No Controls	2	1	Pain Reported	NA	41.84616	-71.38673	FALSE	FALSE	Butler Dr and Blackstone Blvd, Providence, RI, USA	FALSE	-71.38384049999999	41.8330728	intersection	geometric_center	butler ave & blackstone blvd, providence, ri 02906, usa	NA	NA	NA	NA	41.8330728	-71.38384049999999	NA	1476.4381334204952	Raw	distance greater than 100m	NA	NA	NA	TRUE	41.84616	-71.38673	2025	June
194	2025-06-04	924904	13:22:00	Pedestrian	1	NA	TRUE	FALSE	1	BRANCH AVE	OLMSTEAD WAY	2025-06-04	Two-Way , Not Divided	Dry	Daylight	Clear	Not a Collision Between Two Motor Vehicles in Transport	No	No Controls	2	1	Non-Incapacitating	NA	41.8539	-71.42974	FALSE	FALSE	Branch Ave and Olmstead Way, Providence, RI, USA	FALSE	-71.4300791	41.8540097	intersection	geometric_center	branch ave & olmsted way, providence, ri 02904, usa	NA	NA	NA	NA	41.8540097	-71.4300791	NA	30.654266026809527	Raw	NA	NA	NA	NA	FALSE	41.8539	-71.42974	2025	June
195	2025-06-05	924939	13:11:00	Other	NA	1	FALSE	FALSE	1	BROAD ST	JILLSON ST	2025-06-05	Two-Way, Divided, Unprotected (painted>4feet) Medium	Dry	Daylight	Clear	Not a Collision Between Two Motor Vehicles in Transport	Yes	Unknown	2	1	Non-Incapacitating	NA	41.79103	-71.40589	FALSE	FALSE	Broad Street and Jillson Street, Providence, RI, USA	FALSE	-71.405872	41.79104419999999	intersection	geometric_center	jillson st & broad st, providence, ri 02905, usa	NA	NA	NA	NA	41.79104419999999	-71.405872	NA	2.1750026299575485	Raw	NA	NA	NA	NA	FALSE	41.79103	-71.40589	2025	June
196	2025-06-05	924942	12:38:00	Bicycle	NA	1	FALSE	FALSE	1	TOCKWOTTON ST	S MAIN ST	2025-06-05	Two-Way , Not Divided	Dry	Daylight	Clear	Angle (Front - to - Side) Same Direction	No	Stop Signs	3	1	Pain Reported	NA	41.81692	-71.4001	FALSE	FALSE	Tockwotton Street and S Main Street, Providence, RI, USA	FALSE	-71.39904419999999	41.8174589	intersection	geometric_center	s main st & tockwotton st, providence, ri 02903, usa	NA	NA	NA	NA	41.8174589	-71.39904419999999	NA	106.16667967152055	Geocoded	distance greater than 100m	NA	NA	NA	TRUE	41.8174589	-71.39904419999999	2025	June
200	2025-06-06	925286	13:56:00	Pedestrian	1	NA	FALSE	FALSE	1	MORRIS AVE	OLNEY ST	2025-06-18	Two-Way , Not Divided	Dry	Daylight	Clear	Sideswipe, Same Direction	Yes	Unknown	1	1	Pain Reported	NA	41.83593	-71.39803	FALSE	FALSE	Morris Ave and Olney Street, Providence, RI, USA	FALSE	-71.3980116	41.8359262	intersection	geometric_center	olney st & morris ave, providence, ri 02906, usa	NA	NA	NA	NA	41.8359262	-71.3980116	NA	1.583628706571972	Raw	NA	NA	NA	NA	FALSE	41.83593	-71.39803	2025	June
201	2025-06-10	925098	18:38:00	Pedestrian	1	NA	FALSE	FALSE	1	Killingly St	KILLINGLY ST	2025-06-10	Two-Way , Not Divided	Dry	Daylight	Rain	Other	No	No Controls	4	1	Pain Reported	NA	41.81408	-71.46186	FALSE	FALSE	Killingly Street and Killingly Street, Providence, RI, USA	FALSE	-71.4700583	41.8217334	route	geometric_center	killingly st, rhode island, usa	NA	NA	NA	NA	41.8217334	-71.4700583	NA	1090.1682550982207	Neither	distance greater than 100m	41.814607, -71.463767	41.814607	-71.463767	TRUE	41.814607	-71.463767	2025	June
202	2025-06-11	925118	14:30:00	Pedestrian	1	NA	FALSE	FALSE	1	BROADWAY	VALLEY ST	2025-06-11	Two-Way , Not Divided	Dry	Daylight	Clear	Not a Collision Between Two Motor Vehicles in Transport	Yes	No Controls	1	1	Pain Reported	NA	41.81683	-71.44101	FALSE	FALSE	Broadway and Valley Street, Providence, RI, USA	FALSE	-71.4410135	41.8168365	intersection	geometric_center	valley st & broadway, providence, ri 02909, usa	NA	NA	NA	NA	41.8168365	-71.4410135	NA	0.7796670473293568	Raw	NA	NA	NA	NA	FALSE	41.81683	-71.44101	2025	June
203	2025-06-11	925123	16:10:00	Pedestrian	1	NA	FALSE	FALSE	1	EXCHANGE TERR	EXCHANGE ST	2025-06-11	Two-Way , Not Divided	Dry	Daylight	Clear	Not a Collision Between Two Motor Vehicles in Transport	No	Pavement Markings	5	1	Pain Reported	NA	41.82611	-71.4116	FALSE	FALSE	Exchange Terr and Exchange Street, Providence, RI, USA	FALSE	-71.41162299999999	41.8261316	intersection	geometric_center	exchange ter & exchange st, providence, ri 02903, usa	NA	NA	NA	NA	41.8261316	-71.41162299999999	NA	3.069479995202243	Raw	NA	NA	NA	NA	FALSE	41.82611	-71.4116	2025	June
204	2025-06-11	925139	14:30:00	Pedestrian	1	NA	TRUE	FALSE	1	PINE ST	NA	2025-06-12	Unknown	Dry	Daylight	Clear	Unknown	No	Unknown	2	0	Unknown	NA	NA	NA	FALSE	TRUE	Pine Street, Providence, RI, USA	FALSE	-71.4148938	41.8173996	route	geometric_center	pine st, providence, ri, usa	NA	NA	NA	NA	41.8173996	-71.4148938	NA	NA	Unknown	raw coords null but geocoded coords found	NA	NA	NA	TRUE	NA	NA	2025	June
205	2025-06-11	925174	17:50:00	Pedestrian	1	NA	TRUE	FALSE	1	EAGLE ST	VALLEY ST	2025-06-13	Unknown	Dry	Daylight	Clear	Head-On (Front - to - Front)	No	Unknown	4	1	Pain Reported	NA	41.82732	-71.43633	FALSE	FALSE	Eagle Street and Valley Street, Providence, RI, USA	FALSE	-71.4364137	41.8274345	intersection	geometric_center	valley st & eagle st, providence, ri 02908, usa	NA	NA	NA	NA	41.8274345	-71.4364137	NA	14.51438257388523	Raw	NA	NA	NA	NA	FALSE	41.82732	-71.43633	2025	June
206	2025-06-12	925149	15:40:00	Pedestrian	1	NA	FALSE	FALSE	1	WEYBOSSET ST	DORRANCE ST	2025-06-12	Two-Way , Not Divided	Dry	Daylight	Clear	Not a Collision Between Two Motor Vehicles in Transport	No	Pavement Markings	3	1	Pain Reported	NA	41.82307	-71.41098	FALSE	FALSE	Weybosset Street and Dorrance Street, Providence, RI, USA	FALSE	-71.4109838	41.823088	intersection	geometric_center	weybosset st & dorrance st, providence, ri 02903, usa	NA	NA	NA	NA	41.823088	-71.4109838	NA	2.028395769272093	Raw	NA	NA	NA	NA	FALSE	41.82307	-71.41098	2025	June
207	2025-06-13	925160	02:43:00	Pedestrian	1	NA	FALSE	FALSE	1	BROAD STREET	HASKINS STREET	2025-06-13	Two-Way, Divided, Unprotected (painted>4feet) Medium	Dry	Dark - Not Lighted	Cloudy	Not a Collision Between Two Motor Vehicles in Transport	No	No Controls	3	1	Non-Incapacitating	NA	41.81573	-71.4186	FALSE	FALSE	Broad Street and Haskins Street, Providence, RI, USA	FALSE	-71.4196691	41.8161624	intersection	geometric_center	haskins st & broad st, providence, ri 02903, usa	NA	NA	NA	NA	41.8161624	-71.4196691	NA	100.91737327606675	Geocoded	distance greater than 100m	NA	NA	NA	TRUE	41.8161624	-71.4196691	2025	June
209	2025-06-15	925220	21:35:00	Pedestrian	1	NA	FALSE	FALSE	1	VALLEY ST	WOLCOTT ST	2025-06-16	Two-Way , Not Divided	Dry	Dark - Lighted	Clear	Not a Collision Between Two Motor Vehicles in Transport	Yes	No Controls	1	1	Pain Reported	NA	41.8291	-71.43312	FALSE	FALSE	Valley Street and Wolcott Street, Providence, RI, USA	FALSE	-71.43333059999999	41.8290223	intersection	geometric_center	valley st & wolcott st, providence, ri 02908, usa	NA	NA	NA	NA	41.8290223	-71.43333059999999	NA	19.49301485630158	Raw	NA	NA	NA	NA	FALSE	41.8291	-71.43312	2025	June
212	2025-06-16	925231	09:51:00	Pedestrian	1	NA	TRUE	FALSE	1	COLLEGE ST	MEMORIAL BLVD	2025-06-16	Two-Way , Not Divided	Dry	Daylight	Clear	Not a Collision Between Two Motor Vehicles in Transport	No	Pavement Markings	3	1	Non-Incapacitating	NA	41.8254	-71.40852	FALSE	FALSE	College Street and Memorial Blvd, Providence, RI, USA	FALSE	-71.40878529999999	41.8253031	intersection	geometric_center	memorial blvd & college st, providence, ri 02903, usa	NA	NA	NA	NA	41.8253031	-71.40878529999999	NA	24.50888253431676	Raw	NA	NA	NA	NA	FALSE	41.8254	-71.40852	2025	June
213	2025-06-16	925255	22:30:00	Pedestrian	1	NA	FALSE	FALSE	1	CRANSTON ST	HUNTINGTON AVE	2025-06-17	Two-Way , Not Divided	Dry	Dark - Lighted	Clear	Not a Collision Between Two Motor Vehicles in Transport	Yes	Traffic Control Signal	1	1	Pain Reported	NA	41.80376	-71.43922	FALSE	FALSE	Cranston Street and Huntington Ave, Providence, RI, USA	FALSE	-71.4392216	41.80375230000001	intersection	geometric_center	cranston st & huntington ave, providence, ri 02907, usa	NA	NA	NA	NA	41.80375230000001	-71.4392216	NA	0.8673818221225703	Raw	NA	NA	NA	NA	FALSE	41.80376	-71.43922	2025	June
216	2025-06-18	925276	07:31:00	Other	NA	1	FALSE	FALSE	1	POTTERS AVE	BROAD ST	2025-06-18	Two-Way, Divided, Unprotected (painted>4feet) Medium	Dry	Daylight	Fog, Smog, Smoke	Angle (Front - to - Side) Right Angle (Includes Broadside)	No	Flashing Traffic Control Signal	2	1	Non-Incapacitating	NA	41.80299	-71.41885	FALSE	FALSE	Potters Ave and Broad Street, Providence, RI, USA	FALSE	-71.4188999	41.80300099999999	intersection	geometric_center	potters ave & broad st, providence, ri 02905, usa	NA	NA	NA	NA	41.80300099999999	-71.4188999	NA	4.3180700003976025	Raw	NA	NA	NA	NA	FALSE	41.80299	-71.41885	2025	June
218	2025-06-19	925327	14:42:00	Pedestrian	1	NA	FALSE	FALSE	1	MEDWAY ST	WAYLAND AVE	2025-06-19	Unknown	Dry	Daylight	Clear	Not a Collision Between Two Motor Vehicles in Transport	Yes	No Controls	1	1	Pain Reported	NA	41.82924	-71.38906	FALSE	FALSE	Medway Street and Wayland Ave, Providence, RI, USA	FALSE	-71.3881767	41.8293413	intersection	geometric_center	wayland ave & medway st, providence, ri 02906, usa	NA	NA	NA	NA	41.8293413	-71.3881767	NA	74.13074229561047	Raw	NA	NA	NA	NA	FALSE	41.82924	-71.38906	2025	June
219	2025-06-19	925332	18:22:00	Pedestrian	1	NA	FALSE	FALSE	1	MESSER ST	KENWOOD ST	2025-06-19	Two-Way , Not Divided	Dry	Daylight	Clear	Not a Collision Between Two Motor Vehicles in Transport	Yes	No Controls	2	1	Pain Reported	NA	41.81002	-71.43465	FALSE	FALSE	Messer Street and Kenwood Street, Providence, RI, USA	FALSE	-71.43436179999999	41.8099561	intersection	geometric_center	kenwood st & messer st, providence, ri 02909, usa	NA	NA	NA	NA	41.8099561	-71.43436179999999	NA	24.948409869940335	Raw	NA	NA	NA	NA	FALSE	41.81002	-71.43465	2025	June
220	2025-06-19	925346	11:58:00	Other	NA	1	FALSE	FALSE	1	BROADWAY	KNIGHT ST	2025-06-20	Two-Way , Not Divided	Dry	Daylight	Clear	Other	No	No Controls	2	1	Pain Reported	NA	41.8199	-71.42894	FALSE	FALSE	Broadway and Knight Street, Providence, RI, USA	FALSE	-71.4293361	41.8198215	intersection	geometric_center	knight st & broadway, providence, ri 02909, usa	NA	NA	NA	NA	41.8198215	-71.4293361	NA	34.00264317706615	Raw	NA	NA	NA	NA	FALSE	41.8199	-71.42894	2025	June
221	2025-06-20	925349	07:04:00	Other	NA	1	FALSE	FALSE	1	HARRIS AVE	ATWELLS AVE	2025-06-20	Two-Way , Not Divided	Dry	Daylight	Clear	Not a Collision Between Two Motor Vehicles in Transport	No	Traffic Control Signal	2	1	Pain Reported	NA	41.82446	-71.4355	FALSE	FALSE	Harris Ave and Atwells Ave, Providence, RI, USA	FALSE	-71.4354014	41.8244572	intersection	geometric_center	atwells ave & harris ave, providence, ri 02909, usa	NA	NA	NA	NA	41.8244572	-71.4354014	NA	8.185233498549849	Raw	NA	NA	NA	NA	FALSE	41.82446	-71.4355	2025	June
222	2025-06-20	925363	18:06:00	Bicycle	NA	1	FALSE	FALSE	1	WESTMINSTER ST	HARKNESS ST	2025-06-20	Two-Way , Not Divided	Dry	Daylight	Clear	Not a Collision Between Two Motor Vehicles in Transport	No	No Controls	2	1	Pain Reported	NA	41.81628	-71.43396	FALSE	FALSE	Westminster Street and Harkness Street, Providence, RI, USA	FALSE	-71.4339572	41.8163198	intersection	geometric_center	westminster st & harkness st, providence, ri 02909, usa	NA	NA	NA	NA	41.8163198	-71.4339572	NA	4.436601599713946	Raw	NA	NA	NA	NA	FALSE	41.81628	-71.43396	2025	June
223	2025-06-21	925384	02:48:00	Pedestrian	1	NA	FALSE	FALSE	1	SERVICE ROAD 7	SERVICE ROAD 7	2025-06-21	One-Way Trafficway	Dry	Dark - Lighted	Clear	Not a Collision Between Two Motor Vehicles in Transport	Yes	Traffic Control Signal	1	1	Incapacitating	NA	41.81966	-71.41982	FALSE	FALSE	Service Road 7 and Service Road 7, Providence, RI, USA	FALSE	-71.4200683	41.819979	street_address	range_interpolated	7 service rd 1, providence, ri 02903, usa	NA	NA	NA	NA	41.819979	-71.4200683	NA	41.05296823440385	Raw	distance greater than 100m	NA	NA	NA	TRUE	41.81966	-71.41982	2025	June
224	2025-06-21	925422	22:14:00	Other	NA	NA	TRUE	FALSE	1	CRANSTON ST	DODGE ST	2025-06-22	Two-Way , Not Divided	Dry	Dark - Lighted	Clear	Sideswipe, Same Direction	No	No Controls	2	0	No Injury	NA	41.81504	-71.42522	FALSE	FALSE	Cranston Street and Dodge Street, Providence, RI, USA	FALSE	-71.42590109999999	41.8145698	intersection	geometric_center	cranston st & dodge st, providence, ri 02907, usa	NA	NA	NA	NA	41.8145698	-71.42590109999999	NA	77.02573436243993	Raw	NA	NA	NA	NA	FALSE	41.81504	-71.42522	2025	June
225	2025-06-21	925436	20:00:00	Other	NA	1	FALSE	FALSE	1	BROADWAY	GREENMAN LN	2025-06-23	Unknown	Dry	Dark - Unknown Lighting	Clear	Sideswipe, Same Direction	Yes	Unknown	1	1	Pain Reported	NA	41.82232	-71.41867	FALSE	FALSE	Broadway and Greenman Ln, Providence, RI, USA	FALSE	-71.4119953	41.8109879	doctor	rooftop	101 dudley st, providence, ri 02905, usa	NA	NA	NA	NA	41.8109879	-71.4119953	NA	1377.6770455316816	Raw	distance greater than 100m	NA	NA	NA	TRUE	41.82232	-71.41867	2025	June