row_number	crash_date	crash_report_id	crash_time	collision_type	count_pedestrian	count_bicycle	scooter	wheel_chair	number_of_vehicles	street_or_highway	nearest_intersection	report_date	type_of_roadway	road_surface_condition	light_condition	weather_condition	manner_of_impact	hit_and_run	traffic_control	person_count	injury_count	most_serious_injury	number_of_lanes	lat_raw	lon_raw	has_st_number	is_intersection_null	address_sent_to_geocoder	is_address_blank	lon_api_first_try	lat_api_first_try	type	loctype	address_returned_by_geocoder	address_returned_by_autocomplete	place_ids_autocompleted	lat_api_second_try	lon_api_second_try	lat_api_best	lon_api_best	api_coord_conf	distance_btwn_coords_meters	best_coordinate_set	reason_for_qa	correct_coordinates	corrected_lat	corrected_lon	manually_qaed_record	final_lat	final_lon	year	month
226	2025-06-22	925394	02:08:00	Pedestrian	1	NA	FALSE	FALSE	1	HILLCREST AVE	FREEDOM RD	2025-06-22	Two-Way , Not Divided	Dry	Dark - Lighted	Clear	Not a Collision Between Two Motor Vehicles in Transport	Yes	No Controls	3	1	Non-Incapacitating	NA	41.83152	-71.45897	FALSE	FALSE	Hillcrest Ave and Freedom Rd, Providence, RI, USA	FALSE	-71.45897579999999	41.8316958	intersection	geometric_center	hillcrest ave & freedom rd, providence, ri 02909, usa	NA	NA	NA	NA	41.8316958	-71.45897579999999	NA	19.575878712649327	Raw	NA	NA	NA	NA	FALSE	41.83152	-71.45897	2025	June
227	2025-06-24	925489	14:38:00	Other	NA	1	FALSE	FALSE	1	North Main St	DOYLE AVE	2025-06-24	Two-Way , Not Divided	Dry	Daylight	Clear	Other	No	No Controls	3	1	Pain Reported	NA	41.83817	-71.40927	FALSE	FALSE	North Main Street and Doyle Ave, Providence, RI, USA	FALSE	-71.4092347	41.8383506	intersection	geometric_center	n main st & doyle ave, providence, ri 02906, usa	NA	NA	NA	NA	41.8383506	-71.4092347	NA	20.316349383112232	Raw	NA	NA	NA	NA	FALSE	41.83817	-71.40927	2025	June
229	2025-06-25	925515	15:53:00	Pedestrian	1	NA	FALSE	FALSE	1	ASHBURTON ST	RANDALL ST	2025-06-25	One-Way Trafficway	Dry	Daylight	Cloudy	Not a Collision Between Two Motor Vehicles in Transport	No	Pavement Markings	3	1	Incapacitating	NA	41.83611	-71.41234	FALSE	FALSE	Ashburton Street and Randall Street, Providence, RI, USA	FALSE	-71.41225969999999	41.83607170000001	intersection	geometric_center	randall st & ashburton, providence, ri 02904, usa	NA	NA	NA	NA	41.83607170000001	-71.41225969999999	NA	7.907821341866588	Raw	NA	NA	NA	NA	FALSE	41.83611	-71.41234	2025	June
231	2025-06-25	925558	16:20:00	Bicycle	NA	1	FALSE	FALSE	1	ELMWOOD AVE	ELMWOOD AVE	2025-06-27	Two-Way , Not Divided	Dry	Daylight	Clear	Not a Collision Between Two Motor Vehicles in Transport	No	No Controls	3	1	Pain Reported	NA	41.8112	-71.42317	FALSE	FALSE	Elmwood Ave and Elmwood Ave, Providence, RI, USA	FALSE	-71.4207394	41.7787537	route	geometric_center	elmwood ave, rhode island, usa	NA	NA	NA	NA	41.7787537	-71.4207394	NA	3617.534190891237	Raw	distance greater than 100m	NA	NA	NA	TRUE	41.8112	-71.42317	2025	June
232	2025-06-27	925551	08:52:00	Pedestrian	1	NA	FALSE	FALSE	1	HOPE ST	CUSHING ST	2025-06-27	Two-Way , Not Divided	Dry	Daylight	Cloudy	Not a Collision Between Two Motor Vehicles in Transport	No	Pavement Markings	2	1	Pain Reported	NA	41.83019	-71.39872	FALSE	FALSE	Hope Street and Cushing Street, Providence, RI, USA	FALSE	-71.3987162	41.8301969	intersection	geometric_center	hope st & cushing st, providence, ri 02906, usa	NA	NA	NA	NA	41.8301969	-71.3987162	NA	0.8302616527434363	Raw	NA	NA	NA	NA	FALSE	41.83019	-71.39872	2025	June
233	2025-06-27	925560	16:00:00	Pedestrian	1	NA	FALSE	FALSE	1	FLOWER ST	WHELAN RD	2025-06-27	Two-Way , Not Divided	Dry	Daylight	Clear	Not a Collision Between Two Motor Vehicles in Transport	No	No Controls	3	2	Pain Reported	NA	41.81854	-71.45689	FALSE	FALSE	Flower Street and Whelan Rd, Providence, RI, USA	FALSE	-71.4567543	41.8189638	intersection	geometric_center	flower st & whelan rd, providence, ri 02909, usa	NA	NA	NA	NA	41.8189638	-71.4567543	NA	48.501841761198506	Raw	NA	NA	NA	NA	FALSE	41.81854	-71.45689	2025	June
234	2025-06-27	925561	17:04:00	Pedestrian	1	NA	FALSE	FALSE	1	ADMIRAL ST	HAWKINS ST	2025-06-27	Two-Way , Not Divided	Dry	Daylight	Clear	Not a Collision Between Two Motor Vehicles in Transport	No	No Controls	3	1	Pain Reported	NA	41.84593	-71.42843	FALSE	FALSE	Admiral Street and Hawkins Street, Providence, RI, USA	FALSE	-71.42838139999999	41.8459428	intersection	geometric_center	admiral st & hawkins st, providence, ri 02908, usa	NA	NA	NA	NA	41.8459428	-71.42838139999999	NA	4.274698207076226	Raw	NA	NA	NA	NA	FALSE	41.84593	-71.42843	2025	June
236	2025-06-28	925571	09:49:00	Bicycle	NA	1	FALSE	FALSE	1	ROANOKE ST	ACADEMY AVE	2025-06-28	Two-Way , Not Divided	Dry	Daylight	Clear	Sidwswipe, Opposite Direction	No	No Controls	4	0	No Injury	NA	41.83168	-71.44442	FALSE	FALSE	Roanoke Street and Academy Ave, Providence, RI, USA	FALSE	-71.44442289999999	41.831707	intersection	geometric_center	academy ave & roanoke st, providence, ri 02908, usa	NA	NA	NA	NA	41.831707	-71.44442289999999	NA	3.0152361149279376	Raw	NA	NA	NA	NA	FALSE	41.83168	-71.44442	2025	June
237	2025-06-28	925572	11:48:00	Other	NA	1	FALSE	FALSE	1	CHARLES ST	BRANCH AVE	2025-06-28	Two-Way, Divided, Unprotected (painted>4feet) Medium	Dry	Daylight	Cloudy	Angle (Front - to - Side) Opposite Direction	No	Traffic Control Signal	2	1	Pain Reported	NA	41.85026	-71.41998	FALSE	FALSE	Charles Street and Branch Ave, Providence, RI, USA	FALSE	-71.4199909	41.8503017	intersection	geometric_center	charles st & branch ave, providence, ri 02904, usa	NA	NA	NA	NA	41.8503017	-71.4199909	NA	4.729196276410749	Raw	NA	NA	NA	NA	FALSE	41.85026	-71.41998	2025	June
238	2025-06-28	925575	14:54:00	Other	NA	1	FALSE	FALSE	1	Broad St	WESLEYAN AVE	2025-06-28	Two-Way , Not Divided	Dry	Daylight	Clear	Not a Collision Between Two Motor Vehicles in Transport	No	No Controls	2	1	Pain Reported	NA	41.80771	-71.4204	FALSE	FALSE	Broad Street and Wesleyan Ave, Providence, RI, USA	FALSE	-71.4204481	41.8078973	intersection	geometric_center	wesleyan ave & broad st, providence, ri 02907, usa	NA	NA	NA	NA	41.8078973	-71.4204481	NA	21.228696845427912	Raw	NA	NA	NA	NA	FALSE	41.80771	-71.4204	2025	June
239	2025-06-28	925585	18:26:00	Bicycle	NA	1	FALSE	FALSE	1	SMITH ST	GASPEE ST	2025-06-28	Two-Way , Not Divided	Dry	Daylight	Cloudy	Not a Collision Between Two Motor Vehicles in Transport	No	Pavement Markings	3	1	Pain Reported	NA	41.83154	-71.41296	FALSE	FALSE	Smith Street and Gaspee Street, Providence, RI, USA	FALSE	-71.41281099999999	41.8315429	intersection	geometric_center	gaspee st & smith st, providence, ri 02908, usa	NA	NA	NA	NA	41.8315429	-71.41281099999999	NA	12.36304291633932	Raw	NA	NA	NA	NA	FALSE	41.83154	-71.41296	2025	June
240	2025-06-28	925592	23:43:00	Pedestrian	1	NA	FALSE	FALSE	1	CRANSTON ST	BELLEVUE AVE	2025-06-29	Two-Way , Not Divided	Dry	Dark - Lighted	Clear	Not a Collision Between Two Motor Vehicles in Transport	Yes	No Controls	2	1	Pain Reported	NA	41.80901	-71.43396	FALSE	FALSE	Cranston Street and Bellevue Ave, Providence, RI, USA	FALSE	-71.43407309999999	41.8089168	intersection	geometric_center	cranston st & bellevue ave, providence, ri 02907, usa	NA	NA	NA	NA	41.8089168	-71.43407309999999	NA	13.989538548672698	Raw	NA	NA	NA	NA	FALSE	41.80901	-71.43396	2025	June
241	2025-06-29	925595	09:41:00	Pedestrian	1	NA	FALSE	FALSE	1	BROADWAY	KNIGHT ST	2025-06-29	Two-Way, Divided, Unprotected (painted>4feet) Medium	Dry	Daylight	Clear	Not a Collision Between Two Motor Vehicles in Transport	Yes	Traffic Control Signal	3	1	Non-Incapacitating	NA	41.8198	-71.42933	FALSE	FALSE	Broadway and Knight Street, Providence, RI, USA	FALSE	-71.4293361	41.8198215	intersection	geometric_center	knight st & broadway, providence, ri 02909, usa	NA	NA	NA	NA	41.8198215	-71.4293361	NA	2.446284990196949	Raw	NA	NA	NA	NA	FALSE	41.8198	-71.42933	2025	June
243	2025-07-02	925682	10:18:00	Pedestrian	1	NA	FALSE	FALSE	1	BROAD ST	SERVICE ROAD 7	2025-07-02	Two-Way , Not Divided	Dry	Daylight	Cloudy	Not a Collision Between Two Motor Vehicles in Transport	No	Traffic Control Signal	3	1	Incapacitating	NA	41.81736	-71.41696	FALSE	FALSE	Broad Street and Service Road 7, Providence, RI, USA	FALSE	-71.41696619999999	41.8173751	intersection	geometric_center	service rd 1 & broad st, providence, ri 02903, usa	NA	NA	NA	NA	41.8173751	-71.41696619999999	NA	1.7578643094737676	Raw	NA	NA	NA	NA	FALSE	41.81736	-71.41696	2025	July
244	2025-07-03	925726	18:03:00	Pedestrian	1	NA	FALSE	FALSE	1	CHARLES ST	SILVER SPRING ST	2025-07-03	Two-Way , Not Divided	Dry	Daylight	Clear	Other	No	Traffic Control Signal	3	0	No Injury	NA	41.84481	-71.4187	FALSE	FALSE	Charles Street and Silver Spring Street, Providence, RI, USA	FALSE	-71.4186958	41.8448324	intersection	geometric_center	silver spring st & charles st, providence, ri 02904, usa	NA	NA	NA	NA	41.8448324	-71.4186958	NA	2.5177639933063856	Raw	NA	NA	NA	NA	FALSE	41.84481	-71.4187	2025	July
246	2025-07-04	925746	20:53:00	Bicycle	NA	1	FALSE	FALSE	1	HUNTINGTON AVE	CRANSTON ST	2025-07-04	Two-Way, Divided, Positive Median Barrier	Dry	Dark - Lighted	Clear	Not a Collision Between Two Motor Vehicles in Transport	No	Traffic Control Signal	8	1	Pain Reported	NA	41.80372	-71.43924	FALSE	FALSE	Huntington Ave and Cranston Street, Providence, RI, USA	FALSE	-71.4392216	41.80375230000001	intersection	geometric_center	cranston st & huntington ave, providence, ri 02907, usa	NA	NA	NA	NA	41.80375230000001	-71.4392216	NA	3.906374494119312	Raw	NA	NA	NA	NA	FALSE	41.80372	-71.43924	2025	July
247	2025-07-04	925906	13:33:00	Pedestrian	1	NA	FALSE	FALSE	1	CHALKSTONE AVE	ACADEMY AVE	2025-07-10	Two-Way, Divided, Unprotected (painted>4feet) Medium	Dry	Daylight	Clear	Not a Collision Between Two Motor Vehicles in Transport	No	Traffic Control Signal	3	0	No Injury	NA	41.83245	-71.44458	FALSE	FALSE	Chalkstone Ave and Academy Ave, Providence, RI, USA	FALSE	-71.44453419999999	41.8324655	intersection	geometric_center	academy ave & chalkstone ave, providence, ri 02908, usa	NA	NA	NA	NA	41.8324655	-71.44453419999999	NA	4.172327987048556	Raw	NA	NA	NA	NA	FALSE	41.83245	-71.44458	2025	July
248	2025-07-05	925765	17:25:00	Other	NA	1	FALSE	FALSE	1	HAWTHORNE AVE	HAWTHORNE AVE	2025-07-05	Two-Way , Not Divided	Dry	Daylight	Clear	Unknown	Yes	No Controls	1	1	Pain Reported	NA	41.79276	-71.40809	FALSE	FALSE	Hawthorne Ave and Hawthorne Ave, Providence, RI, USA	FALSE	-71.4104488	41.7910172	route	geometric_center	hawthorne ave, providence, ri 02907, usa	NA	NA	NA	NA	41.7910172	-71.4104488	NA	275.6187508145772	Raw	distance greater than 100m	NA	NA	NA	TRUE	41.79276	-71.40809	2025	July
249	2025-07-05	925766	21:27:00	Bicycle	NA	1	FALSE	FALSE	1	BROAD ST	BROAD ST	2025-07-05	Two-Way, Divided, Unprotected (painted>4feet) Medium	Dry	Dark - Lighted	Clear	Angle (Front - to - Side) Right Angle (Includes Broadside)	Yes	No Controls	1	1	Pain Reported	NA	41.79217	-71.40717	FALSE	FALSE	Broad Street and Broad Street, Providence, RI, USA	FALSE	-71.4174197	41.8004646	route	geometric_center	broad st, providence, ri, usa	NA	NA	NA	NA	41.8004646	-71.4174197	NA	1255.4476439910422	Raw	distance greater than 100m	NA	NA	NA	TRUE	41.79217	-71.40717	2025	July
250	2025-07-05	925770	12:45:00	Pedestrian	1	NA	TRUE	FALSE	1	BUTTON HOLE DR	GLENBRIDGE AVE	2025-07-06	Two-Way , Not Divided	Dry	Daylight	Clear	Sideswipe, Same Direction	Yes	No Controls	1	1	Pain Reported	NA	41.82307	-71.46046	FALSE	FALSE	Button Hole Dr and Glenbridge Ave, Providence, RI, USA	FALSE	-71.46042729999999	41.8230939	intersection	geometric_center	buttonhole dr & glenbridge ave, providence, ri 02919, usa	NA	NA	NA	NA	41.8230939	-71.46042729999999	NA	3.799605420019248	Raw	NA	NA	NA	NA	FALSE	41.82307	-71.46046	2025	July
252	2025-07-08	926328	10:44:00	Pedestrian	1	NA	FALSE	FALSE	1	WILSON ST	FULLER ST	2025-07-25	Unknown	Dry	Daylight	Clear	Sideswipe, Same Direction	Yes	Unknown	1	0	Unknown	NA	41.81129	-71.42405	FALSE	FALSE	Wilson Street and Fuller Street, Providence, RI, USA	FALSE	-71.4257314	41.81145739999999	intersection	geometric_center	wilson st & fuller st, providence, ri 02907, usa	NA	NA	NA	NA	41.81145739999999	-71.4257314	NA	140.7469892076248	Geocoded	distance greater than 100m	NA	NA	NA	TRUE	41.81145739999999	-71.4257314	2025	July
254	2025-07-10	925922	10:38:00	Pedestrian	1	NA	FALSE	FALSE	1	WEYBOSSET ST	PECK ST	2025-07-10	One-Way Trafficway	Wet	Daylight	Rain	Not a Collision Between Two Motor Vehicles in Transport	No	No Controls	3	1	Non-Incapacitating	NA	41.82357	-71.41028	FALSE	FALSE	Weybosset Street and Peck Street, Providence, RI, USA	FALSE	-71.41029999999999	41.8235824	intersection	geometric_center	weybosset st & peck st, providence, ri 02903, usa	NA	NA	NA	NA	41.8235824	-71.41029999999999	NA	2.1582498501286844	Raw	NA	NA	NA	NA	FALSE	41.82357	-71.41028	2025	July
255	2025-07-10	925932	22:07:00	Pedestrian	1	NA	FALSE	FALSE	1	VIOLA ST	DORCHESTER AVE	2025-07-10	Two-Way , Not Divided	Dry	Dark - Lighted	Cloudy	Not a Collision Between Two Motor Vehicles in Transport	No	No Controls	2	1	Pain Reported	NA	41.81268	-71.45223	FALSE	FALSE	Viola Street and Dorchester Ave, Providence, RI, USA	FALSE	-71.4519474	41.8120965	intersection	geometric_center	viola st & dorchester ave, providence, ri 02909, usa	NA	NA	NA	NA	41.8120965	-71.4519474	NA	69.05735614184621	Raw	NA	NA	NA	NA	FALSE	41.81268	-71.45223	2025	July
256	2025-07-10	925935	19:04:00	Bicycle	NA	1	FALSE	FALSE	1	JEWETT ST	CALVERLY ST	2025-07-10	Two-Way , Not Divided	Dry	Daylight	Clear	Not a Collision Between Two Motor Vehicles in Transport	No	Stop Signs	5	1	Pain Reported	NA	41.83261	-71.42097	FALSE	FALSE	Jewett Street and Calverly Street, Providence, RI, USA	FALSE	-71.4209966	41.8326477	intersection	geometric_center	jewett st & calverly st, providence, ri 02908, usa	NA	NA	NA	NA	41.8326477	-71.4209966	NA	4.741354458821768	Raw	NA	NA	NA	NA	FALSE	41.83261	-71.42097	2025	July
257	2025-07-11	925964	21:13:00	Pedestrian	1	NA	FALSE	FALSE	1	CHALKSTONE AVE	ROSEBANK AVE	2025-07-11	Two-Way, Divided, Unprotected (painted>4feet) Medium	Dry	Dark - Lighted	Clear	Not a Collision Between Two Motor Vehicles in Transport	Yes	No Controls	1	1	Pain Reported	NA	41.83387	-71.43316	FALSE	FALSE	Chalkstone Ave and Rosebank Ave, Providence, RI, USA	FALSE	-71.4333683	41.8339443	intersection	geometric_center	chalkstone ave & rosebank ave, providence, ri 02908, usa	NA	NA	NA	NA	41.8339443	-71.4333683	NA	19.154611471698797	Raw	NA	NA	NA	NA	FALSE	41.83387	-71.43316	2025	July
258	2025-07-11	925965	21:22:00	Bicycle	NA	1	FALSE	FALSE	1	N MAIN ST	1ST ST	2025-07-11	Two-Way, Divided, Positive Median Barrier	Dry	Dark - Lighted	Clear	Not a Collision Between Two Motor Vehicles in Transport	No	Stop Signs	2	1	Non-Incapacitating	NA	41.84997	-71.40303	FALSE	FALSE	N Main Street and 1st Street, Providence, RI, USA	FALSE	-71.403038	41.8500019	intersection	geometric_center	e 1st st & n main st, providence, ri 02904, usa	NA	NA	NA	NA	41.8500019	-71.403038	NA	3.61252160810294	Raw	NA	NA	NA	NA	FALSE	41.84997	-71.40303	2025	July
260	2025-07-13	926004	10:47:00	Pedestrian	1	NA	FALSE	FALSE	1	CHARLES ST	SILVER SPRING ST	2025-07-13	Unknown	Dry	Daylight	Clear	Not a Collision Between Two Motor Vehicles in Transport	Yes	No Controls	2	1	Pain Reported	NA	41.84481	-71.4187	FALSE	FALSE	Charles Street and Silver Spring Street, Providence, RI, USA	FALSE	-71.4186958	41.8448324	intersection	geometric_center	silver spring st & charles st, providence, ri 02904, usa	NA	NA	NA	NA	41.8448324	-71.4186958	NA	2.5177639933063856	Raw	NA	NA	NA	NA	FALSE	41.84481	-71.4187	2025	July
262	2025-07-13	926023	22:41:00	Other	NA	1	TRUE	FALSE	1	PARK ST	BROWNELL ST	2025-07-14	Two-Way, Divided, Unprotected (painted>4feet) Medium	Dry	Dark - Lighted	Clear	Not a Collision Between Two Motor Vehicles in Transport	No	No Controls	3	1	Non-Incapacitating	NA	41.83023	-71.41735	FALSE	FALSE	Park Street and Brownell Street, Providence, RI, USA	FALSE	-71.4187672	41.8303508	route	geometric_center	brownell st, providence, ri 02908, usa	NA	NA	NA	NA	41.8303508	-71.4187672	NA	118.31882204347328	Raw	distance greater than 100m	NA	NA	NA	TRUE	41.83023	-71.41735	2025	July
264	2025-07-13	926058	03:05:00	Pedestrian	1	NA	FALSE	FALSE	1	PINE ST	NA	2025-07-15	Unknown	Dry	Dark - Unknown Lighting	Clear	Head-On (Front - to - Front)	Yes	Unknown	1	0	Unknown	NA	NA	NA	FALSE	TRUE	Pine Street, Providence, RI, USA	FALSE	-71.4148938	41.8173996	route	geometric_center	pine st, providence, ri, usa	NA	NA	NA	NA	41.8173996	-71.4148938	NA	NA	Unknown	raw coords null but geocoded coords found	NA	NA	NA	TRUE	NA	NA	2025	July
265	2025-07-14	926046	17:17:00	Pedestrian	1	NA	FALSE	FALSE	1	WATERMAN ST	THAYER ST	2025-07-14	Two-Way , Not Divided	Dry	Daylight	Clear	Not a Collision Between Two Motor Vehicles in Transport	No	Traffic Control Signal	2	1	Pain Reported	NA	41.82728	-71.40054	FALSE	FALSE	Waterman Street and Thayer Street, Providence, RI, USA	FALSE	-71.4005614	41.8272885	intersection	geometric_center	thayer st & waterman st, providence, ri 02906, usa	NA	NA	NA	NA	41.8272885	-71.4005614	NA	2.011581772236796	Raw	NA	NA	NA	NA	FALSE	41.82728	-71.40054	2025	July
267	2025-07-14	926083	14:30:00	Pedestrian	1	NA	FALSE	FALSE	1	SUMMIT AVE	NA	2025-07-16	Unknown	Dry	Daylight	Clear	Other	Yes	Unknown	1	0	Unknown	NA	NA	NA	FALSE	TRUE	Summit Ave, Providence, RI, USA	FALSE	-71.3982359	41.850554	route	geometric_center	summit ave, providence, ri 02906, usa	NA	NA	NA	NA	41.850554	-71.3982359	NA	NA	Unknown	raw coords null but geocoded coords found	NA	NA	NA	TRUE	NA	NA	2025	July
269	2025-07-15	926131	08:15:00	Pedestrian	1	NA	FALSE	FALSE	1	N MAIN ST	NORTH CT	2025-07-18	One-Way Trafficway	Dry	Daylight	Clear	Other	Yes	Unknown	2	1	Pain Reported	NA	41.82916	-71.40982	FALSE	FALSE	N Main Street and North Ct, Providence, RI, USA	FALSE	-71.40980619999999	41.8291528	intersection	geometric_center	n court st & n main st, providence, ri 02903, usa	NA	NA	NA	NA	41.8291528	-71.40980619999999	NA	1.3973933515657988	Raw	NA	NA	NA	NA	FALSE	41.82916	-71.40982	2025	July
272	2025-07-17	926117	15:49:00	Bicycle	NA	1	FALSE	FALSE	1	Chad Brown St	CAMDEN AVE	2025-07-17	Two-Way , Not Divided	Dry	Daylight	Clear	Angle (Front - to - Side) Right Angle (Includes Broadside)	No	No Controls	2	1	Pain Reported	NA	41.83888	-71.42671	FALSE	FALSE	Chad Brown Street and Camden Ave, Providence, RI, USA	FALSE	-71.4267042	41.8388958	intersection	geometric_center	chad brown st & camden ave, providence, ri 02908, usa	NA	NA	NA	NA	41.8388958	-71.4267042	NA	1.823439817151021	Raw	NA	NA	NA	NA	FALSE	41.83888	-71.42671	2025	July
273	2025-07-17	926127	23:15:00	Pedestrian	1	NA	FALSE	FALSE	1	WESTMINSTER ST	PARADE ST	2025-07-17	Two-Way, Divided, Unprotected (painted>4feet) Medium	Dry	Dark - Lighted	Clear	Not a Collision Between Two Motor Vehicles in Transport	No	No Controls	2	1	Pain Reported	NA	41.81634	-71.43354	FALSE	FALSE	Westminster Street and Parade Street, Providence, RI, USA	FALSE	-71.43357139999999	41.8163709	intersection	geometric_center	westminster st & parade st, providence, ri 02909, usa	NA	NA	NA	NA	41.8163709	-71.43357139999999	NA	4.314922458650479	Raw	NA	NA	NA	NA	FALSE	41.81634	-71.43354	2025	July
274	2025-07-17	926134	11:30:00	Pedestrian	1	NA	FALSE	FALSE	1	CHARLES ST	NA	2025-07-18	Unknown	Dry	Daylight	Clear	Other	No	Unknown	2	1	Pain Reported	NA	NA	NA	FALSE	TRUE	Charles Street, Providence, RI, USA	FALSE	-71.4195067	41.8473644	route	geometric_center	charles st, providence, ri, usa	NA	NA	NA	NA	41.8473644	-71.4195067	NA	NA	Unknown	raw coords null but geocoded coords found	NA	NA	NA	TRUE	NA	NA	2025	July
275	2025-07-19	926153	03:59:00	Pedestrian	1	NA	FALSE	FALSE	1	SPICER ST	BERNARD ST	2025-07-19	Two-Way, Not Divided With a Continuous Left Turn Lane	Dry	Dark - Lighted	Clear	Not a Collision Between Two Motor Vehicles in Transport	Yes	No Controls	6	1	Pain Reported	NA	41.79118	-71.40602	FALSE	FALSE	Spicer Street and Bernard Street, Providence, RI, USA	FALSE	-71.407823	41.7905368	intersection	geometric_center	bernard st & spicer st, providence, ri 02905, usa	NA	NA	NA	NA	41.7905368	-71.407823	NA	165.8924970557664	Geocoded	distance greater than 100m	NA	NA	NA	TRUE	41.7905368	-71.407823	2025	July
276	2025-07-19	926168	12:53:00	Pedestrian	1	NA	FALSE	FALSE	1	BROAD ST	CAHIR ST	2025-07-19	Two-Way , Not Divided	Dry	Daylight	Clear	Not a Collision Between Two Motor Vehicles in Transport	No	Traffic Control Signal	2	0	No Injury	NA	41.81692	-71.41795	FALSE	FALSE	Broad Street and Cahir Street, Providence, RI, USA	FALSE	-71.4178933	41.8169555	intersection	geometric_center	broad st & cahir st, providence, ri 02903, usa	NA	NA	NA	NA	41.8169555	-71.4178933	NA	6.143717235691699	Raw	NA	NA	NA	NA	FALSE	41.81692	-71.41795	2025	July
277	2025-07-19	926171	16:31:00	Pedestrian	1	NA	TRUE	FALSE	1	ADELAIDE AVE	HAMILTON ST	2025-07-19	Two-Way , Not Divided	Dry	Daylight	Clear	Not a Collision Between Two Motor Vehicles in Transport	No	Stop Signs	3	1	Pain Reported	NA	41.79739	-71.42014	FALSE	FALSE	Adelaide Ave and Hamilton Street, Providence, RI, USA	FALSE	-71.4201523	41.7974111	intersection	geometric_center	adelaide ave & hamilton st, providence, ri 02907, usa	NA	NA	NA	NA	41.7974111	-71.4201523	NA	2.561059395744158	Raw	NA	NA	NA	NA	FALSE	41.79739	-71.42014	2025	July
279	2025-07-20	926196	18:47:00	Bicycle	NA	1	FALSE	FALSE	1	ERNEST ST	ALLENS AVE	2025-07-20	Two-Way, Divided, Unprotected (painted>4feet) Medium	Dry	Dusk	Cloudy	Not a Collision Between Two Motor Vehicles in Transport	Yes	No Controls	1	1	Pain Reported	NA	41.79481	-71.39793	FALSE	FALSE	Ernest Street and Allens Ave, Providence, RI, USA	FALSE	-71.3979148	41.7948452	intersection	geometric_center	allens ave & ernest st, providence, ri 02905, usa	NA	NA	NA	NA	41.7948452	-71.3979148	NA	4.116500273251179	Raw	NA	NA	NA	NA	FALSE	41.79481	-71.39793	2025	July
280	2025-07-20	926304	01:55:00	Pedestrian	1	NA	FALSE	FALSE	1	ATWELLS AVE	NA	2025-07-24	Two-Way , Not Divided	Dry	Dark - Unknown Lighting	Clear	Unknown	Yes	Unknown	2	1	Pain Reported	NA	NA	NA	FALSE	TRUE	Atwells Ave, Providence, RI, USA	FALSE	-71.4363593	41.8244805	route	geometric_center	atwells ave, providence, ri, usa	NA	NA	NA	NA	41.8244805	-71.4363593	NA	NA	Unknown	raw coords null but geocoded coords found	NA	NA	NA	TRUE	NA	NA	2025	July
281	2025-07-21	926233	16:22:00	Bicycle	NA	1	FALSE	FALSE	1	Aldrich St	BROAD ST	2025-07-21	Two-Way , Not Divided	Dry	Daylight	Clear	Not a Collision Between Two Motor Vehicles in Transport	No	No Controls	3	1	Pain Reported	NA	41.79417	-71.40789	FALSE	FALSE	Aldrich Street and Broad Street, Providence, RI, USA	FALSE	-71.4089517	41.7936398	intersection	geometric_center	aldrich st & broad st, providence, ri 02905, usa	NA	NA	NA	NA	41.7936398	-71.4089517	NA	106.055342695045	Raw	distance greater than 100m	NA	NA	NA	TRUE	41.79417	-71.40789	2025	July
282	2025-07-22	926270	20:33:00	Pedestrian	1	NA	FALSE	FALSE	1	CHALKSTONE AVE	OAKLAND AVE	2025-07-22	Two-Way , Not Divided	Dry	Dark - Lighted	Clear	Not a Collision Between Two Motor Vehicles in Transport	No	Traffic Control Signal	2	1	Non-Incapacitating	NA	41.83419	-71.43024	FALSE	FALSE	Chalkstone Ave and Oakland Ave, Providence, RI, USA	FALSE	-71.4302373	41.8342121	intersection	geometric_center	oakland ave & chalkstone ave, providence, ri 02908, usa	NA	NA	NA	NA	41.8342121	-71.4302373	NA	2.4703322019598244	Raw	NA	NA	NA	NA	FALSE	41.83419	-71.43024	2025	July
285	2025-07-24	926306	07:09:00	Bicycle	NA	1	FALSE	FALSE	1	STEWART ST	FRIENDSHIP ST	2025-07-24	Two-Way , Not Divided	Dry	Daylight	Clear	Not a Collision Between Two Motor Vehicles in Transport	No	Stop Signs	2	1	Non-Incapacitating	NA	41.81511	-71.41599	FALSE	FALSE	Stewart Street and Friendship Street, Providence, RI, USA	FALSE	-71.4160137	41.815138	intersection	geometric_center	stewart st & friendship st, providence, ri 02903, usa	NA	NA	NA	NA	41.815138	-71.4160137	NA	3.685336186409895	Raw	NA	NA	NA	NA	FALSE	41.81511	-71.41599	2025	July
290	2025-07-26	926370	13:07:00	Pedestrian	1	NA	TRUE	FALSE	1	MANTON AVE	CHAFFEE ST	2025-07-26	Two-Way , Not Divided	Dry	Daylight	Clear	Not a Collision Between Two Motor Vehicles in Transport	No	Pavement Markings	3	1	Pain Reported	NA	41.81867	-71.44557	FALSE	FALSE	Manton Ave and Chaffee Street, Providence, RI, USA	FALSE	-71.4456439	41.8187741	intersection	geometric_center	chaffee st & manton ave, providence, ri 02909, usa	NA	NA	NA	NA	41.8187741	-71.4456439	NA	13.1102128193376	Raw	NA	NA	NA	NA	FALSE	41.81867	-71.44557	2025	July