row_number	crash_date	crash_report_id	crash_time	collision_type	count_pedestrian	count_bicycle	scooter	wheel_chair	number_of_vehicles	street_or_highway	nearest_intersection	report_date	type_of_roadway	road_surface_condition	light_condition	weather_condition	manner_of_impact	hit_and_run	traffic_control	person_count	injury_count	most_serious_injury	number_of_lanes	lat_raw	lon_raw	has_st_number	is_intersection_null	address_sent_to_geocoder	is_address_blank	lon_api_first_try	lat_api_first_try	type	loctype	address_returned_by_geocoder	address_returned_by_autocomplete	place_ids_autocompleted	lat_api_second_try	lon_api_second_try	lat_api_best	lon_api_best	api_coord_conf	distance_btwn_coords_meters	best_coordinate_set	reason_for_qa	correct_coordinates	corrected_lat	corrected_lon	manually_qaed_record	final_lat	final_lon	year	month
292	2025-07-29	926455	22:12:00	Pedestrian	1	NA	FALSE	FALSE	1	CARPENTER ST	VINTON ST	2025-07-29	Two-Way , Not Divided	Dry	Dark - Lighted	Clear	Not a Collision Between Two Motor Vehicles in Transport	No	No Controls	2	1	Non-Incapacitating	NA	41.81858	-71.42673	FALSE	FALSE	Carpenter Street and Vinton Street, Providence, RI, USA	FALSE	-71.4267189	41.8185948	intersection	geometric_center	vinton st & carpenter st, providence, ri 02903, usa	NA	NA	NA	NA	41.8185948	-71.4267189	NA	1.8874229372336873	Raw	NA	NA	NA	NA	FALSE	41.81858	-71.42673	2025	July
293	2025-07-30	926483	23:19:00	Pedestrian	1	NA	FALSE	FALSE	1	BROAD ST	FOSTER ST	2025-07-30	Two-Way, Divided, Unprotected (painted>4feet) Medium	Dry	Dark - Lighted	Clear	Not a Collision Between Two Motor Vehicles in Transport	Yes	No Controls	1	1	Pain Reported	NA	41.81865	-71.41561	FALSE	FALSE	Broad Street and Foster Street, Providence, RI, USA	FALSE	-71.41543879999999	41.8188666	intersection	geometric_center	foster st & broad st, providence, ri 02903, usa	NA	NA	NA	NA	41.8188666	-71.41543879999999	NA	27.984021737574466	Raw	NA	NA	NA	NA	FALSE	41.81865	-71.41561	2025	July
295	2025-08-01	926533	16:00:00	Bicycle	NA	1	TRUE	FALSE	1	BLACKSTONE BLVD	UPTON AVE	2025-08-01	One-Way Trafficway	Dry	Daylight	Clear	Not a Collision Between Two Motor Vehicles in Transport	No	No Controls	2	0	No Injury	NA	41.83924	-71.38567	FALSE	FALSE	Blackstone Blvd and Upton Ave, Providence, RI, USA	FALSE	-71.3857657	41.8395809	intersection	geometric_center	upton ave & blackstone blvd, providence, ri 02906, usa	NA	NA	NA	NA	41.8395809	-71.3857657	NA	38.76991745340768	Raw	NA	NA	NA	NA	FALSE	41.83924	-71.38567	2025	August
297	2025-08-02	926566	21:00:00	Pedestrian	1	NA	FALSE	FALSE	1	BROAD ST	BROAD ST	2025-08-03	Two-Way , Not Divided	Dry	Dark - Lighted	Clear	Not a Collision Between Two Motor Vehicles in Transport	Yes	No Controls	1	1	Non-Incapacitating	NA	41.81369	-71.42159	FALSE	FALSE	Broad Street and Broad Street, Providence, RI, USA	FALSE	-71.4174197	41.8004646	route	geometric_center	broad st, providence, ri, usa	NA	NA	NA	NA	41.8004646	-71.4174197	NA	1512.3647889324918	Raw	distance greater than 100m	NA	NA	NA	TRUE	41.81369	-71.42159	2025	August
298	2025-08-02	926567	20:27:00	Pedestrian	1	NA	FALSE	FALSE	1	BROAD ST	BROAD ST	2025-08-03	Two-Way , Not Divided	Dry	Dark - Lighted	Clear	Not a Collision Between Two Motor Vehicles in Transport	Yes	No Controls	1	1	Pain Reported	NA	41.81418	-71.42128	FALSE	FALSE	Broad Street and Broad Street, Providence, RI, USA	FALSE	-71.4174197	41.8004646	route	geometric_center	broad st, providence, ri, usa	NA	NA	NA	NA	41.8004646	-71.4174197	NA	1560.0298220484915	Raw	distance greater than 100m	NA	NA	NA	TRUE	41.81418	-71.42128	2025	August
300	2025-08-03	926587	16:01:00	Pedestrian	1	NA	TRUE	FALSE	1	N MAIN ST	10TH ST	2025-08-03	Two-Way , Not Divided	Dry	Daylight	Clear	Angle (Front - to - Side) Right Angle (Includes Broadside)	No	No Controls	3	1	Pain Reported	NA	41.85545	-71.40003	FALSE	FALSE	N Main Street and 10th Street, Providence, RI, USA	FALSE	-71.3999972	41.8554758	intersection	geometric_center	10th st & n main st, providence, ri 02906, usa	NA	NA	NA	NA	41.8554758	-71.3999972	NA	3.95534665471816	Raw	NA	NA	NA	NA	FALSE	41.85545	-71.40003	2025	August
301	2025-08-04	926601	01:42:00	Other	NA	NA	TRUE	FALSE	2	WESTMINSTER ST	BRIDGHAM ST	2025-08-04	Two-Way , Not Divided	Dry	Dark - Lighted	Clear	Not a Collision Between Two Motor Vehicles in Transport	Yes	Unknown	1	1	Incapacitating	NA	41.8169	-71.42848	FALSE	FALSE	Westminster Street and Bridgham Street, Providence, RI, USA	FALSE	-71.4284152	41.8169563	intersection	geometric_center	bridgham st & westminster st, providence, ri 02909, usa	NA	NA	NA	NA	41.8169563	-71.4284152	NA	8.257181536507995	Raw	NA	NA	NA	NA	FALSE	41.8169	-71.42848	2025	August
304	2025-08-05	926745	10:25:00	Pedestrian	1	NA	FALSE	FALSE	1	UNION AVE	NA	2025-08-08	Two-Way , Not Divided	Dry	Daylight	Clear	Sideswipe, Same Direction	Yes	Unknown	3	1	Pain Reported	NA	NA	NA	FALSE	TRUE	Union Ave, Providence, RI, USA	FALSE	-71.4488897	41.8064873	route	geometric_center	union ave, providence, ri, usa	NA	NA	NA	NA	41.8064873	-71.4488897	NA	NA	Unknown	raw coords null but geocoded coords found	NA	NA	NA	TRUE	NA	NA	2025	August
306	2025-08-06	926704	15:38:00	Pedestrian	1	NA	TRUE	FALSE	1	PUBLIC ST	BROAD ST	2025-08-06	Two-Way, Divided, Unprotected (painted>4feet) Medium	Dry	Daylight	Clear	Not a Collision Between Two Motor Vehicles in Transport	No	Traffic Control Signal	2	1	Pain Reported	NA	41.80442	-71.41935	FALSE	FALSE	Public Street and Broad Street, Providence, RI, USA	FALSE	-71.419358	41.8044407	intersection	geometric_center	public st & broad st, providence, ri 02907, usa	NA	NA	NA	NA	41.8044407	-71.419358	NA	2.398029804978953	Raw	NA	NA	NA	NA	FALSE	41.80442	-71.41935	2025	August
308	2025-08-08	926757	12:14:00	Pedestrian	1	NA	FALSE	FALSE	1	PLAIN ST	LOCKWOOD ST	2025-08-08	Two-Way , Not Divided	Dry	Daylight	Clear	Not a Collision Between Two Motor Vehicles in Transport	Yes	No Controls	4	1	Pain Reported	NA	41.81163	-71.41171	FALSE	FALSE	Plain Street and Lockwood Street, Providence, RI, USA	FALSE	-71.41197269999999	41.8123755	intersection	geometric_center	lockwood st & plain st, providence, ri 02903, usa	NA	NA	NA	NA	41.8123755	-71.41197269999999	NA	85.80327231828464	Raw	NA	NA	NA	NA	FALSE	41.81163	-71.41171	2025	August
309	2025-08-08	926770	19:20:00	Pedestrian	1	NA	FALSE	FALSE	1	LINDEN AVE	ELMWOOD AVE	2025-08-08	Two-Way , Not Divided	Dry	Daylight	Clear	Other	No	No Controls	6	1	Pain Reported	NA	41.78614	-71.41946	FALSE	FALSE	Linden Ave and Elmwood Ave, Providence, RI, USA	FALSE	-71.4195636	41.7861555	intersection	geometric_center	elmwood ave & linden ave, providence, ri 02907, usa	NA	NA	NA	NA	41.7861555	-71.4195636	NA	8.770608595809911	Raw	NA	NA	NA	NA	FALSE	41.78614	-71.41946	2025	August
310	2025-08-09	926797	20:40:00	Other	NA	1	FALSE	FALSE	1	Cranston St	GILMORE ST	2025-08-09	Two-Way , Not Divided	Dry	Dark - Lighted	Clear	Rear End(Front-to-Rear)	No	No Controls	2	1	Pain Reported	NA	41.81375	-71.42733	FALSE	FALSE	Cranston Street and Gilmore Street, Providence, RI, USA	FALSE	-71.42765469999999	41.8136248	intersection	geometric_center	gilmore st & cranston st, providence, ri 02907, usa	NA	NA	NA	NA	41.8136248	-71.42765469999999	NA	30.331475768142145	Raw	NA	NA	NA	NA	FALSE	41.81375	-71.42733	2025	August
312	2025-08-10	926812	01:56:00	Pedestrian	2	NA	FALSE	FALSE	1	WESTMINSTER ST	EMPIRE ST	2025-08-10	Two-Way, Divided, Unprotected (painted>4feet) Medium	Dry	Dark - Lighted	Clear	Not a Collision Between Two Motor Vehicles in Transport	No	Other	3	2	Pain Reported	NA	41.82097	-71.41532	FALSE	FALSE	Westminster Street and Empire Street, Providence, RI, USA	FALSE	-71.41527219999999	41.8210122	intersection	geometric_center	empire st & westminster st, providence, ri 02903, usa	NA	NA	NA	NA	41.8210122	-71.41527219999999	NA	6.14759046892192	Raw	NA	NA	NA	NA	FALSE	41.82097	-71.41532	2025	August
313	2025-08-12	926884	18:04:00	Pedestrian	1	NA	FALSE	FALSE	1	BRIDGHAM ST	JUNCTION ST	2025-08-12	Two-Way , Not Divided	Dry	Daylight	Clear	Not a Collision Between Two Motor Vehicles in Transport	No	Pavement Markings	3	1	Pain Reported	NA	41.81277	-71.42388	FALSE	FALSE	Bridgham Street and Junction Street, Providence, RI, USA	FALSE	-71.423878	41.8127755	intersection	geometric_center	bridgham st & junction st, providence, ri 02907, usa	NA	NA	NA	NA	41.8127755	-71.423878	NA	0.6343458106529539	Raw	NA	NA	NA	NA	FALSE	41.81277	-71.42388	2025	August
315	2025-08-13	928472	09:36:00	Pedestrian	1	NA	FALSE	FALSE	1	PLAINFIELD ST	HARTFORD AVE	2025-09-26	One-Way Trafficway	Dry	Daylight	Clear	Not a Collision Between Two Motor Vehicles in Transport	No	Traffic Control Signal	3	1	Pain Reported	NA	41.81667	-71.44389	FALSE	FALSE	Plainfield Street and Hartford Ave, Providence, RI, USA	FALSE	-71.44391209999999	41.8166684	intersection	geometric_center	plainfield st & hartford ave, providence, ri 02909, usa	NA	NA	NA	NA	41.8166684	-71.44391209999999	NA	1.8421443748744344	Raw	NA	NA	NA	NA	FALSE	41.81667	-71.44389	2025	August
316	2025-08-14	926939	21:10:00	Other	NA	1	TRUE	FALSE	1	HAWTHORNE AVE	BROAD ST	2025-08-14	Two-Way , Not Divided	Dry	Dark - Lighted	Clear	Angle (Front - to - Side) Right Angle (Includes Broadside)	No	No Controls	2	1	Pain Reported	NA	41.79292	-71.40814	FALSE	FALSE	Hawthorne Ave and Broad Street, Providence, RI, USA	FALSE	-71.40801739999999	41.79290109999999	intersection	geometric_center	broad st & hawthorne ave, providence, ri 02905, usa	NA	NA	NA	NA	41.79290109999999	-71.40801739999999	NA	10.390450349687136	Raw	NA	NA	NA	NA	FALSE	41.79292	-71.40814	2025	August
318	2025-08-15	926965	18:16:00	Other	NA	1	FALSE	FALSE	1	SILVER LAKE AVE	PLAINFIELD ST	2025-08-15	Two-Way , Not Divided	Dry	Daylight	Clear	Angle (Front - to - Side) Right Angle (Includes Broadside)	No	No Controls	4	1	Pain Reported	NA	41.80587	-71.46492	FALSE	FALSE	Silver Lake Ave and Plainfield Street, Providence, RI, USA	FALSE	-71.4648643	41.8059149	intersection	geometric_center	plainfield st & silver lake ave, providence, ri 02909, usa	NA	NA	NA	NA	41.8059149	-71.4648643	NA	6.8076702067871455	Raw	NA	NA	NA	NA	FALSE	41.80587	-71.46492	2025	August
319	2025-08-15	926969	21:20:00	Bicycle	NA	1	FALSE	FALSE	1	North Main Street	Chace Avenue	2025-08-15	Unknown	Dry	Dark - Lighted	Clear	Not a Collision Between Two Motor Vehicles in Transport	Yes	No Controls	2	0	No Injury	NA	NA	NA	FALSE	FALSE	North Main Street and Chace Avenue, Providence, RI, USA	FALSE	-71.3999039	41.8556964	intersection	geometric_center	n main st & chace ave, providence, ri 02906, usa	NA	NA	NA	NA	41.8556964	-71.3999039	NA	NA	Geocoded	raw coords null but geocoded coords found	NA	NA	NA	TRUE	41.8556964	-71.3999039	2025	August
323	2025-08-19	927065	18:34:00	Pedestrian	1	NA	FALSE	FALSE	1	CHAD BROWN ST	JUNE ST	2025-08-19	Two-Way , Not Divided	Dry	Daylight	Clear	Not a Collision Between Two Motor Vehicles in Transport	No	No Controls	3	1	Non-Incapacitating	NA	41.84137	-71.42256	FALSE	FALSE	Chad Brown Street and June Street, Providence, RI, USA	FALSE	-71.4225483	41.8414025	intersection	geometric_center	chad brown st & june st, providence, ri 02908, usa	NA	NA	NA	NA	41.8414025	-71.4225483	NA	3.745741608187715	Raw	NA	NA	NA	NA	FALSE	41.84137	-71.42256	2025	August
325	2025-08-20	927096	15:40:00	Pedestrian	1	NA	TRUE	FALSE	1	ATWELLS AVE	MANTON AVE	2025-08-20	Two-Way , Not Divided	Dry	Daylight	Clear	Other	Yes	No Controls	1	1	Pain Reported	NA	41.82536	-71.45441	FALSE	FALSE	Atwells Ave and Manton Ave, Providence, RI, USA	FALSE	-71.4541401	41.8252175	intersection	geometric_center	atwells ave & manton ave, providence, ri 02909, usa	NA	NA	NA	NA	41.8252175	-71.4541401	NA	27.439144669223335	Raw	NA	NA	NA	NA	FALSE	41.82536	-71.45441	2025	August
328	2025-08-21	927114	10:35:00	Other	NA	1	FALSE	FALSE	1	FOUNTAIN ST	EMPIRE ST	2025-08-21	Two-Way, Divided, Unprotected (painted>4feet) Medium	Dry	Daylight	Clear	Not a Collision Between Two Motor Vehicles in Transport	No	Traffic Control Signal	2	1	Pain Reported	NA	41.82234	-71.41712	FALSE	FALSE	Fountain Street and Empire Street, Providence, RI, USA	FALSE	-71.4171124	41.8223654	intersection	geometric_center	fountain st & empire st, providence, ri 02903, usa	NA	NA	NA	NA	41.8223654	-71.4171124	NA	2.8969533035855197	Raw	NA	NA	NA	NA	FALSE	41.82234	-71.41712	2025	August
331	2025-08-22	927145	11:59:00	Bicycle	NA	1	FALSE	FALSE	1	PAVILION AVE	EDDY ST	2025-08-22	Two-Way, Divided, Unprotected (painted>4feet) Medium	Dry	Daylight	Clear	Angle (Front - to - Side) Right Angle (Includes Broadside)	No	Traffic Control Signal	3	1	Non-Incapacitating	NA	41.79767	-71.40522	FALSE	FALSE	Pavilion Ave and Eddy Street, Providence, RI, USA	FALSE	-71.40522010000001	41.7976901	intersection	geometric_center	pavilion ave & eddy st, providence, ri 02905, usa	NA	NA	NA	NA	41.7976901	-71.40522010000001	NA	2.2375371551499907	Raw	NA	NA	NA	NA	FALSE	41.79767	-71.40522	2025	August
333	2025-08-26	927265	08:35:00	Pedestrian	1	NA	FALSE	FALSE	1	ORMS ST	SMITH ST	2025-08-26	Two-Way , Not Divided	Dry	Daylight	Clear	Not a Collision Between Two Motor Vehicles in Transport	No	Traffic Control Signal	2	1	Non-Incapacitating	NA	41.83376	-71.42199	FALSE	FALSE	Orms Street and Smith Street, Providence, RI, USA	FALSE	-71.42197639999999	41.8337813	intersection	geometric_center	orms st & smith st, providence, ri 02904, usa	NA	NA	NA	NA	41.8337813	-71.42197639999999	NA	2.6257488331032373	Raw	NA	NA	NA	NA	FALSE	41.83376	-71.42199	2025	August
335	2025-08-26	927281	22:00:00	Pedestrian	1	NA	FALSE	FALSE	1	COLLEGE ST	COLLEGE ST	2025-08-26	One-Way Trafficway	Dry	Dark - Lighted	Clear	Not a Collision Between Two Motor Vehicles in Transport	No	Traffic Control Signal	3	1	Non-Incapacitating	NA	41.82564	-71.40784	FALSE	FALSE	College Street and College Street, Providence, RI, USA	FALSE	-71.4067047	41.8260224	route	geometric_center	college st, providence, ri 02903, usa	NA	NA	NA	NA	41.8260224	-71.4067047	NA	103.3499289377161	Raw	distance greater than 100m	NA	NA	NA	TRUE	41.82564	-71.40784	2025	August
337	2025-08-27	927293	10:52:00	Bicycle	NA	1	FALSE	FALSE	1	PINE ST	EAST FRANKLIN ST	2025-08-27	One-Way Trafficway	Dry	Daylight	Clear	Not a Collision Between Two Motor Vehicles in Transport	No	Stop Signs	3	1	Pain Reported	NA	41.81724	-71.41505	FALSE	FALSE	Pine Street and East Franklin Street, Providence, RI, USA	FALSE	-71.4150299	41.8172438	intersection	geometric_center	e franklin st & pine st, providence, ri 02903, usa	NA	NA	NA	NA	41.8172438	-71.4150299	NA	1.7203866640079462	Raw	NA	NA	NA	NA	FALSE	41.81724	-71.41505	2025	August
338	2025-08-27	927303	14:18:00	Pedestrian	1	NA	FALSE	FALSE	1	NORTH MAIN ST	FROST ST	2025-08-27	Two-Way, Divided, Positive Median Barrier	Dry	Daylight	Clear	Not a Collision Between Two Motor Vehicles in Transport	No	Pavement Markings	3	1	Incapacitating	NA	41.85064	-71.40279	FALSE	FALSE	North Main Street and Frost Street, Providence, RI, USA	FALSE	-71.4023974	41.851338	intersection	geometric_center	frost st & n main st, providence, ri 02904, usa	NA	NA	NA	NA	41.851338	-71.4023974	NA	84.24507787256302	Raw	NA	NA	NA	NA	FALSE	41.85064	-71.40279	2025	August
339	2025-08-30	927390	12:15:00	Other	NA	1	FALSE	FALSE	1	HUNTINGTON AVE	DEXTER ST	2025-08-30	Two-Way , Not Divided	Dry	Daylight	Clear	Not a Collision Between Two Motor Vehicles in Transport	No	Stop Signs	3	1	Pain Reported	NA	41.80092	-71.43152	FALSE	FALSE	Huntington Ave and Dexter Street, Providence, RI, USA	FALSE	-71.4315329	41.8009429	intersection	geometric_center	dexter st & huntington ave, providence, ri 02907, usa	NA	NA	NA	NA	41.8009429	-71.4315329	NA	2.76486575706974	Raw	NA	NA	NA	NA	FALSE	41.80092	-71.43152	2025	August
340	2025-08-31	927413	00:46:00	Other	NA	NA	TRUE	FALSE	1	MEMORIAL BLVD	WESTMINSTER ST	2025-08-31	Two-Way, Divided, Positive Median Barrier	Dry	Dark - Lighted	Clear	Not a Collision Between Two Motor Vehicles in Transport	No	Traffic Control Signal	3	1	Pain Reported	NA	41.82548	-71.40904	FALSE	FALSE	Memorial Blvd and Westminster Street, Providence, RI, USA	FALSE	-71.40878529999999	41.8253031	intersection	geometric_center	memorial blvd & westminster st, providence, ri 02903, usa	NA	NA	NA	NA	41.8253031	-71.40878529999999	NA	28.882355131449764	Raw	NA	NA	NA	NA	FALSE	41.82548	-71.40904	2025	August
341	2025-08-31	927415	02:58:00	Pedestrian	1	NA	FALSE	FALSE	1	BROADWAY	VINTON ST	2025-08-31	Two-Way , Not Divided	Dry	Daylight	Clear	Angle (Front - to - Side) Opposite Direction	Yes	No Controls	1	1	Pain Reported	NA	41.82007	-71.42819	FALSE	FALSE	Broadway and Vinton Street, Providence, RI, USA	FALSE	-71.4281931	41.8201049	intersection	geometric_center	vinton st & broadway, providence, ri 02903, usa	NA	NA	NA	NA	41.8201049	-71.4281931	NA	3.8935529730371488	Raw	NA	NA	NA	NA	FALSE	41.82007	-71.42819	2025	August
343	2025-08-31	927439	18:10:00	Pedestrian	1	NA	FALSE	FALSE	1	INDIA ST	S MAIN ST	2025-08-31	Two-Way , Not Divided	Dry	Daylight	Clear	Other	No	Person	2	0	No Injury	NA	41.81634	-71.398929999999993	FALSE	FALSE	India Street and S Main Street, Providence, RI, USA	FALSE	-71.39821700000002	41.8167416	intersection	geometric_center	india st & s main st, providence, ri 02903, usa	NA	NA	NA	NA	41.8167416	-71.39821700000002	NA	74.1470443687625	Raw	NA	NA	NA	NA	FALSE	41.81634	-71.398929999999993	2025	August
344	2025-08-31	927440	20:41:00	Bicycle	NA	1	FALSE	FALSE	1	UNION AVE	ATWOOD ST	2025-08-31	Two-Way, Divided, Unprotected (painted>4feet) Medium	Dry	Dark - Lighted	Clear	Other	No	No Controls	2	1	Pain Reported	NA	41.80815	-71.44248	FALSE	FALSE	Union Ave and Atwood Street, Providence, RI, USA	FALSE	-71.44248309999999	41.8081813	intersection	geometric_center	atwood st & union ave, providence, ri 02909, usa	NA	NA	NA	NA	41.8081813	-71.44248309999999	NA	3.4937817657968697	Raw	NA	NA	NA	NA	FALSE	41.80815	-71.44248	2025	August
346	2025-09-02	927497	10:48:00	Pedestrian	1	NA	FALSE	FALSE	1	EMPIRE ST	WASHINGTON ST	2025-09-02	Two-Way , Not Divided	Dry	Daylight	Clear	Not a Collision Between Two Motor Vehicles in Transport	No	No Controls	3	0	No Injury	NA	41.82142	-71.41592	FALSE	FALSE	Empire Street and Washington Street, Providence, RI, USA	FALSE	-71.4164272	41.8218699	intersection	geometric_center	empire st & washington st, providence, ri 02903, usa	NA	NA	NA	NA	41.8218699	-71.4164272	NA	65.41165315002381	Raw	NA	NA	NA	NA	FALSE	41.82142	-71.41592	2025	September
347	2025-09-02	927504	13:21:00	Pedestrian	1	NA	FALSE	FALSE	1	ROCHAMBEAU AVE	BLACKSTONE BLVD	2025-09-02	Two-Way, Divided, Unprotected (painted>4feet) Medium	Dry	Daylight	Clear	Head-On (Front - to - Front)	No	Stop Signs	2	2	Incapacitating	NA	41.84552	-71.38699	FALSE	FALSE	Rochambeau Ave and Blackstone Blvd, Providence, RI, USA	FALSE	-71.3867593	41.84556509999999	intersection	geometric_center	blackstone blvd & rochambeau ave, providence, ri 02906, usa	NA	NA	NA	NA	41.84556509999999	-71.3867593	NA	19.779044995078745	Raw	NA	NA	NA	NA	FALSE	41.84552	-71.38699	2025	September
348	2025-09-03	927579	08:23:00	Other	NA	1	FALSE	FALSE	1	SMITH ST	ACADEMY AVE	2025-09-03	Two-Way , Not Divided	Dry	Daylight	Clear	Not a Collision Between Two Motor Vehicles in Transport	No	No Controls	3	0	No Injury	NA	41.84281	-71.4457	FALSE	FALSE	Smith Street and Academy Ave, Providence, RI, USA	FALSE	-71.4451576	41.842608	intersection	geometric_center	academy ave & smith st, providence, ri 02908, usa	NA	NA	NA	NA	41.842608	-71.4451576	NA	50.28905091713936	Raw	NA	NA	NA	NA	FALSE	41.84281	-71.4457	2025	September
349	2025-09-03	927586	16:16:00	Other	NA	NA	TRUE	FALSE	2	Friendship St	DORRANCE ST	2025-09-03	One-Way Trafficway	Dry	Daylight	Clear	Angle (Front - to - Side) Right Angle (Includes Broadside)	No	Traffic Control Signal	3	1	Non-Incapacitating	NA	41.82197	-71.40949	FALSE	FALSE	Friendship Street and Dorrance Street, Providence, RI, USA	FALSE	-71.409441	41.8220211	intersection	geometric_center	friendship st & dorrance st, providence, ri 02903, usa	NA	NA	NA	NA	41.8220211	-71.409441	NA	6.991548591177013	Raw	NA	NA	NA	NA	FALSE	41.82197	-71.40949	2025	September
350	2025-09-03	927588	15:28:00	Pedestrian	1	NA	FALSE	FALSE	1	FLORENCE ST	AMHERST ST	2025-09-03	Two-Way , Not Divided	Dry	Daylight	Clear	Not a Collision Between Two Motor Vehicles in Transport	No	Pavement Markings	4	1	Pain Reported	NA	41.82327	-71.4457	FALSE	FALSE	Florence Street and Amherst Street, Providence, RI, USA	FALSE	-71.44571359999999	41.8232858	intersection	geometric_center	florence st & amherst st, providence, ri 02909, usa	NA	NA	NA	NA	41.8232858	-71.44571359999999	NA	2.089588616032807	Raw	NA	NA	NA	NA	FALSE	41.82327	-71.4457	2025	September
352	2025-09-05	927637	22:51:00	Pedestrian	1	NA	FALSE	FALSE	1	LAUREL HILL AVE	PLAINFIELD ST	2025-09-05	One-Way Trafficway	Dry	Dark - Lighted	Clear	Not a Collision Between Two Motor Vehicles in Transport	No	No Controls	3	1	Pain Reported	NA	41.81314	-71.45538	FALSE	FALSE	Laurel Hill Ave and Plainfield Street, Providence, RI, USA	FALSE	-71.4554551	41.8132343	intersection	geometric_center	laurel hill ave & plainfield st, providence, ri 02909, usa	NA	NA	NA	NA	41.8132343	-71.4554551	NA	12.20741326805556	Raw	NA	NA	NA	NA	FALSE	41.81314	-71.45538	2025	September
353	2025-09-05	927700	22:12:00	Pedestrian	1	NA	FALSE	FALSE	1	VALLEY ST	GENNARO PL	2025-09-05	Two-Way, Divided, Unprotected (painted>4feet) Medium	Dry	Dark - Lighted	Clear	Not a Collision Between Two Motor Vehicles in Transport	Yes	No Controls	1	1	Pain Reported	NA	41.82178	-71.4401	FALSE	FALSE	Valley Street and Gennaro Pl, Providence, RI, USA	FALSE	-71.44010229999999	41.8217937	intersection	geometric_center	valley st & gennaro pl, providence, ri 02909, usa	NA	NA	NA	NA	41.8217937	-71.44010229999999	NA	1.5369663894573824	Raw	NA	NA	NA	NA	FALSE	41.82178	-71.4401	2025	September
354	2025-09-05	927701	23:14:00	Pedestrian	1	NA	FALSE	FALSE	1	PLAINFIELD ST	RALPH ST	2025-09-05	Two-Way, Divided, Unprotected (painted>4feet) Medium	Dry	Dark - Lighted	Clear	Not a Collision Between Two Motor Vehicles in Transport	Yes	No Controls	1	1	Pain Reported	NA	41.81344	-71.45364	FALSE	FALSE	Plainfield Street and Ralph Street, Providence, RI, USA	FALSE	-71.45351819999999	41.8134733	intersection	geometric_center	ralph st & plainfield st, providence, ri 02909, usa	NA	NA	NA	NA	41.8134733	-71.45351819999999	NA	10.764014292590948	Raw	NA	NA	NA	NA	FALSE	41.81344	-71.45364	2025	September
356	2025-09-05	927726	14:30:00	Pedestrian	1	NA	TRUE	FALSE	1	Broad St	Lockwood st	2025-09-06	Two-Way , Not Divided	Dry	Daylight	Clear	Not a Collision Between Two Motor Vehicles in Transport	No	No Controls	2	2	Pain Reported	2	NA	NA	FALSE	FALSE	Broad Street and Lockwood Street, Providence, RI, USA	FALSE	-71.4206052	41.8153888	intersection	geometric_center	lockwood st & broad st, providence, ri 02903, usa	NA	NA	NA	NA	41.8153888	-71.4206052	NA	NA	Geocoded	raw coords null but geocoded coords found	NA	NA	NA	TRUE	41.8153888	-71.4206052	2025	September
357	2025-09-06	927710	11:46:00	Pedestrian	1	NA	FALSE	FALSE	1	EMPIRE ST	BROADWAY	2025-09-06	Two-Way , Not Divided	Dry	Daylight	Clear	Not a Collision Between Two Motor Vehicles in Transport	No	Traffic Control Signal	3	1	Pain Reported	NA	41.82298	-71.41741	FALSE	FALSE	Empire Street and Broadway, Providence, RI, USA	FALSE	-71.4177469	41.82277	intersection	geometric_center	empire st & broadway, providence, ri 02903, usa	NA	NA	NA	NA	41.82277	-71.4177469	NA	36.43596315932432	Raw	NA	NA	NA	NA	FALSE	41.82298	-71.41741	2025	September
358	2025-09-08	927793	23:32:00	Other	NA	1	FALSE	FALSE	1	DEAN ST	PROMENADE ST	2025-09-09	Two-Way, Divided, Positive Median Barrier	Dry	Dark - Lighted	Clear	Not a Collision Between Two Motor Vehicles in Transport	No	Traffic Control Signal	3	1	Pain Reported	NA	41.82923	-71.42672	FALSE	FALSE	Dean Street and Promenade Street, Providence, RI, USA	FALSE	-71.4267449	41.8292555	intersection	geometric_center	promenade st & dean st, providence, ri 02908, usa	NA	NA	NA	NA	41.8292555	-71.4267449	NA	3.510531118508493	Raw	NA	NA	NA	NA	FALSE	41.82923	-71.42672	2025	September