row_number	crash_date	crash_report_id	crash_time	collision_type	count_pedestrian	count_bicycle	scooter	wheel_chair	number_of_vehicles	street_or_highway	nearest_intersection	report_date	type_of_roadway	road_surface_condition	light_condition	weather_condition	manner_of_impact	hit_and_run	traffic_control	person_count	injury_count	most_serious_injury	number_of_lanes	lat_raw	lon_raw	has_st_number	is_intersection_null	address_sent_to_geocoder	is_address_blank	lon_api_first_try	lat_api_first_try	type	loctype	address_returned_by_geocoder	address_returned_by_autocomplete	place_ids_autocompleted	lat_api_second_try	lon_api_second_try	lat_api_best	lon_api_best	api_coord_conf	distance_btwn_coords_meters	best_coordinate_set	reason_for_qa	correct_coordinates	corrected_lat	corrected_lon	manually_qaed_record	final_lat	final_lon	year	month
361	2025-09-08	927904	16:25:00	Pedestrian	1	NA	FALSE	FALSE	1	S MAIN ST	NA	2025-09-11	One-Way Trafficway	Dry	Daylight	Clear	Unknown	No	Unknown	1	1	Pain Reported	NA	41.81905	-71.40097	FALSE	TRUE	S Main Street, Providence, RI, USA	FALSE	-71.4037011	41.8208121	route	geometric_center	s main st, providence, ri 02903, usa	NA	NA	NA	NA	41.8208121	-71.4037011	NA	299.68707176165583	Raw	distance greater than 100m	NA	NA	NA	TRUE	41.81905	-71.40097	2025	September
363	2025-09-09	927834	17:29:00	Bicycle	NA	1	FALSE	FALSE	1	BROAD ST	BROAD ST	2025-09-09	Unknown	Dry	Daylight	Clear	Not a Collision Between Two Motor Vehicles in Transport	No	No Controls	2	1	Pain Reported	NA	41.80966	-71.42098	FALSE	FALSE	Broad Street and Broad Street, Providence, RI, USA	FALSE	-71.4174197	41.8004646	route	geometric_center	broad st, providence, ri, usa	NA	NA	NA	NA	41.8004646	-71.4174197	NA	1065.4072712082257	Raw	distance greater than 100m	NA	NA	NA	TRUE	41.80966	-71.42098	2025	September
364	2025-09-09	927836	17:29:00	Pedestrian	1	NA	FALSE	FALSE	1	CANAL ST	SMITH ST	2025-09-09	One-Way Trafficway	Dry	Daylight	Clear	Not a Collision Between Two Motor Vehicles in Transport	Yes	Pavement Markings	1	0	No Injury	NA	41.83142	-71.41134	FALSE	FALSE	Canal Street and Smith Street, Providence, RI, USA	FALSE	-71.4112974	41.8314584	intersection	geometric_center	canal st & smith st, providence, ri 02903, usa	NA	NA	NA	NA	41.8314584	-71.4112974	NA	5.546007007011965	Raw	NA	NA	NA	NA	FALSE	41.83142	-71.41134	2025	September
366	2025-09-10	927970	14:38:00	Pedestrian	1	NA	FALSE	FALSE	1	Smith St	ACADEMY AVE	2025-09-13	Two-Way, Divided, Unprotected (painted>4feet) Medium	Dry	Daylight	Clear	Not a Collision Between Two Motor Vehicles in Transport	No	No Controls	3	0	Unknown	NA	41.84296	-71.44605	FALSE	FALSE	Smith Street and Academy Ave, Providence, RI, USA	FALSE	-71.4451576	41.842608	intersection	geometric_center	academy ave & smith st, providence, ri 02908, usa	NA	NA	NA	NA	41.842608	-71.4451576	NA	83.74064121375717	Raw	NA	NA	NA	NA	FALSE	41.84296	-71.44605	2025	September
367	2025-09-11	927921	18:30:00	Bicycle	NA	1	FALSE	FALSE	1	CHARLES ST	CHARLES ST	2025-09-11	Two-Way , Not Divided	Dry	Daylight	Clear	Not a Collision Between Two Motor Vehicles in Transport	No	Pavement Markings	3	1	Pain Reported	NA	41.85623	-71.42092	FALSE	FALSE	Charles Street and Charles Street, Providence, RI, USA	FALSE	-71.4195067	41.8473644	route	geometric_center	charles st, providence, ri, usa	NA	NA	NA	NA	41.8473644	-71.4195067	NA	993.847434583256	Raw	distance greater than 100m	NA	NA	NA	TRUE	41.85623	-71.42092	2025	September
368	2025-09-12	927948	16:42:00	Other	NA	NA	TRUE	FALSE	2	MESSER ST	FORD ST	2025-09-12	Two-Way , Not Divided	Dry	Daylight	Clear	Angle (Front - to - Side) Right Angle (Includes Broadside)	No	Pavement Markings	4	1	Pain Reported	NA	41.81067	-71.43532	FALSE	FALSE	Messer Street and Ford Street, Providence, RI, USA	FALSE	-71.435322	41.8106892	intersection	geometric_center	messer st & ford st, providence, ri 02909, usa	NA	NA	NA	NA	41.8106892	-71.435322	NA	2.1437665702612096	Raw	NA	NA	NA	NA	FALSE	41.81067	-71.43532	2025	September
369	2025-09-12	927966	11:56:00	Other	NA	NA	TRUE	FALSE	2	Knight Street	WASHINGTON ST	2025-09-13	Two-Way, Divided, Positive Median Barrier	Dry	Daylight	Clear	Unknown	No	No Controls	3	1	Pain Reported	NA	41.8179	-71.42706	FALSE	FALSE	Knight Street and Washington Street, Providence, RI, USA	FALSE	-71.4269087	41.8178021	intersection	geometric_center	knight st & washington st, providence, ri 02903, usa	NA	NA	NA	NA	41.8178021	-71.4269087	NA	16.62318088704105	Raw	NA	NA	NA	NA	FALSE	41.8179	-71.42706	2025	September
372	2025-09-13	927965	11:45:00	Pedestrian	1	NA	FALSE	FALSE	1	ALEPPO ST	MANTON AVE	2025-09-13	Two-Way , Not Divided	Dry	Daylight	Clear	Not a Collision Between Two Motor Vehicles in Transport	No	Stop Signs	3	1	Pain Reported	NA	41.81934	-71.44622	FALSE	FALSE	Aleppo Street and Manton Ave, Providence, RI, USA	FALSE	-71.4462016	41.8193759	intersection	geometric_center	aleppo st & manton ave, providence, ri 02909, usa	NA	NA	NA	NA	41.8193759	-71.4462016	NA	4.2779803437196176	Raw	NA	NA	NA	NA	FALSE	41.81934	-71.44622	2025	September
373	2025-09-13	927982	20:18:00	Pedestrian	1	NA	FALSE	FALSE	1	DOUGLAS AVE	ADMIRAL ST	2025-09-13	Two-Way , Not Divided	Dry	Dark - Lighted	Clear	Not a Collision Between Two Motor Vehicles in Transport	No	No Controls	2	1	Pain Reported	NA	41.84613	-71.42909	FALSE	FALSE	Douglas Ave and Admiral Street, Providence, RI, USA	FALSE	-71.4289474	41.84607219999999	intersection	geometric_center	admiral st & douglas ave, providence, ri 02908, usa	NA	NA	NA	NA	41.84607219999999	-71.4289474	NA	13.462437163896077	Raw	NA	NA	NA	NA	FALSE	41.84613	-71.42909	2025	September
374	2025-09-14	927983	00:30:00	Pedestrian	1	NA	FALSE	FALSE	1	PINEHURST AVE	CHAD BROWN ST	2025-09-14	Two-Way , Not Divided	Dry	Dark - Lighted	Clear	Not a Collision Between Two Motor Vehicles in Transport	No	No Controls	3	1	Non-Incapacitating	NA	41.83952	-71.4322	FALSE	FALSE	Pinehurst Ave and Chad Brown Street, Providence, RI, USA	FALSE	-71.4321807	41.8395672	intersection	geometric_center	chad brown st & pinehurst ave, providence, ri 02908, usa	NA	NA	NA	NA	41.8395672	-71.4321807	NA	5.492677887015056	Raw	NA	NA	NA	NA	FALSE	41.83952	-71.4322	2025	September
375	2025-09-15	928045	14:26:00	Pedestrian	1	NA	FALSE	FALSE	1	STEWART ST	BROAD ST	2025-09-15	Two-Way , Not Divided	Dry	Daylight	Clear	Not a Collision Between Two Motor Vehicles in Transport	No	Traffic Control Signal	3	1	Pain Reported	NA	41.8169	-71.41794	FALSE	FALSE	Stewart Street and Broad Street, Providence, RI, USA	FALSE	-71.4178933	41.8169555	intersection	geometric_center	stewart st & broad st, providence, ri 02903, usa	NA	NA	NA	NA	41.8169555	-71.4178933	NA	7.292578331676245	Raw	NA	NA	NA	NA	FALSE	41.8169	-71.41794	2025	September
377	2025-09-16	928159	16:08:00	Bicycle	NA	1	FALSE	FALSE	1	DOYLE AVE	HOPE ST	2025-09-16	Two-Way , Not Divided	Dry	Daylight	Clear	Not a Collision Between Two Motor Vehicles in Transport	No	Traffic Control Signal	3	1	Pain Reported	NA	41.83877	-71.4001	FALSE	FALSE	Doyle Ave and Hope Street, Providence, RI, USA	FALSE	-71.4000949	41.8387918	intersection	geometric_center	hope st & doyle ave, providence, ri 02906, usa	NA	NA	NA	NA	41.8387918	-71.4000949	NA	2.4633500661741734	Raw	NA	NA	NA	NA	FALSE	41.83877	-71.4001	2025	September
378	2025-09-16	928162	19:44:00	Pedestrian	1	NA	FALSE	FALSE	2	JILLSON ST	EDDY ST	2025-09-16	Two-Way , Not Divided	Dry	Dark - Lighted	Clear	Sidwswipe, Opposite Direction	No	No Controls	4	3	Non-Incapacitating	NA	41.79133	-71.40394	FALSE	FALSE	Jillson Street and Eddy Street, Providence, RI, USA	FALSE	-71.4034708	41.7914204	intersection	geometric_center	eddy st & jillson st, providence, ri 02905, usa	NA	NA	NA	NA	41.7914204	-71.4034708	NA	40.22151732652561	Raw	NA	NA	NA	NA	FALSE	41.79133	-71.40394	2025	September
379	2025-09-17	928189	10:41:00	Pedestrian	1	NA	FALSE	FALSE	1	ELMWOOD AVE	POTTERS AVE	2025-09-17	Two-Way , Not Divided	Dry	Daylight	Clear	Not a Collision Between Two Motor Vehicles in Transport	Yes	Traffic Control Signal	1	1	Pain Reported	3	41.80153	-71.42635	FALSE	FALSE	Elmwood Ave and Potters Ave, Providence, RI, USA	FALSE	-71.4263526	41.8015181	intersection	geometric_center	potters ave & elmwood ave, providence, ri 02907, usa	NA	NA	NA	NA	41.8015181	-71.4263526	NA	1.3421575752847117	Raw	NA	NA	NA	NA	FALSE	41.80153	-71.42635	2025	September
380	2025-09-17	928209	21:56:00	Pedestrian	1	NA	TRUE	FALSE	1	FRANCIS ST	DORRANCE ST	2025-09-17	Two-Way, Divided, Unprotected (painted>4feet) Medium	Wet	Dark - Lighted	Rain	Not a Collision Between Two Motor Vehicles in Transport	No	Traffic Control Signal	6	1	Pain Reported	NA	41.82483	-71.41419	FALSE	FALSE	Francis Street and Dorrance Street, Providence, RI, USA	FALSE	-71.41462709999999	41.8249026	intersection	geometric_center	francis st & dorrance st, providence, ri 02903, usa	NA	NA	NA	NA	41.8249026	-71.41462709999999	NA	37.148864662531146	Raw	NA	NA	NA	NA	FALSE	41.82483	-71.41419	2025	September
381	2025-09-18	928228	08:39:00	Pedestrian	1	NA	FALSE	FALSE	1	Irving Ave	WAYLAND AVE	2025-09-18	Two-Way , Not Divided	Dry	Daylight	Clear	Other	Yes	Stop Signs	3	0	No Injury	NA	41.83324	-71.38882	FALSE	FALSE	Irving Ave and Wayland Ave, Providence, RI, USA	FALSE	-71.3888245	41.8332544	intersection	geometric_center	wayland ave & irving ave, providence, ri 02906, usa	NA	NA	NA	NA	41.8332544	-71.3888245	NA	1.645880203762096	Raw	NA	NA	NA	NA	FALSE	41.83324	-71.38882	2025	September
382	2025-09-18	928230	08:48:00	Other	NA	1	FALSE	FALSE	1	Washington St	SERVICE ROAD 8	2025-09-18	Two-Way , Not Divided	Dry	Daylight	Cloudy	Not a Collision Between Two Motor Vehicles in Transport	No	Traffic Control Signal	2	1	Pain Reported	NA	41.82027	-71.41875	FALSE	FALSE	Washington Street and Service Road 8, Providence, RI, USA	FALSE	-71.440833	41.8158996	route	geometric_center	service rd, providence, ri 02909, usa	NA	NA	NA	NA	41.8158996	-71.440833	NA	1895.559703860532	Raw	distance greater than 100m	NA	NA	NA	TRUE	41.82027	-71.41875	2025	September
383	2025-09-18	928240	16:09:00	Pedestrian	1	NA	FALSE	FALSE	1	POCASSET AVE	BANCROFT ST	2025-09-18	Two-Way , Not Divided	Dry	Daylight	Clear	Not a Collision Between Two Motor Vehicles in Transport	No	Pavement Markings	6	1	Pain Reported	NA	41.81331	-71.4484	FALSE	FALSE	Pocasset Ave and Bancroft Street, Providence, RI, USA	FALSE	-71.4483713	41.8133784	intersection	geometric_center	pocasset ave & bancroft st, providence, ri 02909, usa	NA	NA	NA	NA	41.8133784	-71.4483713	NA	7.977905509992331	Raw	NA	NA	NA	NA	FALSE	41.81331	-71.4484	2025	September
384	2025-09-19	928266	11:24:00	Pedestrian	1	NA	FALSE	FALSE	1	SERVICE ROAD 7	BROAD ST	2025-09-19	Two-Way , Not Divided	Dry	Daylight	Clear	Not a Collision Between Two Motor Vehicles in Transport	No	Pavement Markings	4	1	Pain Reported	NA	41.81747	-71.41712	FALSE	FALSE	Service Road 7 and Broad Street, Providence, RI, USA	FALSE	-71.41696619999999	41.8173751	intersection	geometric_center	service rd 1 & broad st, providence, ri 02903, usa	NA	NA	NA	NA	41.8173751	-71.41696619999999	NA	16.56546584502119	Raw	NA	NA	NA	NA	FALSE	41.81747	-71.41712	2025	September
385	2025-09-19	928271	12:35:00	Other	NA	1	FALSE	FALSE	1	Steuben St	ATWELLS AVE	2025-09-19	Two-Way , Not Divided	Dry	Daylight	Clear	Other	Yes	No Controls	1	1	Pain Reported	NA	41.82501	-71.44935	FALSE	FALSE	Steuben Street and Atwells Ave, Providence, RI, USA	FALSE	-71.4493517	41.8251131	intersection	geometric_center	atwells ave & steuben st, providence, ri 02909, usa	NA	NA	NA	NA	41.8251131	-71.4493517	NA	11.477905847505903	Raw	NA	NA	NA	NA	FALSE	41.82501	-71.44935	2025	September
386	2025-09-19	928274	13:10:00	Other	NA	1	TRUE	FALSE	1	Bath Street	Jewett Street	2025-09-19	Two-Way , Not Divided	Dry	Daylight	Clear	Not a Collision Between Two Motor Vehicles in Transport	No	Stop Signs	2	1	Non-Incapacitating	1	NA	NA	FALSE	FALSE	Bath Street and Jewett Street, Providence, RI, USA	FALSE	-71.4250862	41.8326352	intersection	geometric_center	bath st & jewett st, providence, ri 02908, usa	NA	NA	NA	NA	41.8326352	-71.4250862	NA	NA	Geocoded	raw coords null but geocoded coords found	NA	NA	NA	TRUE	41.8326352	-71.4250862	2025	September
388	2025-09-19	928286	14:32:00	Bicycle	NA	1	FALSE	FALSE	1	SYRACUSE ST	BODELL AVE	2025-09-19	Two-Way , Not Divided	Dry	Daylight	Clear	Angle (Front - to - Side) Same Direction	No	No Controls	4	1	Pain Reported	NA	41.81745	-71.45384	FALSE	FALSE	Syracuse Street and Bodell Ave, Providence, RI, USA	FALSE	-71.4527837	41.8166912	route	geometric_center	bodell ave, providence, ri 02909, usa	NA	NA	NA	NA	41.8166912	-71.4527837	NA	121.71648603598584	Raw	distance greater than 100m	NA	NA	NA	TRUE	41.81745	-71.45384	2025	September
389	2025-09-19	928289	15:16:00	Pedestrian	1	NA	TRUE	FALSE	1	ELMWOOD AVE	EARL ST	2025-09-19	Two-Way, Divided, Positive Median Barrier	Dry	Daylight	Clear	Sidwswipe, Opposite Direction	No	No Controls	2	1	Non-Incapacitating	NA	41.79819	-71.4262	FALSE	FALSE	Elmwood Ave and Earl Street, Providence, RI, USA	FALSE	-71.42622279999999	41.7981091	intersection	geometric_center	elmwood ave & earl st, providence, ri 02907, usa	NA	NA	NA	NA	41.7981091	-71.42622279999999	NA	9.202372127924315	Raw	NA	NA	NA	NA	FALSE	41.79819	-71.4262	2025	September
390	2025-09-19	928294	19:51:00	Bicycle	NA	1	FALSE	FALSE	1	THURBERS AVE	BROAD ST	2025-09-19	Two-Way , Not Divided	Dry	Dark - Lighted	Clear	Not a Collision Between Two Motor Vehicles in Transport	No	Traffic Control Signal	2	1	Non-Incapacitating	NA	41.7982	-71.41467	FALSE	FALSE	Thurbers Ave and Broad Street, Providence, RI, USA	FALSE	-71.414661	41.7982144	intersection	geometric_center	thurbers ave & broad st, providence, ri 02905, usa	NA	NA	NA	NA	41.7982144	-71.414661	NA	1.7684635252238012	Raw	NA	NA	NA	NA	FALSE	41.7982	-71.41467	2025	September
391	2025-09-20	928304	13:28:00	Pedestrian	1	NA	FALSE	FALSE	1	BROOK ST	WICKENDEN ST	2025-09-20	Two-Way, Divided, Unprotected (painted>4feet) Medium	Dry	Daylight	Clear	Not a Collision Between Two Motor Vehicles in Transport	No	Traffic Control Signal	3	1	Pain Reported	NA	41.8195	-71.39827	FALSE	FALSE	Brook Street and Wickenden Street, Providence, RI, USA	FALSE	-71.398258	41.8194891	intersection	geometric_center	wickenden st & brook st, providence, ri 02903, usa	NA	NA	NA	NA	41.8194891	-71.398258	NA	1.5695143077479583	Raw	NA	NA	NA	NA	FALSE	41.8195	-71.39827	2025	September
393	2025-09-22	928347	08:52:00	Pedestrian	1	NA	TRUE	FALSE	1	75 EAGLE ST	NA	2025-09-22	Unknown	Dry	Daylight	Clear	Not a Collision Between Two Motor Vehicles in Transport	No	No Controls	2	1	Pain Reported	NA	NA	NA	TRUE	TRUE	75 Eagle Street, Providence, RI, USA	FALSE	-71.4358142	41.82549059999999	premise	rooftop	75 eagle st, providence, ri 02909, usa	NA	NA	NA	NA	41.82549059999999	-71.4358142	NA	NA	Neither	raw coords null but geocoded coords found	41.82555, -71.43537	41.82555	-71.43537	TRUE	41.82555	-71.43537	2025	September
395	2025-09-23	928409	16:08:00	Other	NA	1	FALSE	FALSE	1	NA	NA	2025-09-24	Unknown	Dry	Daylight	Clear	Angle - Direction Not Specified	Yes	Unknown	1	1	Pain Reported	NA	NA	NA	NA	TRUE	NA, Providence, RI, USA	FALSE	-71.4127462	41.8244836	locality	approximate	providence, ri, usa	NA	NA	NA	NA	41.8244836	-71.4127462	NA	NA	Unknown	raw coords null but geocoded coords found	NA	NA	NA	TRUE	NA	NA	2025	September
397	2025-09-25	928451	15:21:00	Pedestrian	1	NA	FALSE	FALSE	1	LENNON ST	MOUNT PLEASANT AVE	2025-09-25	Two-Way, Not Divided With a Continuous Left Turn Lane	Wet	Daylight	Clear	Not a Collision Between Two Motor Vehicles in Transport	No	Stop Signs	3	1	Pain Reported	NA	41.8451	-71.45024	FALSE	FALSE	Lennon Street and Mount Pleasant Ave, Providence, RI, USA	FALSE	-71.4531322	41.84341999999999	intersection	geometric_center	mt pleasant ave & lennon st, providence, ri 02908, usa	NA	NA	NA	NA	41.84341999999999	-71.4531322	NA	304.1406026390636	Geocoded	distance greater than 100m	NA	NA	NA	TRUE	41.84341999999999	-71.4531322	2025	September
398	2025-09-26	928464	08:59:00	Pedestrian	1	NA	FALSE	FALSE	1	ELMA ST	PRAIRIE AVE	2025-09-26	Two-Way , Not Divided	Dry	Daylight	Clear	Not a Collision Between Two Motor Vehicles in Transport	Yes	No Controls	1	0	No Injury	NA	41.79724	-71.41127	FALSE	FALSE	Elma Street and Prairie Ave, Providence, RI, USA	FALSE	-71.4112724	41.7972701	intersection	geometric_center	elma st & prairie ave, providence, ri 02905, usa	NA	NA	NA	NA	41.7972701	-71.4112724	NA	3.3566311802272017	Raw	NA	NA	NA	NA	FALSE	41.79724	-71.41127	2025	September
400	2025-09-26	928596	14:19:00	Pedestrian	1	NA	FALSE	FALSE	1	ALLENS AVE	OXFORD ST	2025-09-30	Two-Way , Not Divided	Dry	Daylight	Clear	Other	No	No Controls	2	1	Pain Reported	NA	41.8035	-71.40162	FALSE	FALSE	Allens Ave and Oxford Street, Providence, RI, USA	FALSE	-71.40183329999999	41.8040454	intersection	geometric_center	oxford st & allens ave, providence, ri 02903, usa	NA	NA	NA	NA	41.8040454	-71.40183329999999	NA	63.241069347936275	Raw	NA	NA	NA	NA	FALSE	41.8035	-71.40162	2025	September
401	2025-09-27	928519	14:04:00	Bicycle	NA	1	FALSE	FALSE	1	HARLAM STREET	BARROWS STREET	2025-09-27	Two-Way , Not Divided	Dry	Daylight	Clear	Not a Collision Between Two Motor Vehicles in Transport	No	Stop Signs	3	1	Pain Reported	2	NA	NA	FALSE	FALSE	Harlam Street and Barrows Street, Providence, RI, USA	FALSE	-71.4570629	41.8121831	intersection	geometric_center	harlam st & barrows st, providence, ri 02909, usa	NA	NA	NA	NA	41.8121831	-71.4570629	NA	NA	Geocoded	raw coords null but geocoded coords found	NA	NA	NA	TRUE	41.8121831	-71.4570629	2025	September
402	2025-09-28	928546	12:36:00	Pedestrian	1	NA	FALSE	FALSE	2	Plainfield Street	PLAINFIELD ST	2025-09-28	Two-Way , Not Divided	Dry	Daylight	Clear	Sideswipe, Same Direction	No	No Controls	6	0	No Injury	NA	41.8134	-71.45396	FALSE	FALSE	Plainfield Street and Plainfield Street, Providence, RI, USA	FALSE	-71.4643595	41.8067204	route	geometric_center	plainfield st, rhode island, usa	NA	NA	NA	NA	41.8067204	-71.4643595	NA	1139.0581332430324	Raw	distance greater than 100m	NA	NA	NA	TRUE	41.8134	-71.45396	2025	September
403	2025-09-28	928561	17:38:00	Pedestrian	1	NA	FALSE	FALSE	1	W RIVER ST	BRANCH AVE	2025-09-28	Two-Way , Not Divided	Dry	Daylight	Clear	Not a Collision Between Two Motor Vehicles in Transport	No	Traffic Control Signal	3	1	Pain Reported	NA	41.84689	-71.4127	FALSE	FALSE	W River Street and Branch Ave, Providence, RI, USA	FALSE	-71.41266139999999	41.8469059	intersection	geometric_center	w river st & branch ave, providence, ri 02904, usa	NA	NA	NA	NA	41.8469059	-71.41266139999999	NA	3.6576882008524567	Raw	NA	NA	NA	NA	FALSE	41.84689	-71.4127	2025	September
411	2025-10-02	928675	05:47:00	Pedestrian	1	NA	FALSE	FALSE	1	UNION AVE	EXIT	2025-10-02	One-Way Trafficway	Dry	Dawn	Clear	Not a Collision Between Two Motor Vehicles in Transport	No	Pavement Markings	4	1	Incapacitating	NA	41.8088	-71.44019	FALSE	FALSE	Union Ave and Exit, Providence, RI, USA	FALSE	-71.4127462	41.8244836	locality	approximate	providence, ri, usa	NA	NA	NA	NA	41.8244836	-71.4127462	NA	2869.185240865458	Raw	distance greater than 100m	NA	NA	NA	TRUE	41.8088	-71.44019	2025	October
412	2025-10-02	928688	16:23:00	Pedestrian	1	NA	FALSE	FALSE	1	LOWELL AVE	NYE ST	2025-10-02	Two-Way , Not Divided	Dry	Daylight	Clear	Not a Collision Between Two Motor Vehicles in Transport	No	No Controls	4	1	Pain Reported	NA	41.81823	-71.4608	FALSE	FALSE	Lowell Ave and Nye Street, Providence, RI, USA	FALSE	-71.4603837	41.8170548	intersection	geometric_center	nye st & lowell ave, providence, ri 02909, usa	NA	NA	NA	NA	41.8170548	-71.4603837	NA	135.30488926937127	Raw	distance greater than 100m	NA	NA	NA	TRUE	41.81823	-71.4608	2025	October
413	2025-10-02	928692	17:30:00	Bicycle	NA	1	FALSE	FALSE	1	N MAIN ST	CANAL ST	2025-10-02	One-Way Trafficway	Dry	Daylight	Clear	Angle (Front - to - Side) Right Angle (Includes Broadside)	Yes	Stop Signs	2	0	No Injury	NA	41.83233	-71.41087	FALSE	FALSE	N Main Street and Canal Street, Providence, RI, USA	FALSE	-71.4112573	41.832049	intersection	geometric_center	canal st & n main st, providence, ri 02904, usa	NA	NA	NA	NA	41.832049	-71.4112573	NA	44.83814969113204	Raw	NA	NA	NA	NA	FALSE	41.83233	-71.41087	2025	October
414	2025-10-03	928719	13:09:00	Pedestrian	1	NA	FALSE	FALSE	1	415 HARRIS AVE	ATWELLS AVE	2025-10-03	Two-Way , Not Divided	Dry	Daylight	Clear	Not a Collision Between Two Motor Vehicles in Transport	Yes	No Controls	3	1	Pain Reported	NA	41.82462	-71.43494	TRUE	FALSE	415 Harris Ave, Providence, RI, USA	FALSE	-71.4342559	41.8249763	premise	rooftop	415 harris ave, providence, ri 02909, usa	NA	NA	NA	NA	41.8249763	-71.4342559	NA	69.23572313916621	Raw	NA	NA	NA	NA	FALSE	41.82462	-71.43494	2025	October
416	2025-10-04	929771	17:20:00	Pedestrian	1	NA	FALSE	FALSE	1	BROAD ST	NA	2025-11-05	Two-Way , Not Divided	Dry	Daylight	Clear	Unknown	Yes	Unknown	4	1	Pain Reported	NA	NA	NA	FALSE	TRUE	Broad Street, Providence, RI, USA	FALSE	-71.4174197	41.8004646	route	geometric_center	broad st, providence, ri, usa	NA	NA	NA	NA	41.8004646	-71.4174197	NA	NA	Unknown	raw coords null but geocoded coords found	NA	NA	NA	TRUE	NA	NA	2025	October
417	2025-10-05	928763	03:13:00	Pedestrian	1	NA	FALSE	FALSE	1	BROAD STREET	PORTLAND STREET	2025-10-05	Two-Way, Divided, Unprotected (painted>4feet) Medium	Dry	Dark - Lighted	Cloudy	Not a Collision Between Two Motor Vehicles in Transport	No	No Controls	4	1	Incapacitating	NA	41.82172	-71.4208	FALSE	FALSE	Broad Street and Portland Street, Providence, RI, USA	FALSE	-71.4212807	41.8141492	intersection	geometric_center	portland st & broad st, providence, ri 02907, usa	NA	NA	NA	NA	41.8141492	-71.4212807	NA	843.720638338127	Raw	distance greater than 100m	NA	NA	NA	TRUE	41.82172	-71.4208	2025	October
418	2025-10-05	928779	19:41:00	Pedestrian	1	NA	FALSE	FALSE	1	COLLEGE ST	COLLEGE ST	2025-10-05	Two-Way , Not Divided	Dry	Dark - Lighted	Clear	Not a Collision Between Two Motor Vehicles in Transport	No	No Controls	2	1	Non-Incapacitating	NA	41.82552	-71.40821	FALSE	FALSE	College Street and College Street, Providence, RI, USA	FALSE	-71.4067047	41.8260224	route	geometric_center	college st, providence, ri 02903, usa	NA	NA	NA	NA	41.8260224	-71.4067047	NA	136.82099243103983	Raw	distance greater than 100m	NA	NA	NA	TRUE	41.82552	-71.40821	2025	October
419	2025-10-05	928781	22:26:00	Pedestrian	1	NA	FALSE	FALSE	1	RANDALL ST	NORTH MAIN ST	2025-10-05	Two-Way , Not Divided	Dry	Dark - Lighted	Clear	Not a Collision Between Two Motor Vehicles in Transport	Yes	Traffic Control Signal	1	1	Pain Reported	NA	41.83776	-71.41013	FALSE	FALSE	Randall Street and North Main Street, Providence, RI, USA	FALSE	-71.4096278	41.8379729	intersection	geometric_center	randall st & n main st, providence, ri 02904, usa	NA	NA	NA	NA	41.8379729	-71.4096278	NA	47.92167389204715	Raw	NA	NA	NA	NA	FALSE	41.83776	-71.41013	2025	October
420	2025-10-05	928845	01:36:00	Pedestrian	1	NA	FALSE	FALSE	1	POTTERS AVE	ELMWOOD AVE	2025-10-07	Two-Way, Divided, Unprotected (painted>4feet) Medium	Dry	Dark - Lighted	Clear	Not a Collision Between Two Motor Vehicles in Transport	No	No Controls	5	1	Non-Incapacitating	NA	41.80151	-71.42635	FALSE	FALSE	Potters Ave and Elmwood Ave, Providence, RI, USA	FALSE	-71.4263526	41.8015181	intersection	geometric_center	potters ave & elmwood ave, providence, ri 02907, usa	NA	NA	NA	NA	41.8015181	-71.4263526	NA	0.927142257854466	Raw	NA	NA	NA	NA	FALSE	41.80151	-71.42635	2025	October
421	2025-10-05	929252	15:30:00	Pedestrian	1	NA	FALSE	FALSE	1	WASHINGTON ST	DEAN ST	2025-10-21	Two-Way , Not Divided	Dry	Daylight	Clear	Unknown	No	Unknown	1	1	Pain Reported	NA	41.81907	-71.42074	FALSE	FALSE	Washington Street and Dean Street, Providence, RI, USA	FALSE	-71.4207374	41.8190843	intersection	geometric_center	dean st & washington st, providence, ri 02903, usa	NA	NA	NA	NA	41.8190843	-71.4207374	NA	1.606415959632194	Raw	NA	NA	NA	NA	FALSE	41.81907	-71.42074	2025	October