row_number	crash_date	crash_report_id	crash_time	collision_type	count_pedestrian	count_bicycle	scooter	wheel_chair	number_of_vehicles	street_or_highway	nearest_intersection	report_date	type_of_roadway	road_surface_condition	light_condition	weather_condition	manner_of_impact	hit_and_run	traffic_control	person_count	injury_count	most_serious_injury	number_of_lanes	lat_raw	lon_raw	has_st_number	is_intersection_null	address_sent_to_geocoder	is_address_blank	lon_api_first_try	lat_api_first_try	type	loctype	address_returned_by_geocoder	address_returned_by_autocomplete	place_ids_autocompleted	lat_api_second_try	lon_api_second_try	lat_api_best	lon_api_best	api_coord_conf	distance_btwn_coords_meters	best_coordinate_set	reason_for_qa	correct_coordinates	corrected_lat	corrected_lon	manually_qaed_record	final_lat	final_lon	year	month
422	2025-10-06	928798	12:06:00	Pedestrian	1	NA	FALSE	FALSE	1	ELMWOOD AVE	EARL ST	2025-10-06	Two-Way, Divided, Unprotected (painted>4feet) Medium	Dry	Daylight	Clear	Not a Collision Between Two Motor Vehicles in Transport	No	No Controls	3	1	Pain Reported	NA	41.79829	-71.42622	FALSE	FALSE	Elmwood Ave and Earl Street, Providence, RI, USA	FALSE	-71.42622279999999	41.7981091	intersection	geometric_center	elmwood ave & earl st, providence, ri 02907, usa	NA	NA	NA	NA	41.7981091	-71.42622279999999	NA	20.139036475141157	Raw	NA	NA	NA	NA	FALSE	41.79829	-71.42622	2025	October
423	2025-10-07	928843	15:00:00	Pedestrian	1	NA	FALSE	FALSE	1	CRANSTON ST	FRICKER ST	2025-10-07	Two-Way , Not Divided	Dry	Daylight	Clear	Other	Yes	No Controls	2	0	No Injury	NA	41.81684	-71.42276	FALSE	FALSE	Cranston Street and Fricker Street, Providence, RI, USA	FALSE	-71.42226459999999	41.817196	intersection	geometric_center	cranston st & fricker st, providence, ri 02903, usa	NA	NA	NA	NA	41.817196	-71.42226459999999	NA	57.094263178525175	Raw	NA	NA	NA	NA	FALSE	41.81684	-71.42276	2025	October
424	2025-10-07	929384	00:00:00	Pedestrian	1	NA	FALSE	FALSE	1	DEXTER ST	CRANSTON ST	2025-10-24	Two-Way , Not Divided	Dry	Unknown	Clear	Other	Yes	Unknown	1	1	Pain Reported	NA	41.81256	-71.42957	FALSE	FALSE	Dexter Street and Cranston Street, Providence, RI, USA	FALSE	-71.4295953	41.8126211	intersection	geometric_center	cranston st & dexter st, providence, ri 02907, usa	NA	NA	NA	NA	41.8126211	-71.4295953	NA	7.118174483655722	Raw	NA	NA	NA	NA	FALSE	41.81256	-71.42957	2025	October
425	2025-10-08	928870	13:07:00	Pedestrian	1	NA	TRUE	FALSE	1	CARTER ST	VINEYARD ST	2025-10-08	Two-Way, Divided, Unprotected (painted>4feet) Medium	Wet	Daylight	Rain	Not a Collision Between Two Motor Vehicles in Transport	No	Other	2	1	Pain Reported	NA	41.79991	-71.42889	FALSE	FALSE	Carter Street and Vineyard Street, Providence, RI, USA	FALSE	-71.42890369999999	41.7999226	intersection	geometric_center	carter st & vineyard st, providence, ri 02907, usa	NA	NA	NA	NA	41.7999226	-71.42890369999999	NA	1.8055255283822509	Raw	NA	NA	NA	NA	FALSE	41.79991	-71.42889	2025	October
426	2025-10-09	928907	15:19:00	Pedestrian	1	NA	FALSE	FALSE	1	114 GEORGE ST	THAYER ST	2025-10-09	Two-Way , Not Divided	Dry	Daylight	Clear	Not a Collision Between Two Motor Vehicles in Transport	Yes	No Controls	1	0	No Injury	2	NA	NA	TRUE	FALSE	114 George Street, Providence, RI, USA	FALSE	-71.4012707	41.8257025	premise	rooftop	114 george st, providence, ri 02906, usa	NA	NA	NA	NA	41.8257025	-71.4012707	NA	NA	Neither	raw coords null but geocoded coords found	41.82547, -71.40124	41.82547	-71.40124	TRUE	41.82547	-71.40124	2025	October
427	2025-10-09	928908	18:29:00	Pedestrian	1	NA	FALSE	FALSE	1	CAMDEN AVE	CHALKSTONE AVE	2025-10-09	One-Way Trafficway	Dry	Dark - Lighted	Clear	Not a Collision Between Two Motor Vehicles in Transport	No	No Controls	4	1	Pain Reported	1	41.8353	-71.42536	FALSE	FALSE	Camden Ave and Chalkstone Ave, Providence, RI, USA	FALSE	-71.4253461	41.8353063	intersection	geometric_center	chalkstone ave & camden ave, providence, ri 02908, usa	NA	NA	NA	NA	41.8353063	-71.4253461	NA	1.349425237031224	Raw	NA	NA	NA	NA	FALSE	41.8353	-71.42536	2025	October
428	2025-10-10	928916	09:00:00	Pedestrian	1	NA	FALSE	FALSE	1	DELAINE ST	VALLEY ST	2025-10-10	Two-Way , Not Divided	Dry	Daylight	Clear	Sideswipe, Same Direction	Yes	Pavement Markings	2	0	No Injury	NA	41.81951	-71.44053	FALSE	FALSE	Delaine Street and Valley Street, Providence, RI, USA	FALSE	-71.44050340000001	41.8195304	intersection	geometric_center	delaine st & valley st, providence, ri 02909, usa	NA	NA	NA	NA	41.8195304	-71.44050340000001	NA	3.1665179141928705	Raw	NA	NA	NA	NA	FALSE	41.81951	-71.44053	2025	October
429	2025-10-10	928921	11:28:00	Pedestrian	1	NA	FALSE	FALSE	1	DOYLE AVE	HOPE ST	2025-10-10	Two-Way , Not Divided	Dry	Daylight	Clear	Not a Collision Between Two Motor Vehicles in Transport	No	No Controls	3	1	Pain Reported	NA	41.83877	-71.40054	FALSE	FALSE	Doyle Ave and Hope Street, Providence, RI, USA	FALSE	-71.4000949	41.8387918	intersection	geometric_center	hope st & doyle ave, providence, ri 02906, usa	NA	NA	NA	NA	41.8387918	-71.4000949	NA	36.99439201158157	Raw	NA	NA	NA	NA	FALSE	41.83877	-71.40054	2025	October
430	2025-10-10	928922	11:41:00	Other	NA	1	FALSE	FALSE	1	BROAD ST	CAHIR ST	2025-10-10	Two-Way, Divided, Unprotected (painted>4feet) Medium	Dry	Daylight	Clear	Not a Collision Between Two Motor Vehicles in Transport	No	Traffic Control Signal	4	1	Pain Reported	NA	41.81692	-71.41795	FALSE	FALSE	Broad Street and Cahir Street, Providence, RI, USA	FALSE	-71.4178933	41.8169555	intersection	geometric_center	broad st & cahir st, providence, ri 02903, usa	NA	NA	NA	NA	41.8169555	-71.4178933	NA	6.143717235691699	Raw	NA	NA	NA	NA	FALSE	41.81692	-71.41795	2025	October
431	2025-10-10	928943	00:33:00	Other	NA	1	FALSE	FALSE	1	BRANCH AVE	BRANCH AVE EXIT 24	2025-10-11	Two-Way, Divided, Positive Median Barrier	Dry	Dark - Lighted	Cloudy	Not a Collision Between Two Motor Vehicles in Transport	No	Traffic Control Signal	2	2	Non-Incapacitating	NA	41.84629	-71.41157	FALSE	FALSE	Branch Ave and Branch Ave Exit 24, Providence, RI, USA	FALSE	-71.4222562	41.8512794	route	geometric_center	branch ave, providence, ri 02904, usa	NA	NA	NA	NA	41.8512794	-71.4222562	NA	1045.8079741750755	Raw	distance greater than 100m	NA	NA	NA	TRUE	41.84629	-71.41157	2025	October
433	2025-10-12	929224	14:30:00	Pedestrian	1	NA	FALSE	FALSE	1	POINT ST	S WATER ST	2025-10-20	Unknown	Dry	Daylight	Clear	Unknown	No	Unknown	2	1	Pain Reported	NA	41.81864	-71.4017	FALSE	FALSE	Point Street and S Water Street, Providence, RI, USA	FALSE	-71.40187759999999	41.8187542	intersection	geometric_center	s water st & point st, providence, ri 02903, usa	NA	NA	NA	NA	41.8187542	-71.40187759999999	NA	19.46030716831863	Raw	NA	NA	NA	NA	FALSE	41.81864	-71.4017	2025	October
434	2025-10-13	928995	12:09:00	Bicycle	NA	1	FALSE	FALSE	1	CHAD BROWN ST	CAMDEN AVE	2025-10-13	Two-Way , Not Divided	Wet	Daylight	Rain	Angle (Front - to - Side) Right Angle (Includes Broadside)	No	Stop Signs	3	1	Pain Reported	NA	41.83888	-71.42671	FALSE	FALSE	Chad Brown Street and Camden Ave, Providence, RI, USA	FALSE	-71.4267042	41.8388958	intersection	geometric_center	chad brown st & camden ave, providence, ri 02908, usa	NA	NA	NA	NA	41.8388958	-71.4267042	NA	1.823439817151021	Raw	NA	NA	NA	NA	FALSE	41.83888	-71.42671	2025	October
435	2025-10-13	929011	20:40:00	Pedestrian	1	NA	FALSE	FALSE	1	MERCY ST	POCASSET AVE	2025-10-14	Two-Way , Not Divided	Wet	Dark - Lighted	Rain	Not a Collision Between Two Motor Vehicles in Transport	No	Pavement Markings	2	1	Pain Reported	NA	41.80854	-71.45566	FALSE	FALSE	Mercy Street and Pocasset Ave, Providence, RI, USA	FALSE	-71.45563609999999	41.8085442	intersection	geometric_center	mercy st & pocasset ave, providence, ri 02909, usa	NA	NA	NA	NA	41.8085442	-71.45563609999999	NA	2.037470435745146	Raw	NA	NA	NA	NA	FALSE	41.80854	-71.45566	2025	October
436	2025-10-14	929048	19:56:00	Bicycle	NA	1	FALSE	FALSE	1	MOOREFIELD ST	POCASSET AVE	2025-10-14	Two-Way , Not Divided	Dry	Daylight	Clear	Other	No	No Controls	3	0	No Injury	NA	41.80696	-71.45682	FALSE	FALSE	Moorefield Street and Pocasset Ave, Providence, RI, USA	FALSE	-71.4567453	41.806952	intersection	geometric_center	pocasset ave & moorefield st, providence, ri 02909, usa	NA	NA	NA	NA	41.806952	-71.4567453	NA	6.262030667290887	Raw	NA	NA	NA	NA	FALSE	41.80696	-71.45682	2025	October
437	2025-10-14	929187	10:58:00	Pedestrian	1	NA	FALSE	FALSE	1	EATON ST	SMITH ST	2025-10-19	Two-Way , Not Divided	Dry	Dawn	Clear	Not a Collision Between Two Motor Vehicles in Transport	Yes	No Controls	2	1	Pain Reported	NA	41.84365	-71.44728	FALSE	FALSE	Eaton Street and Smith Street, Providence, RI, USA	FALSE	-71.4476423	41.8436958	intersection	geometric_center	eaton st & smith st, providence, ri 02908, usa	NA	NA	NA	NA	41.8436958	-71.4476423	NA	30.47484175660567	Raw	NA	NA	NA	NA	FALSE	41.84365	-71.44728	2025	October
438	2025-10-15	929066	15:38:00	Bicycle	NA	NA	FALSE	FALSE	1	850 MANTON AVE	NA	2025-10-15	Unknown	Dry	Daylight	Clear	Angle (Front - to - Side) Right Angle (Includes Broadside)	No	No Controls	3	0	No Injury	NA	NA	NA	TRUE	TRUE	850 Manton Ave, Providence, RI, USA	FALSE	-71.4666696	41.8326397	premise	geometric_center	850 manton ave, providence, ri 02909, usa	NA	NA	NA	NA	41.8326397	-71.4666696	NA	NA	Neither	raw coords null but geocoded coords found	41.83307, -71.46595	41.83307	-71.46595	TRUE	41.83307	-71.46595	2025	October
440	2025-10-16	929103	16:50:00	Pedestrian	1	NA	FALSE	FALSE	1	BROAD ST	PEARL ST	2025-10-16	Two-Way , Not Divided	Dry	Daylight	Clear	Not a Collision Between Two Motor Vehicles in Transport	No	Pavement Markings	3	1	Pain Reported	NA	41.81475	-71.42095	FALSE	FALSE	Broad Street and Pearl Street, Providence, RI, USA	FALSE	-71.42095479999999	41.8147808	intersection	geometric_center	pearl st & broad st, providence, ri 02907, usa	NA	NA	NA	NA	41.8147808	-71.42095479999999	NA	3.4516909413219024	Raw	NA	NA	NA	NA	FALSE	41.81475	-71.42095	2025	October
441	2025-10-17	929138	15:15:00	Pedestrian	1	NA	FALSE	FALSE	1	ONTARIO ST	NIAGARA ST	2025-10-17	Two-Way , Not Divided	Dry	Daylight	Clear	Unknown	No	Stop Signs	2	2	Pain Reported	NA	41.79989	-71.41934	FALSE	FALSE	Ontario Street and Niagara Street, Providence, RI, USA	FALSE	-71.4193425	41.7999015	intersection	geometric_center	ontario st & niagara st, providence, ri 02907, usa	NA	NA	NA	NA	41.7999015	-71.4193425	NA	1.2968761370024895	Raw	NA	NA	NA	NA	FALSE	41.79989	-71.41934	2025	October
442	2025-10-17	929148	19:24:00	Pedestrian	1	NA	FALSE	FALSE	1	RANDALL ST	CHARLES ST	2025-10-17	Two-Way , Not Divided	Dry	Dark - Lighted	Clear	Not a Collision Between Two Motor Vehicles in Transport	No	No Controls	2	1	Non-Incapacitating	NA	41.83702	-71.41107	FALSE	FALSE	Randall Street and Charles Street, Providence, RI, USA	FALSE	-71.41225969999999	41.83607170000001	intersection	geometric_center	charles st & randall st, providence, ri 02904, usa	NA	NA	NA	NA	41.83607170000001	-71.41225969999999	NA	144.49915199728963	Raw	distance greater than 100m	NA	NA	NA	TRUE	41.83702	-71.41107	2025	October
443	2025-10-18	929172	16:22:00	Bicycle	NA	1	FALSE	FALSE	1	PITMAN ST	E RIVER ST	2025-10-18	Two-Way , Not Divided	Dry	Daylight	Clear	Angle (Front - to - Side) Right Angle (Includes Broadside)	No	No Controls	2	1	Pain Reported	NA	41.82682	-71.38252	FALSE	FALSE	Pitman Street and E River Street, Providence, RI, USA	FALSE	-71.3815305	41.8270161	intersection	geometric_center	pitman st & e river st, providence, ri 02906, usa	NA	NA	NA	NA	41.8270161	-71.3815305	NA	84.93344279144857	Raw	NA	NA	NA	NA	FALSE	41.82682	-71.38252	2025	October
444	2025-10-18	929184	21:05:00	Pedestrian	1	NA	FALSE	FALSE	1	FOUNTAIN ST	EMPIRE ST	2025-10-19	Two-Way , Not Divided	Dry	Dark - Lighted	Clear	Not a Collision Between Two Motor Vehicles in Transport	No	Traffic Control Signal	4	1	Pain Reported	NA	41.82234	-71.41712	FALSE	FALSE	Fountain Street and Empire Street, Providence, RI, USA	FALSE	-71.4171124	41.8223654	intersection	geometric_center	fountain st & empire st, providence, ri 02903, usa	NA	NA	NA	NA	41.8223654	-71.4171124	NA	2.8969533035855197	Raw	NA	NA	NA	NA	FALSE	41.82234	-71.41712	2025	October
445	2025-10-19	929190	14:01:00	Other	NA	1	FALSE	FALSE	1	HAWKINS ST	BRANCH AVE	2025-10-19	One-Way Trafficway	Dry	Daylight	Clear	Not a Collision Between Two Motor Vehicles in Transport	No	Traffic Control Signal	2	1	Pain Reported	NA	41.8509	-71.42142	FALSE	FALSE	Hawkins Street and Branch Ave, Providence, RI, USA	FALSE	-71.42145169999999	41.8509324	intersection	geometric_center	hawkins st & branch ave, providence, ri 02904, usa	NA	NA	NA	NA	41.8509324	-71.42145169999999	NA	4.462959966470476	Raw	NA	NA	NA	NA	FALSE	41.8509	-71.42142	2025	October
446	2025-10-19	929255	16:44:00	Pedestrian	1	NA	FALSE	FALSE	1	CORLISS ST	NA	2025-10-21	Unknown	Dry	Daylight	Clear	Unknown	No	Unknown	2	1	Pain Reported	NA	NA	NA	FALSE	TRUE	Corliss Street, Providence, RI, USA	FALSE	-71.4128294	41.8406375	route	geometric_center	corliss st, providence, ri 02904, usa	NA	NA	NA	NA	41.8406375	-71.4128294	NA	NA	Geocoded	raw coords null but geocoded coords found	NA	NA	NA	TRUE	41.8406375	-71.4128294	2025	October
447	2025-10-19	929331	18:22:00	Pedestrian	1	NA	FALSE	FALSE	1	WESTMINSTER ST	BOUGH ST	2025-10-22	Two-Way , Not Divided	Dry	Dark - Lighted	Clear	Not a Collision Between Two Motor Vehicles in Transport	Yes	No Controls	1	0	No Injury	NA	41.81656	-71.44159	FALSE	FALSE	Westminster Street and Bough Street, Providence, RI, USA	FALSE	-71.4418481	41.8166395	intersection	geometric_center	bough st & westminster st, providence, ri 02909, usa	NA	NA	NA	NA	41.8166395	-71.4418481	NA	23.169878528796467	Raw	NA	NA	NA	NA	FALSE	41.81656	-71.44159	2025	October
448	2025-10-21	929282	16:48:00	Pedestrian	1	NA	FALSE	FALSE	1	MANTON AVE	THERESA CT	2025-10-21	Two-Way , Not Divided	Dry	Daylight	Clear	Not a Collision Between Two Motor Vehicles in Transport	No	No Controls	4	1	Pain Reported	NA	41.82163	-71.44874	FALSE	FALSE	Manton Ave and Theresa Ct, Providence, RI, USA	FALSE	-71.44862359999999	41.8215558	intersection	geometric_center	teresa st & manton ave, providence, ri 02909, usa	NA	NA	NA	NA	41.8215558	-71.44862359999999	NA	12.707103784217349	Raw	NA	NA	NA	NA	FALSE	41.82163	-71.44874	2025	October
449	2025-10-21	929288	19:43:00	Pedestrian	1	NA	FALSE	FALSE	1	PETTEYS AVE	GLENBRIDGE AVE	2025-10-21	Two-Way , Not Divided	Dry	Dusk	Clear	Not a Collision Between Two Motor Vehicles in Transport	Yes	No Controls	1	1	Non-Incapacitating	NA	41.81896	-71.4616	FALSE	FALSE	Petteys Ave and Glenbridge Ave, Providence, RI, USA	FALSE	-71.4615875	41.81901	intersection	geometric_center	glenbridge ave & petteys ave, providence, ri 02909, usa	NA	NA	NA	NA	41.81901	-71.4615875	NA	5.66175576609178	Raw	NA	NA	NA	NA	FALSE	41.81896	-71.4616	2025	October
451	2025-10-23	929365	20:45:00	Pedestrian	1	NA	FALSE	FALSE	1	BRANCH AVE	ABRAM ST	2025-10-23	Two-Way , Not Divided	Dry	Dark - Lighted	Clear	Not a Collision Between Two Motor Vehicles in Transport	No	Pavement Markings	3	1	Incapacitating	NA	41.85407	-71.43042	FALSE	FALSE	Branch Ave and Abram Street, Providence, RI, USA	FALSE	-71.4306766	41.8541617	intersection	geometric_center	branch ave & abram st, providence, ri 02904, usa	NA	NA	NA	NA	41.8541617	-71.4306766	NA	23.598318850208965	Raw	NA	NA	NA	NA	FALSE	41.85407	-71.43042	2025	October
454	2025-10-26	929426	12:58:00	Pedestrian	1	NA	FALSE	FALSE	1	740 PLAINFIELD ST	NA	2025-10-26	Two-Way , Not Divided	Dry	Daylight	Clear	Not a Collision Between Two Motor Vehicles in Transport	Yes	No Controls	1	1	Pain Reported	NA	NA	NA	TRUE	TRUE	740 Plainfield Street, Providence, RI, USA	FALSE	-71.46010369999999	41.80983639999999	street_address	rooftop	740 plainfield st, providence, ri 02909, usa	NA	NA	NA	NA	41.80983639999999	-71.46010369999999	NA	NA	Geocoded	raw coords null but geocoded coords found	NA	NA	NA	TRUE	41.80983639999999	-71.46010369999999	2025	October
455	2025-10-27	929473	20:13:00	Bicycle	NA	1	FALSE	FALSE	1	POTTERS AVE	HALTON ST	2025-10-27	Two-Way , Not Divided	Dry	Dark - Lighted	Clear	Not a Collision Between Two Motor Vehicles in Transport	No	Pavement Markings	2	1	Pain Reported	NA	41.80369	-71.43403	FALSE	FALSE	Potters Ave and Halton Street, Providence, RI, USA	FALSE	-71.4338487	41.8036503	intersection	geometric_center	potters ave & halton st, providence, ri 02907, usa	NA	NA	NA	NA	41.8036503	-71.4338487	NA	15.680178029481084	Raw	NA	NA	NA	NA	FALSE	41.80369	-71.43403	2025	October
456	2025-10-29	929530	10:19:00	Pedestrian	1	NA	FALSE	FALSE	1	Medway	Wayland	2025-10-29	Two-Way , Not Divided	Dry	Daylight	Cloudy	Other	No	Stop Signs	2	1	Pain Reported	NA	NA	NA	FALSE	FALSE	Medway and Wayland, Providence, RI, USA	FALSE	-71.3881767	41.8293413	intersection	geometric_center	wayland ave & medway st, providence, ri 02906, usa	NA	NA	NA	NA	41.8293413	-71.3881767	NA	NA	Geocoded	raw coords null but geocoded coords found	NA	NA	NA	TRUE	41.8293413	-71.3881767	2025	October
457	2025-10-29	929565	19:19:00	Pedestrian	1	NA	FALSE	FALSE	1	BROAD ST	NORWICH AVE	2025-10-30	Two-Way , Not Divided	Wet	Dark - Lighted	Sleet, Hail (Freezing Rain or Drizzle)	Not a Collision Between Two Motor Vehicles in Transport	No	No Controls	2	1	Pain Reported	NA	41.80216	-71.41866	FALSE	FALSE	Broad Street and Norwich Ave, Providence, RI, USA	FALSE	-71.4186331	41.8021789	intersection	geometric_center	broad st & norwich ave, providence, ri 02907, usa	NA	NA	NA	NA	41.8021789	-71.4186331	NA	3.067488889283518	Raw	NA	NA	NA	NA	FALSE	41.80216	-71.41866	2025	October
458	2025-10-30	929583	12:34:00	Pedestrian	1	NA	FALSE	FALSE	1	CHARLES ST	ORMS ST	2025-10-30	Two-Way , Not Divided	Dry	Daylight	Cloudy	Not a Collision Between Two Motor Vehicles in Transport	Yes	Pavement Markings	2	1	Pain Reported	NA	41.83518	-71.41154	FALSE	FALSE	Charles Street and Orms Street, Providence, RI, USA	FALSE	-71.4113821	41.8348616	intersection	geometric_center	charles st & orms st, providence, ri 02904, usa	NA	NA	NA	NA	41.8348616	-71.4113821	NA	37.786238844683965	Raw	NA	NA	NA	NA	FALSE	41.83518	-71.41154	2025	October
459	2025-10-30	929589	14:51:00	Pedestrian	1	NA	FALSE	FALSE	1	WESTMINSTER ST	LAFAYETTE ST	2025-10-30	Unknown	Wet	Daylight	Rain	Not a Collision Between Two Motor Vehicles in Transport	Yes	Unknown	2	1	Pain Reported	NA	41.81734	-71.42322	FALSE	FALSE	Westminster Street and Lafayette Street, Providence, RI, USA	FALSE	-71.4235703	41.817328	intersection	geometric_center	lafayette st & westminster st, providence, ri 02903, usa	NA	NA	NA	NA	41.817328	-71.4235703	NA	29.09281857919355	Raw	NA	NA	NA	NA	FALSE	41.81734	-71.42322	2025	October
461	2025-10-31	929622	09:30:00	Bicycle	NA	1	FALSE	FALSE	1	KILLINGLY ST EXIT	KILLINGLY ST	2025-10-31	One-Way Trafficway	Dry	Daylight	Clear	Not a Collision Between Two Motor Vehicles in Transport	No	Stop Signs	2	1	Pain Reported	NA	41.8212	-71.46975	FALSE	FALSE	Killingly Street Exit and Killingly Street, Providence, RI, USA	FALSE	-71.4700583	41.8217334	route	geometric_center	killingly st, rhode island, usa	NA	NA	NA	NA	41.8217334	-71.4700583	NA	64.65181805586097	Raw	NA	NA	NA	NA	FALSE	41.8212	-71.46975	2025	October
462	2025-10-31	929631	18:24:00	Pedestrian	1	NA	FALSE	FALSE	1	Blackstone Blvd	UNIVERSITY AVE	2025-10-31	Two-Way , Not Divided	Dry	Dark - Lighted	Clear	Other	No	No Controls	2	2	Pain Reported	NA	41.83478	-71.38442	FALSE	FALSE	Blackstone Blvd and University Ave, Providence, RI, USA	FALSE	-71.3844182	41.8347493	intersection	geometric_center	university ave & blackstone blvd, providence, ri 02906, usa	NA	NA	NA	NA	41.8347493	-71.3844182	NA	3.4207677598609236	Raw	NA	NA	NA	NA	FALSE	41.83478	-71.38442	2025	October
463	2025-11-02	929681	14:27:00	Bicycle	NA	1	FALSE	FALSE	1	AMERICA ST	ATWELLS AVE	2025-11-02	Two-Way , Not Divided	Dry	Daylight	Clear	Not a Collision Between Two Motor Vehicles in Transport	No	Stop Signs	2	1	Pain Reported	NA	41.82369	-71.42832	FALSE	FALSE	America Street and Atwells Ave, Providence, RI, USA	FALSE	-71.4281955	41.823706	intersection	geometric_center	america st & atwells ave, providence, ri 02903, usa	NA	NA	NA	NA	41.823706	-71.4281955	NA	10.480392658166853	Raw	NA	NA	NA	NA	FALSE	41.82369	-71.42832	2025	November
466	2025-11-04	929756	14:50:00	Other	NA	1	TRUE	FALSE	1	ACADEMY AVE	SMITH ST	2025-11-04	Two-Way , Not Divided	Dry	Daylight	Clear	Not a Collision Between Two Motor Vehicles in Transport	No	Traffic Control Signal	3	0	No Injury	NA	41.84258	-71.44515	FALSE	FALSE	Academy Ave and Smith Street, Providence, RI, USA	FALSE	-71.4451576	41.842608	intersection	geometric_center	academy ave & smith st, providence, ri 02908, usa	NA	NA	NA	NA	41.842608	-71.4451576	NA	3.180030885353147	Raw	NA	NA	NA	NA	FALSE	41.84258	-71.44515	2025	November
468	2025-11-06	929811	09:27:00	Pedestrian	1	NA	FALSE	FALSE	1	DOYLE AVE	N MAIN ST	2025-11-06	Two-Way, Divided, Unprotected (painted>4feet) Medium	Dry	Daylight	Clear	Not a Collision Between Two Motor Vehicles in Transport	No	Pavement Markings	2	1	Pain Reported	NA	41.83835	-71.40908	FALSE	FALSE	Doyle Ave and N Main Street, Providence, RI, USA	FALSE	-71.4092347	41.8383506	intersection	geometric_center	n main st & doyle ave, providence, ri 02906, usa	NA	NA	NA	NA	41.8383506	-71.4092347	NA	12.830423551601472	Raw	NA	NA	NA	NA	FALSE	41.83835	-71.40908	2025	November
469	2025-11-06	929832	21:34:00	Pedestrian	1	NA	FALSE	FALSE	1	Whitehall st	PROGRESS AVE	2025-11-06	Two-Way , Not Divided	Dry	Dark - Lighted	Clear	Other	Yes	No Controls	1	1	Pain Reported	NA	41.80973	-71.44483	FALSE	FALSE	Whitehall Street and Progress Ave, Providence, RI, USA	FALSE	-71.4448022	41.8097066	intersection	geometric_center	progress ave & whitehall st, providence, ri 02909, usa	NA	NA	NA	NA	41.8097066	-71.4448022	NA	3.479377104098981	Raw	NA	NA	NA	NA	FALSE	41.80973	-71.44483	2025	November
470	2025-11-06	929847	15:48:00	Pedestrian	1	NA	TRUE	FALSE	1	PALLAS ST	BROADWAY	2025-11-07	Two-Way , Not Divided	Dry	Daylight	Clear	Angle (Front - to - Side) Right Angle (Includes Broadside)	No	No Controls	3	1	Pain Reported	NA	41.82101	-71.42415	FALSE	FALSE	Pallas Street and Broadway, Providence, RI, USA	FALSE	-71.4242046	41.8210427	intersection	geometric_center	pallas st & broadway, providence, ri 02903, usa	NA	NA	NA	NA	41.8210427	-71.4242046	NA	5.810979899791638	Raw	NA	NA	NA	NA	FALSE	41.82101	-71.42415	2025	November
472	2025-11-09	929873	10:24:00	Bicycle	NA	1	FALSE	FALSE	1	CURTIS ST	SHERIDAN ST	2025-11-09	Two-Way , Not Divided	Dry	Daylight	Clear	Not a Collision Between Two Motor Vehicles in Transport	Yes	No Controls	1	0	No Injury	NA	41.82313	-71.4518	FALSE	FALSE	Curtis Street and Sheridan Street, Providence, RI, USA	FALSE	-71.45191799999999	41.8232661	intersection	geometric_center	sheridan st & curtis st, providence, ri 02909, usa	NA	NA	NA	NA	41.8232661	-71.45191799999999	NA	18.037761131341025	Raw	NA	NA	NA	NA	FALSE	41.82313	-71.4518	2025	November
473	2025-11-09	932838	11:54:00	Bicycle	NA	1	FALSE	FALSE	1	BELLEVUE AVE	DEXTER ST	2026-01-17	Two-Way , Not Divided	Dry	Daylight	Clear	Angle (Front - to - Side) Right Angle (Includes Broadside)	No	Stop Signs	2	1	Pain Reported	NA	41.80744	-71.42869	FALSE	FALSE	Bellevue Ave and Dexter Street, Providence, RI, USA	FALSE	-71.4286841	41.8074588	intersection	geometric_center	dexter st & bellevue ave, providence, ri 02907, usa	NA	NA	NA	NA	41.8074588	-71.4286841	NA	2.1493041328558253	Raw	NA	NA	NA	NA	FALSE	41.80744	-71.42869	2025	November
475	2025-11-10	929896	11:59:00	Pedestrian	1	NA	FALSE	FALSE	1	POINT ST	RICHMOND ST	2025-11-10	Two-Way , Not Divided	Wet	Daylight	Rain	Not a Collision Between Two Motor Vehicles in Transport	No	Traffic Control Signal	2	1	Non-Incapacitating	NA	41.81657	-71.40724	FALSE	FALSE	Point Street and Richmond Street, Providence, RI, USA	FALSE	-71.4072529	41.8165662	intersection	geometric_center	point st & richmond st, providence, ri 02903, usa	NA	NA	NA	NA	41.8165662	-71.4072529	NA	1.150808547359952	Raw	NA	NA	NA	NA	FALSE	41.81657	-71.40724	2025	November